timestamp,open,high,low,close,volume,log_return,price_change_1h,price_change_6h,price_change_24h,vol_spike_ratio,price_reversal_pct,volatility_6h,volatility_24h,hl_spread_pct,upper_wick_pct,future_return_6h,is_pump
2025-03-03 00:00:00+00:00,5.222,5.241,5.145,5.23,1475.03,,,,,,0.2098836099580308,,,1.8355640531863184,0.2103250477609174,-0.054875717017208614,0
2025-03-03 01:00:00+00:00,5.179,5.179,5.118,5.123,105.77,-0.0206710731197663,-2.0458891013384384,,,,1.0812898240816209,,,1.1907085689653103,0.0,-0.0365020495803241,0
2025-03-03 02:00:00+00:00,5.116,5.116,5.062,5.116,148.36,-0.0013673212404691,-0.1366386882686088,,,,0.0,,,1.0555121186365182,0.0,-0.05492572322126654,0
2025-03-03 03:00:00+00:00,5.076,5.076,5.075,5.075,23.14,-0.0080463587887451,-0.8014073494917784,,,,0.0197005516115531,,,0.0197044334936433,0.0,-0.040394088669950756,0
2025-03-03 04:00:00+00:00,5.075,5.1,5.075,5.1,601.2,0.0049140148024289,0.4926108374384119,,,,0.0,,,0.4901960783352452,0.0,-0.03803921568627455,0
2025-03-03 05:00:00+00:00,5.111,5.113,5.111,5.113,52.13,0.0025457763675822,0.2549019607843261,,,,0.0,,,0.0391159788697341,0.0,-0.04263641697633502,0
2025-03-03 06:00:00+00:00,5.093,5.093,4.914,4.943,400.51,-0.0338138817730401,-3.324858204576586,-5.487571701720862,,,2.9452189273620295,1.507994248263117,,3.621282621156938,0.0,-0.0076876390855754595,0
2025-03-03 07:00:00+00:00,4.915,4.936,4.902,4.936,185.78,-0.0014171477217355,-0.1416144042079681,-3.6502049580324103,,,0.0,1.4227971455212876,,0.6888168556140932,0.0,0.012155591572123203,0
2025-03-03 08:00:00+00:00,4.915,4.915,4.831,4.835,318.53,-0.020674157697829,-2.046191247974072,-5.492572322126654,,,1.6276703964134966,1.5075103446940403,,1.737331954139117,0.0,0.0059979317476732685,0
2025-03-03 09:00:00+00:00,4.82,4.87,4.809,4.87,227.27,0.0072128081892407,0.7238883143743546,-4.039408866995076,,,0.0,1.656566595261946,,1.2525667348557346,0.0,0.013141683778234103,0
2025-03-03 10:00:00+00:00,4.896,4.91,4.885,4.906,89.17,0.007365008741799,0.7392197125256628,-3.8039215686274552,,,0.0814663950954334,1.694041302312348,,0.5095801058888005,0.081532816942216,-0.012026090501426667,0
2025-03-03 11:00:00+00:00,4.895,4.895,4.895,4.895,15.3,-0.0022446698538238,-0.2242152466367719,-4.263641697633503,,,0.0,1.653900696292923,,0.0,0.0,-0.002042900919305368,0
2025-03-03 12:00:00+00:00,4.925,4.962,4.905,4.905,232.55,0.0020408170348527,0.2042900919305479,-0.768763908557546,,,1.1487303504335389,1.0343832081981634,,1.162079510466436,0.7543323138115514,-0.052191641182466886,0
2025-03-03 13:00:00+00:00,4.941,5.015,4.941,4.996,88.14,0.0183824992460048,1.8552497451580052,1.2155591572123203,,,0.3788634096951268,1.3087995690938417,,1.4811849476618892,0.3803042433185787,-0.09427542033626901,0
2025-03-03 14:00:00+00:00,4.998,5.003,4.821,4.864,350.1,-0.0267764475994654,-2.6421136909527743,0.5997931747673269,,,2.7783329996445514,1.5260444024741813,,3.7417763150202017,0.1027960526104427,-0.08182565789473673,0
2025-03-03 15:00:00+00:00,4.854,4.934,4.844,4.934,116.49,0.014288873443299,1.4391447368421018,1.3141683778234103,,,0.0,1.6087901982395822,,1.8240778269509337,0.0,-0.09829752736116748,0
2025-03-03 16:00:00+00:00,4.855,4.865,4.818,4.847,68.8,-0.017790061243926,-1.763275233076611,-1.2026090501426667,,,0.3699897224316525,1.766555119893852,,0.9696719618383304,0.2063131833698505,-0.06663915824221178,0
2025-03-03 17:00:00+00:00,4.854,4.895,4.854,4.885,1173.73,0.007809328631507,0.7839900969671909,-0.2042900919305368,,,0.2042900918888026,1.811080427854978,,0.8393039916398454,0.2047082906438629,-0.08167860798362336,0
2025-03-03 18:00:00+00:00,4.855,4.855,4.627,4.649,643.52,-0.0495171427862983,-4.8311156601842375,-5.219164118246688,,,4.243048402833571,2.6868592337554245,,4.904280489373152,0.0,-0.02903850290385024,0
2025-03-03 19:00:00+00:00,4.671,4.671,4.478,4.525,623.15,-0.0270345655565582,-2.6672402667240247,-9.4275420336269,,,3.125669020953612,2.386326273655187,,4.265193369223173,0.0,-0.05414364640883984,0
2025-03-03 20:00:00+00:00,4.518,4.577,4.449,4.466,495.95,-0.0131244237339233,-1.3038674033149178,-8.182565789473673,,,2.425169324355431,2.333278296740819,,2.866099417181798,1.3210927001072377,-0.042991491267353354,0
2025-03-03 21:00:00+00:00,4.507,4.532,4.449,4.449,34.86,-0.0038138015940614,-0.3806538289297001,-9.829752736116747,,,1.8314210057741829,1.9812720701866355,,1.8655877721138303,0.5619240277451363,-0.050348392897280325,0
2025-03-03 22:00:00+00:00,4.516,4.55,4.461,4.524,62.05,0.0167172064299692,1.6857720836142898,-6.663915824221178,,,0.5714285713029784,2.4155342923260927,,1.9672855875403776,0.5747126435511201,-0.056587091069849715,0
2025-03-03 23:00:00+00:00,4.471,4.496,4.471,4.486,7.75,-0.0084351221558575,-0.839964633068091,-8.167860798362337,,0.0246707908446705,0.2224199287761671,2.240608885534208,,0.5572893445035101,0.2229157378014159,-0.03566651805617482,0
2025-03-04 00:00:00+00:00,4.475,4.514,4.45,4.514,59.47,0.0062222422973274,0.6241640659830683,-2.903850290385024,-13.69024856596559,0.2330740138338144,0.0,1.5246403904501085,1.707417407214442,1.417811253562737,0.0,-0.05095259193619861,0
2025-03-04 01:00:00+00:00,4.435,4.445,4.237,4.28,1137.74,-0.0532306688016385,-5.183872396987155,-5.414364640883984,-16.455202030060512,3.815950663025986,3.712035994665459,2.4054971395767626,1.9412789307390397,4.859813082976682,0.2336448597585099,-0.007009345794392607,0
2025-03-04 02:00:00+00:00,4.261,4.285,4.155,4.274,1254.84,-0.0014028526967495,-0.1401869158878521,-4.299149126735335,-16.45817044566067,3.6450666108192538,0.2567094515153565,2.4155821650123546,1.9412303330746887,3.041647168216739,0.2573701450029578,0.005615348619560034,0
2025-03-04 03:00:00+00:00,4.244,4.244,4.209,4.225,63.56,-0.0115308960878187,-1.146467009826868,-5.0348392897280325,-16.748768472906416,0.1837306189990822,0.4476908575759476,2.413699264566323,1.94296480632656,0.8284023666678372,0.0,0.009704142011834449,0
2025-03-04 04:00:00+00:00,4.212,4.27,4.212,4.268,146.26,0.0101260726303698,1.0177514792899522,-5.658709106984972,-16.313725490196074,0.4472982357762215,0.0468384074831708,2.28705242376471,1.9604384375299964,1.3589503277040846,0.046860356127722,-0.001405810684161235,0
2025-03-04 05:00:00+00:00,4.296,4.334,4.278,4.326,235.69,0.01349799409136,1.3589503280224902,-3.5666518056174823,-15.392137688245668,0.7043222627702546,0.1845869865748532,2.478729103247583,1.99705164095385,1.294498381577787,0.1849283402253981,-0.021035598705501424,0
2025-03-04 06:00:00+00:00,4.274,4.284,4.274,4.284,61.91,-0.0097561749453646,-0.9708737864077666,-5.095259193619861,-13.331984624721828,0.1931516091411581,0.0,2.405214626744911,1.9151198893446413,0.2334267039604463,0.0,-0.011671335200746924,0
2025-03-04 07:00:00+00:00,4.266,4.266,4.25,4.25,37.68,-0.0079681696491768,-0.7936507936507908,-0.7009345794392607,-13.897893030794162,0.1198646432965326,0.3750586028187864,1.067793213722526,1.913028102098466,0.3764705881467131,0.0,-0.02682352941176469,0
2025-03-04 08:00:00+00:00,4.246,4.298,4.246,4.298,35.83,0.0112308152839933,1.12941176470589,0.5615348619560034,-11.106514994829364,0.1184167583559963,0.0,1.1809103673873054,1.919170785387604,1.209865053231758,0.0,-0.019311307584923276,0
2025-03-04 09:00:00+00:00,4.251,4.267,4.243,4.266,87.33,-0.0074731781711599,-0.7445323406235493,0.9704142011834448,-12.402464065708418,0.2942934931405568,0.0234356690828679,1.1043942905814783,1.9021900151384552,0.5625879042281796,0.0234411626761819,-0.012423816221284523,0
2025-03-04 10:00:00+00:00,4.237,4.262,4.212,4.262,106.31,-0.0009380863727335,-0.0937646507266909,-0.1405810684161235,-13.12678353037098,0.3573940924569965,0.0,1.023132722554838,1.8852162901777525,1.1731581414422394,0.0,-0.017128108869075453,0
2025-03-04 11:00:00+00:00,4.262,4.262,4.234,4.235,58.58,-0.0063552055724075,-0.633505396527434,-2.1035598705501424,-13.48314606741572,0.1957481527472856,0.6335053963787939,0.7830602305685499,1.8836523392037112,0.6611570246372611,0.0,0.010625737898465104,0
2025-03-04 12:00:00+00:00,4.226,4.234,4.172,4.234,1201.85,-0.0002361553913443,-0.0236127508854822,-1.1671335200746924,-13.679918450560658,3.538499850938906,0.0,0.7263945991757761,1.8799779810184627,1.4643363246423455,0.0,0.018894662257912254,0
2025-03-04 13:00:00+00:00,4.197,4.198,4.122,4.136,1181.03,-0.0234180355065454,-2.314596126594237,-2.682352941176469,-17.21377101681345,3.0661237841313316,1.476893758581023,1.1388536215985283,1.836132713079878,1.8375241775054465,0.0241779497040269,0.04932301740812384,0
2025-03-04 14:00:00+00:00,4.168,4.35,4.159,4.215,708.89,0.0189204542476906,1.9100580270792864,-1.9311307584923276,-13.342927631578949,1.771621541408029,3.1034482751486276,1.371265428130112,1.8682188798298864,4.53143534886561,3.202846974329094,0.023962040332146994,0
2025-03-04 15:00:00+00:00,4.206,4.234,4.111,4.213,357.35,-0.0004746084569392,-0.0474495848161282,-1.2423816221284525,-14.61289014997973,0.8712197014849552,0.4959848841530482,1.3578579853775692,1.8223654005262624,2.919534772627697,0.4984571563022866,0.034892000949442226,0
2025-03-04 16:00:00+00:00,4.214,4.214,4.029,4.189,1628.64,-0.0057129410319816,-0.569665321623547,-1.7128108869075451,-13.575407468537248,3.427522169903791,0.5932605598971937,1.3637808748283191,1.8066784729851757,4.416328478296424,0.0,0.043685843876820174,0
2025-03-04 17:00:00+00:00,4.194,4.321,4.185,4.28,321.34,0.0214909676288077,2.1723561709238615,1.0625737898465104,-12.384851586489242,0.7309009645932132,0.948854431624877,1.6628581953208292,1.872782224447391,3.177570092715524,0.957943925009814,0.006074766355140149,0
2025-03-04 18:00:00+00:00,4.287,4.334,4.287,4.314,42.81,0.0079125383732591,0.7943925233644844,1.8894662257912256,-7.205850720585072,0.1032512735064895,0.4614674664371227,1.6764990995828728,1.6382412628811922,1.0894761239940878,0.4636068612740729,-0.0018544274455262189,0
2025-03-04 19:00:00+00:00,4.345,4.375,4.324,4.34,149.94,0.0060088001453487,0.6026889197960017,4.932301740812384,-4.088397790055264,0.3796886573258469,0.7999999998171461,1.0631042101430244,1.5657330845495958,1.1751152071025115,0.6912442394720694,0.0020737327188939947,0
2025-03-04 20:00:00+00:00,4.384,4.384,4.282,4.316,36.5,-0.0055453007164252,-0.552995391705069,2.396204033214699,-3.3587102552619874,0.0971367932214562,1.551094890157152,1.0302777960239544,1.5493290786859322,2.363299350703598,0.0,0.01598702502316951,0
2025-03-04 21:00:00+00:00,4.306,4.426,4.284,4.36,342.38,0.0101430099650547,1.019462465245602,3.4892000949442226,-2.000449539222282,0.881123515261417,1.4911884316558508,1.030335984440844,1.5660698167072538,3.2568807331979706,1.5137614675427111,-0.015596330275229442,0
2025-03-04 22:00:00+00:00,4.351,4.372,4.351,4.372,20.56,0.002748512953349,0.2752293577981568,4.368584387682017,-3.3598585322723307,0.0531481305953663,0.0,0.891118034671084,1.5233484904501298,0.4803293686001055,0.0,-0.015324794144556342,0
2025-03-04 23:00:00+00:00,4.389,4.389,4.306,4.306,147.2,-0.0152111713721207,-1.5096065873741904,0.6074766355140149,-4.012483281319657,0.3748849972771815,1.891091364344709,0.964536887000059,1.543059578245212,1.9275429628593763,0.0,-0.00023223409196482248,0
2025-03-05 00:00:00+00:00,4.309,4.352,4.3,4.306,127.81,0.0,0.0,-0.1854427445526218,-4.607886575099696,0.323159534893194,1.0569852938747797,0.9034340412816472,1.5343617347637393,1.2076172779360037,0.9986065952163048,0.004180213655364584,0
2025-03-05 01:00:00+00:00,4.292,4.349,4.287,4.349,272.26,0.00993653467333,0.9986065954482148,0.2073732718893994,1.612149532710272,0.757456920783143,0.0,0.9701386973537988,1.095863875833904,1.425615083599543,0.0,-0.005518510002299415,0
2025-03-05 02:00:00+00:00,4.349,4.39,4.349,4.385,345.42,0.0082436922086448,0.82777650034489,1.598702502316951,2.597098736546566,1.0742439222838307,0.1138952163749645,0.9660036925222356,1.1055919773208376,0.935005701041036,0.1140250854928082,-0.0025085518814139673,0
2025-03-05 03:00:00+00:00,4.357,4.357,4.292,4.292,351.53,-0.0214368010556942,-2.120866590649939,-1.5596330275229442,1.5857988165680623,1.0539181271907545,1.4918521915327487,1.283729956907237,1.1712161566992756,1.5144454796098774,0.0,0.025163094128611396,0
2025-03-05 04:00:00+00:00,4.293,4.309,4.293,4.305,66.4,0.003024313111242,0.3028890959925423,-1.5324794144556342,0.8669165885660801,0.2010790840397482,0.0928289626148098,1.2860838947179436,1.1551092089301762,0.3716608593794054,0.0929152148448616,0.031823461091753824,0
2025-03-05 05:00:00+00:00,4.305,4.305,4.305,4.305,1.16,0.0,0.0,-0.0232234091964822,-0.4854368932038833,0.0036199518639908,0.0,1.127268469331555,1.1207062512341728,0.0,0.0,0.023693379790940883,0
2025-03-05 06:00:00+00:00,4.306,4.324,4.285,4.324,56.83,0.0044037618972676,0.4413472706155552,0.4180213655364584,0.933706816059754,0.177463656199393,0.0,1.141813447243866,1.1053934329229604,0.9019426454898304,0.0,0.02266419981498613,0
2025-03-05 07:00:00+00:00,4.324,4.325,4.3,4.325,40.71,0.0002312406068807,0.0231267345050856,-0.5518510002299415,1.764705882352935,0.1270754591823478,0.0,1.0497467793121258,1.0910242268124026,0.5780346819472834,0.0,0.011791907514450806,0
2025-03-05 08:00:00+00:00,4.345,4.374,4.345,4.374,5.89,0.0112657818707332,1.1329479768785955,-0.2508551881413967,1.7682643089809158,0.0184573923579341,0.0,1.1081479134583567,1.0911707895055909,0.6630086875484643,0.0,-0.0050297210791035996,0
2025-03-05 09:00:00+00:00,4.385,4.448,4.302,4.4,1027.74,0.0059266186696395,0.5944215820759213,2.5163094128611396,3.1411157993436634,2.8684018034302494,1.0791366904048711,0.4188104063354207,1.0816102515278747,3.318181817427704,1.0909090906611578,-0.007954545454545436,0
2025-03-05 10:00:00+00:00,4.423,4.476,4.369,4.442,200.47,0.0095001845480202,0.9545454545454524,3.1823461091753824,4.223369310183034,0.5534475440238065,0.7596067916086626,0.4651303547725294,1.0931916700358806,2.408824853127239,0.765420981367528,-0.029716343989194205,0
2025-03-05 11:00:00+00:00,4.426,4.426,4.407,4.407,59.01,-0.0079105396123857,-0.7879333633498464,2.3693379790940883,4.061393152302228,0.1629037972232933,0.4292815182039609,0.6970313648635552,1.0986365440020736,0.4311322894415431,0.0,0.0009076469253459507,0
2025-03-05 12:00:00+00:00,4.407,4.427,4.394,4.422,150.55,0.0033978965754044,0.3403675970047537,2.266419981498613,4.440245630609341,0.4727821815588064,0.1129433024366492,0.6967952096343489,1.0984155840360452,0.7462686565476434,0.1130710085678241,0.007236544549977353,0
2025-03-05 13:00:00+00:00,4.402,4.402,4.365,4.376,188.22,-0.0104570173155743,-1.0402532790592334,1.1791907514450806,5.802707930367501,0.679330065971342,0.590640617766774,0.9086949010915002,0.9960814015926376,0.8455210235727767,0.0,0.02605118829981712,0
2025-03-05 14:00:00+00:00,4.402,4.407,4.343,4.352,286.01,-0.0054995555660385,-0.5484460694698323,-0.50297210791036,3.2502965599051192,1.1023827916054725,1.2480145220676098,0.8183609492790362,0.942754988393668,1.4705882349562078,0.1148897058559512,0.03952205882352944,0
2025-03-05 15:00:00+00:00,4.356,4.376,4.314,4.365,118.34,0.0029826797379239,0.2987132352941124,-0.7954545454545436,3.607880370282457,0.4743307970293561,0.2513711151162341,0.7774782871015502,0.9425146149944306,1.420389461301177,0.2520045818437589,0.04009163802978222,0
2025-03-05 16:00:00+00:00,4.335,4.392,4.31,4.31,150.12,-0.0126802851759092,-1.260022909507463,-2.9716343989194205,2.8885175459536727,0.7990064756455301,1.86703096496654,0.6807787003521022,0.9757663131621128,1.902552203734924,1.3225058001572003,0.050580046403712275,0
2025-03-05 17:00:00+00:00,4.384,4.442,4.384,4.411,64.91,0.0231635170071461,2.343387470997671,0.090764692534595,3.0607476635513775,0.3663118391051499,0.6978838359527632,1.3093795287061318,0.991370833088116,1.3148945814294013,0.7027884831777986,0.02425753797324881,0
2025-03-05 18:00:00+00:00,4.411,4.454,4.411,4.454,85.48,0.0097011477123732,0.9748356381772848,0.7236544549977353,3.245248029670833,0.477604156963789,0.0,1.3647534096048024,0.9972471148170814,0.9654243374572498,0.0,0.007184553210597189,0
2025-03-05 19:00:00+00:00,4.458,4.49,4.444,4.49,87.75,0.008050132918987,0.8082622361921921,2.605118829981712,3.456221198156695,0.4974901080701731,0.0,1.253127083259422,1.0022684383959009,1.0244988861860862,0.0,0.0026726057906458767,0
2025-03-05 20:00:00+00:00,4.5,4.54,4.461,4.524,164.97,0.007543856499711,0.7572383073496614,3.952205882352944,4.8192771084337505,0.9077336463546982,0.3524229074113609,1.1590151501601162,0.9983475790103992,1.746242263097642,0.3536693191083846,0.002210433244915988,0
2025-03-05 21:00:00+00:00,4.54,4.54,4.48,4.54,214.95,0.0035304537993826,0.3536693191865669,4.009163802978222,4.128440366972463,1.2183388478282686,0.0,1.1559397415086272,0.9838042983041736,1.3215859027925936,0.0,-0.0017621145374449032,0
2025-03-05 22:00:00+00:00,4.54,4.544,4.528,4.528,33.13,-0.0026466711523748,-0.2643171806167466,5.0580046403712275,3.568161024702654,0.1872253853424663,0.3521126759788487,0.8556457509354634,0.987427326747634,0.3533568903813261,0.0883392225953217,0.01921378091872805,0
2025-03-05 23:00:00+00:00,4.518,4.518,4.518,4.518,274.61,-0.0022109228550701,-0.2208480565370929,2.425753797324881,4.923362749651639,1.506683400879196,0.0,0.5374749926178457,0.925722663452169,0.0,0.0,0.026117751217352936,0
2025-03-06 00:00:00+00:00,4.521,4.521,4.486,4.486,25.07,-0.0071079819477949,-0.7082779991146482,0.7184553210597189,4.180213655364606,0.1408581936675194,0.7741650075704156,0.6132754796121177,0.9436053381347436,0.7802050823049062,0.0,0.024966562639322287,0
2025-03-06 01:00:00+00:00,4.502,4.551,4.451,4.502,148.93,0.0035603063865238,0.3566651805617438,0.2672605790645876,3.5180501264658437,0.86165565787072,1.076686442303527,0.5353107798473571,0.928277129797659,2.2212350061703283,1.0884051530234635,0.007996446023989412,0
2025-03-06 02:00:00+00:00,4.53,4.534,4.471,4.534,16.4,0.0070828096007968,0.7107952021323971,0.2210433244915988,3.397947548460656,0.1030587717775874,0.0,0.5232781161232322,0.9248743365120492,1.3895015435841356,0.0,0.005513895015438974,0
2025-03-06 03:00:00+00:00,4.553,4.553,4.486,4.532,178.26,-0.0004412089195773,-0.0441111601235055,-0.1762114537444903,5.5917986952469745,1.173435438607052,0.4612343508760722,0.4998693285724209,0.7888433828191707,1.4783759926128952,0.0,0.00022065313327446212,0
2025-03-06 04:00:00+00:00,4.557,4.622,4.53,4.615,172.6,0.0181485247890557,1.831421006178302,1.9213780918728052,7.200929152148672,1.104018805411756,0.1514495888897701,0.8802848110816882,0.8529603576546394,1.9934994578562215,0.1516793065760104,-0.004550379198266508,0
2025-03-06 05:00:00+00:00,4.63,4.663,4.611,4.636,617.89,0.0045400575226896,0.4550379198266396,2.6117751217352936,7.688734030197453,3.394347240896562,0.5790263777441533,0.8399422664747457,0.8512882307903702,1.121656600275753,0.5823986193739462,-0.014236410698878266,0
2025-03-06 06:00:00+00:00,4.616,4.616,4.581,4.598,6.94,-0.0082304991365154,-0.8196721311475419,2.4966562639322287,6.336725254394082,0.0385649289755784,0.3899480068479271,0.8710985125518301,0.8813225709620766,0.7612005218005057,0.0,-0.020008699434536648,0
2025-03-06 07:00:00+00:00,4.577,4.577,4.535,4.538,109.17,-0.0131350399833397,-1.3049151805132553,0.7996446023989412,4.924855491329483,0.5971814806424902,0.8520865193681196,1.1225326105517186,0.9371430859113552,0.9255178490688548,0.0,-0.013221683561040254,0
2025-03-06 08:00:00+00:00,4.548,4.559,4.548,4.559,50.57,0.0046169148736544,0.4627589246364083,0.5513895015438974,4.229538180155479,0.273839204527306,0.0,1.1015649416123023,0.9182067037935692,0.241280982618717,0.0,-0.018644439570081106,0
2025-03-06 09:00:00+00:00,4.536,4.553,4.533,4.533,202.68,-0.005719329272592,-0.5703005044965903,0.0220653133274462,3.022727272727277,1.348566549201874,0.4392708103581564,1.135138743205667,0.9257842891612198,0.4412089123226888,0.3750275754743011,-0.009706596073240759,0
2025-03-06 10:00:00+00:00,4.542,4.594,4.542,4.594,71.77,0.0133671323081941,1.3456871828810837,-0.4550379198266507,3.421882035119328,0.4952031578338211,0.0,0.9900733399403208,0.9439702093859612,1.1319111882603694,0.0,-0.03548106225511538,0
2025-03-06 11:00:00+00:00,4.572,4.572,4.57,4.57,33.63,-0.0052378993607932,-0.52242054854158,-1.4236410698878266,3.6986612207851266,0.2337479546458507,0.0437445319239355,0.965553056992216,0.9340307798197204,0.0437636761392153,0.0,-0.042231947483588717,0
2025-03-06 12:00:00+00:00,4.567,4.567,4.494,4.506,60.95,-0.0141033628960606,-1.4004376367614868,-2.0008699434536648,1.899592944369077,0.4349235137555003,1.335668928982773,1.0615949098266728,0.9855735436749928,1.6200621390102037,0.0,-0.030625832223701743,0
2025-03-06 13:00:00+00:00,4.514,4.526,4.478,4.478,132.69,-0.0062333238334896,-0.6213936972925049,-1.3221683561040254,2.33089579524679,0.9627367873635488,1.060539107145264,0.9678596853837986,0.968247051442388,1.0719071011451755,0.267976775286284,-0.019651630192050074,0
2025-03-06 14:00:00+00:00,4.485,4.504,4.435,4.474,148.42,-0.0008936551086251,-0.0893255917820412,-1.8644439570081104,2.8033088235294157,1.1236030193307849,0.6660746002073406,0.9147125430294276,0.9594113010441628,1.5422440765439764,0.4246759051352812,-0.01631649530621382,0
2025-03-06 15:00:00+00:00,4.487,4.519,4.484,4.489,95.5,0.003347096731857,0.3352704514975269,-0.970659607324076,2.84077892325314,0.7282224319142283,0.6638636865094404,0.9381043338945764,0.9597424134003804,0.7796836710225731,0.6683002894479226,-0.018489641345511343,0
2025-03-06 16:00:00+00:00,4.498,4.501,4.431,4.431,54.9,-0.0130046675824425,-1.292047226553794,-3.548106225511538,2.8074245939675224,0.4316928611412992,1.5552099529981822,0.6764694123369113,0.9617979592364354,1.579778830607143,0.0677048070260227,0.003159557661927437,0
2025-03-06 17:00:00+00:00,4.436,4.436,4.377,4.377,133.71,-0.0122617340085942,-1.2186865267434066,-4.223194748358871,-0.7708002720471452,1.028218790944906,1.3300270510978336,0.719606853478061,0.8774655605570191,1.3479552201626823,0.0,0.016221156042951934,0
2025-03-06 18:00:00+00:00,4.397,4.398,4.368,4.368,54.24,-0.0020583197661542,-0.205620287868391,-3.0625832223701743,-1.9308486753479848,0.4213183676210829,0.6821282399540264,0.6531688728618309,0.8515089255892625,0.6868131866559346,0.0228937728885189,-0.03342490842490842,0
2025-03-06 19:00:00+00:00,4.368,4.39,4.35,4.39,159.8,0.0050239886444758,0.5036630036629797,-1.9651630192050071,-2.2271714922049157,1.2129876208878825,0.0,0.7685022108500578,0.8399773759721261,0.9111617309997362,0.0,0.002961275626423676,0
2025-03-06 20:00:00+00:00,4.39,4.407,4.39,4.401,59.97,0.0025025607418742,0.2505694760819965,-1.6316495306213818,-2.718832891246692,0.4708484091065433,0.1361470387710178,0.801633577182212,0.8239946141610925,0.3862758463107836,0.1363326516391025,0.012042717564189953,0
2025-03-06 21:00:00+00:00,4.404,4.454,4.404,4.406,66.42,0.0011354605511969,0.1136105430583844,-1.8489641345511345,-2.951541850220274,0.5481234419279103,1.077682981347625,0.7725946630174502,0.8195197690450311,1.1348161595245498,1.0894235131435726,-0.005447117566954152,0
2025-03-06 22:00:00+00:00,4.458,4.484,4.435,4.445,40.15,0.0088126205857166,0.8851566046300663,0.3159557661927437,-1.8330388692579305,0.330535422102264,0.8697591434277901,0.7257865615977299,0.8440340105098796,1.1023622044764174,0.584926884007886,-0.011023622047244164,0
2025-03-06 23:00:00+00:00,4.439,4.453,4.439,4.448,107.24,0.0006746879824134,0.0674915635545669,1.6221156042951934,-1.5493581230632936,0.9366279704419816,0.1122838535566372,0.3794557553791529,0.8439487117839215,0.3147482013680924,0.1124100719171715,-0.003147482014388525,0
2025-03-07 00:00:00+00:00,4.406,4.423,4.222,4.222,560.59,-0.0521456075221523,-5.080935251798557,-3.3424908424908417,-5.884975479268817,4.097605545407428,4.544426858570096,2.2967149588040137,1.3454745109819164,4.76077688186622,0.4026527711031222,0.0573188062529606,0
2025-03-07 01:00:00+00:00,4.213,4.422,4.202,4.403,427.36,0.0419771773474877,4.287067740407369,0.2961275626423676,-2.1990226565970716,2.879582239547115,0.4296698325577438,3.021741272516754,1.6212958698376672,4.996593230752529,0.4315239608377217,0.031796502384737746,0
2025-03-07 02:00:00+00:00,4.362,4.454,4.362,4.454,52.35,0.011516442061559,1.158301158301156,1.2042717564189953,-1.7644464049404562,0.3492134081915668,0.0,3.055944937161756,1.6333001086828889,2.065559047582938,0.0,0.013920071845532123,0
2025-03-07 03:00:00+00:00,4.386,4.386,4.382,4.382,26.36,-0.016297327661901,-1.616524472384373,-0.5447117566954152,-3.309796999117398,0.1835920949521442,0.0911992703850537,3.147260510433421,1.6638155820642306,0.0912825193767143,0.0,0.05659516202647197,0
2025-03-07 04:00:00+00:00,4.395,4.396,4.395,4.396,24.38,0.0031897953681003,0.319488817891389,-1.1023622047244164,-4.745395449620804,0.1774338322686681,0.0,3.1207788158228027,1.614684618452907,0.0227479526790913,0.0,0.04708826205641481,0
2025-03-07 05:00:00+00:00,4.424,4.434,4.414,4.434,108.11,0.0086070746527448,0.8644222020018244,-0.3147482014388525,-4.357204486626398,0.9306790056952056,0.0,3.1502632709419247,1.623982263506953,0.451059990877083,0.0,0.044654939106901104,0
2025-03-07 06:00:00+00:00,4.416,4.468,4.416,4.464,74.82,0.0067431138848901,0.6765899864682012,5.73188062529606,-2.91431056981295,0.6287879318382049,0.089525514751663,1.8827030855817932,1.6271885639602242,1.1648745517103685,0.0896057347469422,0.029345878136200598,0
2025-03-07 07:00:00+00:00,4.481,4.543,4.474,4.543,1250.75,0.0175423616982564,1.769713261648742,3.1796502384737746,0.1101806963419882,7.509456241074052,0.0,1.1596508046263432,1.6499552919774565,1.5188201625536373,0.0,0.016068677085626204,0
2025-03-07 08:00:00+00:00,4.545,4.56,4.516,4.516,22.25,-0.0059609404898506,-0.5943209333039823,1.3920071845532125,-0.943189295898228,0.1345413500485686,0.964912280490142,1.188903204577492,1.6513415031649132,0.9743135516000102,0.332152347136363,0.02701505757307343,0
2025-03-07 09:00:00+00:00,4.58,4.63,4.554,4.63,135.01,0.024930221810727,2.524357838795388,5.659516202647197,2.1398632252371375,0.8305390157765264,0.0,1.08572163460847,1.7252352737423606,1.6414686821508626,0.0,-0.011447084233261351,0
2025-03-07 10:00:00+00:00,4.573,4.603,4.573,4.603,42.01,-0.0058486032630383,-0.5831533477321793,4.708826205641481,0.19590770570308,0.2604187921804495,0.0,1.2374741810724867,1.709290428549727,0.65174885929789,0.0,-0.022593960460569162,0
2025-03-07 11:00:00+00:00,4.601,4.632,4.601,4.632,478.47,0.0062804754355898,0.6300238974581873,4.46549391069011,1.3566739606126754,2.6603528362279545,0.0,1.2375915441041765,1.7098756377345234,0.6692573400973041,0.0,-0.017055267702936083,0
2025-03-07 12:00:00+00:00,4.625,4.667,4.575,4.595,1456.4,-0.0080199844630437,-0.7987910189982683,2.93458781362006,1.9751442521082965,6.119434864030031,1.5427469463161043,1.3880385220297078,1.6916024985954636,2.002176278127919,0.9140369965366584,0.005223068552774768,0
2025-03-07 13:00:00+00:00,4.606,4.671,4.597,4.616,436.39,0.004559773398148,0.4570184983677894,1.6068677085626204,3.081732916480573,1.7410333133782523,1.177478055838703,1.2437513520469865,1.6863886520030111,1.6031195837081595,1.1915077987020262,-0.013431542461005086,0
2025-03-07 14:00:00+00:00,4.603,4.638,4.562,4.638,212.22,0.0047547096275415,0.4766031195840625,2.701505757307343,3.6656236030397698,0.8377932032733316,0.0,1.1700055141207149,1.687186761181063,1.6386373433293069,0.0,-0.02263906856403608,0
2025-03-07 15:00:00+00:00,4.614,4.623,4.494,4.577,8275.56,-0.0132394771618348,-1.3152220784821034,-1.144708423326135,1.9603475161505957,13.92853866834128,0.9950248754066624,0.8179991425641732,1.7130643688253084,2.8184400256022735,0.1966353506234212,-0.022066856019226533,0
2025-03-07 16:00:00+00:00,4.572,4.572,4.485,4.499,389.29,-0.0171886118124698,-1.704173039108592,-2.259396046056916,1.534642292936117,0.640198439752679,1.596675415223833,1.030389544890176,1.7297803811652903,1.9337630580276088,0.0,-0.006890420093354055,0
2025-03-07 17:00:00+00:00,4.486,4.554,4.476,4.553,91.99,0.0119312064936099,1.2002667259391142,-1.7055267702936083,4.021018962759881,0.1517138728142449,0.021958717606077,1.1588653350697709,1.7218334430643096,1.7131561603968533,0.0219635405179156,-0.03404348781023503,0
2025-03-07 18:00:00+00:00,4.58,4.619,4.564,4.619,367.92,0.0143918750958232,1.4495936745003268,0.5223068552774768,5.746336996336976,0.5939857969384611,0.0,1.3107918063024198,1.7391158703643623,1.1907339248342146,0.0,-0.04135094176228615,0
2025-03-07 19:00:00+00:00,4.593,4.593,4.545,4.554,125.59,-0.0141722638069203,-1.4072310023814594,-1.3431542461005086,3.735763097949896,0.2032255454566683,0.8491182231985308,1.423513682339693,1.7700458307983262,1.054018445091345,0.0,-0.04567413263065445,0
2025-03-07 20:00:00+00:00,4.603,4.603,4.516,4.533,170.22,-0.0046219956828356,-0.461133069828723,-2.263906856403608,2.999318336741652,0.2734119269028559,1.5207473383617625,1.382050450356035,1.77430986962953,1.9192587686037317,0.0,-0.037061548643282594,0
2025-03-07 21:00:00+00:00,4.503,4.516,4.436,4.476,213.55,-0.0126541815090334,-1.2574454003970947,-2.2066856019226533,1.588742623694972,0.3396651065871814,0.8857395923636544,1.374253831304318,1.796818339099628,1.7873100979027474,0.290437890909194,-0.016532618409293987,0
2025-03-07 22:00:00+00:00,4.446,4.468,4.319,4.468,1331.28,-0.0017889092427244,-0.1787310098302019,-0.6890420093354055,0.5174353205849247,1.950580307455395,0.0,1.205865926860955,1.788910236097364,3.3348254244998152,0.0,-0.011414503133393095,0
2025-03-07 23:00:00+00:00,4.409,4.426,4.386,4.398,180.52,-0.0157909890743848,-1.5666965085049278,-3.404348781023503,-1.1241007194244812,0.2633183799808842,0.6326253952479488,1.1332064012265304,1.8184016838227088,0.909504319938722,0.3865393359739644,0.004320145520691154,0
2025-03-08 00:00:00+00:00,4.418,4.428,4.399,4.428,56.01,0.0067981227138209,0.6821282401091366,-4.135094176228615,4.87920416864045,0.0842846582282927,0.0,0.8762218373415975,1.4510802545263073,0.6549232157509187,0.0,-0.016260162601625994,0
2025-03-08 01:00:00+00:00,4.407,4.407,4.336,4.346,266.22,-0.0186921330121525,-1.851851851851849,-4.567413263065445,-1.2945718828071606,0.4047006303013863,1.3841615608386275,0.9647748350015424,1.2367133195233728,1.6336861478063247,0.0,0.00667280257708236,0
2025-03-08 02:00:00+00:00,4.346,4.372,4.308,4.365,213.17,0.0043623074573276,0.4371836171191967,-3.7061548643282594,-1.9982038616973452,0.320787736017159,0.1601097895333617,1.085923404733822,1.214810415716783,1.466208476181855,0.1603665520823827,-0.0020618556701031965,0
2025-03-08 03:00:00+00:00,4.35,4.402,4.35,4.402,29.52,0.0084407938127043,0.847651775486824,-1.6532618409293989,0.4564125969876764,0.0444142142034795,0.0,1.1765400671617108,1.182483287171195,1.1812812355335685,0.0,-0.014538845979100379,0
2025-03-08 04:00:00+00:00,4.369,4.417,4.369,4.417,72.45,0.0034017495101193,0.3407542026351517,-1.1414503133393097,0.4777070063694211,0.1086769018456192,0.0,1.2040337502822704,1.1827249795271293,1.0867104367021267,0.0,-0.011999094407969202,0
2025-03-08 05:00:00+00:00,4.417,4.417,4.417,4.417,0.0,0.0,0.0,0.4320145520691154,-0.3834009923319836,0.0,0.0,0.994345725560278,1.169090694535223,0.0,0.0,-0.025130178854426033,0
2025-03-08 06:00:00+00:00,4.356,4.356,4.356,4.356,1.67,-0.0139065275436753,-1.3810278469549409,-1.6260162601625994,-2.4193548387096864,0.0025337485444183,0.0,1.0953019108695723,1.1918423258932604,0.0,0.0,0.006427915518824712,0
2025-03-08 07:00:00+00:00,4.375,4.375,4.375,4.375,0.24,0.0043523147388636,0.4361799816345213,0.667280257708236,-3.697996918335899,0.0003953885069615,0.0,0.7833402163382158,1.1314019820949273,0.0,0.0,-0.0009142857142856453,0
2025-03-08 08:00:00+00:00,4.356,4.356,4.356,4.356,2.13,-0.0043523147388637,-0.4342857142857204,-0.2061855670103196,-3.5429583702391576,0.0035139261319327,0.0,0.791688941781379,1.1291619177198575,0.0,0.0,0.0,0
2025-03-08 09:00:00+00:00,4.356,4.393,4.338,4.338,28.48,-0.0041407926660313,-0.4132231404958664,-1.453884597910038,-6.306695464362844,0.0473309189615106,1.2519918048595446,0.6696955561175777,0.9792506972708428,1.2678653754569171,0.8529276162164741,0.003457814661134151,0
2025-03-08 10:00:00+00:00,4.364,4.364,4.364,4.364,1.31,0.0059756555661417,0.5993545412632528,-1.1999094407969202,-5.192265913534644,0.0021832423648978,0.0,0.7208937568033613,0.9924518631817312,0.0,0.0,-0.016040329972502376,0
2025-03-08 11:00:00+00:00,4.335,4.335,4.3,4.306,27.7,-0.013379669028653,-1.3290559120073264,-2.5130178854426033,-7.0379965457685545,0.0476564947385635,0.6689734715873167,0.842834777652989,1.0003304824633543,0.8128193216876904,0.0,0.006502554575011477,0
2025-03-08 12:00:00+00:00,4.344,4.384,4.334,4.384,5.23,0.017952150703543,1.8114259173246603,0.6427915518824712,-4.591947769314464,0.0100426765749095,0.0,1.081843634390575,1.0813289232375871,1.1405109486449727,0.0,-0.004790145985401395,0
2025-03-08 13:00:00+00:00,4.398,4.4,4.371,4.371,45.72,-0.0029697337645369,-0.296532846715325,-0.0914285714285645,-5.307625649913328,0.0906244554214056,0.6590909089411137,1.0786773350291834,1.0724811984109068,0.6634637381232047,0.0457561198705812,-0.0016014641958362885,0
2025-03-08 14:00:00+00:00,4.378,4.378,4.356,4.356,63.14,-0.0034376108104635,-0.3431708991077697,0.0,-6.080206985769731,0.126713889476295,0.5025125626992946,1.0721812983480803,1.0621303957843418,0.5050505049345669,0.0,-0.0045913682277317625,0
2025-03-08 15:00:00+00:00,4.357,4.357,4.353,4.353,0.5,-0.0006889425005535,-0.0688705234159758,0.3457814661134151,-4.894035394363128,0.003257461623009,0.0918062887097173,1.054636399778501,1.0381657907460604,0.0918906501052502,0.0,-0.008499885136687313,0
2025-03-08 16:00:00+00:00,4.337,4.337,4.267,4.294,161.64,-0.0136465631135712,-1.3553870893636577,-1.6040329972502376,-4.556568126250282,1.1224350442604771,0.991468756976838,1.1533038933280837,1.0180932004529886,1.6301816484326406,0.0,0.0016301816488124565,0
2025-03-08 17:00:00+00:00,4.311,4.334,4.311,4.334,34.18,0.0092722036575779,0.9315323707498768,0.6502554575011477,-4.810015374478372,0.2413848910790718,0.0,1.1032602951796315,1.0036830576534383,0.5306875864026952,0.0,-0.01199815413013372,0
2025-03-08 18:00:00+00:00,4.35,4.365,4.344,4.363,152.87,0.0066689910273053,0.6691278264882472,-0.4790145985401395,-5.542325178610074,1.1525253350167872,0.0458190148806778,0.8172470446866251,0.96009787969157,0.4813201924177562,0.0458400183254957,-0.016502406600962694,0
2025-03-08 19:00:00+00:00,4.344,4.364,4.344,4.364,13.19,0.0002291738293517,0.0229200091679926,-0.1601464195836288,-4.1721563460694,0.1030824438111868,0.0,0.8106714301399216,0.92761940013648,0.458295141966467,0.0,-0.014207149404216413,0
2025-03-08 20:00:00+00:00,4.336,4.336,4.336,4.336,1.31,-0.0064368038334791,-0.6416131989000817,-0.4591368227731762,-4.3459077873373,0.0108337956532978,0.0,0.8427429613043553,0.9307748228297004,0.0,0.0,-0.014529520295203047,0
2025-03-08 21:00:00+00:00,4.326,4.326,4.315,4.316,122.97,-0.0046232167414569,-0.4612546125461358,-0.8499885136687313,-3.574620196604117,1.0497359013942291,0.2311604252817425,0.8571959976095229,0.9043086084568256,0.2548656162523303,0.0,-0.00023169601482841973,0
2025-03-08 22:00:00+00:00,4.306,4.306,4.272,4.301,801.76,-0.0034814935942888,-0.3475440222428072,0.1630181648812456,-3.737690241718883,8.432440959975818,0.1161170459553813,0.6402919685539108,0.905189697168428,0.7905138338082927,0.0,0.0039525691699604515,0
2025-03-08 23:00:00+00:00,4.282,4.282,4.282,4.282,0.63,-0.0044273636341082,-0.4417577307602949,-1.199815413013372,-2.6375625284219995,0.0071930125020586,0.0,0.4791100078639781,0.8560491141982804,0.0,0.0,0.010742643624474635,0
2025-03-09 00:00:00+00:00,4.32,4.32,4.291,4.291,59.62,0.0020996158418967,0.2101821578701646,-1.6502406600962694,-3.093947606142722,0.6795431339413914,0.6712962961409016,0.325087910711011,0.8424329343843755,0.6758331389709061,0.0,0.005360055931018293,0
2025-03-09 01:00:00+00:00,4.302,4.302,4.302,4.302,20.43,0.0025602248361504,0.2563505010486855,-1.4207149404216413,-1.012425218591817,0.2636327465474136,0.0,0.3778023390026308,0.7593745717553432,0.0,0.0,0.002789400278940146,0
2025-03-09 02:00:00+00:00,4.273,4.273,4.273,4.273,11.2,-0.0067638741836503,-0.674105067410502,-1.4529520295203049,-2.1076746849942873,0.162133796570405,0.0,0.3849857251797839,0.7628384664884726,0.0,0.0,0.003978469459396283,0
2025-03-09 03:00:00+00:00,4.314,4.344,4.273,4.315,3269.1,0.0097811678735034,0.98291598408613,-0.0231696014828419,-1.976374375283951,16.02019001639939,0.6675874768260598,0.6067911897604427,0.7704178953608125,1.645422942840009,0.672074159751545,-0.012514484356894617,0
2025-03-09 04:00:00+00:00,4.316,4.328,4.315,4.318,84.87,0.0006950075572241,0.0695249130938435,0.3952569169960451,-2.2413402762055723,0.4148524712345987,0.231053604382859,0.5828814890343295,0.7659191312031567,0.3010653079432434,0.2315886984178969,-0.023622047244094335,0
2025-03-09 05:00:00+00:00,4.328,4.328,4.328,4.328,0.72,0.0023132094515649,0.2315886984715298,1.0742643624474637,-2.0149422685080243,0.0035189110924947,0.0,0.527615190521683,0.7686101453777964,0.0,0.0,-0.027726432532347522,0
2025-03-09 06:00:00+00:00,4.314,4.314,4.314,4.314,115.61,-0.0032399935772158,-0.3234750462107305,0.5360055931018293,-0.9641873278236844,0.5522166164107725,0.0,0.5648799798645002,0.719060462832064,0.0,0.0,-0.01715345387111722,0
2025-03-09 07:00:00+00:00,4.314,4.314,4.314,4.314,0.0,0.0,0.0,0.2789400278940146,-1.3942857142857146,0.0,0.0,0.559391788501447,0.7119979102570948,0.0,0.0,-0.025034770514603566,0
2025-03-09 08:00:00+00:00,4.304,4.304,4.29,4.29,52.32,-0.0055788150270389,-0.5563282336578546,0.3978469459396283,-1.5151515151515138,0.2474490097534853,0.3252788103333514,0.5300912649675124,0.715252191840902,0.3263403262642618,0.0,-0.021911421911422035,0
2025-03-09 09:00:00+00:00,4.284,4.285,4.261,4.261,70.1,-0.0067828584221506,-0.6759906759906786,-1.2514484356894615,-1.775011526048864,0.3288429512974887,0.5600933487607721,0.3661403558972936,0.72287342778238,0.5632480637025942,0.0234686693209492,-0.027458343111945505,0
2025-03-09 10:00:00+00:00,4.253,4.256,4.212,4.216,164.37,-0.0106170632787137,-1.0560901196902115,-2.3622047244094335,-3.3913840513290494,0.7472524141972932,0.9398496238393218,0.4700111061361396,0.7350343871500422,1.0436432635095836,0.0711574952392917,-0.031072106261859633,0
2025-03-09 11:00:00+00:00,4.223,4.238,4.205,4.208,45.81,-0.0018993358036525,-0.189753320683117,-2.772643253234752,-2.275894101254061,0.2075476328452886,0.7078810758122094,0.3799644002735761,0.6899093293989025,0.784220532133036,0.3564638782422987,-0.04657794676806093,0
2025-03-09 12:00:00+00:00,4.2,4.24,4.189,4.24,136.41,0.0075757938084577,0.7604562737642651,-1.715345387111722,-3.284671532846717,0.6030870576765693,0.0,0.6339679775820585,0.5917777173535729,1.2028301883955623,0.0,-0.04976415094339626,0
2025-03-09 13:00:00+00:00,4.244,4.257,4.206,4.206,57.75,-0.0080511919633582,-0.8018867924528217,-2.5034770514603566,-3.774879890185312,0.2547559966903568,1.198026779140686,0.645819044610871,0.606574780888883,1.212553494718824,0.3090822633597022,-0.0337612933903948,0
2025-03-09 14:00:00+00:00,4.195,4.225,4.183,4.196,145.15,-0.0023803867464574,-0.2377555872563164,-2.1911421911422035,-3.673094582185499,0.6308001253025999,0.6863905323819175,0.6456153836276287,0.6055678120207169,1.0009532886079668,0.6911344135626447,-0.027407054337464043,0
2025-03-09 15:00:00+00:00,4.216,4.227,4.138,4.144,485.4,-0.0124701855768686,-1.2392755004766332,-2.7458343111945505,-4.801286469101762,1.9392050817163236,1.963567541527431,0.7355488181548653,0.6446926467713271,2.147683397165144,0.2654440153799633,-0.03474903474903479,0
2025-03-09 16:00:00+00:00,4.146,4.173,4.085,4.085,543.65,-0.0143397766452157,-1.4237451737451725,-3.1072106261859633,-4.867256637168138,2.0420632858617824,2.1087946316537773,0.8081629876132831,0.6502454033093056,2.1542227656905224,0.6609547122005041,-0.017135862913096767,0
2025-03-09 17:00:00+00:00,4.081,4.114,3.994,4.012,842.66,-0.0180318582122771,-1.787025703794376,-4.657794676806093,-7.429626211352103,2.809686158453517,2.4793388423725555,0.9327232089661228,0.6811315884960103,2.9910269184967446,0.8225324025865941,0.002243270189431712,0
2025-03-09 18:00:00+00:00,3.998,4.044,3.982,4.029,381.49,0.0042283361095211,0.4237288135593209,-4.976415094339625,-7.655283062113238,1.2328466091750123,0.370919881213909,0.8250854288583513,0.6674142127871179,1.538843385073491,0.3723008189693887,0.011169024571854091,0
2025-03-09 19:00:00+00:00,4.027,4.068,4.025,4.064,646.41,0.0086495040669706,0.8687019111442096,-3.37612933903948,-6.8744271310724026,1.9248561367927255,0.0983284168883057,1.0844836223551102,0.707785045754251,1.058070865881362,0.098425196826164,0.0059055118110236116,0
2025-03-09 20:00:00+00:00,4.075,4.085,4.074,4.081,27.28,0.004174346147488,0.4183070866141891,-2.7407054337464043,-5.880996309963093,0.08097248108058,0.0979192166222856,1.1555863606248329,0.7182366148064798,0.2695417789096962,0.0980151923307867,0.01298701298701288,0
2025-03-09 21:00:00+00:00,4.036,4.036,4.0,4.0,377.35,-0.0200476953037781,-1.984807645185016,-3.474903474903479,-7.321594068582016,1.08588756236131,0.8919722495312157,1.2917682665500534,0.8019549295740891,0.8999999997749897,0.0,0.05125000000000002,0
2025-03-09 22:00:00+00:00,3.994,4.024,3.993,4.015,127.19,0.0037429862788342,0.374999999999992,-1.7135862913096769,-6.649616368286459,0.3982195597937835,0.2236580516342882,1.2660128113285465,0.8141929288303136,0.7721046075287447,0.224159402185772,0.054545454545454675,0
2025-03-09 23:00:00+00:00,4.037,4.038,4.01,4.021,183.02,0.001493280516412,0.1494396014944055,0.2243270189431712,-6.095282578234473,0.5597006081856912,0.4210004951904492,1.027064749661014,0.8182194624221102,0.696344192813654,0.0248694354576383,0.038547624968913174,0
2025-03-10 00:00:00+00:00,4.014,4.085,3.973,4.074,704.11,0.013094689889477,1.3180800795821843,1.1169024571854091,-5.057096247960857,1.989854458098093,0.2692778457113181,1.1500422499285856,0.8746326975308728,2.7491408927959915,0.2700049091138947,0.019145802650957444,0
2025-03-10 01:00:00+00:00,4.094,4.094,4.084,4.088,10.05,0.0034305350967892,0.3436426116838476,0.5905511811023612,-4.974430497443039,0.0284366224082609,0.1465559354795961,1.1072815265256275,0.8768534084583741,0.2446183952435051,0.0,0.018101761252446114,0
2025-03-10 02:00:00+00:00,4.108,4.178,4.092,4.134,93.01,0.0111896083581733,1.1252446183953158,1.298701298701288,-3.2529838520945376,0.2606590742686093,1.0531354712653958,1.1822411655935423,0.911465821602716,2.0803096269762262,1.064344460313405,-0.0014513788098694524,0
2025-03-10 03:00:00+00:00,4.155,4.22,4.155,4.205,108.13,0.0170288321653347,1.71746492501208,5.125000000000002,-2.549246813441486,0.4803233842795245,0.3554502368825871,0.6298182202161915,0.9607211586233368,1.5457788343529535,0.3567181925429845,-0.0052318668252081535,0
2025-03-10 04:00:00+00:00,4.214,4.243,4.214,4.234,95.08,0.006872879287762,0.6896551724137945,5.4545454545454675,-1.9453450671607089,0.4215574526082025,0.2121140701833419,0.5962975209319717,0.9738590411947512,0.6849315066875437,0.2125649503513153,-0.009683514407180072,0
2025-03-10 05:00:00+00:00,4.22,4.239,4.164,4.176,54.64,-0.0137933221323357,-1.3698630136986245,3.8547624968913174,-3.512014787430684,0.2398687394698441,1.4861995750209418,1.0931490695813548,1.0062956090360786,1.795977011064186,0.454980842802929,0.012212643678160884,0
2025-03-10 06:00:00+00:00,4.166,4.166,4.152,4.152,23.14,-0.0057637047167501,-0.5747126436781658,1.9145802650957444,-3.755215577190541,0.1033320184867709,0.3360537685223163,1.1293585889073732,1.0095176212256995,0.3371868977993344,0.0,0.01734104046242768,0
2025-03-10 07:00:00+00:00,4.174,4.174,4.154,4.162,37.89,0.002405582107855,0.2408477842003709,1.8101761252446111,-3.5234121464997714,0.1680138792138747,0.2874940104725805,1.1296441295320023,1.0123601344433972,0.4805382026716742,0.0,-0.008649687650168048,0
2025-03-10 08:00:00+00:00,4.153,4.159,4.128,4.128,73.45,-0.008202699792181,-0.8169149447381008,-0.1451378809869452,-3.776223776223775,0.3244293775314461,0.7453714833504684,1.1255337734992277,1.018361652671078,0.7509689920661338,0.1453488371740973,-0.032461240310077466,0
2025-03-10 09:00:00+00:00,4.158,4.279,4.145,4.183,482.1,0.0132356642807996,1.332364341085257,-0.5231866825208153,-1.830556207463041,1.9793552007090016,2.2435148393915623,1.0142784237190448,1.055406933323324,3.2034425046130988,2.295003585394455,-0.022950035859431006,0
2025-03-10 10:00:00+00:00,4.191,4.193,4.163,4.193,133.62,0.0023877757285642,0.2390628735357447,-0.9683514407180072,-0.5455407969639614,0.551504009600822,0.0,0.9608853384195072,1.035854507439936,0.7154781777449221,0.0,-0.04340567612687807,0
2025-03-10 11:00:00+00:00,4.208,4.227,4.18,4.227,125.46,0.0080760533960273,0.810875268304323,1.2212643678160884,0.4515209125475206,0.5108271523652357,0.0,0.8097412334827805,1.0487889223707016,1.1118996921902435,0.0,-0.07735982966643018,0
2025-03-10 12:00:00+00:00,4.224,4.224,4.224,4.224,0.98,-0.0007099751806925,-0.0709723207948931,1.734104046242768,-0.3773584905660376,0.0040840352768795,0.0,0.735416872526258,1.0369825261746926,0.0,0.0,-0.10298295454545459,0
2025-03-10 13:00:00+00:00,4.206,4.206,4.119,4.126,96.08,-0.0234741317549002,-2.320075757575757,-0.8649687650168048,-1.902044698050409,0.3977548323870005,1.902044697598184,1.3056430562473773,1.131506927801311,2.108579737734242,0.0,-0.04847309743092587,0
2025-03-10 14:00:00+00:00,4.113,4.116,3.994,3.994,560.16,-0.0325151796554366,-3.1992244304411055,-3.2461240310077466,-4.814108674928496,2.1640506410533957,2.9640427592409866,1.8294179564655135,1.3038765437178002,3.054581872044407,0.0751126689846794,-0.01827741612418643,0
2025-03-10 15:00:00+00:00,4.031,4.115,4.02,4.087,1129.6,0.0230179695885166,2.328492739108645,-2.2950035859431006,-1.375482625482638,3.953941851208713,0.6804374238929792,2.058973002525926,1.3796617742668662,2.324443356416839,0.6850990945228647,-0.032786885245901565,0
2025-03-10 16:00:00+00:00,4.069,4.069,4.011,4.011,357.85,-0.0187706177942243,-1.8595546855884384,-4.340567612687806,-1.811505507955935,1.2874714237483194,1.4254116487035071,2.110904236367677,1.4016679581858456,1.4460234351917127,0.0,-0.020942408376963373,0
2025-03-10 17:00:00+00:00,4.016,4.016,3.9,3.9,2928.79,-0.0280640336523151,-2.7673896783844465,-7.735982966643018,-2.791625124626118,8.026941102288413,2.88844621442021,2.096691984884988,1.468763647412372,2.974358973596321,0.0,-0.008205128205128198,0
2025-03-10 18:00:00+00:00,3.924,3.957,3.789,3.789,5587.41,-0.0288744210991369,-2.8461538461538427,-10.29829545454546,-5.956813104988823,9.60393617324387,4.245640635773143,2.0703549873519576,1.5678571049217465,4.433887568109285,0.870942200878609,-0.014515703351807852,0
2025-03-10 19:00:00+00:00,3.784,3.962,3.78,3.926,3428.78,0.0355189638178055,3.615729743995777,-4.8473097430925876,-3.3956692913385766,4.914295883522358,0.9086320038090284,2.9701337631662295,1.7380678315232938,4.635761588223198,0.9169638306375546,-0.011207335710647026,0
2025-03-10 20:00:00+00:00,3.906,3.948,3.873,3.921,332.88,-0.0012743725440748,-0.127356087621,-1.827741612418643,-3.9206076941926127,0.4685489277017258,0.6838905773343776,2.723965386048,1.733969950517168,1.912777352228308,0.6885998468021969,0.0012751849018108885,0
2025-03-10 21:00:00+00:00,3.916,3.962,3.906,3.953,149.67,0.0081280610043538,0.8161183371588887,-3.2786885245901565,-1.1750000000000038,0.213520821679898,0.2271580009522655,2.497088295092773,1.6991410339145865,1.4166455852727953,0.2276751833474219,-0.0075891727801669084,0
2025-03-10 22:00:00+00:00,3.97,3.97,3.909,3.927,139.64,-0.0065990087186758,-0.6577283076144691,-2.0942408376963373,-2.191780821917799,0.1990645978682728,1.0831234254198718,2.416401076400226,1.7010455245020135,1.5533486117765951,0.0,-0.0056022408963586345,0
2025-03-10 23:00:00+00:00,3.922,3.931,3.868,3.868,313.31,-0.0151381980048246,-1.5024191494779735,-0.8205128205128198,-3.805023625963688,0.4432108538155436,1.602645636834742,2.202006760875606,1.7244877549734787,1.628748706921217,0.2326783867030277,0.024043433298862382,0
2025-03-11 00:00:00+00:00,3.876,3.886,3.657,3.734,1627.85,-0.0352575324715169,-3.464322647362972,-1.4515703351807852,-8.345606283750605,2.183864676453799,3.9114770962657066,2.3704250694802793,1.82468236945922,6.1328334209606785,0.2678093196926122,0.060792715586502455,0
2025-03-11 01:00:00+00:00,3.734,3.882,3.676,3.882,530.86,0.0388704396272876,3.963577932512053,-1.1207335710647026,-5.039138943248533,0.6920356885617456,0.0,2.4792075009231542,2.0175263901149263,5.306543017695377,0.0,0.021380731581658763,0
2025-03-11 02:00:00+00:00,3.864,3.926,3.864,3.926,162.76,0.0112706111074507,1.1334363730036046,0.1275184901810888,-5.031446540880502,0.2113751364300427,0.0,2.537533450904704,2.0177599912512743,1.579215486098016,0.0,0.009679062659195159,0
2025-03-11 03:00:00+00:00,3.891,3.923,3.891,3.923,94.08,-0.0007644286268538,-0.0764136525725933,-0.7589172780166908,-6.706302021403088,0.1222739206153696,0.0,2.50784969069913,1.9764902779905085,0.8157022684640072,0.0,0.011725720112159,0
2025-03-11 04:00:00+00:00,3.923,3.923,3.904,3.905,55.54,-0.0045988839357663,-0.4588325261279724,-0.5602240896358635,-7.770429853566374,0.0723391369187196,0.4588325260110097,2.5006679766384456,1.9656893665035744,0.4865556976987086,0.0,0.024583866837388113,0
2025-03-11 05:00:00+00:00,3.929,3.97,3.929,3.961,202.62,0.0142387353481302,1.4340588988476233,2.4043433298862382,-5.1484674329501985,0.2618038043509989,0.226700251832074,2.4541498744516503,1.9842589369717336,1.0350921481860502,0.2272153496018224,0.014642766978036015,0
2025-03-11 06:00:00+00:00,3.961,3.961,3.961,3.961,0.0,0.0,0.0,6.0792715586502455,-4.600192678227366,0.0,0.0,1.601201254883723,1.983248924659747,0.0,0.0,-0.0037869224943195556,0
2025-03-11 07:00:00+00:00,3.965,3.965,3.965,3.965,2.55,0.0010093364470317,0.1009845998485303,2.1380731581658763,-4.733301297453152,0.003305242373635,0.0,0.745559505323739,1.9821164211730935,0.0,0.0,0.0002522068095840435,0
2025-03-11 08:00:00+00:00,3.946,3.99,3.946,3.964,42.49,-0.0002522386190697,-0.0252206809583821,0.967906265919516,-3.97286821705427,0.0551666533224998,0.6516290725183947,0.6482188072717301,1.9779742236860056,1.109989908902627,0.6559031279879216,-0.025227043390514625,0
2025-03-11 09:00:00+00:00,3.969,3.999,3.969,3.969,34.08,0.0012605573331867,0.126135216952572,1.1725720112159,-5.115945493664831,0.0453466363142835,0.750187546699134,0.6386127627255843,1.953642575023076,0.7558578985246075,0.7558578985246075,0.0012597631645252516,0
2025-03-11 10:00:00+00:00,4.001,4.001,4.001,4.001,18.46,0.0080301560741698,0.8062484252960633,2.4583866837388113,-4.579060338659657,0.0247205932406389,0.0,0.585816221305719,1.9627622583533164,0.0,0.0,0.005748562859285045,0
2025-03-11 11:00:00+00:00,3.994,4.019,3.994,4.019,66.87,0.004488785591966,0.4498875281179648,1.4642766978036017,-4.920747575112372,0.089842252079701,0.0,0.3227544493496744,1.9561475595210895,0.6220452847419621,0.0,-0.013933814381686949,0
2025-03-11 12:00:00+00:00,3.969,3.969,3.946,3.946,14.52,-0.0183307078666404,-1.8163722318984776,-0.3786922494319555,-6.581439393939393,0.0194933671200201,0.5794910555355197,0.9175179885280672,1.983569456741908,0.582868727677927,0.0,0.042828180435884544,0
2025-03-11 13:00:00+00:00,3.928,4.018,3.894,3.966,265.54,0.0050556224971806,0.5068423720222981,0.0252206809584043,-3.8778477944740657,0.3531447703154565,1.294176206746089,0.946413020617816,1.9395123833737224,3.126575894320068,1.311144729876151,0.02874432677760974,0
2025-03-11 14:00:00+00:00,3.96,3.96,3.822,3.864,339.39,-0.0260551137473327,-2.571860816944027,-2.5227043390514625,-3.254882323485231,0.4569488497958006,2.424242423630244,1.4267854429825788,1.8988685138771488,3.571428570504286,0.0,0.05926501035196696,0
2025-03-11 15:00:00+00:00,3.884,3.974,3.884,3.974,111.13,0.0280702277793536,2.8467908902691574,0.1259763164525251,-2.764864203572293,0.1586903606634702,0.0,1.955888158688407,1.9296420822558245,2.264720683879041,0.0,0.028686462003019608,0
2025-03-11 16:00:00+00:00,3.99,4.036,3.99,4.024,98.98,0.0125032886678129,1.258178158027179,0.5748562859285045,0.3241087010720456,0.1435515645204043,0.2973240831770645,1.999693009429166,1.911112593280437,1.143141152797415,0.2982107355123623,0.01764413518886676,0
2025-03-11 17:00:00+00:00,3.996,3.996,3.941,3.963,104.03,-0.01527511858914,-1.515904572564608,-1.3933814381686949,1.6153846153846183,0.1819310610164531,0.8258258256191607,2.090563103102154,1.8457806086229664,1.387837496495629,0.0,0.0194297249558415,0
2025-03-11 18:00:00+00:00,3.978,4.115,3.978,4.115,134.38,0.0376375199207352,3.835478173101192,4.282818043588454,8.603853259435201,0.3899589016736342,0.0,2.4517339558009508,1.8819033164677663,3.329283109762021,0.0,-0.025273390036452015,0
2025-03-11 19:00:00+00:00,4.084,4.084,4.08,4.08,2.42,-0.0085418457129627,-0.8505467800729027,2.874432677760974,3.922567498726437,0.0119899670729476,0.0979431929240971,2.5346260958700406,1.7667358242455165,0.0980392156622344,0.0,0.0019607843137254832,0
2025-03-11 20:00:00+00:00,4.093,4.104,4.093,4.093,17.72,0.0031812090941956,0.318627450980391,5.926501035196696,4.386636062229021,0.0939038042429262,0.2680311890185138,2.0614459916125893,1.7659214170449835,0.2687515269316541,0.2687515269316541,-0.019056926459809498,0
2025-03-11 21:00:00+00:00,4.089,4.095,4.088,4.088,67.11,-0.0012223446088626,-0.1221597849987765,2.868646200301961,3.415127751075131,0.362240319542478,0.1709401708984193,1.8748349924493943,1.76163689849587,0.171232876670434,0.146771037146077,-0.03228962818003922,0
2025-03-11 22:00:00+00:00,4.091,4.095,4.091,4.095,46.09,0.0017108644036293,0.1712328767123239,1.764413518886676,4.278074866310155,0.254127247412895,0.0,1.8365356233075043,1.7533801950479266,0.0976800976562334,0.0,-0.042735042735042694,0
2025-03-11 23:00:00+00:00,4.08,4.08,4.04,4.04,53.36,-0.0135220253319739,-1.3431013431013383,1.94297249558415,4.446742502585321,0.3128984101446897,0.9803921566224538,1.8028946427332992,1.746912335639705,0.9900990096559168,0.0,-0.01980198019801982,0
2025-03-12 00:00:00+00:00,4.036,4.043,4.0,4.011,153.83,-0.0072041051851428,-0.7178217821782185,-2.5273390036452015,7.418318157471893,1.409770086400375,0.7914914665368566,0.6527434293448765,1.5733127622116636,1.0720518571248971,0.1745200697645315,-0.003989030167040664,0
2025-03-12 01:00:00+00:00,4.022,4.088,4.022,4.088,48.61,0.0190152661134875,1.919720767888311,0.1960784313725483,5.306543019062349,0.5460366196067019,0.0,1.104741051652674,1.4212467015765422,1.614481408607021,0.0,-0.02788649706457924,0
2025-03-12 02:00:00+00:00,4.043,4.067,4.015,4.015,495.63,-0.0180185055026783,-1.7857142857142905,-1.9056926459809496,2.2669383596535697,4.816949660401142,1.2785837223313166,1.3143140043601236,1.4646506375391393,1.2951432126288682,0.5977584058287033,0.003985056039850665,0
2025-03-12 03:00:00+00:00,4.008,4.008,3.956,3.956,154.38,-0.0148039336382592,-1.4694894146948911,-3.228962818003922,0.8411929645679272,1.464630612739244,1.2974051892970555,1.388180542648623,1.4993547591816572,1.3144590492127264,0.0,0.005561172901921152,0
2025-03-12 04:00:00+00:00,3.941,3.964,3.92,3.92,124.07,-0.0091417599580945,-0.9100101112234582,-4.273504273504269,0.3841229193341844,1.1460284959828866,1.109989908902627,1.3459575655652,1.5087112471269275,1.1224489793054988,0.5867346937278772,0.012499999999999956,0
2025-03-12 05:00:00+00:00,3.954,3.96,3.954,3.96,64.37,0.0101523714640179,1.0204081632652962,-1.980198019801982,-0.0252461499621325,0.6279974471587223,0.0,1.4678377148883526,1.4943692850692047,0.1515151514768846,0.0,0.011363636363636243,0
2025-03-12 06:00:00+00:00,3.972,3.995,3.966,3.995,3.53,0.0087995539518488,0.8838383838383868,-0.3989030167040663,0.8583690987124637,0.0343895370073855,0.0,1.527622486124825,1.50515230356964,0.7259073840485817,0.0,0.0102628285356694,0
2025-03-12 07:00:00+00:00,3.989,3.989,3.946,3.974,152.5,-0.0052704350886128,-0.5256570713391695,-2.788649706457924,0.2269861286254837,1.4004262499440936,0.3760340936635583,1.185205844051941,1.5094197458102423,1.0820332156310863,0.0,-0.00452944136889788,0
2025-03-12 08:00:00+00:00,4.004,4.053,3.993,4.031,220.91,0.0142413400054035,1.4343231001509693,0.3985056039850665,1.690211907164474,1.8990010422808845,0.5428077965598856,1.19263406301225,1.536718890693806,1.4884644005238257,0.545770280192075,-0.02902505581741488,0
2025-03-12 09:00:00+00:00,4.063,4.063,3.956,3.978,231.97,-0.0132353037032481,-1.3148102207888757,0.5561172901921152,0.2267573696145275,1.8620911097582813,2.0920502086901065,1.1530092499087323,1.5626812465279538,2.689793865588281,0.0,-0.016339869281045805,0
2025-03-12 10:00:00+00:00,3.987,3.987,3.969,3.969,108.81,-0.0022650066308522,-0.226244343891413,1.2499999999999956,-0.7998000499875202,0.8478288394979635,0.4514672685097959,1.063653827681061,1.5540565375615474,0.4535147391147667,0.0,-0.0010078105316200237,0
2025-03-12 11:00:00+00:00,3.992,4.005,3.985,4.005,167.94,0.0090294067193941,0.9070294784580436,1.1363636363636245,-0.3483453595421792,1.2669856218587814,0.0,1.047453210691626,1.5629224840656308,0.499375780149969,0.0,-0.014731585518102275,0
2025-03-12 12:00:00+00:00,4.006,4.091,3.994,4.036,345.68,0.0077105219710399,0.7740324594257109,1.02628285356694,2.2807906741003414,2.3620223324194174,1.3444145682365305,1.0339277610285624,1.521015860132654,2.403369672348025,1.362735381228277,-0.019078295341922624,0
2025-03-12 13:00:00+00:00,4.055,4.055,3.941,3.956,450.2,-0.0200206887308967,-1.9821605550049417,-0.4529441368897879,-0.2521432173474558,2.922554259604943,2.441430332320233,1.357567484655304,1.576625337335951,2.88169868481251,0.0,0.0007583417593528541,0
2025-03-12 14:00:00+00:00,3.969,3.969,3.91,3.914,224.02,-0.0106735447865811,-1.061678463094029,-2.902505581741488,1.2939958592132594,1.501109817477315,1.3857394806284284,1.1759614481610974,1.4957407311254711,1.5074092995637616,0.0,0.01941747572815533,0
2025-03-12 15:00:00+00:00,3.901,3.913,3.853,3.913,169.87,-0.0002555257456091,-0.0255493101686377,-1.6339869281045805,-1.5349773527931654,1.1198958359012097,0.0,1.1096789703677463,1.37598940981691,1.5333503701678024,0.0,0.018144646051622804,0
2025-03-12 16:00:00+00:00,3.941,3.97,3.934,3.965,79.13,0.0132015118585359,1.3289036544850583,-0.1007810531620023,-1.4662027833002078,0.5245376405825097,0.1259445843511559,1.2883405046753746,1.3789607302189837,0.9079445142729023,0.1261034047601337,0.0,0
2025-03-12 17:00:00+00:00,3.974,3.974,3.946,3.946,16.16,-0.0048034474863876,-0.4791929382093274,-1.4731585518102277,-0.4289679535705248,0.1097860270777694,0.7045797683179221,1.212363750867695,1.3467496216395776,0.7095793206513996,0.0,0.0,0
2025-03-12 18:00:00+00:00,3.943,3.963,3.943,3.959,26.17,0.0032890605235699,0.3294475418144982,-1.9078295341922624,-3.791008505467808,0.1834088679144273,0.1009336361087728,1.1499106551514144,1.0843472023883698,0.5051780751439312,0.1010356150287862,-0.0032836574892649573,0
2025-03-12 19:00:00+00:00,3.948,3.959,3.948,3.959,10.11,0.0,0.0,0.0758341759352854,-2.9656862745098045,0.0706957988672773,0.0,0.8025771234567661,1.074581231921878,0.2778479413291649,0.0,0.010608739580702187,0
2025-03-12 20:00:00+00:00,3.97,3.99,3.97,3.99,19.72,0.0077997627777786,0.7830260166708847,1.9417475728155331,-2.516491570974833,0.1378149596544994,0.0,0.6440988352149768,1.086934562014504,0.5012531327064532,0.0,0.0015037593984961184,0
2025-03-12 21:00:00+00:00,3.984,3.984,3.984,3.984,0.43,-0.0015048911794203,-0.150375939849634,1.8144646051622804,-2.544031311154604,0.003064597073763,0.0,0.6593631868693881,1.086967990211454,0.0,0.0,0.0012550200803211897,0
2025-03-12 22:00:00+00:00,3.945,3.974,3.945,3.965,264.7,-0.0047804846355405,-0.4769076305220943,0.0,-3.1746031746031744,1.7715066506671546,0.2264720683879119,0.4895815704953521,1.087813719025308,0.7313997476087355,0.226986128568234,-0.002774274905422369,0
2025-03-12 23:00:00+00:00,3.939,3.946,3.939,3.946,33.11,-0.0048034474863876,-0.4791929382093274,0.0,-2.326732673267329,0.2228472874615173,0.0,0.4895815704953521,1.0595689763605194,0.1773948301628527,0.0,0.0020273694880892368,0
2025-03-13 00:00:00+00:00,3.95,3.95,3.946,3.946,31.6,0.0,0.0,-0.3283657489264957,-1.6205435053602613,0.2202333590798969,0.1012658227591732,0.4630856323302567,1.0513450153740125,0.1013684743787713,0.0,-0.007095793208312218,0
2025-03-13 01:00:00+00:00,3.957,4.001,3.942,4.001,170.46,0.0138419222746745,1.393816523061342,1.060873958070219,-2.1281800391389383,1.1474055313808451,0.0,0.7510865041504219,1.0138412365729548,1.4746313417958972,0.0,-0.011497125718570422,0
2025-03-13 02:00:00+00:00,3.995,4.031,3.995,3.996,72.04,-0.0012504690887909,-0.1249687578105507,0.1503759398496118,-0.473225404732247,0.5502947279930466,0.8682709003055566,0.6942290798752091,0.9462399259446832,0.90090090067544,0.87587587565668,-0.01051051051051044,0
2025-03-13 03:00:00+00:00,3.973,3.989,3.973,3.989,52.76,-0.0017532878630375,-0.1751751751751795,0.1255020080321189,0.8341759352881617,0.4164906948714926,0.0,0.6955579934827903,0.8947505648201497,0.4011030332411378,0.0,0.010528954625219411,0
2025-03-13 04:00:00+00:00,3.966,3.966,3.946,3.954,8.91,-0.0088128481748443,-0.8774128854349361,-0.2774274905422369,0.8673469387755262,0.0731051929842554,0.3025718607406528,0.769011793852332,0.8932580899545564,0.5058168941563442,0.0,0.027567020738492598,0
2025-03-13 05:00:00+00:00,3.954,3.954,3.954,3.954,0.0,0.0,0.0,0.2027369488089236,-0.1515151515151469,0.0,0.0,0.7392146439188263,0.8685655745724419,0.0,0.0,0.028831562974203084,0
2025-03-13 06:00:00+00:00,3.933,3.933,3.917,3.918,91.65,-0.0091464052260761,-0.9104704097116834,-0.7095793208312218,-1.9274092615769731,0.7459179001923116,0.3813882531448206,0.8355930538334169,0.8661940885916196,0.4083716180683077,0.0,0.02986217457886675,0
2025-03-13 07:00:00+00:00,3.942,3.955,3.94,3.955,50.11,0.0093992816972682,0.9443593670239948,-1.1497125718570422,-0.4781077000503342,0.4225037414858665,0.0,0.6812056553985487,0.8849137836237243,0.3792667508522744,0.0,0.005309734513274211,0
2025-03-13 08:00:00+00:00,3.939,3.954,3.926,3.954,37.68,-0.000252876471192,-0.0252844500632121,-1.051051051051044,-1.9101959811461011,0.3395576048602076,0.0,0.6843979509742912,0.8298173194505823,0.7081436518188818,0.0,0.012898330804248737,0
2025-03-13 09:00:00+00:00,3.966,4.031,3.964,4.031,169.52,0.0192867593866033,1.9473950429944151,1.052895462521941,1.3323278029160337,1.5643307007753275,0.0,1.0985706617280755,0.8818899341223417,1.6621185805849303,0.0,-0.017613495410568003,0
2025-03-13 10:00:00+00:00,4.034,4.063,4.034,4.063,33.37,0.0079071328705608,0.7938476804763006,2.75670207384926,2.368354749307122,0.3171374943541815,0.0,0.983176193108442,0.8921494642829499,0.7137583064942735,0.0,-0.040118139305931555,0
2025-03-13 11:00:00+00:00,4.045,4.068,4.045,4.068,26.57,0.0012298611807239,0.1230617770120678,2.8831562974203084,1.573033707865168,0.2674865874963109,0.0,0.973067254925567,0.8755872943442355,0.5653883971078123,0.0,-0.05211406096361848,0
2025-03-13 12:00:00+00:00,4.064,4.094,4.032,4.035,30.55,-0.0081451764644013,-0.8112094395280156,2.986217457886675,-0.0247770069375485,0.354401500353577,1.441133365549312,0.94494847413995,0.8798076901092509,1.536555142122298,0.7434944236075663,-0.03271375464684023,0
2025-03-13 13:00:00+00:00,4.076,4.077,3.962,3.976,257.4,-0.0147300129275845,-1.4622057001239197,0.5309734513274211,0.5055611729019249,3.292893541673402,2.4773117482272964,1.1955931350069389,0.8328656316553097,2.892354124021032,0.0251509054262782,-0.02137826961770628,0
2025-03-13 14:00:00+00:00,3.966,4.006,3.966,4.005,137.42,0.007267291725995,0.7293762575452778,1.2898330804248737,2.32498722534491,1.8430793991169112,0.0249625561595284,1.2204677349656057,0.8111634128229052,0.998751560299938,0.0249687890075067,-0.029712858926342012,0
2025-03-13 15:00:00+00:00,3.989,4.023,3.95,3.96,146.34,-0.0112995552539333,-1.1235955056179805,-1.7613495410568003,1.2011244569384072,1.9888669297712045,1.565995525337802,0.9748994127327628,0.8487979401531827,1.8434343429688176,0.8585858583690391,-0.01868686868686864,0
2025-03-13 16:00:00+00:00,3.941,3.946,3.9,3.9,2484.87,-0.0152674721307884,-1.5151515151515138,-4.0118139305931555,-1.6393442622950838,14.295753478757064,1.1657374553558764,0.9154261809151673,0.8623589530459164,1.1794871791847537,0.1282051281722637,0.016410256410256396,0
2025-03-13 17:00:00+00:00,3.9,3.9,3.841,3.856,752.4,-0.0113461763873015,-1.1282051282051286,-5.2114060963618485,-2.2807906741003636,3.679300065794404,1.1282051279158458,0.834534639748701,0.8859511130385455,1.5300829871550543,0.0,0.03760373443983411,0
2025-03-13 18:00:00+00:00,3.887,3.903,3.864,3.903,78.9,0.0121151114501786,1.2188796680497882,-3.271375464684023,-1.4144986107602953,0.381726477736823,0.0,1.201410689232053,0.9219481608008648,0.9992313602359169,0.0,0.03458877786318215,0
2025-03-13 19:00:00+00:00,3.879,3.897,3.868,3.891,280.74,-0.0030792941960613,-0.3074558032282848,-2.137826961770628,-1.71760545592321,1.287982795693016,0.1539645881052126,1.1142263509303856,0.9232279577912648,0.7453096888344081,0.1542020045864241,0.03777949113338486,0
2025-03-13 20:00:00+00:00,3.892,3.924,3.874,3.886,140.08,-0.0012858430471681,-0.128501670521719,-2.971285892634201,-2.6065162907268236,0.6282072124061588,0.9683995920060094,0.995777090569697,0.9052178971381049,1.2866700974558187,0.8234688623717277,0.04297478126608323,0
2025-03-13 21:00:00+00:00,3.886,3.886,3.886,3.886,0.0,0.0,0.0,-1.868686868686864,-2.459839357429716,0.0,0.0,0.9596212026921116,0.905446750205941,0.0,0.0,0.03345342254246009,0
2025-03-13 22:00:00+00:00,3.928,3.97,3.924,3.964,72.93,0.019873265512493,2.007205352547592,1.6410256410256396,-0.0252206809583821,0.3392480923190555,0.1511335012213826,1.1291028646615733,0.996418577163213,1.160443995670934,0.1513622603049093,0.01690211907164474,0
2025-03-13 23:00:00+00:00,3.99,4.001,3.974,4.001,97.43,0.0092907134073564,0.9334006054490418,3.7603734439834113,1.393816523061342,0.4476341617942078,0.0,0.9078201940669346,1.0084035103200084,0.6748312920082934,0.0,0.0034991252186951094,0
2025-03-14 00:00:00+00:00,3.984,4.04,3.984,4.038,84.5,0.0092051900155476,0.9247688077980376,3.458877786318215,2.331474911302589,0.3843362145897621,0.0495049504827903,0.8768382338503213,1.0235074648738312,1.3868251606273352,0.0495294700223993,-0.0002476473501734633,0
2025-03-14 01:00:00+00:00,4.025,4.038,4.025,4.038,2.97,0.0,0.0,3.7779491133384857,0.9247688077980376,0.0139514673701768,0.0,0.8227483740365203,0.9860787337703492,0.3219415551456286,0.0,0.0004952947003467045,0
2025-03-14 02:00:00+00:00,4.044,4.053,4.044,4.053,6.78,0.0037078277555257,0.3714710252600284,4.297478126608323,1.4264264264264304,0.032260878529867,0.0,0.7545443736189514,0.9876992071319378,0.2220577349563228,0.0,0.000493461633358061,0
2025-03-14 03:00:00+00:00,4.059,4.059,4.016,4.016,470.28,-0.0091709652567434,-0.912904021712313,3.3453422542460087,0.6768613687641034,2.0666349287637606,1.0593742298449471,0.9832459854148314,1.0067725843167885,1.0707171312074943,0.0,0.02315737051792821,0
2025-03-14 04:00:00+00:00,4.034,4.034,4.031,4.031,64.98,0.0037281017456004,0.3735059760956005,1.690211907164474,1.9473950429944151,0.2826512876360391,0.0743678730603975,0.6870008700293062,0.989925070967923,0.074423220026194,0.0,0.03026544281815924,0
2025-03-14 05:00:00+00:00,4.027,4.027,4.015,4.015,72.36,-0.0039771367363036,-0.3969238402381503,0.3499125218695109,1.542741527567015,0.3106785000603853,0.297988577030558,0.6484950952815691,0.9946464324036178,0.2988792029143627,0.0,0.03985056039850554,0
2025-03-14 06:00:00+00:00,4.037,4.037,4.037,4.037,35.97,0.0054644944720787,0.5479452054794498,-0.0247647350173463,3.037263910158239,0.1559914349983748,0.0,0.5611085909488618,0.9767087442641396,0.0,0.0,0.02700024770869458,0
2025-03-14 07:00:00+00:00,4.04,4.04,4.04,4.04,1.94,0.000742850102255,0.074312608372562,0.0495294700346704,2.149178255372952,0.0084870889065939,0.0,0.5620366711543191,0.9611530140323312,0.0,0.0,0.03168316831683171,0
2025-03-14 08:00:00+00:00,4.063,4.09,4.055,4.055,81.22,0.0037059955943174,0.3712871287128605,0.0493461633358061,2.5543753161355376,0.3525224612609303,0.8557457210621684,0.5620130396953293,0.9625096375446353,0.8631319356687749,0.6658446360873413,0.022194821208384674,0
2025-03-14 09:00:00+00:00,4.065,4.129,4.065,4.109,61.25,0.0132290023338965,1.331689272503089,2.315737051792821,1.9350037211609992,0.2711551763880088,0.4843787840919299,0.5683646774937708,0.91959545093552,1.5575565827311657,0.4867364321034852,0.012411779021659797,0
2025-03-14 10:00:00+00:00,4.127,4.165,4.127,4.153,231.99,0.0106512747473437,1.0708201508882853,3.026544281815924,2.2151119862170887,0.9907275435154592,0.2881152460292749,0.6328511423680472,0.9304601000411316,0.915001203728636,0.288947748545894,0.014447387430773118,0
2025-03-14 11:00:00+00:00,4.164,4.193,4.162,4.175,340.85,0.0052833936542024,0.5297375391283499,3.985056039850554,2.630285152409062,1.3785293597173844,0.4292869066469574,0.460467597674427,0.9347296750058492,0.742514969882025,0.4311377244476267,0.0021556886227545036,0
2025-03-14 12:00:00+00:00,4.147,4.148,4.1,4.146,21.31,-0.0069703442892309,-0.6946107784431166,2.700024770869458,2.750929368029742,0.0863202985358306,0.048216007702932,0.7224146243184074,0.9299830421458796,1.1577424020362426,0.0241196333757416,0.012542209358417766,0
2025-03-14 13:00:00+00:00,4.156,4.194,4.156,4.168,33.63,0.0052922904374779,0.5306319343945987,3.168316831683171,4.8289738430583595,0.1415716856622714,0.61993323781117,0.6993512199641645,0.8693447541256669,0.9117082531401912,0.6238003837274902,-0.0035988483685222006,0
2025-03-14 14:00:00+00:00,4.131,4.145,4.122,4.145,61.25,-0.0055335158638076,-0.5518234165067359,2.2194821208384674,3.495630461922583,0.2613347271174296,0.0,0.8285752235427241,0.8746513901077854,0.5548854039674508,0.0,0.009408926417370456,0
2025-03-14 15:00:00+00:00,4.155,4.184,4.155,4.16,1278.41,0.0036122856859137,0.361881785283491,1.2411779021659797,5.050505050505061,4.5407219729187664,0.5736137665933051,0.6874097190540104,0.8322158926376841,0.6971153844478067,0.5769230767843939,0.009615384615384581,0
2025-03-14 16:00:00+00:00,4.198,4.213,4.19,4.213,420.23,0.0126599087237075,1.2740384615384626,1.4447387430773118,8.025641025641029,2.149330832825082,0.0,0.7404838557034091,0.7726167003026905,0.5459292664263089,0.0,0.0016615238547352806,0
2025-03-14 17:00:00+00:00,4.191,4.191,4.182,4.184,1225.55,-0.0069072562342576,-0.6883455969617813,0.2155688622754503,8.506224066390056,5.6941080813975935,0.1670245764335344,0.8092874498401554,0.74090165346409,0.2151051624724761,0.0,-0.005258126195028745,0
2025-03-14 18:00:00+00:00,4.198,4.198,4.198,4.198,3.0,0.0033404946358194,0.3346080305927312,1.2542209358417766,7.558288496028709,0.0141463558397258,0.0,0.727909859072886,0.7173079816900588,0.0,0.0,0.0014292520247736196,0
2025-03-14 19:00:00+00:00,4.184,4.2,4.153,4.153,490.06,-0.0107772567498249,-1.0719390185802924,-0.35988483685222,6.733487535337956,2.21957097321682,1.1190476187811933,0.868094048151887,0.7616800709692741,1.1317120151380564,0.3852636647278444,0.016373705754876067,0
2025-03-14 20:00:00+00:00,4.184,4.184,4.184,4.184,0.98,0.0074367621140053,0.7464483505899455,0.9408926417370456,7.668553782810084,0.0045582543746045,0.0,0.8820755891503296,0.7625685100545635,0.0,0.0,0.012667304015296255,0
2025-03-14 21:00:00+00:00,4.2,4.2,4.2,4.2,295.57,0.0038167985267008,0.3824091778202643,0.961538461538458,8.080288214101916,1.3002947516550074,0.0,0.8830658276525759,0.7598439586911794,0.0,0.0,0.010000000000000009,0
2025-03-14 22:00:00+00:00,4.199,4.22,4.164,4.22,132.29,0.0047506027585977,0.4761904761904745,0.166152385473528,6.458123107971736,0.5757162544400853,0.0,0.7307538813051301,0.6737150818829609,1.3270142176950217,0.0,0.013744075829383862,0
2025-03-14 23:00:00+00:00,4.165,4.165,4.162,4.162,28.0,-0.0138394000764777,-1.3744075829383862,-0.5258126195028745,4.02399400149962,0.123407592137364,0.0720288115073187,0.9018275241993448,0.7364716012122571,0.0720807304007521,0.0,0.02979336857280135,0
2025-03-15 00:00:00+00:00,4.197,4.204,4.197,4.204,22.44,0.010040725043262,1.009130225852961,0.1429252024773619,4.110946012877648,0.1000425388836234,0.0,1.0005958734357192,0.7403884391027842,0.1665080874960654,0.0,0.019505233111322573,0
2025-03-15 01:00:00+00:00,4.221,4.221,4.221,4.221,0.32,0.0040356137856571,0.4043767840152368,1.637370575487607,4.531946508172369,0.0014273341931966,0.0,0.8451162140416086,0.7409927652350716,0.0,0.0,0.007107320540156392,0
2025-03-15 02:00:00+00:00,4.178,4.237,4.165,4.237,25.29,0.0037834048440605,0.3790570954750105,1.2667304015296257,4.539847026893673,0.1124172789516355,0.0,0.8169126131243024,0.7410768955681687,1.699315553056571,0.0,0.015341043190936876,0
2025-03-15 03:00:00+00:00,4.23,4.243,4.223,4.242,146.2,0.0011793844980685,0.1180080245456682,1.0000000000000009,5.6274900398406436,0.6913769016871438,0.0235682300203783,0.8128999262663815,0.7033072025707156,0.4714757188893376,0.0235737859444742,0.015794436586515914,0
2025-03-15 04:00:00+00:00,4.227,4.285,4.227,4.278,75.53,0.008450754517723,0.8486562942008335,1.3744075829383862,6.127511783676498,0.3564389142745939,0.1633605600552381,0.854044189138471,0.7140560948096664,1.355773725723284,0.1636278634493754,0.011220196353436185,0
2025-03-15 05:00:00+00:00,4.289,4.3,4.286,4.286,6.81,0.0018682863911714,0.1870032725572734,2.979336857280135,6.749688667496878,0.0325571852295912,0.3255813952731261,0.3579464635022658,0.7009294214202718,0.3266448902644374,0.2566495566363421,0.010265982267849028,0
2025-03-15 06:00:00+00:00,4.286,4.286,4.286,4.286,892.54,0.0,0.0,1.9505233111322573,6.167946494921961,3.6450909189765137,0.0,0.2990086417096851,0.7005070591508445,0.0,0.0,0.021465235650956815,0
2025-03-15 07:00:00+00:00,4.266,4.266,4.236,4.251,6.64,-0.0081996476747319,-0.8166122258515873,0.7107320540156392,5.2227722772277385,0.0270957737665012,0.3516174401426044,0.5467824362255013,0.7332435225192849,0.7057163018805712,0.0,0.03363914373088672,0
2025-03-15 08:00:00+00:00,4.276,4.302,4.276,4.302,1.3,0.0119257814688849,1.1997177134791537,1.5341043190936876,6.091245376078902,0.0053779751233953,0.0,0.7030277077154595,0.7596877116398676,0.6043700602965156,0.0,0.021385402138540233,0
2025-03-15 09:00:00+00:00,4.283,4.316,4.275,4.309,101.6,0.0016258277881628,0.1627150162715196,1.5794436586515914,4.867364322219525,0.417406308681069,0.1621872103423957,0.7015375890263225,0.724295624607825,0.9514968668016828,0.1624506845758915,0.015548851241587336,0
2025-03-15 10:00:00+00:00,4.319,4.334,4.319,4.326,82.84,0.0039374688971659,0.3945230912044462,1.1220196353436185,4.1656633758728745,0.3492509626450325,0.1845869865748532,0.6486090492092688,0.7019709972859917,0.3467406379226138,0.1849283402253981,0.013638465094775842,0
2025-03-15 11:00:00+00:00,4.334,4.345,4.33,4.33,13.81,0.0009242144835316,0.0924641701340878,1.0265982267849028,3.7125748502994105,0.0617712837331365,0.3452243957778466,0.6497279606923769,0.6979253111898253,0.346420323245623,0.2540415703801317,0.013394919168591146,0
2025-03-15 12:00:00+00:00,4.347,4.395,4.26,4.378,309.98,0.0110244570862727,1.108545034642039,2.1465235650956815,5.5957549445248445,1.3157348340225037,0.3868031853499756,0.7413799650591772,0.6994178231183052,3.0835998165638143,0.3883051620858019,-0.0013704888076747634,0
2025-03-15 13:00:00+00:00,4.398,4.405,4.394,4.394,22.64,0.0036479748617472,0.3654636820465962,3.363914373088672,5.422264875239913,0.0962844303308872,0.2497162314983645,0.4767128963633588,0.6971288013634077,0.2503413745447589,0.1593081474375848,-0.012744651797906292,0
2025-03-15 14:00:00+00:00,4.394,4.394,4.394,4.394,5.01,0.0,0.0,2.1385402138540233,6.007237635705676,0.0215212348577213,0.0,0.3980544156566762,0.6793631661358465,0.0,0.0,-0.007055075102412323,0
2025-03-15 15:00:00+00:00,4.413,4.418,4.376,4.376,21.34,-0.0041049088427383,-0.4096495220755503,1.5548851241587336,5.192307692307696,0.1182825747054047,0.9506564053982176,0.5067104686296166,0.6916790347503221,0.9597806213528794,0.1142595977801027,0.002056672760511802,0
2025-03-15 16:00:00+00:00,4.341,4.385,4.341,4.385,3.38,0.0020545607044661,0.2056672760511801,1.3638465094775842,4.082601471635416,0.0207302612747634,0.0,0.5023710655900139,0.6542051812780469,1.003420752336725,0.0,0.0,0
2025-03-15 17:00:00+00:00,4.373,4.388,4.373,4.388,11.39,0.0006839165888375,0.0684150513112991,1.3394919168591146,4.875717017208414,0.1012834573308123,0.0,0.503740684083585,0.6288040634903648,0.341841385519172,0.0,-0.007292616226071136,0
2025-03-15 18:00:00+00:00,4.386,4.386,4.372,4.372,9.06,-0.0036529720986917,-0.3646308113035568,-0.1370488807674763,4.144830871843719,0.0803838788615502,0.3191974463476575,0.3094436764768579,0.638373970282082,0.3202195790667438,0.0,-0.0036596523330283404,0
2025-03-15 19:00:00+00:00,4.368,4.368,4.338,4.338,546.28,-0.0078071579096094,-0.7776761207685223,-1.2744651797906292,4.454611124488328,4.748127652752403,0.686813186655955,0.3699055133670819,0.6156234197561945,0.6915629320674186,0.0,-0.0027662517289074318,0
2025-03-15 20:00:00+00:00,4.356,4.364,4.356,4.363,24.36,0.0057464817367898,0.5763024435223585,-0.7055075102412323,4.278202676864251,0.2099532431696106,0.0229147570983111,0.4909228492302604,0.6098533344818894,0.1833600733020033,0.0229200091627376,-0.008709603483841422,0
2025-03-15 21:00:00+00:00,4.386,4.394,4.378,4.385,282.69,0.0050297316826736,0.5042402016960601,0.2056672760511801,4.404761904761889,2.447762055582866,0.2048247609911719,0.5226884309116651,0.6121427401692499,0.3648802735769946,0.1824401367884973,-0.0136830102622576,0
2025-03-15 22:00:00+00:00,4.385,4.385,4.385,4.385,4.0,0.0,0.0,0.0,3.90995260663507,0.036316177721965,0.0,0.5159145565514416,0.6098499888373101,0.0,0.0,-0.01299885974914472,0
2025-03-15 23:00:00+00:00,4.36,4.36,4.356,4.356,39.94,-0.0066354207534323,-0.6613454960091247,-0.7292616226071136,4.661220567035085,0.3609865217506039,0.0917431192450233,0.579165258483456,0.5448259111142422,0.0918273645335669,0.0,-0.0018365472910927272,0
2025-03-16 00:00:00+00:00,4.356,4.356,4.356,4.356,0.0,0.0,0.0,-0.365965233302834,3.615604186489052,0.0,0.0,0.5675568764480302,0.5174453585920747,0.0,0.0,-0.0018365472910927272,0
2025-03-16 01:00:00+00:00,4.336,4.336,4.314,4.326,213.43,-0.006910877539847,-0.688705234159781,-0.2766251728907432,2.487562189054726,1.7997933985779655,0.2306273062198893,0.5455829818865376,0.541618020830695,0.50855293561985,0.0,-0.005779010633379489,0
2025-03-16 02:00:00+00:00,4.31,4.328,4.3,4.325,179.36,-0.0002311871470243,-0.0231160425335108,-0.8709603483841422,2.0769412320037706,1.4348178245494576,0.0693160813148556,0.456917540208576,0.5389172880593451,0.647398843780959,0.0693641618336756,-0.0018497109826589586,0
2025-03-16 03:00:00+00:00,4.325,4.325,4.325,4.325,0.0,0.0,0.0,-1.36830102622576,1.9566242338519668,0.0,0.0,0.3470042274473394,0.5391477522612151,0.0,0.0,-0.011560693641618491,0
2025-03-16 04:00:00+00:00,4.334,4.334,4.328,4.328,2.24,0.0006934011603376,0.0693641618497054,-1.299885974914472,1.168770453482959,0.0193336785774267,0.1384402399311245,0.3571864481501911,0.5139993465716797,0.1386321626296907,0.0,-0.01663585951940849,0
2025-03-16 05:00:00+00:00,4.344,4.348,4.344,4.348,39.79,0.0046104277147825,0.4621072088724531,-0.1836547291092727,1.4465702286514226,0.3394061742494915,0.0,0.3714494302059712,0.520219940050881,0.0919963201260256,0.0,-0.03702851885924552,0
2025-03-16 06:00:00+00:00,4.348,4.348,4.348,4.348,0.0,0.0,0.0,-0.1836547291092727,1.4465702286514226,0.0,0.0,0.3714494302059712,0.520219940050881,0.0,0.0,-0.02828886844526224,0
2025-03-16 07:00:00+00:00,4.309,4.342,4.301,4.301,158.83,-0.0108684154573636,-1.0809567617295237,-0.5779010633379489,1.1761938367442992,1.8386027868805672,0.9442653153053162,0.5182938395924181,0.5422304031899859,0.9532666819452874,0.7672634269315702,-0.019995349918623617,0
2025-03-16 08:00:00+00:00,4.317,4.317,4.317,4.317,2.31,0.0037131627717412,0.3720065101139314,-0.1849710982658958,0.3486750348675071,0.0267273463560168,0.0,0.553309291779352,0.4903359550427517,0.0,0.0,-0.018299745193421257,0
2025-03-16 09:00:00+00:00,4.311,4.311,4.266,4.275,124.55,-0.0097766141846168,-0.972897845726195,-1.1560693641618491,-0.7890461824089035,1.4253086213556894,0.8350730686998111,0.6733407084845379,0.5290748327140518,1.052631578701137,0.0,-0.007953216374269156,0
2025-03-16 10:00:00+00:00,4.257,4.257,4.255,4.256,23.78,-0.0044543503493803,-0.4444444444444473,-1.6635859519408491,-1.618122977346259,0.280015896609841,0.0234907211596086,0.665860314282185,0.5273724372391809,0.0469924811919608,0.0,0.007048872180450916,0
2025-03-16 11:00:00+00:00,4.253,4.253,4.187,4.187,329.47,-0.0163452650023369,-1.6212406015037597,-3.702851885924552,-3.3025404157043803,3.3593250149413407,1.551845755572099,0.7446122263641677,0.615060864948498,1.5763076184436768,0.0,0.018151421065201623,0
2025-03-16 12:00:00+00:00,4.225,4.227,4.225,4.225,10.51,0.0090347737721306,0.90757105326007,-2.828886844526224,-3.4947464595705857,0.1227827644604904,0.0473148805187489,0.9579959290877332,0.5987105431113859,0.0473372780953205,0.0473372780953205,0.010177514792899522,0
2025-03-16 13:00:00+00:00,4.221,4.256,4.215,4.215,10.02,-0.0023696693553183,-0.2366863905325367,-1.9995349918623615,-4.073736913973603,0.1177818919143344,0.9633458644353128,0.9117326477822316,0.5888105278790009,0.9727164884999574,0.8303677340853254,0.0026097271648872766,0
2025-03-16 14:00:00+00:00,4.237,4.238,4.223,4.238,47.38,0.0054418683922886,0.5456702253855417,-1.8299745193421255,-3.5502958579881616,0.5456141950218104,0.0,0.94084565241758,0.60600108585068,0.3539405379061152,0.0,0.025247758376592655,0
2025-03-16 15:00:00+00:00,4.253,4.253,4.241,4.241,16.5,0.0007076306463461,0.0707881075979077,-0.7953216374269156,-3.085009140767836,0.1904514565185998,0.2821537737403931,0.887399945795362,0.6049895609598785,0.2829521338639692,0.0,0.016033954256071903,0
2025-03-16 16:00:00+00:00,4.255,4.333,4.255,4.286,134.64,0.0105548065589317,1.0610705022400468,0.7048872180450916,-2.257696693272526,1.4618032779310466,1.0846988227360628,0.9876291510472396,0.6488107973564128,1.8198786743304132,1.096593560173464,0.006066262249183607,0
2025-03-16 17:00:00+00:00,4.295,4.301,4.256,4.263,50.52,-0.0053807592683118,-0.5366308912739037,1.8151421065201625,-2.8486782133090194,0.5389614430567574,0.8835154613151616,0.6384069682479194,0.6539541640186574,1.0555946514061454,0.1407459535208249,0.003049495660333079,0
2025-03-16 18:00:00+00:00,4.268,4.268,4.268,4.268,0.26,0.0011721956564337,0.1172882946282038,1.0177514792899522,-2.3787740164684323,0.0027846451808382,0.0,0.5663408906689911,0.6535153871708462,0.0,0.0,0.027179006560450025,0
2025-03-16 19:00:00+00:00,4.246,4.246,4.212,4.226,149.89,-0.0098894142456418,-0.9840674789128312,0.2609727164887276,-2.581834946980177,1.9503488806829012,0.4710315590035361,0.7328213751359544,0.6642354233517459,0.8045433031697885,0.0,0.04921911973497406,0
2025-03-16 20:00:00+00:00,4.244,4.345,4.244,4.345,117.13,0.0277698395234903,2.8159015617605254,2.5247758376592655,-0.4125601650240784,1.4510953727804363,0.0,1.3472757105884403,0.8799008705721438,2.324510931570883,0.0,0.02163406214039143,0
2025-03-16 21:00:00+00:00,4.333,4.35,4.306,4.309,34.6,-0.0083199000836542,-0.8285385500575226,1.6033954256071905,-1.7331812998859664,0.4916082053033782,0.9425287354154988,1.440656041085464,0.8877466972831084,1.0211185887627852,0.3945230911128853,0.03202599210953805,0
2025-03-16 22:00:00+00:00,4.316,4.316,4.31,4.312,70.66,0.0006959749729951,0.0696217219772643,0.6066262249183607,-1.6647662485746784,0.9658448237433548,0.0926784059099345,1.3877319458106068,0.888108610005853,0.1391465676857319,0.0,0.02481447124304248,0
2025-03-16 23:00:00+00:00,4.286,4.286,4.276,4.276,2.86,-0.0083838404438973,-0.8348794063079867,0.3049495660333079,-1.8365472910927496,0.0399364647146681,0.2333177787603035,1.420413497809086,0.8938878119022602,0.2338634237058267,0.0,0.026894293732460328,0
2025-03-17 00:00:00+00:00,4.316,4.39,4.316,4.384,94.11,0.0249435564829157,2.5257249766136747,2.7179006560450025,0.6427915518824712,1.2459124908817645,0.1366742596499452,1.7385556276304743,1.0368363647268832,1.687956203994532,0.1368613138373796,-0.005702554744525634,0
2025-03-17 01:00:00+00:00,4.391,4.444,4.349,4.434,171.44,0.0113405615484052,1.1405109489051046,4.921911973497406,2.496532593619994,2.323494367080349,0.2250225021995851,1.5982539253465613,1.0487655749996216,2.142534956666089,0.2255299954385314,-0.01105096977898068,0
2025-03-17 02:00:00+00:00,4.452,4.458,4.431,4.439,198.88,0.0011270146577785,0.1127649977447076,2.163406214039143,2.635838150289005,2.6659964141132924,0.4262000896307341,1.277264827663269,1.048423270916064,0.6082451001107836,0.1351655778024008,-0.012164902004956124,0
2025-03-17 03:00:00+00:00,4.455,4.455,4.433,4.447,35.25,0.0018005856766612,0.1802207704437952,3.202599210953805,2.820809248554901,0.4634042133570393,0.179573512866538,1.1493034661014525,1.048258041538246,0.4947155384540833,0.0,-0.004947155385653268,0
2025-03-17 04:00:00+00:00,4.421,4.421,4.419,4.419,5.89,-0.0063162853799565,-0.6296379581740563,2.481447124304248,2.1025878003696707,0.0772767278740401,0.0452386337830418,1.2372142071340169,1.0593189004872028,0.0452591083853377,0.0,-0.00950441276306857,0
2025-03-17 05:00:00+00:00,4.411,4.411,4.391,4.391,13.5,-0.0063564345690224,-0.6336275175378936,2.689429373246033,0.9889604415823428,0.1797024925377359,0.4534119246308196,1.1985115204600647,1.0661008476672802,0.4554771121713687,0.0,-0.00204964700523802,0
2025-03-17 06:00:00+00:00,4.384,4.384,4.352,4.359,202.57,-0.0073143183233248,-0.7287633796401738,-0.5702554744525634,0.2529898804047858,2.424113086156825,0.5702554743224864,0.7231440471869172,1.0777153413753189,0.7341133285767124,0.0,-0.004817618719889838,0
2025-03-17 07:00:00+00:00,4.385,4.385,4.385,4.385,0.98,0.0059469525678907,0.5964670796054117,-1.105096977898068,1.953034178098112,0.0127293391782727,0.0,0.5533466685165556,1.0577464693620011,0.0,0.0,-0.005017103762827713,0
2025-03-17 08:00:00+00:00,4.385,4.385,4.385,4.385,0.0,0.0,0.0,-1.2164902004956124,1.57516794069954,0.0,0.0,0.543028116095462,1.0560233912443344,0.0,0.0,-0.007069555302166353,0
2025-03-17 09:00:00+00:00,4.404,4.425,4.404,4.425,9.12,0.0090806526357465,0.9122006841505216,-0.4947155385653268,3.50877192982455,0.1265231566030217,0.0,0.703596676666842,1.045159878892003,0.4745762710791897,0.0,-0.011977401129943499,0
2025-03-17 10:00:00+00:00,4.396,4.396,4.376,4.377,2.66,-0.0109067202511346,-1.0847457627118695,-0.950441276306857,2.84304511278195,0.0373586760604289,0.4322111009025936,0.7943356475186727,1.06899990341353,0.4569339729364915,0.0,-0.0036554717843271245,0
2025-03-17 11:00:00+00:00,4.412,4.412,4.382,4.382,38.31,0.0011416829645165,0.1142334932602295,-0.204964700523802,4.657272510150445,0.6485525647427027,0.6799637351133412,0.7627347153636593,1.0019311885179822,0.6846188953252866,0.0,0.0022820629849384932,0
2025-03-17 12:00:00+00:00,4.365,4.381,4.338,4.338,30.04,-0.010091828768592,-1.0041077133728815,-0.4817618719889838,2.6745562130177536,0.5016385914292001,0.9815110703078072,0.8198079428699199,1.0186141284659187,0.991240202629962,0.3688335637692871,0.017519594283079698,0
2025-03-17 13:00:00+00:00,4.345,4.364,4.321,4.363,283.66,0.0057464817367898,0.5763024435223585,-0.5017103762827713,3.511269276393847,3.979215010026886,0.0229147570983111,0.816540179495121,1.0200665766885315,0.9855603939982704,0.0229200091627376,0.010772404308961647,0
2025-03-17 14:00:00+00:00,4.436,4.436,4.354,4.354,179.6,-0.0020649313291169,-0.2062800825120447,-0.7069555302166353,2.737140160453033,2.3387066144768625,1.8485121727122344,0.8166519454664487,1.0187637201586868,1.883325677105342,0.0,0.010564997703261358,0
2025-03-17 15:00:00+00:00,4.352,4.387,4.347,4.372,22.85,0.0041256075019364,0.413412953605885,-1.19774011299435,3.0888941287432248,0.2965253971476914,0.3419193069655912,0.7102286689916103,1.0205421762689644,0.9149130830478046,0.3430924061429267,0.011207685269899459,0
2025-03-17 16:00:00+00:00,4.384,4.384,4.319,4.361,351.89,-0.0025191814536627,-0.2516010978957039,-0.3655471784327124,1.749883341110592,4.086457925020407,0.524635036376693,0.5684471949068436,1.003565171794029,1.490483833641265,0.0,0.008942903003898328,0
2025-03-17 17:00:00+00:00,4.392,4.392,4.392,4.392,22.76,0.0070833153466002,0.7108461362073104,0.2282062984938493,3.0260380014074606,0.2679078527220771,0.0,0.6508537138894527,1.0028564405386426,0.0,0.0,-0.0031876138433516443,0
2025-03-17 18:00:00+00:00,4.4,4.416,4.4,4.414,1020.62,0.004996603627315,0.5009107468123775,1.7519594283079698,3.4208059981255756,8.00677285751432,0.045289855062223,0.413565823134649,1.005774633587902,0.3624830085268505,0.0453103760658714,-0.016311735387403714,0
2025-03-17 19:00:00+00:00,4.424,4.427,4.41,4.41,875.72,-0.0009066183757899,-0.0906207521522373,1.0772404308961647,4.353999053478463,5.552635333245288,0.3840072282846033,0.4109932888076766,0.9782683429928788,0.3854875282572468,0.0680272108689105,-0.027210884353741527,0
2025-03-17 20:00:00+00:00,4.42,4.42,4.4,4.4,36.39,-0.002270148534539,-0.2267573696145053,1.0564997703261358,1.265822784810133,0.235765422365629,0.4524886876804228,0.4149055534239976,0.8087024183512044,0.454545454442139,0.0,-0.021363636363636473,0
2025-03-17 21:00:00+00:00,4.413,4.426,4.413,4.421,17.88,0.0047613739198905,0.4772727272727151,1.120768526989946,2.599210953817588,0.1163671074175372,0.1129688205799865,0.4229155346154153,0.7903787839145774,0.2940511195896717,0.1130965844575645,-0.03505994118977618,0
2025-03-17 22:00:00+00:00,4.405,4.406,4.4,4.4,25.35,-0.0047613739198906,-0.4750056548292192,0.8942903003898328,2.0408163265306145,0.1670359357872546,0.1361779391429314,0.475910241792596,0.7992991070330276,0.1363636363326296,0.0227272727220948,-0.032727272727272716,0
2025-03-17 23:00:00+00:00,4.396,4.396,4.375,4.378,24.57,-0.0050125418235442,-0.5000000000000004,-0.3187613843351644,2.385406922357358,0.1609371076724428,0.4094631482235023,0.4465638218289902,0.7852192410065068,0.4796710825765919,0.0,-0.021699406121516662,0
2025-03-18 00:00:00+00:00,4.367,4.367,4.342,4.342,54.19,-0.0082569276445712,-0.8222932846048581,-1.6311735387403714,-0.9580291970803124,0.3588622893257914,0.5724753834274239,0.446182792771614,0.6197473171417047,0.5757715337227692,0.0,-0.02556425610317825,0
2025-03-18 01:00:00+00:00,4.335,4.335,4.29,4.29,99.02,-0.0120483385161743,-1.197604790419149,-2.7210884353741527,-3.247631935047368,0.6691105667663209,1.038062283497562,0.5694042572588096,0.6109143296583149,1.0489510487065363,0.0,0.0016317016317015653,0
2025-03-18 02:00:00+00:00,4.322,4.322,4.298,4.306,33.8,0.0037226660022456,0.3729603729603736,-2.1363636363636473,-2.9961703086280655,0.2395308596755027,0.3701989818671454,0.6632336991302428,0.6177963130906332,0.557361820585843,0.0,0.0032512772875059603,0
2025-03-18 03:00:00+00:00,4.288,4.288,4.266,4.266,43.0,-0.0093327788930124,-0.9289363678588014,-3.505994118977618,-4.070159658196538,0.3040328544008765,0.5130597013728927,0.5473699829837906,0.6353080125753987,0.5157055788758365,0.0,0.00468823253633377,0
2025-03-18 04:00:00+00:00,4.277,4.277,4.253,4.256,57.49,-0.0023468680098155,-0.2344116268166884,-3.2727272727272716,-3.6886173342384976,0.4003981462376024,0.4909983632239869,0.5663857724042121,0.6279775578319092,0.563909774303593,0.0,0.007048872180450916,0
2025-03-18 05:00:00+00:00,4.283,4.283,4.283,4.283,9.21,0.0063239465938907,0.6343984962406068,-2.1699406121516662,-2.4595764062855796,0.064224448524691,0.0,0.7477747939535041,0.6391643152397206,0.0,0.0,-0.006070511323838623,0
2025-03-18 06:00:00+00:00,4.284,4.284,4.231,4.231,108.35,-0.0122153268953036,-1.2141022647677024,-2.556425610317825,-2.9364533149805028,0.7768278037620633,1.2371615309903905,0.8112491480656625,0.6672997314657153,1.252658945579611,0.0,0.006854171590640501,0
2025-03-18 07:00:00+00:00,4.276,4.307,4.276,4.297,48.81,0.0154787330549275,1.5599149137319746,0.1631701631701565,-2.0068415051311295,0.3450191294386399,0.2321801717594351,1.0342354310533406,0.7367017748108143,0.7214335581286071,0.2327205026221426,-0.007447056085641113,0
2025-03-18 08:00:00+00:00,4.304,4.32,4.304,4.32,29.81,0.005338297463161,0.5352571561554775,0.325127728750596,-1.4823261117445696,0.2088814925097039,0.0,1.0470411359714398,0.747344948138206,0.3703703702846368,0.0,0.000694444444444553,0
2025-03-18 09:00:00+00:00,4.303,4.303,4.286,4.286,25.91,-0.0079015052046338,-0.7870370370370527,0.4688232536333769,-3.141242937853117,0.1806681794001737,0.3950732046490731,1.0213623539836427,0.7317135342634362,0.3966402238925325,0.0,-0.00046663555762949116,0
2025-03-18 10:00:00+00:00,4.286,4.286,4.286,4.286,0.0,0.0,0.0,0.7048872180450916,-2.0790495773360784,0.0,0.0,1.0114403499757845,0.7029522585239719,0.0,0.0,-0.004666355576294801,0
2025-03-18 11:00:00+00:00,4.269,4.269,4.256,4.257,67.63,-0.0067892102053699,-0.6766215585627622,-0.6070511323838623,-2.8525787311729833,0.4679534675840824,0.2810962754085147,1.019461253379225,0.7116453719499086,0.3053793750750789,0.0,0.0051679586563309066,0
2025-03-18 12:00:00+00:00,4.261,4.261,4.26,4.26,294.41,0.0007044734352638,0.0704721634954275,0.6854171590640501,-1.7980636237897696,1.8928452792866104,0.0234686693209492,0.8594596294216399,0.6867194208085607,0.0234741783982533,0.0,0.013380281690140938,0
2025-03-18 13:00:00+00:00,4.296,4.309,4.257,4.265,5.56,0.0011730206623633,0.1173708920187754,-0.7447056085641113,-2.2461608984643777,0.0386242988054581,1.0211185887628056,0.5090862901057344,0.6741208212687436,1.2192262599720571,0.304806564993009,0.02790152403282553,0
2025-03-18 14:00:00+00:00,4.294,4.323,4.294,4.323,24.66,0.0135074247418524,1.3599062133646145,0.0694444444444553,-0.711988975654565,0.1793519764342023,0.0,0.7652053625401556,0.7350754495787621,0.6708304416676497,0.0,0.014573213046495503,0
2025-03-18 15:00:00+00:00,4.314,4.316,4.284,4.284,209.58,-0.0090624530999925,-0.9021512838306878,-0.0466635557629491,-2.0128087831655983,1.442639125100134,0.7414272472795588,0.7905794159412345,0.7497188954010345,0.7469654526734448,0.0466853407920851,0.027544351073762963,0
2025-03-18 16:00:00+00:00,4.28,4.28,4.266,4.266,10.12,-0.0042105325363434,-0.4201680672268892,-0.46663555762948,-2.1783994496675008,0.0772312740864865,0.3271028036618973,0.8082408622864166,0.7521498385240905,0.3281762774664433,0.0,0.031176746366619712,0
2025-03-18 17:00:00+00:00,4.278,4.279,4.246,4.279,4.31,0.0030427173855208,0.3047351148616872,0.5167958656330907,-2.5728597449909074,0.0330860833098896,0.0,0.7602751464931435,0.7378482154678008,0.7712082260408365,0.0,0.04206590324842252,0
2025-03-18 18:00:00+00:00,4.268,4.317,4.268,4.317,150.64,0.0088413791386608,0.8880579574667147,1.3380281690140938,-2.197553239691874,1.602262000240003,0.0,0.8266402003828551,0.7555893965846648,1.1350474864176487,0.0,0.04053741023859159,0
2025-03-18 19:00:00+00:00,4.317,4.39,4.317,4.384,837.39,0.0154008330723739,1.552003706277505,2.790152403282553,-0.5895691609977272,9.060701146839854,0.1366742596499452,0.9805117658080816,0.8258290177298576,1.6651459850216253,0.1368613138373796,0.01710766423357657,0
2025-03-18 20:00:00+00:00,4.389,4.398,4.353,4.386,1139.83,0.0004561003499819,0.0456204379561953,1.4573213046495503,-0.3181818181818285,8.235964257268462,0.2728512959816065,0.8829394736706754,0.8247986216307592,1.0259917918317376,0.2051983583663353,0.024623803009575784,0
2025-03-18 21:00:00+00:00,4.4,4.429,4.377,4.402,52.51,0.0036413331085735,0.3647970816233581,2.7544351073762963,-0.429767021035965,0.3755016909229289,0.6096184238858421,0.6822877639791604,0.8222218739743168,1.1812812355335685,0.6133575646039655,0.02930486142662425,0
2025-03-18 22:00:00+00:00,4.411,4.481,4.395,4.399,251.69,-0.0006817407376872,-0.068150840527037,3.117674636661971,-0.0227272727272853,1.686134504202254,1.8299486717630071,0.602424838701467,0.8165348582174627,1.954989769957954,1.5912707429890334,0.03205273925892249,0
2025-03-18 23:00:00+00:00,4.482,4.483,4.422,4.459,126.17,0.0135472832787568,1.3639463514435013,4.206590324842252,1.850159890360881,0.8219343175601774,0.5353557884150449,0.6779951486884127,0.8541151449983905,1.3680197350598733,0.022426553033756,0.012110338640950902,0
2025-03-19 00:00:00+00:00,4.482,4.502,4.48,4.492,2484.26,0.0073735112308572,0.7400762502803415,4.053741023859159,3.454629203132198,9.751501432701462,0.2221235006170269,0.6720707483460758,0.8418438831846645,0.4897595724644202,0.2226179874838291,-0.008904719501335756,0
2025-03-19 01:00:00+00:00,4.473,4.479,4.459,4.459,32.4,-0.0073735112308571,-0.7346393588602007,1.710766423357657,3.939393939393931,0.1285812082263059,0.4465282428116807,0.7186671444941208,0.8142954519544693,0.448531060675379,0.1345593182026157,0.013007400762502952,0
2025-03-19 02:00:00+00:00,4.447,4.517,4.445,4.494,41.07,0.0078186481177977,0.7849293563579218,2.4623803009575784,4.366000928936353,0.1627928869768156,0.509187513723903,0.7328024351973862,0.8231601232949979,1.6021361812189296,0.5117935023338371,0.00022251891410784985,0
2025-03-19 03:00:00+00:00,4.495,4.531,4.495,4.531,60.72,0.0081994919218637,0.8233199821984893,2.930486142662425,6.211908110642272,0.23997905321081,0.0,0.7510651059316253,0.7976463552670836,0.7945265943953724,0.0,-0.0033105274773780335,0
2025-03-19 04:00:00+00:00,4.531,4.54,4.446,4.54,378.1,0.0019843463682555,0.1986316486426886,3.205273925892249,6.672932330827064,1.4193964155275711,0.0,0.719261818960067,0.79104977863849,2.07048458104175,0.0,-0.012775330396475715,0
2025-03-19 05:00:00+00:00,4.53,4.535,4.513,4.513,16.31,-0.0059648912083925,-0.5947136563876687,1.2110338640950902,5.370067709549375,0.0611602064920271,0.4851157661554373,0.7105873671581442,0.8061434889947672,0.4874806114585738,0.1107910480587631,0.00265898515399976,0
2025-03-19 06:00:00+00:00,4.507,4.531,4.452,4.452,6.96,-0.0136086874315657,-1.351650786616443,-0.8904719501335756,5.223351453557079,0.0265191265071185,1.7435444710343035,0.8878189043200606,0.8173844349390601,1.7744833778583762,0.539083557830395,0.0121293800539084,0
2025-03-19 07:00:00+00:00,4.534,4.534,4.517,4.517,28.5,0.0144946232591688,1.4600179694519433,1.3007400762502952,5.119851058878311,0.1089425248540879,0.3749448609671374,1.0347315450275896,0.8106111214905171,0.3763559884046025,0.0,0.005977418640690457,0
2025-03-19 08:00:00+00:00,4.496,4.496,4.486,4.495,1.71,-0.0048823887488835,-0.4870489262785105,0.0222518914107849,4.05092592592593,0.0065659377579566,0.0222419928776226,1.025542950573815,0.8195499770559304,0.2224694104065847,0.0,0.008898776418242438,0
2025-03-19 09:00:00+00:00,4.496,4.516,4.487,4.516,27.93,0.0046609783638319,0.4671857619577224,-0.3310527477378033,5.3663089127391705,0.10720900253619,0.0,0.9783024172189992,0.7956311734755642,0.6421612044636471,0.0,0.0037643932683790737,0
2025-03-19 10:00:00+00:00,4.476,4.482,4.476,4.482,2.1,-0.0075572709086802,-0.7528786536758147,-1.2775330396475717,4.573028464769036,0.0080581207950369,0.0,1.0059742045845632,0.819230610470936,0.1338688085377407,0.0,0.010040160642570184,0
2025-03-19 11:00:00+00:00,4.473,4.556,4.473,4.525,105.18,0.0095482017731542,0.9593931280678314,0.265898515399976,6.29551327225748,0.4011881546874373,0.6804214221509105,1.0843967683096989,0.8120545014279773,1.8342541432410528,0.6850828727767705,-0.010386740331491895,0
2025-03-19 12:00:00+00:00,4.503,4.506,4.503,4.506,3.46,-0.0042077351418368,-0.4198895027624383,1.21293800539084,5.774647887323958,0.0138373247838197,0.0,0.8915334134308414,0.8230088406222056,0.0665778961237091,0.0,0.010652463382157196,0
2025-03-19 13:00:00+00:00,4.544,4.58,4.526,4.544,32.58,0.0083978394087973,0.84332001775409,0.5977418640690457,6.541617819460721,0.1297107916480408,0.7860262007017513,0.7431717977223053,0.8317248867210608,1.1883802814286195,0.7922535209524194,0.004401408450704247,0
2025-03-19 14:00:00+00:00,4.568,4.568,4.535,4.535,92.68,-0.0019825978517501,-0.1980633802816767,0.8898776418242438,4.904001850566719,0.3648699189644767,0.7224168124512984,0.7058089190051756,0.8033461319610753,0.7276736492331364,0.0,-0.001984564498346275,0
2025-03-19 15:00:00+00:00,4.526,4.552,4.515,4.533,79.0,-0.0004411116083876,-0.0441014332965727,0.3764393268379074,5.8123249299720126,0.3178211149876077,0.417398945426741,0.6903355707296343,0.7703508960542935,0.81623648779699,0.4191484667065465,-0.0022060445621002733,0
2025-03-19 16:00:00+00:00,4.52,4.53,4.52,4.527,34.94,-0.0013245035048907,-0.1323626737260164,1.0040160642570184,6.118143459915615,0.1399830396426039,0.0662251655482971,0.5807629846098503,0.7618639077632435,0.2208968411263907,0.0662690523379152,0.008173183123481254,0
2025-03-19 17:00:00+00:00,4.53,4.53,4.478,4.478,133.83,-0.0108829502772585,-1.0823945217583453,-1.0386740331491895,4.650619303575598,0.524826959651273,1.147902869503785,0.6235024399364069,0.8089221666464299,1.1612326929072836,0.0,0.012952210808396591,0
2025-03-19 18:00:00+00:00,4.501,4.559,4.469,4.554,253.95,0.0168294494649849,1.6971862438588836,1.0652463382157196,5.489923558026399,0.9793565119264463,0.1096731739175951,0.9584980816485024,0.8539317591226553,1.9762845845462669,0.109793588030346,-0.002854633289415931,0
2025-03-19 19:00:00+00:00,4.576,4.58,4.564,4.564,5.3,0.0021934643582812,0.2195871761089041,0.4401408450704247,4.105839416058377,0.0235940925733204,0.3493449780896629,0.9045941258809715,0.8065867016410723,0.3505696756462383,0.0876424189115693,-0.014899211218229569,0
2025-03-19 20:00:00+00:00,4.564,4.564,4.526,4.526,56.9,-0.0083608847884835,-0.8326029798422452,-0.1984564498346275,3.1919744642042724,0.3169732489972476,0.8326029796598208,0.9774209167387176,0.8320641732660986,0.8395934598233391,0.0,-0.008837825894829843,0
2025-03-19 21:00:00+00:00,4.541,4.542,4.523,4.523,1691.33,-0.0006630567156395,-0.0662836942112221,-0.2206044562100273,2.7487505679236524,6.825532573155551,0.4183179215283344,0.9775128763513312,0.8314575493081261,0.4200751712535789,0.0221092195396496,-0.010391333185938434,0
2025-03-19 22:00:00+00:00,4.523,4.564,4.472,4.564,385.5,0.0090239415041232,0.9064780013265716,0.8173183123481254,3.750852466469645,1.5214903106069324,0.0,1.0461478414565013,0.8457436992662273,2.015775634965861,0.0,-0.022567922874671242,0
2025-03-19 23:00:00+00:00,4.553,4.553,4.536,4.536,43.26,-0.0061538655743783,-0.613496932515345,1.2952210808396591,1.7268445839874411,0.1730985650138039,0.3733801888044486,0.9487731114219464,0.8192710684444512,0.3747795413635924,0.0,-0.0194003527336859,0
2025-03-20 00:00:00+00:00,4.546,4.546,4.525,4.541,38.08,0.0011016856903633,0.1102292768959678,-0.2854633289415931,1.0908281389136354,0.2573125100284151,0.1099868015596133,0.6233916510087363,0.8070143828969836,0.4624532040382156,0.0,-0.01981942303457407,0
2025-03-20 01:00:00+00:00,4.506,4.506,4.496,4.496,3.77,-0.0099591395244241,-0.9909711517286924,-1.4899211218229569,0.8297824624355465,0.0256814904799622,0.2219263204123507,0.7106154705071909,0.8195441451043818,0.2224199287761474,0.0,-0.006227758007117501,0
2025-03-20 02:00:00+00:00,4.494,4.494,4.486,4.486,4.32,-0.0022266764933734,-0.2224199288256345,-0.8837825894829843,-0.1780151312861577,0.0297383268173526,0.1780151312465477,0.6510969748548295,0.8052385103778007,0.1783325902411208,0.0,-0.00044583147570209647,0
2025-03-20 03:00:00+00:00,4.496,4.496,4.473,4.476,55.39,-0.0022316456483377,-0.2229157378510926,-1.0391333185938434,-1.2138600750386197,0.381881485053729,0.4448398575523145,0.6503116824035711,0.786574002279432,0.5138516531470522,0.0,-0.0060321715817694965,0
2025-03-20 04:00:00+00:00,4.458,4.473,4.456,4.461,74.41,-0.003356834303551,-0.33512064343163,-2.256792287467124,-1.740088105726867,0.5620462077322932,0.2682763245543662,0.3811392571373338,0.7867691280390937,0.3810804751443321,0.2689979824548215,-0.01479488903833237,0
2025-03-20 05:00:00+00:00,4.451,4.451,4.443,4.448,17.9,-0.0029183991978464,-0.291414481058061,-1.94003527336859,-1.440283625083083,0.1351376856717427,0.0674005841232356,0.3637415299272708,0.780390080236399,0.1798561150674785,0.0,-0.011915467625899456,0
2025-03-20 06:00:00+00:00,4.459,4.459,4.451,4.451,21.2,0.0006742330854357,0.0674460431654422,-1.9819423034574069,-0.0224618149146538,0.159337596531456,0.1794124242701476,0.3537597128666809,0.7297246742766652,0.1797348909953416,0.0,-0.011907436531116589,0
2025-03-20 07:00:00+00:00,4.468,4.468,4.468,4.468,0.8,0.0038120911732371,0.3819366434509197,-0.6227758007117501,-1.0847907903475895,0.0060653541913664,0.0,0.276426121402557,0.6673206427086991,0.0,0.0,-0.009847806624888045,0
2025-03-20 08:00:00+00:00,4.476,4.484,4.476,4.484,2.99,0.0035746240029592,0.35810205908684,-0.0445831475702096,-0.2447163515016726,0.0226600985219957,0.0,0.3240279508175389,0.6652478284300802,0.1784121319851892,0.0,-0.011150758251561088,0
2025-03-20 09:00:00+00:00,4.476,4.476,4.447,4.449,51.42,-0.0078361533860087,-0.7805530776092806,-0.6032171581769497,-1.4836138175376434,0.3868237683692442,0.6032171580421797,0.4535503393823797,0.6751802440754361,0.651831872184347,0.0,-0.0114632501685773,0
2025-03-20 10:00:00+00:00,4.436,4.436,4.395,4.395,103.37,-0.0122118206867644,-1.2137559002022955,-1.479488903833237,-1.9410977242302672,0.7537094872892827,0.9242560863561272,0.6477451174632578,0.7021126529917088,0.9328782705499792,0.0,-0.01001137656427753,0
2025-03-20 11:00:00+00:00,4.395,4.395,4.395,4.395,0.0,0.0,0.0,-1.1915467625899456,-2.872928176795597,0.0,0.0,0.6547523183683309,0.6670015038943898,0.0,0.0,-0.0070534698521046435,0
2025-03-20 12:00:00+00:00,4.388,4.399,4.388,4.398,23.65,0.000682360995429,0.0682593856655255,-1.1907436531116589,-2.3968042609853635,0.1770115731126255,0.0227324391855651,0.654818739740109,0.6649264086010482,0.2501136879831511,0.0227376079984756,-0.014324693042291892,0
2025-03-20 13:00:00+00:00,4.424,4.424,4.424,4.424,0.98,0.0058943720874644,0.5911778080946117,-0.9847806624888044,-2.640845070422515,0.0074079440120134,0.0,0.6959844854686638,0.65134977127169,0.0,0.0,-0.01672694394213403,0
2025-03-20 14:00:00+00:00,4.426,4.434,4.426,4.434,33.4,0.0022578469740859,0.2260397830017968,-1.1150758251561088,-2.2271223814773977,0.2572784840577289,0.0,0.6780623500452712,0.6546374239758926,0.1804239963508292,0.0,-0.01105096977898068,0
2025-03-20 15:00:00+00:00,4.42,4.42,4.398,4.398,109.4,-0.0081522190615503,-0.8119079837618504,-1.14632501685773,-2.978160158835219,0.8345597233327627,0.4977375564484811,0.6837245231467499,0.6708135293101777,0.5002273759663022,0.0,-0.00954979536152789,0
2025-03-20 16:00:00+00:00,4.386,4.386,4.343,4.351,127.9,-0.0107441883940263,-1.0686675761709783,-1.001137656427753,-3.8877844046830146,0.9476852780837765,0.7979936158691338,0.6408275533494601,0.6982064080239037,0.988278556426508,0.0,-0.0013789933348655747,0
2025-03-20 17:00:00+00:00,4.36,4.364,4.36,4.364,5.86,0.0029833642322812,0.298781889220856,-0.7053469852104644,-2.545779365788292,0.045206166347029,0.0,0.6674624488944586,0.6755041298677753,0.0916590283932852,0.0,0.004582951420714965,0
2025-03-20 18:00:00+00:00,4.376,4.376,4.335,4.335,33.42,-0.0066674577383192,-0.6645279560036688,-1.4324693042291892,-4.808959156785253,0.2774835238945323,0.936928701796871,0.6933935730033058,0.5661578723579486,0.9457900805200108,0.0,0.018223760092272112,0
2025-03-20 19:00:00+00:00,4.328,4.35,4.328,4.35,18.03,0.0034542348680873,0.3460207612456578,-1.6726943942134032,-4.688869412795804,0.1490452178213686,0.0,0.6400896795387456,0.5708354432549179,0.5057471263205031,0.0,0.02390804597701157,0
2025-03-20 20:00:00+00:00,4.359,4.385,4.353,4.385,7.9,0.0080137807235536,0.8045977011494232,-1.105096977898068,-3.11533362792753,0.0664265594119728,0.0,0.7626570826630104,0.5890807882309499,0.7297605471539892,0.0,0.025541619156214335,0
2025-03-20 21:00:00+00:00,4.372,4.372,4.356,4.356,13.49,-0.0066354207534323,-0.6613454960091247,-0.9549795361527892,-3.692239663939856,0.275203155276423,0.3659652332191299,0.7397676202255293,0.5987263945940932,0.3673094581342268,0.0,0.025482093663911742,0
2025-03-20 22:00:00+00:00,4.384,4.403,4.345,4.345,3.7,-0.0025284463533587,-0.2525252525252597,-0.1378993334865574,-4.798422436459249,0.1117487163965041,1.3172836699256645,0.5993535678887417,0.5546919987796599,1.334867663674365,0.4372842346519309,0.04487917146145004,0
2025-03-20 23:00:00+00:00,4.351,4.384,4.351,4.384,24.21,0.0089357909283591,0.8975834292290097,0.4582951420714964,-3.3509700176366675,0.7491587049626997,0.0,0.7034102979661628,0.590503385143502,0.7527372261056794,0.0,0.03626824817518237,0
2025-03-21 00:00:00+00:00,4.394,4.434,4.394,4.414,474.07,0.0068197581888299,0.6843065693430406,1.8223760092272112,-2.7967408059898835,9.390778982629808,0.451059990877083,0.6301951304730122,0.61225564863449,0.9062075213171265,0.4531037606585733,0.029904848210240198,0
2025-03-21 01:00:00+00:00,4.442,4.468,4.427,4.454,76.02,0.0090212610006313,0.9062075215224396,2.390804597701157,-0.9341637010676362,1.4211227342918402,0.3133393016308604,0.6772682333138239,0.6165209215639854,0.9205208799011038,0.3143242028930623,0.011674898967220626,0
2025-03-21 02:00:00+00:00,4.455,4.52,4.405,4.497,71.89,0.0096079389533945,0.9654243376740146,2.5541619156214335,0.2452073116361974,1.276720438041556,0.5088495574095396,0.6992273887696172,0.6477386573235382,2.557260395250761,0.5114520790501483,-0.006004002668445696,0
2025-03-21 03:00:00+00:00,4.526,4.526,4.467,4.467,55.47,-0.0066934654185888,-0.667111407605081,2.5482093663911742,-0.2010723860589869,0.9850534228966458,1.3035793191993894,0.7010286142850646,0.6609951984318152,1.3207969551554108,0.0,0.006044325050369448,0
2025-03-21 04:00:00+00:00,4.476,4.54,4.476,4.54,53.31,0.0162099696832751,1.6342064025072878,4.487917146145004,1.770903384891276,0.9617101880492184,0.0,0.7568337879285958,0.735357916156542,1.4096916296454436,0.0,-0.02224669603524232,0
2025-03-21 05:00:00+00:00,4.514,4.543,4.507,4.543,93.7,0.0006605747240096,0.0660792951541866,3.626824817518237,2.13579136690647,1.5992262725693855,0.0,0.7958278011226733,0.731252066404809,0.7924279108975609,0.0,-0.028175214615892563,0
2025-03-21 06:00:00+00:00,4.512,4.546,4.512,4.546,37.43,0.0006601386530852,0.0660356592560029,2.99048482102402,2.1343518310492193,0.6315478659351683,0.0,0.8214885900223179,0.7312538519094475,0.7479102506054024,0.0,-0.03321601407831076,0
2025-03-21 07:00:00+00:00,4.522,4.522,4.506,4.506,1.74,-0.0088378834202987,-0.8798944126704789,1.1674898967220626,0.8504923903312589,0.0293392349030778,0.3538257407443997,0.9554094559996288,0.7544233186364786,0.355082112659769,0.0,-0.018197958277851756,0
2025-03-21 08:00:00+00:00,4.502,4.502,4.466,4.47,101.06,-0.0080214333845753,-0.7989347536617952,-0.6004002668445696,-0.3122212310437189,1.5941948968475104,0.710795201974502,0.9432338369907276,0.7698678403799173,0.8053691273365973,0.0,-0.00805369127516764,0
2025-03-21 09:00:00+00:00,4.487,4.502,4.474,4.494,92.97,0.0053547651376598,0.5369127516778427,0.6044325050369448,1.011463250168565,1.4275897809719558,0.1776988004936255,0.9259675686749176,0.7594785300409521,0.6230529593629073,0.1780151312465477,-0.008900756564307999,0
2025-03-21 10:00:00+00:00,4.466,4.466,4.439,4.439,17.21,-0.0123140479112391,-1.2238540275923415,-2.224669603524232,1.0011376564277752,0.2796839132950668,0.6045678458117881,0.6917714323187711,0.7602202414157853,0.6082451001107836,0.0,0.007884658706915904,0
2025-03-21 11:00:00+00:00,4.435,4.436,4.415,4.415,87.99,-0.0054212917959749,-0.5406623113313858,-2.8175214615892563,0.4550625711035483,1.3495398772799148,0.4733994588653272,0.6579564413798936,0.7695047172597692,0.4756511890202354,0.0226500566200188,0.021744054360135934,0
2025-03-21 12:00:00+00:00,4.429,4.443,4.395,4.395,25.64,-0.004540302918783,-0.4530011325028393,-3.3216014078310763,-0.0682128240109158,0.392752059938201,1.0803511138689297,0.6042880606421526,0.7754114019941724,1.092150170399967,0.3185437996999752,0.036860068259385814,0
2025-03-21 13:00:00+00:00,4.391,4.435,4.384,4.424,228.18,0.0065767330828934,0.6598407281001251,-1.8197958277851756,0.0,3.0525922663597553,0.2480270574412393,0.7505932471023239,0.7777989384250253,1.1528028930486265,0.2486437612457684,0.005877034358046984,0
2025-03-21 14:00:00+00:00,4.44,4.44,4.434,4.434,38.81,0.0022578469740859,0.2260397830017968,-0.805369127516764,0.0,0.5176392130641194,0.1351351351047044,0.731802292446748,0.7777989384250253,0.1353179972631269,0.0,0.02931889941362198,0
2025-03-21 15:00:00+00:00,4.426,4.454,4.42,4.454,161.04,0.004500457641056,0.451059990978786,-0.8900756564307999,1.2733060482037262,2.0879937764445327,0.0,0.7168312751636166,0.7628774905950823,0.7633587784545627,0.0,0.00808262236192192,0
2025-03-21 16:00:00+00:00,4.446,4.474,4.44,4.474,330.56,0.0044802942327621,0.4490345756623437,0.7884658706915904,2.8269363364743727,3.862998490484145,0.0,0.5067603056305625,0.7275581441440483,0.7599463565578977,0.0,0.008940545373267828,0
2025-03-21 17:00:00+00:00,4.469,4.511,4.469,4.511,18.61,0.0082359953583209,0.8270004470272596,2.174405436013594,3.3684692942254957,0.2161387887414709,0.0,0.4472219172166686,0.7410518849055927,0.9310574150008698,0.0,-0.0026601640434494866,0
2025-03-21 18:00:00+00:00,4.519,4.571,4.517,4.557,950.24,0.0101456538554866,1.0197295499889236,3.6860068259385814,5.121107266435998,7.644551113314092,0.3062787135623837,0.286615133678927,0.7411349087469458,1.18499012482224,0.3072196619909402,-0.015141540487162541,0
2025-03-21 19:00:00+00:00,4.536,4.536,4.45,4.45,17.95,-0.0237604161035967,-2.3480359885889923,0.5877034358046984,2.298850574712663,0.144409172730042,1.8959435621922396,1.245010341349491,0.9085049423290432,1.9325842692286193,0.0,0.0015730337078649903,0
2025-03-21 20:00:00+00:00,4.553,4.58,4.53,4.564,97.22,0.0252953358216802,2.561797752808981,2.931889941362198,4.082098061573558,0.759405176869001,0.3493449780896629,1.597703725066066,1.0276259461597654,1.09553023639449,0.3505696756462383,-0.025854513584575023,0
2025-03-21 21:00:00+00:00,4.583,4.583,4.49,4.49,6.19,-0.0163467302456662,-1.6213847502191014,0.8082622361921921,3.0762167125803597,0.048466499847918,2.0292384896292295,1.8175066174550332,1.079547183829569,2.071269487289249,0.0,-0.009799554565701696,0
2025-03-21 22:00:00+00:00,4.542,4.542,4.514,4.514,555.86,0.005330976641181,0.5345211581291753,0.8940545373267828,3.889528193325664,3.687939027501055,0.6164685159364794,1.8207735254756847,1.0794683315558562,0.6202924234336875,0.0,-0.015064244572441376,0
2025-03-21 23:00:00+00:00,4.505,4.505,4.492,4.499,18.68,-0.0033285285363088,-0.3322995126273986,-0.2660164043449486,2.6231751824817406,0.1241250996713644,0.1331853495819839,1.7960384887699723,1.0721861541954247,0.2889531006248137,0.0,-0.0033340742387196753,0
2025-03-22 00:00:00+00:00,4.486,4.488,4.478,4.488,9.22,-0.0024479816386398,-0.2444987775060969,-1.514154048716254,1.6764839148165178,0.0703148087532253,0.0,1.719488440073641,1.0672891081889508,0.2228163992373554,0.0,-0.008467023172905597,0
2025-03-22 01:00:00+00:00,4.465,4.465,4.456,4.457,60.83,-0.0069312742559765,-0.690730837789677,0.157303370786499,0.0673551863493493,0.4661600357586092,0.1791713325466583,1.414348922359587,1.0628308965273536,0.2019295489786887,0.0,0.004262957146062396,0
2025-03-22 02:00:00+00:00,4.451,4.452,4.446,4.446,38.72,-0.0024710784224139,-0.2468027821404539,-2.5854513584575023,-1.1340893929286278,0.2999002785078574,0.1347708894576037,0.7106275454076717,1.0439253060369282,0.1349527665013652,0.0224921277502342,0.008322087269455603,0
2025-03-22 03:00:00+00:00,4.446,4.446,4.446,4.446,0.0,0.0,0.0,-0.9799554565701696,-0.4701141705842793,0.0,0.0,0.4085984398134004,1.0354975322712692,0.0,0.0,0.011246063877643042,0
2025-03-22 04:00:00+00:00,4.446,4.446,4.446,4.446,0.0,0.0,0.0,-1.5064244572441376,-2.0704845814978,0.0,0.0,0.2562064068207914,0.97492693571647,0.0,0.0,0.011246063877643042,0
2025-03-22 05:00:00+00:00,4.474,4.49,4.474,4.484,41.4,0.0085106896679086,0.8547008547008517,-0.3334074238719675,-1.2987012987012991,0.338241051213386,0.1336302895025372,0.5113010327470764,0.9932871258827398,0.3568242639703785,0.1338090989888969,-0.006244424620874156,0
2025-03-22 06:00:00+00:00,4.495,4.528,4.45,4.45,9.1,-0.0076114090317645,-0.7582515611061491,-0.8467023172905597,-2.111746590409158,0.0750716686940823,1.7226148406089503,0.5873053806909742,1.003225426120772,1.752808988370142,0.7415730335412077,0.001348314606741674,0
2025-03-22 07:00:00+00:00,4.485,4.485,4.476,4.476,2.82,0.0058256942715298,0.5842696629213329,0.4262957146062396,-0.665778961384822,0.0232553345014059,0.2006688962763356,0.5786093486445656,0.9973472192415674,0.2010723860140665,0.0,-0.0017873100983020196,0
2025-03-22 08:00:00+00:00,4.466,4.483,4.456,4.483,3.94,0.0015626747236236,0.1563896336014281,0.8322087269455603,0.2908277404921611,0.0336132064066975,0.0,0.5573123529480937,0.9840952257318982,0.6022752619669083,0.0,-0.010260985946910384,0
2025-03-22 09:00:00+00:00,4.484,4.496,4.484,4.496,7.28,0.0028956474180875,0.2899843854561768,1.1246063877643042,0.0445037828215477,0.0640588966406705,0.0,0.5554934213775611,0.9796792429403576,0.2669039145313926,0.0,-0.01312277580071175,0
2025-03-22 10:00:00+00:00,4.496,4.496,4.496,4.496,0.0,0.0,0.0,1.1246063877643042,1.284072989412044,0.0,0.0,0.5554934213775611,0.9438735516242184,0.0,0.0,-0.0048932384341637825,0
2025-03-22 11:00:00+00:00,4.465,4.465,4.456,4.456,1.71,-0.008936609966407,-0.8896797153024938,-0.6244424620874156,0.9286523216308183,0.0156402439022959,0.2015677491149781,0.5933335718636562,0.9561605978030636,0.2019748653047509,0.0,0.013016157989228061,0
2025-03-22 12:00:00+00:00,4.456,4.456,4.456,4.456,0.0,0.0,0.0,0.1348314606741674,1.3879408418657757,0.0,0.0,0.4986498845414276,0.9504663388748232,0.0,0.0,0.015260323159784539,0
2025-03-22 13:00:00+00:00,4.464,4.468,4.464,4.468,6.94,0.0026893785819712,0.2692998204667729,-0.1787310098302019,0.994575045207946,0.0700679814221908,0.0,0.4413368669488892,0.9430762241789308,0.089525514751663,0.0,0.009623992837958895,0
2025-03-22 14:00:00+00:00,4.446,4.446,4.418,4.437,366.5,-0.0069624088101817,-0.6938227394807428,-1.0260985946910384,0.0676589986468245,3.2519844277128342,0.2024291497520279,0.502445865926086,0.953948891293354,0.6310570203671176,0.0,0.011043497858913565,0
2025-03-22 15:00:00+00:00,4.437,4.437,4.437,4.437,0.0,0.0,0.0,-1.312277580071175,-0.3816793893129611,0.0,0.0,0.4614942230271994,0.949186869676342,0.0,0.0,0.006535947712418277,0
2025-03-22 16:00:00+00:00,4.474,4.474,4.474,4.474,1.57,0.0083043906711653,0.8338967771016392,-0.4893238434163782,0.0,0.017012976457974,0.0,0.6332827965878524,0.9604567144146704,0.0,0.0,-0.0035762181493070866,0
2025-03-22 17:00:00+00:00,4.484,4.534,4.484,4.514,57.62,0.0089008153274061,0.8940545373267828,1.301615798922806,0.0665041010862399,0.6135797922545019,0.4411116011378133,0.5933325933234017,0.963027790580926,1.107665041845883,0.4430660167383454,-0.01838723969871514,0
2025-03-22 18:00:00+00:00,4.517,4.537,4.517,4.524,31.96,0.00221287985853,0.2215330084182509,1.526032315978454,-0.7241606319947413,0.5743423860444443,0.2865329512262414,0.5840605512737684,0.9401322304886008,0.442086648885471,0.28735632177556,-0.016357206012378445,0
2025-03-22 19:00:00+00:00,4.511,4.511,4.511,4.511,1.84,-0.0028776998276151,-0.2873563218390829,0.9623992837958896,1.370786516853939,0.0334697589807463,0.0,0.6237803138647146,0.7997426613980443,0.0,0.0,-0.012635779206384479,0
2025-03-22 20:00:00+00:00,4.52,4.52,4.486,4.486,10.85,-0.0055574223282423,-0.5542008423852884,1.1043497858913565,-1.7090271691498793,0.211187075736139,0.752212389214108,0.5867641873905463,0.6105686207714267,0.7579135085247587,0.0,-0.007579135086937083,0
2025-03-22 21:00:00+00:00,4.475,4.475,4.466,4.466,6.03,-0.0044682826800503,-0.4458314757021742,0.6535947712418277,-0.5345211581291753,0.117384639091861,0.2011173183907995,0.6405347657284064,0.519766074728051,0.2015226152705827,0.0,-0.0049261083743843415,0
2025-03-22 22:00:00+00:00,4.458,4.458,4.458,4.458,23.51,-0.0017929184542889,-0.17913121361397,-0.3576218149307086,-1.2405848471422232,0.8054588020051805,0.0,0.5372678152718766,0.5068485343219038,0.0,0.0,-0.007402422611036408,0
2025-03-22 23:00:00+00:00,4.455,4.455,4.431,4.431,38.23,-0.0060749427463247,-0.605652759084796,-1.838723969871514,-1.5114469882196002,1.2742094518163771,0.5387205385996143,0.3057636003266946,0.5164738260289286,0.5416384562081615,0.0,-0.004739336492890933,0
2025-03-23 00:00:00+00:00,4.434,4.498,4.434,4.45,115.02,0.0042788039607963,0.4287971112615585,-1.6357206012378445,-0.8467023172905597,3.3425115331950304,1.0671409512967682,0.3800677511822904,0.5243967422173863,1.4382022468678208,1.0786516851508656,0.00044943820224707665,0
2025-03-23 01:00:00+00:00,4.454,4.454,4.454,4.454,0.24,0.000898472657027,0.0898876404494375,-1.263577920638448,-0.0673098496746682,0.0075266569096531,0.0,0.4077615118859927,0.5057237012372575,0.0,0.0,0.0008980691513247319,0
2025-03-23 02:00:00+00:00,4.452,4.452,4.452,4.452,0.87,-0.0004491354218774,-0.0449034575662254,-0.7579135086937083,0.1349527665317262,0.0287037928038589,0.0,0.3735109752946534,0.5031545984356264,0.0,0.0,-0.0031446540880503138,0
2025-03-23 03:00:00+00:00,4.446,4.446,4.444,4.444,14.24,-0.0017985616359148,-0.1796945193171639,-0.4926108374384341,-0.0449842555105717,0.4607979289831608,0.0449842555004484,0.3423653352690824,0.5045793062537572,0.045004500439913,0.0,-0.0009000900090008201,0
2025-03-23 04:00:00+00:00,4.43,4.43,4.425,4.425,16.62,-0.0042845933174907,-0.427542754275434,-0.7402422611036408,-0.4723346828609975,0.5260256629882702,0.1128668171302759,0.3704427711854471,0.5120346529482339,0.112994350256948,0.0,0.003389830508474745,0
2025-03-23 05:00:00+00:00,4.424,4.424,4.41,4.41,26.39,-0.0033955890011381,-0.3389830508474523,-0.4739336492890933,-1.6503122212310428,0.8521149499240519,0.3164556961310053,0.3120203727376115,0.4807181217576942,0.3174603173883363,0.0,0.013151927437641708,0
2025-03-23 06:00:00+00:00,4.437,4.452,4.437,4.452,501.05,0.0094787439545437,0.952380952380949,0.0449438202247076,0.0449438202247076,9.735191016868402,0.0,0.4978845258873783,0.4999780967637484,0.3369272236439894,0.0,0.004716981132075526,0
2025-03-23 07:00:00+00:00,4.454,4.474,4.454,4.458,65.32,0.0013468015503787,0.1347708894878785,0.0898069151324731,-0.4021447721179627,1.2080170759487778,0.3576218148507777,0.4997008540553694,0.4855103285979459,0.4486316732955169,0.3589053386364055,0.00583221175414983,0
2025-03-23 08:00:00+00:00,4.446,4.446,4.438,4.438,40.67,-0.004496410453275,-0.4486316733961493,-0.3144654088050314,-1.0037921035021211,0.7314419315546704,0.1799370220018137,0.535438918050997,0.4918324610466602,0.1802613789589318,0.0,0.013744930148715584,0
2025-03-23 09:00:00+00:00,4.426,4.44,4.414,4.44,34.14,0.0004505519337313,0.045065344749906,-0.090009000900082,-1.245551601423489,0.6018864043616158,0.0,0.5326045086201991,0.4871753406491915,0.5855855854537124,0.0,0.003603603603603567,0
2025-03-23 10:00:00+00:00,4.44,4.44,4.44,4.44,0.0,0.0,0.0,0.3389830508474745,-1.245551601423489,0.0,0.0,0.493360929782728,0.4871753406491915,0.0,0.0,0.0018018018018017834,0
2025-03-23 11:00:00+00:00,4.475,4.475,4.468,4.468,42.07,0.0062865047628208,0.6306306306306242,1.3151927437641708,0.2692998204667729,0.7203355972709263,0.1564245809706241,0.4962803234343682,0.4717142439631419,0.1566696508154202,0.0,-0.014100268576544228,0
2025-03-23 12:00:00+00:00,4.471,4.473,4.471,4.473,19.62,0.0011184432437567,0.1119068934646305,0.4716981132075526,0.3815080789945968,0.3313023288482719,0.0,0.3444262885008048,0.4721509929573711,0.0447127207590577,0.0,-0.009613234965347717,0
2025-03-23 13:00:00+00:00,4.484,4.484,4.484,4.484,1.69,0.0024561807592024,0.2459199642298237,0.583221175414983,0.35810205908684,0.0286430563887663,0.0,0.3509654038435504,0.4716312520560697,0.0,0.0,-0.006690454950936675,0
2025-03-23 14:00:00+00:00,4.499,4.499,4.499,4.499,20.0,0.0033396446491216,0.3345227475468171,1.3744930148715584,1.3973405454135612,0.4487868729738947,0.0,0.232810326844441,0.450502119438551,0.0,0.0,-0.002889531006890378,0
2025-03-23 15:00:00+00:00,4.482,4.482,4.456,4.456,12.63,-0.0096036472340522,-0.9557679484329727,0.3603603603603567,0.4282172639170634,0.2801012770456648,0.5800981703301834,0.5441150524096602,0.4961953720108552,0.583482944213756,0.0,-0.00022441651705573662,0
2025-03-23 16:00:00+00:00,4.446,4.448,4.446,4.448,6.49,-0.0017969456767016,-0.1795332136445226,0.1801801801801783,-0.5811354492624043,0.1432802869989525,0.0,0.5529485570647117,0.4662030530647887,0.0449640287668846,0.0,0.00494604316546754,0
2025-03-23 17:00:00+00:00,4.442,4.442,4.405,4.405,225.35,-0.0097142975601384,-0.9667266187050384,-1.4100268576544228,-2.4147097917589733,4.310065905259324,0.832958126782313,0.5910228195848573,0.4622993448561666,0.8399545968581242,0.0,0.020431328036322416,0
2025-03-23 18:00:00+00:00,4.405,4.43,4.402,4.43,20.3,0.0056593246689013,0.567536889897835,-0.9613234965347716,-2.077807250221053,0.3919013489632105,0.0,0.6685639430623305,0.4778639143789261,0.6320541759295495,0.0,0.025733634311512432,0
2025-03-23 19:00:00+00:00,4.426,4.454,4.426,4.454,20.6,0.0054029847781317,0.5417607223476395,-0.6690454950936675,-1.263577920638448,0.3917808436209594,0.0,0.7137078840197854,0.4924460435821693,0.6286484057861046,0.0,0.004939380332285692,0
2025-03-23 20:00:00+00:00,4.465,4.512,4.465,4.486,272.37,0.0071588672628406,0.7184553210597189,-0.2889531006890378,0.0,4.290839869964239,0.5762411346240557,0.7757584871603526,0.5042684104651819,1.0477039676665776,0.5795809182836378,0.0006687472135533667,0
2025-03-23 21:00:00+00:00,4.476,4.476,4.455,4.455,5.98,-0.0069343751752439,-0.6910387873383828,-0.0224416517055736,-0.246305418719217,0.0942103190217533,0.4691689006994686,0.7185309108884357,0.516141982900294,0.47138047127466,0.0,0.008978675645342271,0
2025-03-23 22:00:00+00:00,4.465,4.47,4.464,4.47,68.58,0.0033613477027047,0.336700336700324,0.4946043165467539,0.2691790040376673,1.0493793314343371,0.0,0.7241052775880003,0.5195157713551677,0.1342281878894196,0.0,0.034451901565995424,0
2025-03-23 23:00:00+00:00,4.495,4.495,4.495,4.495,1.34,0.0055772592981062,0.5592841163311046,2.0431328036322416,1.4443692168810696,0.0209979237124381,0.0,0.5191950713003988,0.5135958706547894,0.0,0.0,0.03337041156840925,0
2025-03-24 00:00:00+00:00,4.517,4.544,4.498,4.544,656.38,0.0108420134952665,1.090100111234693,2.573363431151243,2.112359550561793,7.5994095341966545,0.0,0.6014743304601297,0.5502168280060423,1.0123239434391755,0.0,0.03939260563380298,0
2025-03-24 01:00:00+00:00,4.506,4.506,4.463,4.476,285.99,-0.0150778909691713,-1.4964788732394263,0.4939380332285692,0.4939380332285692,2.909988171370616,0.6657789612370718,0.9824308828460384,0.6393030595254214,0.960679177622729,0.0,0.0547363717605005,0
2025-03-24 02:00:00+00:00,4.479,4.495,4.476,4.489,71.43,0.0029001693501161,0.2904378909740712,0.0668747213553366,0.8310871518418583,0.7056992898973194,0.1334816462439468,0.942038838237188,0.641464338149481,0.4232568499836837,0.1336600578895884,0.059478725774114505,0
2025-03-24 03:00:00+00:00,4.515,4.557,4.495,4.495,173.72,0.0013357081237886,0.1336600579193714,0.8978675645342271,1.1476147614761567,1.610550347066456,1.3605442173885194,0.8765559669890264,0.6400999168330128,1.379310344520738,0.934371523707608,0.05339265850945507,0
2025-03-24 04:00:00+00:00,4.564,4.624,4.561,4.624,277.69,0.0282944634464927,2.869855394883203,3.4451901565995424,4.497175141242926,2.338606217960514,0.0,1.4110662875167346,0.8468326912887715,1.3624567471101894,0.0,0.021193771626297764,0
2025-03-24 05:00:00+00:00,4.635,4.658,4.536,4.645,205.9,0.0045312408957254,0.4541522491349425,3.3370411568409253,5.3287981859410305,1.6312625647295422,0.2790897380251157,1.411813122204179,0.8409917969396927,2.6264800855486756,0.2798708287879888,0.01162540365984932,0
2025-03-24 06:00:00+00:00,4.659,4.738,4.572,4.723,226.95,0.0166528186481782,1.6792249730893438,3.939260563380298,6.087151841868832,1.9769092010963063,0.3165892781096385,1.4745619179341167,0.8799708562999649,3.5147152226308114,0.3175947490329159,-0.007410544145670106,0
2025-03-24 07:00:00+00:00,4.723,4.723,4.713,4.721,14.71,-0.0004235493498303,-0.0423459665466863,5.47363717605005,5.899506505159269,0.1305331657165079,0.0423459665377158,1.1273690893356278,0.881686766146009,0.2118195297157719,0.0,-0.011650074136835387,0
2025-03-24 08:00:00+00:00,4.739,4.758,4.736,4.756,52.54,0.0073863372643856,0.7413683541622529,5.9478725774114505,7.165389815232093,0.4641906591969944,0.0420344682551373,1.0941505153876216,0.8746803630788083,0.4625735911558979,0.042052144650531,-0.010933557611438327,0
2025-03-24 09:00:00+00:00,4.76,4.77,4.732,4.735,146.09,-0.0044252521904938,-0.4415475189234685,5.339265850945507,6.644144144144137,1.2396178785223726,0.7337526203912312,1.201499349309796,0.8861639150500235,0.8025343187322919,0.2111932417716548,-0.0031678986272440923,0
2025-03-24 10:00:00+00:00,4.745,4.745,4.722,4.722,14.21,-0.0027492879747203,-0.2745512143611406,2.1193771626297764,6.351351351351342,0.1199734049092286,0.4847207585912008,0.7828423183113788,0.8915400512486512,0.487081744920137,0.0,-0.007412113511224061,0
2025-03-24 11:00:00+00:00,4.75,4.75,4.699,4.699,10.11,-0.0048827185426426,-0.48708174502331,1.162540365984932,5.170098478066243,0.0863281708624378,1.0736842103002802,0.8494353677502071,0.9003811195878789,1.0853373055787785,0.0,0.003404979782932527,0
2025-03-24 12:00:00+00:00,4.694,4.694,4.686,4.688,107.7,-0.0023436678459671,-0.2340923600766098,-0.7410544145670106,4.806617482673814,0.891694695982268,0.1278227524227098,0.4516448792767706,0.9047853514344504,0.1706484641274215,0.0,0.0034129692832765013,0
2025-03-24 13:00:00+00:00,4.681,4.685,4.666,4.666,27.94,-0.004703878675473,-0.4692832764504939,-1.1650074136835389,4.058876003568246,0.229251282049401,0.4055496263808696,0.469622255702774,0.914813678501194,0.4072010286311022,0.0857265323433839,0.009429918559794137,0
2025-03-24 14:00:00+00:00,4.715,4.735,4.703,4.704,663.09,0.0081110369970874,0.8144020574367694,-1.0933557611438327,4.556568126250271,4.460134133357891,0.6546990494921561,0.4984911896795552,0.9237684255530784,0.6802721086989223,0.4251700679368359,-0.002125850340136015,0
2025-03-24 15:00:00+00:00,4.726,4.726,4.706,4.72,105.57,0.0033955890011381,0.340136054421758,-0.3167898627244092,5.924596050269293,0.692067532902869,0.1269572576963744,0.5189601393794465,0.891186651026549,0.4237288134695399,0.0,-0.007203389830508389,0
2025-03-24 16:00:00+00:00,4.686,4.687,4.676,4.687,14.61,-0.0070160806568948,-0.6991525423728717,-0.7412113511224061,5.373201438848918,0.0955643677684767,0.0,0.5809984898840378,0.9080763383596372,0.2346917003979774,0.0,0.00021335609131623023,0
2025-03-24 17:00:00+00:00,4.686,4.717,4.682,4.715,48.84,0.0059561971448516,0.5973970556859332,0.3404979782932527,7.037457434733252,0.3356085940697997,0.0423998303916849,0.6127219860205825,0.8745472981538263,0.7423117707863444,0.0424178154735016,-0.022905620360551326,0
2025-03-24 18:00:00+00:00,4.692,4.704,4.676,4.704,32.77,-0.002335705489095,-0.2332979851537686,0.3412969283276501,6.1851015801354325,0.2243809752032361,0.0,0.6126464311478538,0.8785341038705482,0.5952380951115477,0.0,-0.014880952380952217,0
2025-03-24 19:00:00+00:00,4.71,4.71,4.71,4.71,10.59,0.0012746974320007,0.1275510204081786,0.9429918559794136,5.747642568477773,0.0727189493857843,0.0,0.5557319316442818,0.8766437017528401,0.0,0.0,-0.023354564755838747,0
2025-03-24 20:00:00+00:00,4.696,4.696,4.694,4.694,5.64,-0.0034028105994946,-0.3397027600849256,-0.2125850340136015,4.636647347302714,0.0419282795958931,0.0425894378103467,0.4777789856947205,0.8778502370360425,0.0426075841408969,0.0,-0.014486578610992673,0
2025-03-24 21:00:00+00:00,4.686,4.686,4.686,4.686,4.63,-0.0017057573432278,-0.1704303365999138,-0.7203389830508389,5.185185185185182,0.0344342458364601,0.0,0.441723729281256,0.8613349078817643,0.0,0.0,-0.020486555697823317,0
2025-03-24 22:00:00+00:00,4.703,4.703,4.688,4.688,18.22,0.0004267121891076,0.0426803243704698,0.021335609131623,4.8769574944071525,0.1376540139633125,0.3189453539615376,0.3382894745639503,0.8615588227471827,0.3199658702389273,0.0,-0.017704778156996448,0
2025-03-24 23:00:00+00:00,4.664,4.664,4.59,4.607,788.47,-0.0174291663209315,-1.7278156996586969,-2.2905620360551326,2.491657397107905,4.774036969639013,1.2221269294120547,0.6870757264858504,0.9438959441763216,1.606251356282555,0.0,-0.00043412198827863513,0
2025-03-25 00:00:00+00:00,4.623,4.656,4.618,4.634,36.32,0.0058435400564045,0.5860646841762573,-1.4880952380952217,1.9806338028169224,0.2606909050652246,0.4725085909637944,0.7959328267526742,0.9266510973390528,0.8200258953776243,0.4747518341659869,-0.0038843331894692357,0
2025-03-25 01:00:00+00:00,4.646,4.646,4.6,4.6,17.45,-0.0073641225151352,-0.7337073802330729,-2.3354564755838747,2.7703306523681803,0.1361867071617466,0.990099009687888,0.7921470259544362,0.8813946672453637,0.9999999997826146,0.0,0.0010869565217392907,0
2025-03-25 02:00:00+00:00,4.605,4.627,4.605,4.626,14.25,0.0056362603141983,0.5652173913043734,-1.4486578610992673,3.051904655825366,0.1133197040424916,0.0216122757679559,0.8848976004194178,0.8855320085892336,0.4755728490108868,0.0216169476823016,0.003026372676177891,0
2025-03-25 03:00:00+00:00,4.624,4.624,4.59,4.59,120.92,-0.0078125397367937,-0.7782101167315258,-2.0486555697823317,2.1134593993325845,0.9787097709695136,0.7352941174880379,0.9096462055584412,0.9046418612371844,0.7407407405793551,0.0,0.008061002178649135,0
2025-03-25 04:00:00+00:00,4.604,4.605,4.604,4.605,3.26,0.0032626456348165,0.3267973856209361,-1.7704778156996448,-0.4108996539792242,0.0290770705889378,0.0,0.9406569590802712,0.6946547755635117,0.0217155265968116,0.0,0.004777415852334377,0
2025-03-25 05:00:00+00:00,4.605,4.605,4.605,4.605,0.0,0.0,0.0,-0.0434121988278635,-0.8611410118406715,0.0,0.0,0.6193446550304313,0.6874374830000315,0.0,0.0,0.014983713355048778,0
2025-03-25 06:00:00+00:00,4.624,4.646,4.616,4.616,43.54,0.0023858594985281,0.2388707926167077,-0.3884333189469235,-2.265509210247729,0.4540402438394169,0.6457167454486242,0.5671793599595896,0.5884851536472375,0.649913344746558,0.4766031194808105,0.011265164644714165,0
2025-03-25 07:00:00+00:00,4.607,4.607,4.605,4.605,5.49,-0.002385859498528,-0.238301559792009,0.108695652173929,-2.457106545223464,0.0574806412907058,0.0434121988184427,0.4788235927959997,0.5890778236273275,0.0434310531936041,0.0,0.014983713355048778,0
2025-03-25 08:00:00+00:00,4.598,4.64,4.596,4.64,107.87,0.0075716965308935,0.7600434310531812,0.3026372676177891,-2.4390243902439157,1.1027866994835247,0.0,0.5270180100784293,0.5902411548683675,0.948275861864587,0.0,0.0073275862068966635,0
2025-03-25 09:00:00+00:00,4.646,4.646,4.627,4.627,54.66,-0.0028056563133013,-0.2801724137931005,0.8061002178649135,-2.28088701161564,0.5814507014099439,0.408953938784128,0.3911227528965539,0.5871067061551865,0.4106332395913938,0.0,0.008428787551329364,0
2025-03-25 10:00:00+00:00,4.627,4.627,4.627,4.627,0.0,0.0,0.0,0.4777415852334377,-2.0118593816179753,0.0,0.0,0.3815785377572019,0.5861478987006513,0.0,0.0,0.002593473092716847,0
2025-03-25 11:00:00+00:00,4.654,4.674,4.654,4.674,20.08,0.0101065261918037,1.01577696131403,1.4983713355048778,-0.5320280910832031,0.2140050001975495,0.0,0.5326598912308781,0.6201456147166393,0.4278990157407247,0.0,-0.002781343602909936,0
2025-03-25 12:00:00+00:00,4.668,4.668,4.668,4.668,0.29,-0.0012845216923567,-0.1283697047496867,1.1265164644714163,-0.426621160409546,0.00324551177427,0.0,0.5545658901936559,0.6189460364399052,0.0,0.0,-0.003856041131105381,0
2025-03-25 13:00:00+00:00,4.696,4.704,4.638,4.674,235.11,0.0012845216923566,0.1285347043701756,1.4983713355048778,0.1714530647235257,2.3994182857043778,0.6377551019052256,0.5172593560794864,0.6119390075747951,1.4120667519443553,0.171159606296286,-0.0025673940949936247,0
2025-03-25 14:00:00+00:00,4.674,4.674,4.674,4.674,0.0,0.0,0.0,0.7327586206896664,-0.6377551020408045,0.0,0.0,0.4570115698165972,0.5875177219351299,0.0,0.0,-0.0019255455712452463,0
2025-03-25 15:00:00+00:00,4.685,4.685,4.66,4.666,626.93,-0.0017130625174279,-0.1711596063329046,0.8428787551329364,-1.1440677966101598,6.808474438146101,0.4055496263808696,0.439624251837083,0.5829089890649081,0.5357908271461971,0.0,-0.004500642948992883,0
2025-03-25 16:00:00+00:00,4.666,4.666,4.639,4.639,1973.79,-0.0058033478296316,-0.5786540934419215,0.2593473092716847,-1.02410923831876,11.362340253993002,0.5786540933179081,0.5309184045795721,0.5774967329318884,0.5820219873718455,0.0,-0.002802328087950001,0
2025-03-25 17:00:00+00:00,4.664,4.664,4.661,4.661,65.96,0.0047311916209971,0.4742401379607575,-0.2781343602909936,-1.1452810180275774,0.3781531875838281,0.0643224699690585,0.3492984056815489,0.572124271812263,0.0643638704002676,0.0,-0.007723664449688861,0
2025-03-25 18:00:00+00:00,4.674,4.674,4.65,4.65,300.94,-0.0023627977913388,-0.236000858184926,-0.3856041131105381,-1.1479591836734526,1.621440325421568,0.5134788188888582,0.3570508293747555,0.5721627451956622,0.5161290321470694,0.0,0.0008602150537633246,0
2025-03-25 19:00:00+00:00,4.662,4.662,4.662,4.662,9.31,0.0025773210143003,0.2580645161290196,-0.2567394094993624,-1.0191082802547768,0.0501759436618279,0.0,0.3744905548256196,0.5745137244291575,0.0,0.0,0.0038610038610038533,0
2025-03-25 20:00:00+00:00,4.675,4.675,4.665,4.665,13.9,0.0006432936857417,0.0643500643500605,-0.1925545571245246,-0.6178099701746875,0.0747749019920261,0.2139037432697486,0.3768757908390137,0.5713288246480758,0.2143622721941299,0.0,-0.010503751339764333,0
2025-03-25 21:00:00+00:00,4.648,4.648,4.645,4.645,20.25,-0.0042964620335054,-0.4287245444801857,-0.4500642948992883,-0.8749466495945435,0.1085545933552515,0.0645438898312107,0.4093179901404466,0.5766057432452936,0.0645855758741498,0.0,-0.008826695371366933,0
2025-03-25 22:00:00+00:00,4.633,4.633,4.626,4.626,32.25,-0.0040988084565542,-0.4090419806243139,-0.2802328087950001,-1.3225255972696082,0.1723431543686682,0.1510900064426672,0.3714046230319,0.5812809108519036,0.1513186337761886,0.0,-0.001080847384349326,0
2025-03-25 23:00:00+00:00,4.616,4.625,4.616,4.625,6.07,-0.000216192844859,-0.0216169476869976,-0.7723664449688861,0.3907097894508382,0.0392812459551364,0.0,0.2754122040779632,0.45691019756298,0.1945945945525274,0.0,0.0019459459459461037,0
2025-03-26 00:00:00+00:00,4.654,4.654,4.654,4.654,19.88,0.0062506939157113,0.6270270270270162,0.0860215053763324,0.4315925766076756,0.1292237690257566,0.0,0.4032639795518433,0.4591811876497525,0.0,0.0,0.0,0
2025-03-26 01:00:00+00:00,4.675,4.684,4.671,4.68,32.12,0.0055710450494554,0.5586592178770999,0.3861003861003853,1.7391304347826209,0.2079598151526784,0.0853970964804969,0.4546495372040795,0.4423953145734597,0.2777777777184214,0.0854700854518322,0.00512820512820511,0
2025-03-26 02:00:00+00:00,4.669,4.669,4.616,4.616,40.87,-0.0137695807237569,-1.3675213675213738,-1.0503751339764331,-0.2161694768698763,0.2627246892301023,1.1351467121149812,0.7435488857962772,0.5192665275001387,1.148180242385575,0.0,0.014948006932409053,0
2025-03-26 03:00:00+00:00,4.604,4.604,4.604,4.604,18.56,-0.002603038346162,-0.259965337954926,-0.8826695371366933,0.3050108932461937,0.1226725564760985,0.0,0.7351614887024678,0.4959468224942263,0.0,0.0,0.02389226759339702,0
2025-03-26 04:00:00+00:00,4.622,4.623,4.621,4.621,192.35,0.0036856410284931,0.369244135534319,-0.1080847384349326,0.3474484256243304,1.2084120809720378,0.0432619511046324,0.7482254374376329,0.4971832674138673,0.0432806751691619,0.0216403375845905,0.026834018610690347,0
2025-03-26 05:00:00+00:00,4.621,4.634,4.621,4.634,225.72,0.0028092941220551,0.2813243886604644,0.1945945945946103,0.6297502714440739,1.3389422482705788,0.0,0.7580647345650221,0.5001265333719103,0.2805351747344529,0.0,0.02783772119119532,0
2025-03-26 06:00:00+00:00,4.654,4.654,4.654,4.654,20.33,0.0043066388699154,0.4315925766076756,0.0,0.8232235701906454,0.1212907652258762,0.0,0.7313507045100938,0.5051849867517921,0.0,0.0,0.016759776536312998,0
2025-03-26 07:00:00+00:00,4.675,4.704,4.674,4.704,79.3,0.0106861457162257,1.0743446497636366,0.512820512820511,2.1498371335504807,0.4645871882097697,0.0,0.8321458822592591,0.5435142722608046,0.6377551019052256,0.0,-0.009353741496598511,0
2025-03-26 08:00:00+00:00,4.716,4.73,4.685,4.685,80.2,-0.0040472949059403,-0.4039115646258584,1.4948006932409053,0.969827586206895,0.4730551725635488,0.9513742069870416,0.5304375494837117,0.5330217432554005,0.9605122730073788,0.2988260404911841,-0.00640341515474907,0
2025-03-26 09:00:00+00:00,4.692,4.73,4.691,4.714,97.96,0.0061708888235541,0.6189967982924482,2.389226759339702,1.8802679922195864,0.5717273361719672,0.3382663847064979,0.4811688021074043,0.5409689147659319,0.8273228678771184,0.3394145098983001,-0.005515485787017549,0
2025-03-26 10:00:00+00:00,4.725,4.748,4.725,4.745,71.22,0.0065546275479517,0.6576156130674526,2.6834018610690347,2.550248541171385,0.4085872940343104,0.0631844987230048,0.4923187445014709,0.553285419061474,0.4847207585912195,0.0632244467727685,-0.008429926238145424,0
2025-03-26 11:00:00+00:00,4.738,4.763,4.738,4.763,48.66,0.003786289756832,0.3793466807165302,2.783772119119532,1.9041506204535708,0.2772669320990761,0.0,0.4875447270724032,0.5224857227673063,0.5248792776559033,0.0,-0.0161662817551963,0
2025-03-26 12:00:00+00:00,4.754,4.754,4.731,4.732,177.57,-0.0065297757025829,-0.6508503044299729,1.6759776536312998,1.371036846615259,0.9709358090736908,0.4627681951066822,0.6671566475135121,0.5421240633790451,0.4860524090266094,0.0,-0.015215553677092153,0
2025-03-26 13:00:00+00:00,4.742,4.745,4.66,4.66,243.93,-0.0153324979785858,-1.5215553677092153,-0.9353741496598512,-0.2995293110825914,1.3311111464728969,1.7913593252283744,0.8657521652230222,0.631338574430031,1.824034334372524,0.0643776823896209,-0.0012875536480687622,0
2025-03-26 14:00:00+00:00,4.642,4.658,4.617,4.655,99.03,-0.001073537408524,-0.1072961373390524,-0.640341515474907,-0.4065040650406581,0.5285005892658194,0.0644053241596406,0.857177899334813,0.6316264054258716,0.8807733617871673,0.0644468313502823,0.010526315789473495,0
2025-03-26 15:00:00+00:00,4.675,4.696,4.667,4.688,45.88,0.0070641415456809,0.708915145005351,-0.5515485787017549,0.4714959279896957,0.2811812923719697,0.1703577512414061,0.8729020246977729,0.6475124022674046,0.6186006824619008,0.1706484641274215,0.004266211604095682,0
2025-03-26 16:00:00+00:00,4.723,4.73,4.705,4.705,77.35,0.0036197207626316,0.3626279863481407,-0.8429926238145424,1.4227204138822946,0.9191873678472277,0.52854122610391,0.8297853313595785,0.6380528603630973,0.5313496279423349,0.1487778958238635,-0.002337938363443204,0
2025-03-26 17:00:00+00:00,4.72,4.72,4.686,4.686,79.94,-0.0040464329517391,-0.4038257173220039,-1.61662817551963,0.5363655867839601,0.9434350090123168,0.7203389828982293,0.7924407445946956,0.638431817739192,0.7255655141430677,0.0,-0.00042680324370458766,0
2025-03-26 18:00:00+00:00,4.676,4.677,4.66,4.66,478.2,-0.0055638919480493,-0.5548442168160417,-1.5215553677092153,0.2150537634408644,5.191125585125818,0.363480863723854,0.784081690309899,0.647350124702701,0.3648068668744934,0.0214592274631942,0.016094420600858417,0
2025-03-26 19:00:00+00:00,4.646,4.654,4.615,4.654,62.3,-0.0012883832574546,-0.1287553648068762,-0.1287553648068762,-0.1716001716001725,0.6604707046364356,0.0,0.4751226076889467,0.6456980559283595,0.8379888266355783,0.0,0.01246239793725823,0
2025-03-26 20:00:00+00:00,4.675,4.716,4.674,4.704,704.96,0.0106861457162257,1.0743446497636366,1.0526315789473497,0.8360128617363349,5.725757216779783,0.2544529261547057,0.6448471792407252,0.6820507904950077,0.892857142667331,0.2551020407621053,0.006590136054421825,0
2025-03-26 21:00:00+00:00,4.716,4.723,4.656,4.708,465.51,0.0008499788017045,0.085034013605445,0.4266211604095682,1.356297093649106,3.285798315350202,0.3175947490328971,0.5898956877459579,0.674869823808437,1.423109600377423,0.1486830925767383,0.00679694137638065,0
2025-03-26 22:00:00+00:00,4.696,4.696,4.666,4.694,210.73,-0.0029780919691985,-0.297366185216652,-0.2337938363443203,1.4699524427150834,1.4132519616295809,0.0425894378103467,0.5862806898041694,0.6718862595867353,0.6391137621135113,0.0,0.009799744354495266,0
2025-03-26 23:00:00+00:00,4.676,4.709,4.635,4.684,91.25,-0.0021326516933608,-0.2130379207498922,-0.0426803243704587,1.2756756756756804,0.5977367883754263,0.5308982797768207,0.5673091946206853,0.6740437879375503,1.5798462848890131,0.5337318530030347,0.000426985482493647,0
2025-03-27 00:00:00+00:00,4.695,4.739,4.695,4.735,159.62,0.0108292809025707,1.0888129803586777,1.6094420600858417,1.7404383326171224,1.0071827445802954,0.0844059928076703,0.6399682138142653,0.6970318110568623,0.9292502637952924,0.0844772967086544,-0.010348468848996872,0
2025-03-27 01:00:00+00:00,4.748,4.753,4.712,4.712,63.76,-0.0048692802887561,-0.4857444561774171,1.246239793725823,0.6837606837606813,0.3989987484330476,0.8626130862902217,0.6982124972074554,0.6980115805088329,0.8701188453161965,0.10611205430685,-0.008276740237690983,0
2025-03-27 02:00:00+00:00,4.748,4.753,4.735,4.735,36.53,0.004869280288756,0.4881154499151163,0.6590136054421825,2.577989601386488,0.228857227879512,0.3787081842249676,0.5859042659255663,0.635765657406675,0.3801478351889823,0.1055966208858274,-0.01689545934530101,0
2025-03-27 03:00:00+00:00,4.735,4.744,4.724,4.74,725.96,0.0010554090689434,0.1055966209081216,0.679694137638065,2.953953084274552,3.8391453993177698,0.0843170320226894,0.5857926330820981,0.630967443760367,0.4219409281810161,0.0843881856361957,-0.022362869198312207,0
2025-03-27 04:00:00+00:00,4.74,4.74,4.74,4.74,0.0,0.0,0.0,0.9799744354495266,2.5752001731226937,0.0,0.0,0.5558863595723438,0.6291703001132098,0.0,0.0,-0.025316455696202556,0
2025-03-27 05:00:00+00:00,4.721,4.721,4.686,4.686,28.46,-0.0114577956213812,-1.13924050632912,0.0426985482493647,1.1221406991799745,0.1646415098878065,0.7413683540052204,0.7707888188094639,0.6774647130898819,0.7469056763237534,0.0,-0.020486555697823317,0
2025-03-27 06:00:00+00:00,4.686,4.686,4.686,4.686,0.0,0.0,0.0,-1.0348468848996872,0.687580575848723,0.0,0.0,0.5688230109047392,0.6725322862288304,0.0,0.0,-0.026034997865983733,0
2025-03-27 07:00:00+00:00,4.675,4.675,4.673,4.673,18.27,-0.0027780763673147,-0.2774221084080208,-0.8276740237690983,-0.6590136054421714,0.1078064263913841,0.0427807486539459,0.5519238018355264,0.6372318120611226,0.0427990584115512,0.0,-0.035951209073400436,0
2025-03-27 08:00:00+00:00,4.666,4.666,4.655,4.655,21.44,-0.0038593529892587,-0.3851915257864324,-1.6895459345301012,-0.640341515474907,0.1283662589520146,0.2357479639443343,0.4617677516536934,0.6367595178249528,0.2363050482843623,0.0,-0.007089151450053732,0
2025-03-27 09:00:00+00:00,4.65,4.703,4.627,4.634,155.01,-0.0045214847188458,-0.4511278195488688,-2.2362869198312207,-1.6970725498515082,0.9150576301482294,1.4671486282230164,0.4221009960760782,0.6270845307803102,1.6400517907552865,1.1437203277635462,-0.01251618472162297,0
2025-03-27 10:00:00+00:00,4.627,4.627,4.62,4.62,60.34,-0.003025720916537,-0.3021148036253862,-2.5316455696202556,-2.6343519494204437,0.357155893158909,0.1512859303757686,0.3844558859840701,0.6090416554176719,0.1515151514823489,0.0,-0.007359307359307343,0
2025-03-27 11:00:00+00:00,4.617,4.618,4.59,4.59,3064.59,-0.0065146810211937,-0.6493506493506551,-2.0486555697823317,-3.632164602141508,10.40220744116866,0.6063230834546824,0.2156010814678512,0.6093153591432288,0.6100217863594826,0.0217864923699884,-0.0013071895424836555,0
2025-03-27 12:00:00+00:00,4.59,4.592,4.55,4.564,2260.51,-0.0056805920726245,-0.5664488017429137,-2.6034997865983733,-3.5502958579881727,5.926894097041674,0.6097560974281799,0.1479057915950133,0.6065329978894027,0.9202453985713708,0.0438212094557749,0.00876424189307623,0
2025-03-27 13:00:00+00:00,4.585,4.619,4.505,4.505,152.95,-0.0130115409395279,-1.2927256792287456,-3.5951209073400436,-3.326180257510736,0.4050497705391371,2.4680666805654736,0.3607786942589341,0.5849976163578815,2.530521642057595,0.7547169809645424,0.02130965593784695,0
2025-03-27 14:00:00+00:00,4.514,4.622,4.514,4.622,272.64,0.0256396207918877,2.5971143174250866,-0.7089151450053732,-0.7089151450053732,0.7084471968973168,0.0,1.3583545778924415,0.8045844539627405,2.3366508000136985,0.0,-0.0015144958892253646,0
2025-03-27 15:00:00+00:00,4.651,4.651,4.576,4.576,100.53,-0.0100022577746922,-0.995240155776722,-1.251618472162297,-2.3890784982935176,0.2596877573089402,1.6125564391286735,1.4029689723797298,0.8120848588249834,1.638986013627848,0.0,0.014204545454545636,0
2025-03-27 16:00:00+00:00,4.576,4.612,4.576,4.586,220.17,0.002182930358216,0.2185314685314798,-0.7359307359307343,-2.5292242295430367,0.5601298328207958,0.5637467474926785,1.4121738170009244,0.8090492929256368,0.7849978192793391,0.5669428694795109,0.012865242040994262,0
2025-03-27 17:00:00+00:00,4.575,4.584,4.566,4.584,112.13,-0.0004362050232744,-0.0436109899694892,-0.1307189542483655,-2.17669654289373,0.2842974647832502,0.0,1.3882902687542145,0.8066221673250974,0.3926701569823973,0.0,0.009598603839441555,0
2025-03-27 18:00:00+00:00,4.584,4.604,4.584,4.604,830.58,0.0043535114471978,0.4363001745200767,0.876424189307623,-1.2017167381974223,2.030294635286087,0.0,1.3696374340572317,0.8071841757486865,0.434404865240148,0.0,0.0,0
2025-03-27 19:00:00+00:00,4.604,4.604,4.601,4.601,8.85,-0.0006518196863046,-0.0651607298001732,2.130965593784695,-1.1388053287494593,0.0217516198504502,0.0651607297860231,1.1896781231712827,0.807019708925435,0.0652032166778544,0.0,0.003912193001521347,0
2025-03-27 20:00:00+00:00,4.578,4.615,4.578,4.615,230.65,0.0030381967814839,0.3042816778961121,-0.1514495889225364,-1.89200680272108,0.5958357372262467,0.0,0.5161905232230151,0.7755071504197406,0.8017334776160907,0.0,-0.0010834236186348933,0
2025-03-27 21:00:00+00:00,4.624,4.658,4.624,4.641,192.96,0.0056179923042232,0.5633802816901401,1.4204545454545636,-1.423109600679695,0.5135369203340096,0.3649635035712905,0.2528604960029184,0.785943860695987,0.7326007324428935,0.3663003662214467,-0.01616031027795739,0
2025-03-27 22:00:00+00:00,4.663,4.664,4.645,4.645,46.11,0.000861512006763,0.0861883214824388,1.2865242040994262,-1.0438858116744831,0.1249973173871693,0.4073756431373578,0.2602610379903458,0.7847937752265525,0.4090419805362693,0.0215285252913705,-0.03789020452099012,0
2025-03-27 23:00:00+00:00,4.616,4.633,4.616,4.628,20.4,-0.0036665629343715,-0.3659849300322815,0.9598603839441556,-1.1955593509820672,0.0557474784967608,0.1079214331733364,0.3439385647184942,0.7868564295307425,0.367329299834206,0.1080380293629972,-0.050129645635263675,0
2025-03-28 00:00:00+00:00,4.595,4.605,4.587,4.604,81.01,-0.0051993184717938,-0.5185825410544465,0.0,-2.766631467793035,0.2233770113219597,0.0217155265968116,0.4060446905881862,0.7538360547965574,0.390964378716139,0.0217202432620141,-0.05799304952215467,0
2025-03-28 01:00:00+00:00,4.625,4.635,4.619,4.619,16.64,0.0032527405888319,0.3258036490008553,0.3912193001521347,-1.9736842105263164,0.0461328931361949,0.345199568426063,0.4243834727896754,0.7547327414047557,0.3463953235881373,0.216497077242581,-0.06559861441870529,0
2025-03-28 02:00:00+00:00,4.62,4.623,4.609,4.61,71.29,-0.001950374439911,-0.1948473695605024,-0.1083423618634893,-2.6399155227032733,0.196854624465457,0.28120268218014,0.4170589214082661,0.7451165708104623,0.3036876355089665,0.0650759218947799,-0.06941431670282006,0
2025-03-28 03:00:00+00:00,4.596,4.596,4.566,4.566,110.32,-0.0095903089009534,-0.954446854663782,-1.616031027795739,-3.670886075949375,0.3278515574202258,0.6527415142182948,0.454614562013017,0.7631059261521553,0.6570302232463852,0.0,-0.058694699956197915,0
2025-03-28 04:00:00+00:00,4.566,4.566,4.45,4.469,440.72,-0.0214728781562892,-2.1243977222952126,-3.789020452099012,-5.717299578059065,1.241964781592847,2.1243977218299506,0.8476426652375233,0.8633378305166157,2.595658983531955,0.0,-0.03781606623405698,0
2025-03-28 05:00:00+00:00,4.466,4.513,4.395,4.396,273.88,-0.0164696334099396,-1.6334750503468445,-5.012964563526367,-6.188647033717453,0.7501857454735734,2.592510524575114,0.9218325429427284,0.8916625776815269,2.6842584161318865,1.0691537759169285,-0.029572338489535888,0
2025-03-28 06:00:00+00:00,4.387,4.387,4.337,4.337,151.12,-0.0135121716881457,-1.3421292083712455,-5.799304952215467,-7.447716602646182,0.4069152069244331,1.1397310232186575,0.9234791291149628,0.9164391498120352,1.152870647647478,0.0,-0.01683191145953411,0
2025-03-28 07:00:00+00:00,4.334,4.356,4.316,4.316,97.11,-0.0048538174573409,-0.4842056721235832,-6.559861441870529,-7.639631928097589,0.2591918326941074,0.9182736453355672,0.7307498492870314,0.9169785051015766,0.9267840590994484,0.5097312325047018,0.00787766450417049,0
2025-03-28 08:00:00+00:00,4.314,4.346,4.29,4.29,220.71,-0.0060423144559625,-0.6024096385542133,-6.941431670282006,-7.841031149301825,0.576315222569601,1.2885411870021777,0.6393241463230163,0.9186268981112832,1.3053613050570263,0.7459207457468723,-0.0004662004662003838,0
2025-03-28 09:00:00+00:00,4.29,4.309,4.285,4.298,152.56,0.001863065280393,0.1864801864801757,-5.8694699956197915,-7.25075528700907,0.3984690007466109,0.2552796471907014,0.8586705737332627,0.9244708046554876,0.5583992553377392,0.2559329920297997,0.0018613308515589289,0
2025-03-28 10:00:00+00:00,4.286,4.3,4.277,4.3,17.04,0.0004652244791979,0.0465332712889621,-3.7816066234056978,-6.926406926406936,0.0447172206566668,0.0,0.73471755815464,0.9273940167128532,0.5348837208058338,0.0,-0.010000000000000009,0
2025-03-28 11:00:00+00:00,4.279,4.292,4.256,4.266,53.73,-0.0079384026503579,-0.7906976744186056,-2.9572338489535888,-7.058823529411762,0.2102040716516543,0.6057781918439427,0.5642151236329702,0.9301972074231192,0.8438818563422591,0.3047351147902613,0.008907641819034362,0
2025-03-28 12:00:00+00:00,4.297,4.297,4.248,4.264,82.22,-0.0004689331856153,-0.0468823253633288,-1.683191145953411,-6.573181419807184,0.4987665305101786,0.7679776586530068,0.3974130788583473,0.929872685984457,1.1491557220569402,0.0,0.0058630393996246255,0
2025-03-28 13:00:00+00:00,4.298,4.35,4.286,4.35,63.23,0.0199681582370491,2.016885553470904,0.787766450417049,-3.440621531631527,0.3924688356671444,0.0,0.9918673795976712,1.0128941785286747,1.4712643674778716,0.0,-0.01931034482758609,0
2025-03-28 14:00:00+00:00,4.306,4.306,4.288,4.288,3.27,-0.0143554213320917,-1.425287356321825,-0.0466200466200383,-7.2263089571613985,0.0218167868052574,0.4180213654393771,1.1590468543776085,0.8660357182811834,0.4197761193050846,0.0,-0.005130597014925464,0
2025-03-28 15:00:00+00:00,4.304,4.314,4.304,4.306,4.37,0.0041889751736703,0.4197761194029814,0.1861330851558928,-5.9003496503496455,0.0299565561383465,0.1854427445096332,1.1706674970469133,0.8654869791508449,0.2322340919107627,0.1857872735286143,-0.009289363678588014,0
2025-03-28 16:00:00+00:00,4.286,4.304,4.257,4.257,10.31,-0.011444712096156,-1.1379470506270415,-1.0000000000000009,-7.174007849978203,0.0751820758925123,1.0920074346905326,1.2647036592142749,0.8778108223039001,1.1040638945022307,0.4228329808732053,0.008926474042753263,0
2025-03-28 17:00:00+00:00,4.284,4.367,4.277,4.304,170.73,0.0109801360134681,1.1040638947615866,0.8907641819034362,-6.108202443280963,1.2232096745697945,1.4426379662370814,1.3122577450058306,0.9226696862308904,2.0910780664286492,1.4637546465000504,-0.0020910780669145534,0
2025-03-28 18:00:00+00:00,4.289,4.289,4.289,4.289,704.89,-0.00349121732474,-0.3485130111524293,0.5863039399624626,-6.841876629018251,5.247124796804731,0.0,1.3269443123726143,0.9106861496159244,0.0,0.0,-0.0030310095593377717,0
2025-03-28 19:00:00+00:00,4.289,4.289,4.266,4.266,316.81,-0.0053769854855845,-0.536255537421304,-1.931034482758609,-7.2810258639426255,2.1526805734718173,0.5362555372962726,0.9517363761588652,0.910602601584515,0.5391467415519977,0.0,-0.004922644163150469,0
2025-03-28 20:00:00+00:00,4.27,4.294,4.266,4.266,15.21,0.0,0.0,-0.5130597014925464,-7.562296858071504,0.1100631964872155,0.652072659373052,0.7820270072668266,0.90371171399834,0.6563525549328658,0.5625879042281796,-0.015471167369901506,0
2025-03-28 21:00:00+00:00,4.256,4.274,4.256,4.266,11.56,0.0,0.0,-0.9289363678588014,-8.080155138978673,0.0884908332369695,0.1871782872748765,0.7458265207333462,0.8867887638975444,0.4219409281711295,0.1875293014093932,-0.00961087669948435,0
2025-03-28 22:00:00+00:00,4.295,4.295,4.295,4.295,4.36,0.0067749353870599,0.6797937177684066,0.8926474042753263,-7.534983853606025,0.0338258730428054,0.0,0.6235398444428788,0.9074393491172356,0.0,0.0,-0.018393480791618066,0
2025-03-28 23:00:00+00:00,4.295,4.295,4.295,4.295,0.0,0.0,0.0,-0.2091078066914553,-7.195332757130513,0.0,0.0,0.4153794074546911,0.9098157596973,0.0,0.0,-0.02072176949941784,0
2025-03-29 00:00:00+00:00,4.28,4.28,4.276,4.276,1.7,-0.0044335622734199,-0.4423748544819639,-0.3031009559337771,-7.124239791485676,0.0136282559171592,0.0934579439034081,0.4311203384157753,0.909185756837966,0.0935453694823431,0.0,-0.02759588400374169,0
2025-03-29 01:00:00+00:00,4.277,4.277,4.236,4.245,160.72,-0.007276173399488,-0.724976613657613,-0.4922644163150469,-8.096990690625672,1.2292709043649168,0.7481879820556031,0.4784144945414591,0.9026818149761708,0.9658421670280788,0.0,-0.023321554770318054,0
2025-03-29 02:00:00+00:00,4.236,4.256,4.2,4.2,514.59,-0.0106572944739879,-1.0600706713780883,-1.5471167369901506,-8.893709327548805,3.4486479241132018,1.3157894733750504,0.6189635621088281,0.9135381198009638,1.333333333015874,0.4761904760771085,-0.008333333333333415,0
2025-03-29 03:00:00+00:00,4.2,4.273,4.181,4.225,573.85,0.0059347355198145,0.5952380952380931,-0.961087669948435,-7.468243539202812,3.4050570006399203,1.1233325529783929,0.709582745775082,0.9262308287732792,2.1775147923840117,1.136094674287316,-0.0272189349112425,0
2025-03-29 04:00:00+00:00,4.234,4.234,4.215,4.216,9.11,-0.0021324495700757,-0.2130177514792719,-1.8393480791618064,-5.66122174983218,0.0605134677334981,0.4251299007026097,0.5805237375883199,0.8408466428890063,0.4506641365155001,0.0,-0.02371916508538907,0
2025-03-29 05:00:00+00:00,4.201,4.206,4.196,4.206,29.59,-0.0023747339585531,-0.2371916508538851,-2.072176949941784,-4.322111010009088,0.2108056601910302,0.0,0.5630416146924316,0.7859410224532262,0.2377555871997888,0.0,-0.03447456015216366,0
2025-03-29 06:00:00+00:00,4.186,4.186,4.154,4.158,111.18,-0.0114778878446868,-1.1412268188302432,-2.759588400374169,-4.12727691952961,0.8015741171818382,0.6688963209104304,0.6529238505082027,0.7738099759699089,0.769600769415681,0.0,-0.017316017316017285,0
2025-03-29 07:00:00+00:00,4.15,4.155,4.146,4.146,525.79,-0.0028901754222334,-0.2886002886003047,-2.332155477031806,-3.938832252085267,3.358312508461516,0.2166064981428225,0.6422948404761643,0.7714267711221532,0.2170767003818035,0.1205981668787726,-0.011095031355523477,0
2025-03-29 08:00:00+00:00,4.165,4.167,4.165,4.165,5.64,0.0045722616052181,0.4582730342498786,-0.8333333333333415,-2.9137529137529095,0.0382107349127676,0.0479961602956519,0.6240787140652461,0.7757115548752613,0.0480192076715387,0.0480192076715387,-0.021848739495798353,0
2025-03-29 09:00:00+00:00,4.147,4.147,4.11,4.11,145.09,-0.0132932471106627,-1.3205282112845107,-2.72189349112425,-4.374127501163327,0.985055120375548,0.8922112368236751,0.6647892617754015,0.8103394613971711,0.9002433087833939,0.0,-0.008272506082725228,0
2025-03-29 10:00:00+00:00,4.116,4.116,4.116,4.116,5.64,0.0014587894636598,0.1459854014598471,-2.371916508538907,-4.279069767441868,0.0384153661461969,0.0,0.7063122483121202,0.8118333639704436,0.0,0.0,-0.012147716229348848,0
2025-03-29 11:00:00+00:00,4.1,4.102,4.061,4.061,307.09,-0.0134525692676423,-1.3362487852283669,-3.447456015216366,-4.805438349742152,1.9513522815904811,0.999512432715876,0.794577323351176,0.8372987870863621,1.0096035456760486,0.0492489534476281,0.0029549372075845515,0
2025-03-29 12:00:00+00:00,4.084,4.086,4.077,4.086,4.76,0.0061372476912697,0.6156119182467501,-1.7316017316017285,-4.174484052532835,0.0308799320985484,0.0,0.8670423534846351,0.8534325131673173,0.2202643171267179,0.0,-0.0051395007342143195,0
2025-03-29 13:00:00+00:00,4.094,4.109,4.094,4.1,32.07,0.0034204773148315,0.3426333822809324,-1.1095031355523477,-5.747126436781613,0.2098175464025767,0.2190313944465813,0.9048033647468704,0.7277003902326122,0.365853658447345,0.2195121950684199,-0.008780487804877946,0
2025-03-29 14:00:00+00:00,4.086,4.086,4.074,4.074,30.17,-0.006361655905648,-0.6341463414634152,-2.1848739495798353,-4.990671641791056,0.1959499138065282,0.2936857561689573,0.8582670632938768,0.6881350353309305,0.2945508099424386,0.0,-0.011536573392243454,0
2025-03-29 15:00:00+00:00,4.084,4.094,4.076,4.076,47.24,0.0004907975558643,0.049091801669121,-0.8272506082725228,-5.341384115188119,0.3032984671337634,0.4396678064387885,0.7234305882126362,0.6774198919968799,0.4416094208926543,0.245338567162593,-0.012266928361138296,0
2025-03-29 16:00:00+00:00,4.056,4.066,4.056,4.066,61.69,-0.0024564001543234,-0.2453385672227637,-1.2147716229348848,-4.486727742541696,0.3907026821597219,0.0,0.7101913986213096,0.648834224367994,0.2459419576374905,0.0,-0.012297097884899078,0
2025-03-29 17:00:00+00:00,4.051,4.113,4.023,4.073,214.81,0.0017201134601206,0.1721593703885915,0.2954937207584551,-5.367100371747213,1.3448178716304753,0.9725261364034712,0.4418568261394747,0.5940526265964826,2.209673458824061,0.9820770928106866,-0.006874539651362754,0
2025-03-29 18:00:00+00:00,4.061,4.077,4.061,4.065,8.16,-0.0019660856665016,-0.1964154186103628,-0.513950073421432,-5.222662625320574,0.0624324556952406,0.2943340690963018,0.3488387978798131,0.5935368332356147,0.3936039359425331,0.2952029519568889,-0.005904059040590437,0
2025-03-29 19:00:00+00:00,4.056,4.064,4.046,4.064,11.63,-0.0002460327235932,-0.0246002460024707,-0.8780487804877946,-4.735114861697143,0.0985715042458052,0.0,0.2851912709009133,0.5909626085983474,0.442913385717782,0.0,0.011811023622047223,0
2025-03-29 20:00:00+00:00,4.068,4.068,4.027,4.027,144.86,-0.0091460284068635,-0.9104330708661346,-1.1536573392243454,-5.602437880918886,1.1740249214776697,1.0078662731052317,0.3856648986442239,0.6066433261435445,1.0181276381876885,0.0,0.029053886267693008,0
2025-03-29 21:00:00+00:00,4.044,4.044,4.026,4.026,55.48,-0.0002483546517174,-0.0248323814253881,-1.2266928361138296,-5.625879043600568,0.443069059832347,0.4451038574566953,0.3774638952583544,0.6062367734266927,0.4470938896057838,0.0,0.02235469448584193,0
2025-03-29 22:00:00+00:00,4.038,4.038,4.016,4.016,30.03,-0.0024869448281716,-0.2483854942871288,-1.2297097884899078,-6.495925494761345,0.2377915397768619,0.5448241702464586,0.3775305674063945,0.5738211819591233,0.5478087648038384,0.0,0.028635458167330707,0
2025-03-29 23:00:00+00:00,4.002,4.051,4.002,4.045,69.39,0.0071951681210268,0.7221115537848544,-0.6874539651362754,-5.820721769499415,0.5371643851481506,0.148111577351743,0.5247129486052092,0.6069195649604071,1.2113720639774204,0.1483312731400967,0.015080346106304043,0
2025-03-30 00:00:00+00:00,4.049,4.055,4.036,4.041,1844.74,-0.0009893644141182,-0.0988875154511625,-0.5904059040590437,-5.495790458372296,8.956280394509166,0.3452527742674924,0.5231865617641404,0.6062172810007238,0.4701806482380183,0.1484780994435673,0.018312298935907023,0
2025-03-30 01:00:00+00:00,4.055,4.13,4.055,4.112,3604.74,0.0174173420565272,1.7569908438505255,1.1811023622047223,-3.1330977620730227,10.314803024528926,0.4358353509840543,0.919816416034774,0.7182651328783852,1.8239299606459356,0.4377431905550185,0.0031614785992217787,0
2025-03-30 02:00:00+00:00,4.124,4.144,4.124,4.144,25.33,0.0077519768043179,0.7782101167315147,2.9053886267693008,-1.3333333333333308,0.0769706055140176,0.0,0.7559712055141037,0.7125610524110662,0.4826254825090301,0.0,0.002654440154440163,0
2025-03-30 03:00:00+00:00,4.131,4.131,4.116,4.116,268.15,-0.0067796869853789,-0.675675675675691,2.235469448584193,-2.579881656804739,0.8476393436550406,0.3631082061575765,0.8796488593552466,0.7094378365322765,0.3644314867919401,0.0,0.008989310009718254,0
2025-03-30 04:00:00+00:00,4.131,4.131,4.131,4.131,3.96,0.0036376904428244,0.3644314868804787,2.8635458167330707,-2.0161290322580627,0.012526310656155,0.0,0.8277096287639248,0.7154995028728672,0.0,0.0,-0.005083514887436413,0
2025-03-30 05:00:00+00:00,4.106,4.106,4.106,4.106,5.03,-0.0060701898178857,-0.6051803437424397,1.5080346106304043,-2.3775558725630197,0.0159626163774985,0.0,0.9199357899925042,0.7228649400962559,0.0,0.0,-0.002435460301997039,0
2025-03-30 06:00:00+00:00,4.096,4.115,4.096,4.115,8.0,0.0021895155322913,0.2191914271797435,1.8312298935907023,-1.034151034151043,0.0257390250539088,0.0,0.904888508366828,0.68983383882455,0.4617253947845169,0.0,-0.007776427703523714,0
2025-03-30 07:00:00+00:00,4.125,4.125,4.125,4.125,4.05,0.0024271856576111,0.2430133657351119,0.3161478599221778,-0.5065123010130179,0.0140103059348728,0.0,0.5747380819486679,0.6901383001340313,0.0,0.0,-0.01915151515151514,0
2025-03-30 08:00:00+00:00,4.134,4.157,4.134,4.155,28.52,0.0072464085207672,0.727272727272732,0.2654440154440163,-0.2400960384153605,0.0983359264890735,0.0481116189443989,0.5622607300895271,0.7002817807156743,0.5535499396982957,0.0481347773650645,-0.02166064981949456,0
2025-03-30 09:00:00+00:00,4.167,4.167,4.153,4.153,102.34,-0.0004814636587952,-0.0481347773766738,0.8989310009718254,1.0462287104622714,0.3550451872526668,0.3359731220696065,0.4475702790170662,0.6417219118138336,0.3371057066368692,0.0,-0.020467132193594972,0
2025-03-30 10:00:00+00:00,4.136,4.136,4.105,4.11,75.11,-0.010407936140473,-1.0353960992053768,-0.5083514887436413,-0.1457725947521693,0.2579862179501254,0.6286266923044858,0.6391725485506662,0.6781618614258825,0.7542579073590538,0.0,-0.016545012165450235,0
2025-03-30 11:00:00+00:00,4.096,4.096,4.096,4.096,4.46,-0.0034121407709366,-0.3406326034063323,-0.2435460301997039,0.8618566855454368,0.0160126377768426,0.0,0.603993875282378,0.6204729282670408,0.0,0.0,-0.016845703125,0
2025-03-30 12:00:00+00:00,4.084,4.084,4.083,4.083,39.48,-0.0031788753997679,-0.3173828125,-0.7776427703523714,-0.0734214390602061,0.1410117509787446,0.0244857982310134,0.5975764681761159,0.6118236424136164,0.0244917952425796,0.0,0.0026940974773450588,0
2025-03-30 13:00:00+00:00,4.086,4.086,4.046,4.046,570.29,-0.0091032735918849,-0.9061964241978916,-1.9151515151515144,-1.3170731707316974,1.8858640388161945,0.9789525205631548,0.6377510208041738,0.6341111522039528,0.9886307461718667,0.0,0.009886307464162192,0
2025-03-30 14:00:00+00:00,4.039,4.065,4.033,4.065,130.76,0.0046850042542202,0.4695996045477102,-2.166064981949456,-0.2209131075110337,0.426492712260356,0.0,0.5571325646985525,0.6301904464294289,0.7872078718850662,0.0,0.00024600246002437487,0
2025-03-30 15:00:00+00:00,4.074,4.086,4.068,4.068,8.77,0.0007377351865393,0.0738007380073568,-2.0467132193594972,-0.1962708537782131,0.0287549625807483,0.4405286342534359,0.5729968055482324,0.6303099090980502,0.4424778759974411,0.2949852506649607,-0.007866273352999054,0
2025-03-30 16:00:00+00:00,4.07,4.075,4.021,4.042,100.52,-0.0064118592048842,-0.6391347099311662,-1.6545012165450237,-0.5902606984751646,0.3278445249839483,0.8098159507215263,0.4936266628970082,0.6418542720429404,1.3359722906145608,0.1237011380198634,0.0004948045522017441,0
2025-03-30 17:00:00+00:00,4.026,4.035,4.013,4.027,121.71,-0.003717937112112,-0.3711034141513969,-1.6845703125,-1.129388657009578,0.4020419764050081,0.1982651796286828,0.4945661380633282,0.6442036380676625,0.5463123912226748,0.1986590513536979,0.002731561956791584,0
2025-03-30 18:00:00+00:00,4.044,4.099,4.044,4.094,175.27,0.0165008053697807,1.6637695555003829,0.2694097477345059,0.713407134071331,0.5659484811528663,0.1219809709387675,0.9288360870549248,0.7301509542283122,1.3434294085629288,0.1221299462329895,-0.026380068392769962,0
2025-03-30 19:00:00+00:00,4.104,4.115,4.078,4.086,25.26,-0.0019559908436674,-0.1954079140205178,0.9886307464162192,0.5413385826771755,0.0814154775891282,0.7047387604605717,0.8214630180387646,0.7315360446113914,0.9055310815209155,0.2692119431548703,-0.007831620166421915,0
2025-03-30 20:00:00+00:00,4.075,4.075,4.066,4.066,41.78,-0.0049067811892755,-0.489476260401378,0.0246002460024374,0.9684628755897596,0.1365513803979375,0.2208588956513313,0.8433838319396569,0.7128034357364388,0.2213477618737546,0.0,-0.0004918839153958965,0
2025-03-30 21:00:00+00:00,4.075,4.075,4.036,4.036,48.91,-0.0074056127147924,-0.7378258730939558,-0.7866273352999054,0.2483854942871177,0.1599978191527628,0.9570552144890806,0.8939377126412841,0.7303958358225456,0.9663032703255094,0.0,-0.0024777006937561907,0
2025-03-30 22:00:00+00:00,4.023,4.05,3.977,4.044,1156.43,0.0019801986668625,0.1982160555004997,0.0494804552201744,0.6972111553784854,3.2794895427060493,0.1481481481115739,0.8633950861647035,0.7291987553947634,1.8051434219077285,0.1483679524855724,0.002720079129574726,0
2025-03-30 23:00:00+00:00,4.026,4.039,4.016,4.038,85.16,-0.0014847812675791,-0.1483679525222436,0.2731561956791584,-0.1730531520395484,0.2410538320999643,0.0247586036086125,0.8484193045271706,0.7148430749664668,0.5695889052576473,0.0247647350111886,0.001981178801386818,0
2025-03-31 00:00:00+00:00,4.036,4.036,3.977,3.986,323.61,-0.0129612981000428,-1.2877662209014429,-2.638006839276996,-1.3610492452363343,1.11627505878045,1.2388503465711318,0.5248739923714567,0.7617536662620626,1.4801806318413926,0.0,0.00978424485699958,0
2025-03-31 01:00:00+00:00,4.007,4.054,4.005,4.054,60.73,0.0169158262392053,1.705970898143505,-0.7831620166421915,-1.4105058365758705,0.4269707027386544,0.0,1.02847729539341,0.7566562754457611,1.2086827821389623,0.0,-0.016526887025160364,0
2025-03-31 02:00:00+00:00,4.036,4.079,4.036,4.064,71.62,0.0024636622463724,0.24666995559941,-0.0491883915395896,-1.9305019305019264,0.4967976138142145,0.3677371903977031,1.0209197563992356,0.7387907352568396,1.0580708658813838,0.369094488098148,-0.019192913385826738,0
2025-03-31 03:00:00+00:00,4.046,4.046,4.026,4.026,19.44,-0.0093943830585811,-0.9350393700787496,-0.247770069375619,-2.186588921282795,0.1452910273686594,0.4943153730859443,1.0522020195967112,0.7498187939751609,0.496770988450888,0.0,-0.01838052657724787,0
2025-03-31 04:00:00+00:00,4.035,4.064,4.016,4.055,110.3,0.0071773603497764,0.7203179334326792,0.2720079129574726,-1.839748244977013,0.7979382375490497,0.2214566928589019,1.0963154427364228,0.762548920329318,1.183723797488602,0.221948212029121,-0.010110974106041781,0
2025-03-31 05:00:00+00:00,4.064,4.074,4.046,4.046,48.96,-0.0022219488218223,-0.2219482120838334,0.1981178801386818,-1.4612761811982344,0.3495603127169017,0.687285223198987,1.09932994512123,0.7549355156900112,0.6920415223202957,0.2471576865429611,-0.0017301038062285112,0
2025-03-31 06:00:00+00:00,4.036,4.036,4.02,4.025,28.0,-0.0052038278750269,-0.519031141868509,0.978424485699958,-2.1871202916160404,0.1987295503729818,0.2725470762456333,0.9467841419678964,0.7580788971965118,0.3975155278515492,0.0,0.0017391304347824654,0
2025-03-31 07:00:00+00:00,4.016,4.016,3.987,3.987,29.25,-0.0094858424713087,-0.9440993788819908,-1.6526887025160364,-3.3454545454545404,0.2060657296825808,0.7221115536050497,0.66565716471513,0.7740338431495836,0.7273639325991039,0.0,0.007775269626285386,0
2025-03-31 08:00:00+00:00,4.014,4.023,3.986,3.986,58.47,-0.0002508466086149,-0.0250815149234973,-1.9192913385826735,-4.0673886883273225,0.4083302537631925,0.9197116577380652,0.6312461508994784,0.7523721007201242,0.9282488708157798,0.2257902658740981,0.019568489713998938,0
2025-03-31 09:00:00+00:00,3.986,3.998,3.952,3.952,247.57,-0.0085664419049816,-0.8529854490717526,-1.8380526577247869,-4.839874789308929,1.658825303043723,1.1505752873560406,0.6157912898021662,0.7645397394454553,1.163967611041513,0.3036437246195236,0.028846153846153744,0
2025-03-31 10:00:00+00:00,3.985,4.016,3.983,4.014,48.37,0.0155664704885249,1.5688259109311709,-1.011097410604178,-2.335766423357666,0.326537500841649,0.0498007968003429,0.917112230095168,0.8229474384701593,0.8221225707966788,0.0498256103513085,0.012705530642750373,0
2025-03-31 11:00:00+00:00,4.02,4.039,4.0,4.039,118.22,0.0062088862071292,0.6228201295465752,-0.1730103806228511,-1.391601562500011,0.7733368221313971,0.0,0.9704364103534552,0.8339684278004387,0.965585540736416,0.0,0.013369645951968323,0
2025-03-31 12:00:00+00:00,4.023,4.035,4.006,4.032,100.13,-0.0017346058122081,-0.1733102253032803,0.1739130434782465,-1.2490815576781775,0.6443492879758402,0.0743494423607588,0.945303090616559,0.8325343733155821,0.7192460315676451,0.0744047618863111,0.008184523809523947,0
2025-03-31 13:00:00+00:00,4.024,4.024,3.986,4.018,159.45,-0.0034782643763249,-0.3472222222222321,0.7775269626285386,-0.6920415224913601,1.153105592861137,0.1491053677561921,0.8478458437765122,0.8150655705166376,0.9457441510836826,0.0,0.009457441513190723,0
2025-03-31 14:00:00+00:00,4.026,4.068,4.024,4.064,114.33,0.011383443883438,1.1448481831757062,1.9568489713998936,-0.0246002460024707,0.8309218535124606,0.0983284168883057,0.9341788669167446,0.8438018893238481,1.082677165087914,0.098425196826164,-0.0019685039370078705,0
2025-03-31 15:00:00+00:00,4.078,4.085,4.066,4.066,311.96,0.000492004929974,0.0492125984251856,2.8846153846153744,-0.0491642084562427,2.0765896073860857,0.465116278955911,0.7629040408176125,0.8437220866656097,0.4672897195112452,0.172159370346239,-0.0024594195769798155,0
2025-03-31 16:00:00+00:00,4.056,4.065,4.044,4.065,43.93,-0.0002459722063808,-0.0245941957697892,1.2705530642750371,0.5690252350321723,0.297086951864224,0.0,0.560313549386931,0.8327302293616483,0.5166051659245938,0.0,-0.01303813038130397,0
2025-03-31 17:00:00+00:00,4.067,4.093,4.028,4.093,160.64,0.0068644545104919,0.6888068880688714,1.3369645951968323,1.6389371740749947,1.0745779435179343,0.0,0.5704656321173563,0.8388757738830599,1.5880772045961304,0.0,-0.02834107011971665,0
2025-03-31 18:00:00+00:00,4.045,4.065,4.024,4.065,70.97,-0.0068644545104919,-0.6840947959931509,0.8184523809523947,-0.7083536883243702,0.4889579128943288,0.0,0.6710461239159586,0.7808270116177124,1.0086100858527494,0.0,-0.007626076260762726,0
2025-03-31 19:00:00+00:00,4.074,4.074,4.056,4.056,160.98,-0.0022164767108919,-0.2214022140221483,0.9457441513190724,-0.7342143906020615,1.0675036817356218,0.441826214913636,0.6546329940465591,0.7810858166329016,0.4437869821391006,0.0,-0.009368836291913318,0
2025-03-31 20:00:00+00:00,4.056,4.056,4.056,4.056,0.0,0.0,0.0,-0.196850393700787,-0.2459419576979815,0.0,0.0,0.4445440436883698,0.7749199675940782,0.0,0.0,-0.0004930966469427478,0
2025-03-31 21:00:00+00:00,4.056,4.056,4.056,4.056,0.0,0.0,0.0,-0.2459419576979815,0.4955401387512603,0.0,0.0,0.4431797235383607,0.7591596132473617,0.0,0.0,0.0036982248520709415,0
2025-03-31 22:00:00+00:00,4.027,4.036,4.012,4.012,81.82,-0.0109073961891931,-1.0848126232741784,-1.303813038130397,-0.7912957467853587,0.8002249471173735,0.5946481663541512,0.6154990258994404,0.7909768608995416,0.5982053836993512,0.2243270188872428,0.022432701894317342,0
2025-03-31 23:00:00+00:00,4.046,4.046,3.977,3.977,767.13,-0.0087621038741354,-0.8723828514456522,-2.834107011971665,-1.51064883605746,5.8711175172070025,1.7053880371464782,0.4690729385135647,0.8093280907590575,1.734976112211482,0.0,0.03243650993210956,0
2025-04-01 00:00:00+00:00,4.043,4.043,4.027,4.034,85.38,0.0142306733064663,1.4332411365350683,-0.7626076260762726,1.2042147516307056,0.70716615187584,0.2226069749634991,0.8870212051173261,0.8195248637169809,0.3966286563221053,0.0,0.026524541398116108,0
2025-04-01 01:00:00+00:00,4.034,4.034,4.018,4.018,109.08,-0.0039741731392773,-0.396628656420428,-0.9368836291913318,-0.8880118401578763,0.8886354378746343,0.3966286563221053,0.89362681582941,0.7451385427960686,0.3982080636141845,0.0,0.03434544549527119,0
2025-04-01 02:00:00+00:00,4.051,4.068,4.047,4.054,231.79,0.0089197816370656,0.8959681433549083,-0.0493096646942747,-0.2460629921259838,1.7909386800970382,0.3441494591090918,0.9935530496521852,0.7671481366299835,0.5180069066309777,0.3453379377539705,0.03946719289590539,0
2025-04-01 03:00:00+00:00,4.065,4.085,4.064,4.071,91.2,0.0041846214910333,0.4193389245189749,0.3698224852070941,1.1177347242921076,0.6887502241973456,0.3427172581780431,1.0088154994825933,0.7454059238408328,0.5158437729020259,0.3438958486013578,0.04274134119381001,0
2025-04-01 04:00:00+00:00,4.084,4.102,4.084,4.102,13.56,0.0075859901293471,0.7614836649471934,2.243270189431734,1.159062885326767,0.1056215293433592,0.0,0.8575242336900395,0.7470510902197207,0.4388103363142997,0.0,0.027791321306679606,0
2025-04-01 05:00:00+00:00,4.106,4.13,4.104,4.106,84.1,0.0009746589465529,0.0975134080936079,3.243650993210956,1.4829461196243177,0.647684937084473,0.5811138013120795,0.6388207339246977,0.7448704590043419,0.6332196783650171,0.584510472336944,0.018996590355577325,0
2025-04-01 06:00:00+00:00,4.116,4.157,4.116,4.141,167.39,0.0084879859666884,0.8524111056989803,2.652454139811611,2.881987577639733,1.2339390365173863,0.3848929515552342,0.5083081020476763,0.7507887608838258,0.9900990096619025,0.3863801013314709,0.009418014972228939,0
2025-04-01 07:00:00+00:00,4.141,4.156,4.141,4.156,27.08,0.0036157686735507,0.3622313450857284,3.4345445495271187,4.238776022071722,0.199757188300535,0.0,0.3182296991322,0.7166930026958594,0.3609239652644476,0.0,0.011549566891241536,0
2025-04-01 08:00:00+00:00,4.173,4.22,4.164,4.214,179.03,0.0138592421450164,1.3955726660250356,3.946719289590539,5.720020070245857,1.2734380325387846,0.1421800947530222,0.4549393032012943,0.7565075880579881,1.3289036541696964,0.1423825343753088,-0.0023730422401520013,0
2025-04-01 09:00:00+00:00,4.23,4.258,4.161,4.245,200.02,0.0073295043813132,0.7356430944470693,4.274134119381001,7.413967611336036,1.443076331094394,0.3053076561049043,0.4415187990322094,0.7260449067447362,2.2850412244322733,0.3062426383259711,0.0021201413427560656,0
2025-04-01 10:00:00+00:00,4.22,4.22,4.216,4.216,5.93,-0.0068550085242494,-0.6831566548881063,2.7791321306679606,5.03238664673642,0.0433358098970074,0.0947867298353481,0.7122125277223035,0.7008647524989763,0.0948766603190415,0.0,0.0,0
2025-04-01 11:00:00+00:00,4.206,4.257,4.165,4.184,109.27,-0.0076190844764394,-0.7590132827324458,1.8996590355577323,3.589997524139643,0.8007156880347532,1.7148226446523676,0.8682619712102219,0.7216819101705233,2.198852771940992,1.2189292540107546,0.002868068833651982,0
2025-04-01 12:00:00+00:00,4.204,4.204,4.175,4.18,45.87,-0.0009564802259569,-0.0956022944550771,0.941801497222894,3.670634920634907,0.3417916054754082,0.5708848714151088,0.8368815012973966,0.7203533802206337,0.693779904140242,0.0,-0.003588516746411363,0
2025-04-01 13:00:00+00:00,4.189,4.21,4.184,4.204,35.66,0.0057252064780396,0.574162679425827,1.1549566891241536,4.629168740666989,0.2763341426852586,0.142517814692994,0.8515358585780617,0.7171784221299011,0.6184586106996959,0.1427212178537825,-0.013320647002854402,0
2025-04-01 14:00:00+00:00,4.179,4.204,4.146,4.204,184.79,0.0,0.0,-0.2373042240152001,3.4448818897637734,1.4001098630394175,0.0,0.6188946295503357,0.6887096666161542,1.3796384392531744,0.0,-0.01189343482397709,0
2025-04-01 15:00:00+00:00,4.214,4.271,4.214,4.254,89.12,0.0118232637633407,1.18934348239772,0.2120141342756065,4.623708804722071,0.72633916745878,0.3980332473898388,0.7453541688202246,0.7202519561485984,1.339915373450878,0.3996238833099226,-0.018805829807240104,0
2025-04-01 16:00:00+00:00,4.254,4.254,4.206,4.216,51.67,-0.0089729055389841,-0.8932769158438991,0.0,3.714637146371458,0.4200130060118679,0.8932769156339118,0.7899947996373311,0.752764556815833,1.1385199238286043,0.0,-0.007590132827324458,0
2025-04-01 17:00:00+00:00,4.203,4.204,4.196,4.196,7.66,-0.0047551207050105,-0.4743833017077925,0.2868068833651982,2.5164915709748215,0.0656688694404086,0.1902949571383695,0.7419428122253598,0.7542594778677533,0.1906577692586613,0.0238322211573194,-0.007149666348903572,0
2025-04-01 18:00:00+00:00,4.185,4.185,4.158,4.165,105.55,-0.0074154149152446,-0.7387988560533798,-0.3588516746411363,2.4600246002459913,0.893835036406364,0.4778972519765974,0.8105876522782617,0.7568478768107132,0.6482593035658261,0.0,-0.009363745498199183,0
2025-04-01 19:00:00+00:00,4.189,4.189,4.148,4.148,12.29,-0.0040899852515251,-0.4081632653061273,-1.3320647002854402,2.268244575936884,0.1098387943640826,0.9787538789738084,0.7545303882983293,0.761276456376986,0.988428157910224,0.0,-0.0077145612343297865,0
2025-04-01 20:00:00+00:00,4.159,4.159,4.154,4.154,20.64,0.0014454350866397,0.1446480231436897,-1.189343482397709,2.4161735700197307,0.1830578374946347,0.1202212069920096,0.7653238470873168,0.761076704868849,0.1203659123446373,0.0,-0.015647568608569973,0
2025-04-01 21:00:00+00:00,4.164,4.174,4.164,4.174,9.14,0.0048030832010886,0.4814636494944846,-1.8805829807240104,2.909270216962523,0.0807905214031022,0.0,0.5290148061064608,0.7646537390114839,0.2395783420604909,0.0,-0.016291327264015498,0
2025-04-01 22:00:00+00:00,4.173,4.184,4.173,4.184,47.71,0.0023929181076127,0.2395783421178743,-0.7590132827324458,4.287138584247274,0.4270848097356083,0.0,0.480702410703972,0.7200236277951643,0.2629063096886008,0.0,-0.022705544933078303,0
2025-04-01 23:00:00+00:00,4.166,4.166,4.166,4.166,5.03,-0.0043113839238414,-0.4302103250477973,-0.7149666348903572,4.75232587377421,0.0629090757485774,0.0,0.4745701237956164,0.697142348822296,0.0,0.0,-0.026644263082093333,0
2025-04-02 00:00:00+00:00,4.156,4.156,4.119,4.126,69.32,-0.0096479281897201,-0.9601536245799293,-0.9363745498199184,2.2806147744174554,0.8742866151552983,0.7218479305288952,0.537647038385065,0.6843013703361233,0.8967523022547842,0.0,-0.024963645176926952,0
2025-04-02 01:00:00+00:00,4.116,4.133,4.106,4.116,225.74,-0.0024265966772571,-0.2423654871546499,-0.7714561234329786,2.4390243902439046,2.6826437441500213,0.4113234937306342,0.5262085649412962,0.6801865529110969,0.6559766762254706,0.4130223516975249,-0.012390670553935723,0
2025-04-02 02:00:00+00:00,4.117,4.163,4.07,4.089,237.67,-0.0065813765892976,-0.6559766763848174,-1.5647568608569973,0.8633448445979353,2.8162177106862756,1.7775642561187652,0.5444511683639409,0.6753331056127222,2.274394716978626,1.1249694299034132,0.003423820004891054,0
2025-04-02 03:00:00+00:00,4.105,4.113,4.098,4.106,54.75,0.0041488772142364,0.4157495720224835,-1.6291327264015498,0.8597396217145725,0.6606368056069385,0.1701920738706209,0.5269659524798523,0.6752454387923357,0.3653190452106035,0.1704822210982888,0.0,0
2025-04-02 04:00:00+00:00,4.106,4.114,4.089,4.089,18.65,-0.0041488772142364,-0.4140282513394933,-2.2705544933078303,-0.316918576304237,0.2244644146647139,0.607681088816788,0.4634301894769531,0.66299694154873,0.6113964292953167,0.1956468573745056,-0.0009782342871118566,0
2025-04-02 05:00:00+00:00,4.086,4.086,4.038,4.055,87.87,-0.0083497538151291,-0.8314991440450115,-2.6644263082093333,-1.2420847540185131,1.0555747428358817,0.7586882034364586,0.4997584574094295,0.6832399252564183,1.183723797488602,0.0,0.0051787916152896685,0
2025-04-02 06:00:00+00:00,4.033,4.046,4.023,4.023,83.12,-0.007922794599725,-0.7891491985203447,-2.496364517692695,-2.84955324800773,1.0424858119205784,0.5684626790488371,0.4681898200883553,0.6711733082035497,0.5717126521074682,0.3231419337998628,0.012677106636838298,0
2025-04-02 07:00:00+00:00,4.026,4.065,4.026,4.065,57.14,0.0103858500321228,1.043997017151388,-1.2390670553935723,-2.1896053897978662,0.7055627585268189,0.0,0.7644436021519567,0.7056546674460462,0.9594095938599384,0.0,0.014514145141451218,0
2025-04-02 08:00:00+00:00,4.065,4.103,4.065,4.103,22.9,0.0093046704602749,0.9348093480934684,0.3423820004891054,-2.6340768865685926,0.3074668113703536,0.0,0.8478338418942313,0.6693645925359797,0.9261515961671424,0.0,0.002680965147453085,0
2025-04-02 09:00:00+00:00,4.094,4.132,4.094,4.106,87.27,0.0007309051366927,0.073117231294173,0.0,-3.2744405182567826,1.2506150134765488,0.6292352370209935,0.8302761477537595,0.6463383253551446,0.9254749145334784,0.6332196783650171,0.025328787140769693,0
2025-04-02 10:00:00+00:00,4.096,4.096,4.085,4.085,7.57,-0.0051275902847755,-0.5114466634193793,-0.0978234287111856,-3.1072106261859633,0.1083750894759001,0.2685546874344378,0.8409501699962783,0.6409238050960127,0.2692778457113181,0.0,0.021542227662178615,0
2025-04-02 11:00:00+00:00,4.041,4.076,4.041,4.076,11.94,-0.0022056129514879,-0.220318237454109,0.5178791615289668,-2.5812619502868173,0.1814739055239125,0.0,0.7542647277426421,0.627151801427571,0.8586849850689992,0.0,0.012266928361138518,0
2025-04-02 12:00:00+00:00,4.066,4.075,4.056,4.074,24.8,-0.0004907975558642,-0.0490677134445505,1.2677106636838298,-2.5358851674641136,0.3820282413291599,0.0245398772945996,0.6323378891440148,0.627266822545854,0.4663721157421798,0.0245459008285438,0.022091310751104487,0
2025-04-02 13:00:00+00:00,4.055,4.125,4.055,4.124,36.71,0.0121982483500993,1.227295041728027,1.4514145141451218,-1.9029495718363432,0.5651133703129708,0.0242424242365553,0.6822008547911589,0.6702028797258981,1.697381182905589,0.0242483026129449,0.020126091173617855,0
2025-04-02 14:00:00+00:00,4.107,4.115,4.096,4.114,14.01,-0.002427774923948,-0.2424830261881672,0.2680965147453085,-2.1408182683158916,0.2422007246387138,0.0243013365676141,0.6089805313541333,0.6707739938370533,0.4618376275007718,0.0243072435526801,0.0,0
2025-04-02 15:00:00+00:00,4.125,4.22,4.125,4.21,165.82,0.0230668564635246,2.333495381623729,2.5328787140769693,-1.0343206393982007,2.716560748639769,0.2369668245883914,1.1080534660129593,0.7918487616784089,2.2565320659723143,0.237529691154976,-0.029691211401425166,0
2025-04-02 16:00:00+00:00,4.214,4.214,4.173,4.173,13.54,-0.0088274460848744,-0.8788598574821838,2.1542227662178615,-1.0199240986717315,0.2277480306092723,0.9729473182313928,1.1782104612063462,0.7911719923646445,0.9825065897477904,0.0,-0.051042415528396834,0
2025-04-02 17:00:00+00:00,4.175,4.175,4.126,4.126,38.28,-0.0113267869603553,-1.1262880421758823,1.2266928361138518,-1.668255481410852,0.6303569223065275,1.1736526943296517,1.3179200659711214,0.8177284230096935,1.1875908867698397,0.0,-0.03926320891905,0
2025-04-02 18:00:00+00:00,4.158,4.164,4.144,4.164,101.43,0.0091677361036621,0.9209888511875652,2.2091310751104487,-0.024009603841546,1.674983142251504,0.0,1.339747759895805,0.8285169287848292,0.4803073966185519,0.0,-0.03121998078770416,0
2025-04-02 19:00:00+00:00,4.207,4.207,4.207,4.207,1.2,0.0102736538556614,1.032660902977911,2.0126091173617855,1.4223722275795714,0.0199687987516177,0.0,1.317280064686645,0.8493792304474411,0.0,0.0,-0.033990967435227004,0
2025-04-02 20:00:00+00:00,4.119,4.213,4.085,4.114,658.87,-0.0223540133776183,-2.2106013786546197,0.0,-0.9629272989889248,7.600592170949773,2.3498694511393663,1.6897319534379236,0.9693894814477414,3.1113271747420237,2.284880893951179,-0.00486144871171601,0
2025-04-02 21:00:00+00:00,4.125,4.125,4.081,4.085,30.78,-0.0070740629187991,-0.704910063198827,-2.9691211401425166,-2.132247244849073,0.3514166650769537,0.9696969694618924,1.2602753927372856,0.9719690531690308,1.0771113828452503,0.0,-0.009547123623010911,0
2025-04-02 22:00:00+00:00,4.076,4.076,3.933,3.96,1252.79,-0.0310777030455769,-3.0599755201958345,-5.104241552839683,-5.353728489483755,9.091364296015302,2.8459273790858783,1.6589073504839684,1.1470506066439246,3.611111110199209,0.0,0.019191919191919204,0
2025-04-02 23:00:00+00:00,3.956,3.986,3.917,3.964,486.9,0.0010095912013522,0.1010101010100905,-3.926320891905,-4.848775804128669,3.084028534686871,0.5519317610256127,1.6963400133837712,1.148120879288681,1.740665993506401,0.5549949544513192,0.01816347124117046,0
2025-04-03 00:00:00+00:00,3.961,4.036,3.961,4.034,129.17,0.0175048230642785,1.7658930373360304,-3.121998078770416,-2.229762481822606,0.8054415264491518,0.0495540138628404,1.8766380086703556,1.2026958913753214,1.8591968265098604,0.0495785820402576,-0.011403073872087166,0
2025-04-03 01:00:00+00:00,4.034,4.068,4.0,4.064,72.76,0.0074092707441608,0.7436787307883108,-3.3990967435227004,-1.263362487852271,0.4724752025164534,0.0983284168883057,1.8322571307837032,1.214112515330894,1.6732283460449635,0.098425196826164,-0.021407480314960647,0
2025-04-03 02:00:00+00:00,4.064,4.104,4.064,4.094,129.87,0.0073547769629171,0.7381889763779625,-0.486144871171601,0.1222792858889709,0.8686617578966129,0.2436647172895502,1.6901691943958796,1.217233234208659,0.9770395698639384,0.2442598924659791,-0.014411333659013259,0
2025-04-03 03:00:00+00:00,4.066,4.066,4.045,4.046,83.03,-0.011793748493544,-1.172447484123107,-0.9547123623010912,-1.4612761811982344,0.5510200695679085,0.4918839152749811,1.735515310998189,1.2372344836147606,0.5190311417402272,0.0,-0.012357884330202684,0
2025-04-03 04:00:00+00:00,4.036,4.036,4.036,4.036,0.98,-0.0024746362541913,-0.2471576866040714,1.9191919191919204,-1.29616043042311,0.0065356026397619,0.0,1.00141296590671,1.2356253035782527,0.0,0.0,-0.02031714568880061,0
2025-04-03 05:00:00+00:00,4.036,4.036,4.036,4.036,0.0,0.0,0.0,1.816347124117046,-0.4685573366214557,0.0,0.0,1.006600496308906,1.2243943022762795,0.0,0.0,-0.022299306243805606,0
2025-04-03 06:00:00+00:00,4.026,4.055,3.988,3.988,54.22,-0.0119642503917705,-1.189296333002965,-1.1403073872087166,-0.8699975142928085,0.3737184015965142,1.6522811339944987,0.866519747505511,1.2381851269902973,1.6800401199398023,0.7271815444515571,-0.03084252758274819,0
2025-04-03 07:00:00+00:00,3.987,3.987,3.977,3.977,28.72,-0.0027620858740383,-0.2758274824473439,-2.1407480314960647,-2.1648216482164973,0.1995853553999959,0.2508151491721113,0.737609130936731,1.2174674357960074,0.2514458133639872,0.0,-0.010812169977369779,0
2025-04-03 08:00:00+00:00,4.015,4.035,4.014,4.035,11.29,0.0144785354963585,1.458385717877797,-1.441133365901326,-1.6573239093346293,0.0787228170072518,0.0,0.9700482294434278,1.2407035148209955,0.5204460965252898,0.0,-0.039405204460966625,0
2025-04-03 09:00:00+00:00,3.996,3.996,3.996,3.996,5.34,-0.009712440935605,-0.9665427509293668,-1.2357884330202684,-2.679006332196787,0.0381426301031197,0.0,0.9328287064691712,1.2537253642709882,0.0,0.0,-0.009759759759759845,0
2025-04-03 10:00:00+00:00,3.982,3.982,3.954,3.954,104.6,-0.0105661360378818,-1.051051051051044,-2.031714568880061,-3.206854345165233,0.7261682648450476,0.7031642388992562,0.9961456771873708,1.2661159749358246,0.7081436518188818,0.0,0.0005058168942841945,0
2025-04-03 11:00:00+00:00,3.956,3.956,3.933,3.946,125.44,-0.0020253171480015,-0.2023267577137111,-2.229930624380561,-3.1894013738959615,0.8431642183920584,0.2527805863870571,0.9856103571947936,1.2660688494731354,0.5828687276779382,0.0,0.0073492143943232335,0
2025-04-03 12:00:00+00:00,3.936,3.965,3.811,3.865,6794.42,-0.0207407255610382,-2.052711606690316,-3.084252758274819,-5.130093274423164,15.770154649258332,2.522068095202496,1.1780795796450074,1.32614066141371,3.984476066239461,0.7503234150710654,0.042949547218628537,0
2025-04-03 13:00:00+00:00,3.869,3.941,3.865,3.934,179.83,0.0176950379274819,1.7852522639068449,-1.081216997736978,-4.6071774975751545,0.4116951834767635,0.1776198933829859,1.5121508493719762,1.3564779190187286,1.931875952737185,0.1779359430152596,0.023385866802236865,0
2025-04-03 14:00:00+00:00,3.915,3.915,3.873,3.876,182.64,-0.0148530259383475,-1.4743263853584154,-3.9405204460966625,-5.785123966942152,0.4115089110686264,0.9961685821210332,1.345069625411552,1.381794921267682,1.0835913309897809,0.0,0.040763673890608754,0
2025-04-03 15:00:00+00:00,3.909,3.957,3.909,3.957,96.05,0.0206824683747674,2.089783281733748,-0.9759759759759844,-6.009501187648459,0.2178385299768735,0.0,1.7270681847439877,1.3633603662248073,1.213040181649473,0.0,0.027798837503159035,0
2025-04-03 16:00:00+00:00,3.962,3.978,3.955,3.956,34.11,-0.0002527486428215,-0.0252716704574162,0.0505816894284194,-5.200095854301468,0.0772103762051763,0.5530417293732987,1.6708034671072285,1.3575058237235784,0.5813953486902471,0.4044489382193004,0.02831142568250744,0
2025-04-03 17:00:00+00:00,3.945,3.975,3.945,3.975,46.13,0.0047913343458295,0.4802831142568298,0.7349214394323234,-3.6597188560349103,0.1043412370869327,0.0,1.6767549591961646,1.3503710957581971,0.7547169809422158,0.0,0.017861635220125738,0
2025-04-03 18:00:00+00:00,3.99,4.031,3.99,4.031,188.85,0.0139897360287334,1.408805031446536,4.294954721862854,-3.194044188280498,0.4236683713473121,0.0,1.330777991763639,1.3704542487041371,1.0171173403579337,0.0,-0.0012403870007442475,0
2025-04-03 19:00:00+00:00,4.034,4.053,4.026,4.026,186.97,-0.001241156917429,-0.1240387000744247,2.3385866802236865,-4.302353220822441,0.4122913404917147,0.6661732048689466,1.2486696177438976,1.3479536624453934,0.6706408344086867,0.4719324390283359,-0.00769995032290105,0
2025-04-03 20:00:00+00:00,4.016,4.034,4.016,4.034,9.18,0.0019851123144202,0.1987083954297031,4.076367389060875,-1.9445794846864373,0.0215280919516363,0.0,0.8785391347039403,1.2765107570223624,0.4462072383623629,0.0,-0.002231036192364755,0
2025-04-03 21:00:00+00:00,4.038,4.068,4.038,4.067,111.88,0.0081471873930674,0.8180466038671286,2.7798837503159035,-0.4406364749081959,0.2603078766509668,0.0245821042220655,0.5749552658753148,1.2818791889976433,0.7376444551911215,0.0245881485063576,-0.014998770592574373,0
2025-04-03 22:00:00+00:00,4.068,4.068,4.068,4.068,1.23,0.0002458512612259,0.0245881485124055,2.831142568250744,2.7272727272727115,0.0032569803863937,0.0,0.566894685236135,1.10025195899912,0.0,0.0,-0.015240904621435458,0
2025-04-03 23:00:00+00:00,4.046,4.047,4.036,4.046,189.05,-0.0054227394407596,-0.5408062930186697,1.7861635220125738,2.068617558022212,0.5176048625547104,0.0247096614715183,0.6997121071199752,1.108340135778224,0.2718734551972661,0.0247157686542829,-0.005437469105289194,0
2025-04-04 00:00:00+00:00,4.061,4.064,4.026,4.026,49.02,-0.0049554115279541,-0.4943153732081207,-0.1240387000744247,-0.198314328210214,0.1354516263102705,0.935039369848668,0.5012458638760425,1.0551740205577067,0.943864878056672,0.0745156482676343,0.001987083954297031,0
2025-04-04 01:00:00+00:00,4.013,4.015,3.995,3.995,47.86,-0.0077297479993616,-0.769995032290105,-0.769995032290105,-1.697834645669294,0.1326265398560645,0.4981320048572417,0.5901369661240479,1.053689137432947,0.5006257821024609,0.0500625782102416,0.02227784730913629,0
2025-04-04 02:00:00+00:00,4.014,4.044,4.014,4.025,140.88,0.0074813316522887,0.7509386733416834,-0.2231036192364754,-1.6853932584269704,0.3899018879750087,0.4698318495376093,0.6859842526264146,1.054113545343392,0.7453416147216383,0.4720496893236954,0.022111801242235885,0
2025-04-04 03:00:00+00:00,4.016,4.016,4.006,4.006,9.49,-0.0047316736269002,-0.4720496894410009,-1.4998770592574373,-0.9886307464162192,0.0264893268109488,0.2490039840017367,0.5550975740997024,1.031436043425546,0.2496255615951954,0.0,0.02496255616575138,0
2025-04-04 04:00:00+00:00,4.006,4.006,4.006,4.006,0.62,0.0,0.0,-1.5240904621435458,-0.7433102081268461,0.0017306712631758,0.0,0.5527344299899514,1.0305230054449028,0.0,0.0,-0.0044932601098353064,0
2025-04-04 05:00:00+00:00,3.995,4.024,3.986,4.024,25.42,0.0044831955538116,0.4493260109835306,-0.5437469105289194,-0.2973240832507273,0.0707483498079958,0.0,0.5963364852661602,1.0351638365799558,0.9443339957891768,0.0,-0.002485089463220569,0
2025-04-04 06:00:00+00:00,4.034,4.034,4.034,4.034,5.63,0.0024820067345819,0.248508946322068,0.1987083954297031,1.153460381143434,0.0157580775891286,0.0,0.5722074519917179,1.0048802095638056,0.0,0.0,0.0,0
2025-04-04 07:00:00+00:00,4.044,4.085,4.044,4.084,90.96,0.012318460770399,1.2394645513138292,2.227784730913629,2.6904702036711026,0.2527576477173999,0.0244798041555822,0.5923710455888698,1.0305613564394474,1.0039177274721156,0.0244857982310351,0.00024485798237039447,0
2025-04-04 08:00:00+00:00,4.094,4.12,4.094,4.114,69.58,0.0073188909283462,0.7345739471106727,2.2111801242235885,1.9578686493184616,0.192051228381171,0.1456310679258232,0.5903155212821504,1.000081072421812,0.6319883323694682,0.1458434613160377,-0.014341273699562507,0
2025-04-04 09:00:00+00:00,4.106,4.106,4.106,4.106,37.7,-0.0019464726340235,-0.1944579484686404,2.496255616575138,2.752752752752752,0.1036718250500727,0.0,0.5177613434975862,0.9768558897135836,0.0,0.0,-0.007793472966390658,0
2025-04-04 10:00:00+00:00,4.105,4.11,3.988,3.988,222.51,-0.0291594664971498,-2.873843156356548,-0.4493260109835306,0.8598887202832417,0.6037273400432437,2.968369828961475,1.4712261569620144,1.13464638153797,3.0591775318307057,0.1253761283537144,0.011283851554664048,0
2025-04-04 11:00:00+00:00,3.994,4.016,3.962,4.014,752.27,0.0064983982745544,0.6519558676028048,-0.2485089463220569,1.723264064875818,1.9060331831358717,0.0498007968003429,1.4877712041101037,1.1401925497690546,1.3452914794854736,0.0498256103513085,0.017438963627304238,0
2025-04-04 12:00:00+00:00,4.053,4.053,4.014,4.034,102.03,0.0049701891578734,0.4982561036372512,0.0,4.372574385510974,0.8808693869105825,0.4687885515744446,1.5008703093112852,1.046830284378386,0.9667823497851236,0.0,0.005453644025780857,0
2025-04-04 13:00:00+00:00,4.044,4.085,4.025,4.085,130.28,0.0125632887799463,1.264253842340124,0.0244857982370394,3.8383324860193246,1.145176058649295,0.0,1.5049170088591803,1.0177532386880237,1.4687882493344362,0.0,-0.009547123623010911,0
2025-04-04 14:00:00+00:00,4.074,4.074,4.033,4.055,168.57,-0.0073710407445899,-0.7343941248470043,-1.434127369956251,4.6181630546955565,1.489424836251276,0.4663721157421798,1.482151701074426,0.9758592819558768,1.0110974103548338,0.0,-0.002219482120838334,0
2025-04-04 15:00:00+00:00,4.064,4.115,4.056,4.074,140.54,0.0046746302372378,0.4685573366214557,-0.7793472966390658,2.9567854435178065,1.2217505324514548,0.9963547992718546,1.5106452814701032,0.8929504363117853,1.4482081488836054,1.0063819339699691,-0.0022091310751103377,0
2025-04-04 16:00:00+00:00,4.068,4.088,4.033,4.033,433.27,-0.0101148019133828,-1.006381934216971,1.1283851554664048,1.9464105156724143,3.2907415377354563,1.345401173839181,0.8743888493962069,0.9222066161080068,1.3637490698329338,0.4959087526665354,0.0032234068931316084,0
2025-04-04 17:00:00+00:00,4.063,4.084,4.056,4.084,28.6,0.0125663844111878,1.2645673196131746,1.7438963627304238,2.742138364779856,0.2184324670059279,0.0,0.9686386463551114,0.9500612991937696,0.6856023504687453,0.0,-0.011263467189030263,0
2025-04-04 18:00:00+00:00,4.066,4.066,4.048,4.056,49.44,-0.0068796340135369,-0.685602350636616,0.5453644025780857,0.6201935003721237,0.3951275066735433,0.2459419576374905,1.03599526460633,0.9223161319677948,0.4437869821391006,0.0,-0.005424063116370892,0
2025-04-04 19:00:00+00:00,4.045,4.046,4.045,4.046,5.63,-0.0024685275433282,-0.2465483234713961,-0.9547123623010912,0.4967709885742799,0.0478870444134796,0.0,0.8654398442628574,0.9235227872373416,0.0247157686543049,0.0,0.0017301038062282892,0
2025-04-04 20:00:00+00:00,4.046,4.046,4.046,4.046,0.0,0.0,0.0,-0.2219482120838334,0.2974714923153376,0.0,0.0,0.8181388053415752,0.922749169170883,0.0,0.0,0.0017301038062282892,0
2025-04-04 21:00:00+00:00,4.065,4.065,4.065,4.065,3.14,0.0046850042542202,0.4695996045477102,-0.2209131075110337,-0.0491762970248332,0.0278727087121932,0.0,0.8182668452099631,0.912307633072801,0.0,0.0,-0.01057810578105789,0
2025-04-04 22:00:00+00:00,4.046,4.046,4.039,4.046,179.62,-0.0046850042542202,-0.4674046740467452,0.3223406893131608,-0.5408062930186697,1.4957374978623654,0.0,0.7120524974507256,0.9172206715901232,0.1730103805800903,0.0,-0.0108749382105785,0
2025-04-04 23:00:00+00:00,4.036,4.038,4.023,4.038,17.01,-0.0019792188549079,-0.1977261492832394,-1.1263467189030263,-0.1977261492832394,0.1506381753963494,0.0,0.3996345953325269,0.9114128750586962,0.3714710251680499,0.0,-0.005448241703813861,0
2025-04-05 00:00:00+00:00,4.034,4.034,4.034,4.034,4.1,-0.0009910803586258,-0.099058940069352,-0.5424063116370892,0.1987083954297031,0.0369209988177453,0.0,0.3161062039694243,0.9057723223074264,0.0,0.0,-0.00718889439762016,0
2025-04-05 01:00:00+00:00,4.044,4.054,4.044,4.053,34.73,0.0046989081141515,0.4709965294992679,0.1730103806228289,1.451814768460569,0.3142962722726287,0.0246669955538644,0.3751794236194,0.8946246353041405,0.2467308166181437,0.0246730816618209,-0.011843079200592133,0
2025-04-05 02:00:00+00:00,4.053,4.053,4.053,4.053,0.0,0.0,0.0,0.1730103806228289,0.6956521739130306,0.0,0.0,0.3751794236194,0.8825595704366442,0.0,0.0,-0.011843079200592133,0
2025-04-05 03:00:00+00:00,4.036,4.036,4.022,4.022,6.1,-0.0076780562957111,-0.7648655317049058,-1.057810578105789,0.3994008986520247,0.0583790250218717,0.346878097039905,0.4219774987208634,0.8918472381777391,0.3480855295007083,0.0,-0.004724017901541533,0
2025-04-05 04:00:00+00:00,4.029,4.029,4.002,4.002,10.84,-0.0049850551889187,-0.4972650422675362,-1.08749382105785,-0.0998502246630117,0.103321326305524,0.6701414741449174,0.4262754608814168,0.8980344864286421,0.6746626684970892,0.0,0.019490254872563728,0
2025-04-05 05:00:00+00:00,4.016,4.016,4.016,4.016,14.31,0.0034921462278863,0.349825087456268,-0.5448241703813861,-0.1988071570576566,0.137000071801661,0.0,0.4776736853611309,0.8960891534442668,0.0,0.0,-0.005229083665338585,0
2025-04-05 06:00:00+00:00,3.994,4.005,3.994,4.005,12.65,-0.0027428018691055,-0.2739043824701248,-0.718889439762016,-0.718889439762016,0.1207694878025608,0.0,0.483581244726428,0.895933558701957,0.2746566790824746,0.0,-0.009737827715355696,0
2025-04-05 07:00:00+00:00,4.005,4.005,4.005,4.005,0.0,0.0,0.0,-1.1843079200592133,-1.934378060724773,0.0,0.0,0.3996625157103419,0.8548403038374794,0.0,0.0,-0.017977528089887618,0
2025-04-05 08:00:00+00:00,4.005,4.005,4.005,4.005,0.0,0.0,0.0,-1.1843079200592133,-2.6494895478852643,0.0,0.0,0.3996625157103419,0.8374437984944534,0.0,0.0,-0.019975031210986316,0
2025-04-05 09:00:00+00:00,4.003,4.003,4.003,4.003,6.36,-0.0004995005098859,-0.0499375780274591,-0.4724017901541533,-2.5085241110569867,0.0657364341078476,0.0,0.2866401424327659,0.8373429090896312,0.0,0.0,-0.0232325755683237,0
2025-04-05 10:00:00+00:00,4.08,4.08,4.08,4.08,4.0,0.0190529084056337,1.9235573320010024,1.9490254872563728,2.306920762286868,0.0456384389747061,0.0,0.8011011081542787,0.7011131727688796,0.0,0.0,-0.04166666666666663,0
2025-04-05 11:00:00+00:00,4.041,4.041,3.988,3.995,18.43,-0.0210534091978323,-2.083333333333337,-0.5229083665338585,-0.4733432984554087,0.3229438177580034,1.1383320957341485,1.2723605277085717,0.8215414171446453,1.3266583225715591,0.0,-0.017772215269086455,0
2025-04-05 12:00:00+00:00,3.988,4.054,3.962,3.966,532.66,-0.0072855491206337,-0.7259073842302843,-0.9737827715355696,-1.6856717897868023,7.101028728769732,2.1706956087393467,1.2989446368500817,0.8260992374399504,2.3197175990116716,1.664145234073596,-0.00781643973777113,0
2025-04-05 13:00:00+00:00,3.95,3.95,3.917,3.933,106.04,-0.0083555366479318,-0.8320726172466042,-1.7977528089887618,-3.720930232558139,1.4329406995144307,0.430379746726495,1.3225378913065866,0.7895297768018252,0.8390541569186326,0.0,-0.001271294177472626,0
2025-04-05 14:00:00+00:00,3.925,3.925,3.925,3.925,13.68,-0.0020361422153006,-0.2034070683956224,-1.9975031210986316,-3.205918618988901,0.2025229004072044,0.0,1.315823332999492,0.779968619540073,0.0,0.0,0.0033121019108282024,0
2025-04-05 15:00:00+00:00,3.925,3.925,3.91,3.91,1104.92,-0.0038289772370972,-0.3821656050955302,-2.32325755683237,-4.025527736867939,10.256342026491224,0.3821656049981662,1.3083320017746858,0.770632988927345,0.3836317134568635,0.0,0.00716112531969304,0
2025-04-05 16:00:00+00:00,3.91,3.91,3.91,3.91,0.0,0.0,0.0,-4.1666666666666625,-3.049838829655349,0.0,0.0,0.7524099982578422,0.7500648960039251,0.0,0.0,0.006138107416879812,0
2025-04-05 17:00:00+00:00,3.915,3.924,3.915,3.924,18.56,0.0035741677058421,0.3580562659846409,-1.7772215269086455,-3.9177277179236025,0.2079338256551659,0.0,0.4491833486438179,0.698525038133994,0.229357798106685,0.0,0.0050968399592252744,0
2025-04-05 18:00:00+00:00,3.937,3.937,3.935,3.935,39.55,0.0027993401662499,0.2803261977573967,-0.781643973777113,-2.983234714003946,0.4451468581267048,0.0508001015872943,0.4449043914099927,0.6950428309057175,0.0508259212069001,0.0,0.007369758576874164,0
2025-04-05 19:00:00+00:00,3.944,3.95,3.928,3.928,121.48,-0.0017804913771471,-0.1778907242693805,-0.1271294177472626,-2.916460701927837,1.296835662611035,0.5569620251754588,0.2909239208018943,0.6946653062880218,0.5600814662525312,0.152749490796149,0.005600814663951237,0
2025-04-05 20:00:00+00:00,3.939,3.939,3.938,3.938,19.73,0.0025425897247143,0.2545824847250522,0.3312101910828202,-2.669303015323776,0.2087913541520558,0.0253871540935775,0.2935461111501008,0.698555811656241,0.025393600806144,0.0,-0.003047232097511454,0
2025-04-05 21:00:00+00:00,3.938,3.938,3.938,3.938,0.0,0.0,0.0,0.716112531969304,-3.124231242312425,0.0,0.0,0.2086132603064562,0.6880747129496594,0.0,0.0,-0.0007618080243778635,0
2025-04-05 22:00:00+00:00,3.934,3.934,3.934,3.934,4.1,-0.0010162602500664,-0.1015744032503818,0.6138107416879812,-2.768166089965396,0.0470982409950315,0.0,0.2237749371792468,0.6843449503322613,0.0,0.0,-0.00025419420437222673,0
2025-04-05 23:00:00+00:00,3.944,3.944,3.944,3.944,3.17,0.0025387167735216,0.2541942043721379,0.5096839959225274,-2.3278850916295224,0.0366578170092272,0.0,0.2031817923882861,0.6882241407526566,0.0,0.0,0.002535496957403627,0
2025-04-06 00:00:00+00:00,3.948,3.964,3.948,3.964,37.37,0.0050581797273525,0.5070993914807254,0.7369758576874164,-1.7352503718393586,0.4253276931491701,0.0,0.2596613309480243,0.6991773483379876,0.4036326941464098,0.0,-0.007063572149344055,0
2025-04-06 01:00:00+00:00,3.956,3.956,3.95,3.95,49.0,-0.0035380375547109,-0.3531786074671972,0.5600814663951237,-2.5413274117937257,0.5539461598185098,0.151668351832232,0.3060930159401486,0.6915477592574655,0.1518987341387543,0.0,-0.006329113924050778,0
2025-04-06 02:00:00+00:00,3.95,3.95,3.926,3.926,11276.42,-0.0060944830587612,-0.6075949367088662,-0.3047232097511454,-3.1334813718233323,20.19752271931556,0.6075949365550398,0.4029172380802797,0.698591640211298,0.6113092204250363,0.0,0.0025471217524197787,0
2025-04-06 03:00:00+00:00,3.919,3.935,3.919,3.935,18.24,0.0022897860150971,0.2292409577177689,-0.0761808024377863,-2.163102933863758,0.0326406198853981,0.0,0.4192130828381671,0.6887497173091316,0.4066073696552462,0.0,-0.007369758576874164,0
2025-04-06 04:00:00+00:00,3.933,3.933,3.933,3.933,3.18,-0.0005083884196941,-0.0508259212198325,-0.0254194204372226,-1.7241379310344862,0.005693886457985,0.0,0.4175679715422961,0.6832772658856193,0.0,0.0,-0.002542588354945252,0
2025-04-06 05:00:00+00:00,3.944,3.954,3.944,3.954,4.99,0.0053252312987527,0.5339435545385296,0.2535496957403627,-1.5438247011952178,0.0089409632140721,0.0,0.46483660724839,0.6891947719612165,0.2529084470781776,0.0,-0.007334344967122042,0
2025-04-06 06:00:00+00:00,3.95,3.95,3.936,3.936,15.77,-0.0045627455584182,-0.4552352048558528,-0.7063572149344055,-1.7228464419475675,0.02824973036311,0.3544303796571121,0.4380957687062382,0.6925923945852855,0.3556910568202064,0.0,-0.0022865853658535773,0
2025-04-06 07:00:00+00:00,3.926,3.926,3.925,3.925,29.96,-0.0027986279556352,-0.2794715447154483,-0.6329113924050778,-1.9975031210986316,0.053549365821521,0.0254712175177183,0.4311254443074457,0.6936753624430718,0.0254777069998868,0.0,-0.018598726114649633,0
2025-04-06 08:00:00+00:00,3.921,3.939,3.915,3.936,38.02,0.0027986279556353,0.2802547770700769,0.2547121752419778,-1.7228464419475675,0.0677636322992963,0.0761614622807438,0.3721945566325494,0.6974918900741243,0.6097560974060584,0.0762195121757601,-0.014989837398374006,0
2025-04-06 09:00:00+00:00,3.906,3.906,3.906,3.906,6.96,-0.0076511467355197,-0.7621951219512146,-0.7369758576874164,-2.42318261304022,0.0124043626166865,0.0,0.4785822550622825,0.7116241927287031,0.0,0.0,-0.0033282130056324633,0
2025-04-06 10:00:00+00:00,3.923,3.923,3.923,3.923,24.56,0.0043428347729283,0.4352278545826982,-0.2542588354945252,-3.848039215686272,0.0437049883626089,0.0,0.5313406201774885,0.5829092463973516,0.0,0.0,-0.017078766250318678,0
2025-04-06 11:00:00+00:00,3.925,3.925,3.925,3.925,4.98,0.0005096840069561,0.0509813917919821,-0.7334344967122042,-1.7521902377972576,0.0088708516225217,0.0,0.4585012219186558,0.4115999230338706,0.0,0.0,-0.027770700636942647,0
2025-04-06 12:00:00+00:00,3.927,3.927,3.927,3.927,5.74,0.0005094243615008,0.0509554140127432,-0.2286585365853577,-0.9833585476550666,0.0106407794587032,0.0,0.4306060362311315,0.3877385320618153,0.0,0.0,-0.05551311433664374,0
2025-04-06 13:00:00+00:00,3.926,3.979,3.823,3.852,2326.56,-0.0192832816599934,-1.909854851031323,-1.8598726114649633,-2.0594965675057253,3.6815231022151886,3.1917567219925274,0.8931448574960205,0.5249595296739415,4.0498442357087665,1.375908618542078,-0.028816199376947016,0
2025-04-06 14:00:00+00:00,3.875,3.891,3.875,3.877,774.53,0.0064691647529129,0.6490134994807883,-1.4989837398374006,-1.2229299363057389,1.1670620971253385,0.359804677368342,0.9524664967185816,0.5450486328344449,0.4126902242938641,0.3611039462571368,-0.05107041526953826,0
2025-04-06 15:00:00+00:00,3.884,3.893,3.884,3.893,84.5,0.0041184099395266,0.4126902244003139,-0.3328213005632463,-0.4347826086956607,0.1360400929202626,0.0,0.9467666230205268,0.5481578376948104,0.2311841766680723,0.0,-0.048291805805291466,0
2025-04-06 16:00:00+00:00,3.856,3.856,3.856,3.856,0.98,-0.0095496918800194,-0.9504238376573326,-1.7078766250318678,-1.3810741687979575,0.0015776393765884,0.0,0.9725376461959332,0.5804894163099741,0.0,0.0,-0.05316390041493779,0
2025-04-06 17:00:00+00:00,3.846,3.846,3.782,3.816,847.48,-0.010427623162259,-1.0373443983402453,-2.7770700636942647,-2.752293577981657,1.2924427171910364,0.7800312010452402,0.998648846048429,0.6066985864059506,1.6771488465206648,0.0,-0.03563941299790352,0
2025-04-06 18:00:00+00:00,3.793,3.793,3.694,3.709,1768.06,-0.0284404550785862,-2.8039832285115196,-5.551311433664374,-5.7433290978399,2.429518750375975,2.2146058523030323,1.3384988297705391,0.8167527287490823,2.6691830674928108,0.0,-0.025074143974117002,0
2025-04-06 19:00:00+00:00,3.716,3.744,3.714,3.741,528.12,0.0085906568585552,0.8627662442706852,-2.8816199376947016,-4.760692464358451,0.709186556716045,0.0801282051068063,1.4134429128123678,0.8473906185343612,0.8019246188714515,0.0801924618871475,-0.017909649826249763,0
2025-04-06 20:00:00+00:00,3.744,3.744,3.311,3.679,8574.33,-0.0167119792433718,-1.6573108794440072,-5.107041526953826,-6.576942610462167,7.786875705237031,1.7361111106474163,1.3570956984432174,0.8921579419490431,11.769502579024332,0.0,-0.0057080728458820396,0
2025-04-06 21:00:00+00:00,3.694,3.734,3.694,3.705,123.97,0.0070422826254129,0.7067137809187329,-4.829180580529147,-5.916708989334685,0.1120590983612027,0.776647027108555,1.4164409202239463,0.9132187969094928,1.079622131962316,0.7827260456726761,-0.05668016194331982,0
2025-04-06 22:00:00+00:00,3.696,3.725,3.651,3.651,384.25,-0.0146821560745504,-1.4574898785425172,-5.316390041493779,-7.193695983731585,0.342428876014598,1.986577180674752,1.4411460480931328,0.945336955709554,2.026841960551407,0.7943029304863567,-0.042180224596001126,0
2025-04-06 23:00:00+00:00,3.643,3.687,3.607,3.68,367.11,0.0079116495073398,0.7943029307039273,-3.563941299790352,-6.693711967545635,0.3227922394802379,0.1898562516436428,1.5938687125388669,0.9654454719890267,2.1739130428875133,0.1902173912526494,-0.053804347826086896,0
2025-04-07 00:00:00+00:00,3.679,3.68,3.614,3.616,430.04,-0.0175443096509095,-1.7391304347826098,-2.5074143974117,-8.779011099899092,0.3727626838580619,1.7391304343100205,1.3275326229905662,0.9943820253720836,1.8252212384332984,0.0276548672489984,-0.08268805309734506,0
2025-04-07 01:00:00+00:00,3.634,3.695,3.634,3.674,295.22,0.0159125442630037,1.603982300884943,-1.7909649826249765,-6.9873417721519,0.2536438608616645,0.5683355884794736,1.492396121072563,1.0730072985381232,1.6603157317201085,0.5715841043626584,-0.09199782253674471,0
2025-04-07 02:00:00+00:00,3.639,3.658,3.636,3.658,62.08,-0.0043644368242599,-0.4354926510615087,-0.570807284588204,-6.826286296484973,0.0891120198232772,0.0,1.343392954582255,1.0714306833536695,0.6014215416617164,0.0,-0.0686167304537999,0
2025-04-07 03:00:00+00:00,3.626,3.626,3.445,3.495,2504.67,-0.0455831742829003,-4.455986878075446,-5.668016194331981,-11.18170266836086,3.129849641203083,3.612796468942962,2.1765083881796383,1.3729272148050289,5.178826894083312,0.0,-0.012589413447782527,0
2025-04-07 04:00:00+00:00,3.504,3.527,3.497,3.497,75.28,0.0005720823954651,0.057224606580819,-4.218022459600112,-11.085685227561658,0.0937184876563816,0.8505812302663576,2.1960274732363367,1.374619919080677,0.8578781810529444,0.6577066054739223,-0.011724335144409515,0
2025-04-07 05:00:00+00:00,3.523,3.534,3.482,3.482,129.93,-0.0042986167352413,-0.4289390906491164,-5.38043478260869,-11.937278705108746,0.1607124634721329,1.47142048628425,2.08177842614068,1.357437419707546,1.493394600375234,0.3159103962332157,-0.02757036186099948,0
2025-04-07 06:00:00+00:00,3.476,3.476,3.295,3.317,1461.41,-0.048546081381082,-4.738655944859282,-8.268805309734507,-15.72662601626016,1.6823002253354222,4.574223243793371,2.639737818303951,1.6188331842180022,5.4567380146346895,0.0,0.03286101899306604,0
2025-04-07 07:00:00+00:00,3.347,3.39,3.336,3.336,143.62,0.0057117245315848,0.5728067530901271,-9.19978225367447,-15.006369426751586,0.164431553638708,1.5929203535124208,2.430107041237131,1.6379398751373897,1.6187050354860075,1.2889688245536708,0.05965227817745822,0
2025-04-07 08:00:00+00:00,3.329,3.446,3.302,3.407,368.47,0.0210596541823291,2.1282973621103096,-6.86167304537999,-13.440040650406504,0.4153168786700716,1.1317469526605537,2.8591328834459486,1.7244732137198964,4.226592308709545,1.1447020836088384,0.06310537129439386,0
2025-04-07 09:00:00+00:00,3.411,3.451,3.376,3.451,255.12,0.0128319054370368,1.2914587613736428,-1.2589413447782527,-11.648745519713266,0.2842429393976038,0.0,2.445226384764139,1.7661994473937712,2.173283105716237,0.0,0.04259634888438124,0
2025-04-07 10:00:00+00:00,3.455,3.477,3.455,3.456,27.63,0.0014478068259428,0.1448855404230675,-1.1724335144409517,-11.904154983431049,0.0307796851849446,0.6039689385665866,2.447408984302748,1.760405929854151,0.6365740738898743,0.6076388887130648,0.01996527777777768,0
2025-04-07 11:00:00+00:00,3.429,3.429,3.386,3.386,191.08,-0.0204625672308655,-2.025462962962954,-2.757036186099948,-13.732484076433115,0.2110392090629224,1.2540099150615225,2.564392563605557,1.7823271122994115,1.269935026204972,0.0,0.07531010041346708,0
2025-04-07 12:00:00+00:00,3.408,3.47,3.394,3.426,168.56,0.0117441161909845,1.1813349084465408,3.286101899306604,-12.757830404889226,0.1847823505227957,1.2680115270121015,1.4319877292699992,1.815044474013072,2.218330413830028,1.2842965553752794,0.04816112084063051,0
2025-04-07 13:00:00+00:00,3.473,3.559,3.395,3.535,344.16,0.0313198994466079,3.1815528312901353,5.965227817745822,-8.229491173416402,0.4148463632431993,0.6743467264191221,1.7823114182846669,1.9398589988751151,4.639321073652247,0.6789250351686215,0.011315417256011262,0
2025-04-07 14:00:00+00:00,3.561,3.723,3.544,3.622,1362.2,0.0243130601126854,2.4611032531824506,6.310537129439386,-6.577250451379935,1.5949053261549258,2.712865967576452,1.8282963372476957,2.012864204820975,4.942020981517936,2.788514632029675,-0.0019326339039204,0
2025-04-07 15:00:00+00:00,3.642,3.642,3.579,3.598,319.29,-0.0066482239328803,-0.662617338487026,4.259634888438124,-7.577703570511174,0.3696010140322331,1.2081274021943649,1.9416415933496287,2.0086872496560972,1.750972762159255,0.0,0.004446914952751513,0
2025-04-07 16:00:00+00:00,3.595,3.599,3.522,3.525,212.13,-0.0204976992641094,-2.028904947192889,1.996527777777768,-8.584024896265563,0.2430800684291346,2.056126701290331,2.248521134056339,2.035785024939704,2.1843971625008916,0.1134751772727731,0.03375886524822702,0
2025-04-07 17:00:00+00:00,3.544,3.641,3.544,3.641,270.39,0.0323779329290645,3.2907801418439853,7.5310100413467085,-4.585953878406701,0.3186194218913795,0.0,2.165174576521731,2.158458179903233,2.6641032676011793,0.0,-0.014007140895358483,0
2025-04-07 18:00:00+00:00,3.61,3.62,3.587,3.591,176.64,-0.0138276539493505,-1.3732491073880748,4.816112084063051,-3.181450525748175,0.2257897175601751,0.8011049721543885,2.411306118563219,2.1003290601060076,0.9189640766029038,0.2784739626069477,-0.001670843776107045,0
2025-04-07 19:00:00+00:00,3.586,3.586,3.575,3.575,13.84,-0.0044655390979748,-0.4455583402951824,1.1315417256011262,-4.437316225608123,0.0181891660122577,0.3067484661721191,2.1418936733585747,2.0903547292146376,0.3076923076062308,0.0,0.02657342657342654,0
2025-04-07 20:00:00+00:00,3.572,3.624,3.572,3.615,101.24,0.011126679464757,1.118881118881121,-0.19326339039204,-1.7396031530307,0.248230290559681,0.2483443707923966,1.921983053467424,2.0817589435786132,1.4384508986339013,0.2489626555327875,0.01715076071922539,0
2025-04-07 21:00:00+00:00,3.605,3.614,3.57,3.614,23.36,-0.0002766634406913,-0.0276625172890843,0.4446914952751513,-2.4561403508772006,0.057871201892562,0.0,1.8974875822290207,2.0752269762518045,1.2174875480859204,0.0,0.008854454897620379,0
2025-04-07 22:00:00+00:00,3.624,3.644,3.617,3.644,103.13,0.0082667872276752,0.830105146651916,3.375886524822702,-0.1917282936181763,0.2631258903316485,0.0,1.5924642282755752,2.062448127597301,0.7409440173597885,0.0,0.004939626783754036,0
2025-04-07 23:00:00+00:00,3.59,3.626,3.59,3.59,79.46,-0.0149297768975244,-1.4818880351262442,-1.4007140895358483,-2.445652173913049,0.2091293405485259,0.992829563984328,1.089126816519798,2.0766198016041706,1.0027855150410077,1.0027855150410077,0.008077994428969504,0
2025-04-08 00:00:00+00:00,3.614,3.614,3.585,3.585,64.6,-0.0013937284486038,-0.139275766016711,-0.1670843776107045,-0.8573008849557584,0.1771175219992607,0.8024349748748081,0.9343821500558072,2.046736597057068,0.8089260806669638,0.0,0.0030683403068341164,0
2025-04-08 01:00:00+00:00,3.582,3.67,3.576,3.67,314.72,0.0234331880148951,2.3709902370990132,2.657342657342654,-0.1088731627653771,0.860967900410388,0.0,1.3050181864034025,2.0782460427254965,2.561307901209449,0.0,-0.023433242506812002,0
2025-04-08 02:00:00+00:00,3.678,3.694,3.677,3.677,40.27,0.001905540252656,0.1907356948228855,1.7150760719225389,0.519409513395308,0.1104397111250285,0.4602057389116905,1.2631749250802684,2.0765208289313426,0.4623334238612066,0.435137340104668,-0.02855588795213493,0
2025-04-08 03:00:00+00:00,3.676,3.676,3.64,3.646,344.07,-0.0084665260626636,-0.8430785966820786,0.8854454897620379,4.320457796852639,1.2529481382529557,0.8161044611490534,1.3451065455335565,1.8460168025518513,0.9873834336293524,0.0,-0.011519473395501856,0
2025-04-08 04:00:00+00:00,3.666,3.666,3.662,3.662,99.8,0.0043787699958476,0.4388370817334008,0.4939626783754036,4.718329997140414,0.3620795994617345,0.1091107473788569,1.3148346943297815,1.8465849002568309,0.1092299289707183,0.0,-0.015838339705079196,0
2025-04-08 05:00:00+00:00,3.645,3.645,3.619,3.619,51.68,-0.0118117016707135,-1.174221736755865,0.8077994428969504,3.934520390580132,0.1897421854795102,0.7133058982953838,1.2444045900681098,1.8638746279549792,0.7184305054660264,0.0,0.013539651837524147,0
2025-04-08 06:00:00+00:00,3.616,3.616,3.596,3.596,74.97,-0.0063756279722315,-0.6355346780878679,0.3068340306834116,8.411214953271017,0.349345588619128,0.5530973449797855,1.2823429223262688,1.5413825441766245,0.5561735259854917,0.0,0.010845383759732874,0
2025-04-08 07:00:00+00:00,3.589,3.664,3.584,3.584,172.32,-0.0033426214966898,-0.3337041156840969,-2.3433242506812,7.434052757793763,0.7985279380862876,2.1834061129412117,0.6198607539790253,1.5464613955726942,2.2321428565200514,2.092633927987551,0.017299107142857206,0
2025-04-08 08:00:00+00:00,3.604,3.604,3.572,3.572,105.37,-0.0033538320984314,-0.3348214285714301,-2.855588795213493,4.842970355151155,0.5144150869680726,0.8879023304972531,0.5541664826447303,1.5020765992212104,0.8958566626831316,0.0,0.006718924972004547,0
2025-04-08 09:00:00+00:00,3.573,3.604,3.573,3.604,64.04,0.0089186767318388,0.8958566629339249,-1.1519473395501856,4.4334975369458185,0.3252859818605896,0.0,0.7468986441471955,1.4918631370278752,0.8601553826692171,0.0,0.0019422863485016872,0
2025-04-08 10:00:00+00:00,3.585,3.604,3.585,3.604,55.74,0.0,0.0,-1.5838339705079196,4.282407407407418,0.2814523696299321,0.0,0.6923124443496398,1.4923075651213054,0.5271920087327471,0.0,-0.024139844617092177,0
2025-04-08 11:00:00+00:00,3.614,3.67,3.614,3.668,129.86,0.0176022146481269,1.7758046614872347,1.3539651837524147,8.328411104548138,0.6642681762344961,0.0544959127916844,0.919027327694568,1.447605974275337,1.5267175568356834,0.0545256270298397,-0.050436205016357705,0
2025-04-08 12:00:00+00:00,3.678,3.678,3.635,3.635,36.47,-0.0090374434087358,-0.8996728462377424,1.0845383759732874,6.100408639813182,0.1919578924273026,1.169113648404269,0.97373943003398,1.4572294193419073,1.1829436035260168,0.0,-0.04346629986244843,0
2025-04-08 13:00:00+00:00,3.644,3.674,3.644,3.646,103.35,0.0030215652709886,0.3026134800550251,1.7299107142857206,3.1400282885431396,0.5743075847282474,0.762112139150215,0.9406455398912976,1.321816909566279,0.8228195280244546,0.7679648928228299,-0.06664838178826105,0
2025-04-08 14:00:00+00:00,3.663,3.682,3.596,3.596,157.86,-0.0138085596470973,-1.371365880416886,0.6718924972004547,-0.7178354500276041,1.2164130225296368,2.3356871259272944,1.1518581217212212,1.260741199643044,2.391546161737608,0.5283648496862202,-0.04532814238042271,0
2025-04-08 15:00:00+00:00,3.588,3.611,3.576,3.611,81.03,0.0041626256859468,0.4171301446051156,0.1942286348501687,0.3613118399110604,0.6761092221308238,0.0,1.102741534260491,1.2563796142003532,0.9692605923652046,0.0,-0.05206314040432014,0
2025-04-08 16:00:00+00:00,3.576,3.576,3.517,3.517,753.32,-0.0263763888034754,-2.603157020216018,-2.4139844617092177,-0.2269503546099338,5.290276895849645,1.64988814271536,1.5523152310723392,1.303242025497158,1.677566107000981,0.0,-0.03241398919533689,0
2025-04-08 17:00:00+00:00,3.502,3.502,3.433,3.483,455.51,-0.0097143621079812,-0.9667330110889938,-5.04362050163577,-4.339467179346334,3.034499604437615,0.5425471157788182,1.133581727653842,1.117189140719872,1.981050817691342,0.0,-0.030720643123744007,0
2025-04-08 18:00:00+00:00,3.498,3.512,3.477,3.477,1312.31,-0.0017241383581398,-0.1722652885443598,-4.346629986244843,-3.1746031746031855,6.64696348069368,0.9965831432242116,1.167088449691539,1.0876916883738426,1.0066148976109863,0.4026459590443869,-0.03451251078515949,0
2025-04-08 19:00:00+00:00,3.467,3.467,3.394,3.403,259.01,-0.0215124575069556,-2.128271498418177,-6.664838178826105,-4.811188811188815,1.2473668051847329,1.8459763478955953,1.1584121846033582,1.1620775846253204,2.1451660293431765,0.0,-0.010872759330002868,0
2025-04-08 20:00:00+00:00,3.413,3.438,3.407,3.433,180.96,0.0087771189567862,0.8815750808110367,-4.5328142380422705,-5.0345781466113575,0.8577641456663686,0.145433391464398,1.408241122610495,1.1514313249871158,0.9030002910273852,0.1456452082302326,-0.015438392076900675,0
2025-04-08 21:00:00+00:00,3.409,3.423,3.394,3.423,73.22,-0.0029171549275066,-0.2912904165452867,-5.206314040432014,-5.285002767017155,0.3436839315698302,0.0,1.315240387880303,1.1508224719463758,0.8472100494165297,0.0,-0.023371311714870058,0
2025-04-08 22:00:00+00:00,3.407,3.407,3.365,3.403,828.88,-0.0058599640292795,-0.5842827928717487,-3.241398919533689,-6.613611416026344,3.4070445740608943,0.1174053419085984,0.9990527134755446,1.130576157335113,1.2342051127727818,0.0,-0.0020570085218925005,0
2025-04-08 23:00:00+00:00,3.387,3.387,3.35,3.376,147.17,-0.007965818785058,-0.7934175727299486,-3.0720643123744007,-5.961002785515324,0.5979957775522428,0.3247711838427047,0.9867465988051018,1.1069169466660302,1.0959715636564042,0.0,0.010959715639810463,0
2025-04-09 00:00:00+00:00,3.356,3.392,3.343,3.357,80.61,-0.0056438587358126,-0.5627962085307914,-3.451251078515949,-6.3598326359832535,0.3266571437241724,1.0318396223373023,0.97199379146823,1.108367352294634,1.459636579845206,1.0425975570322823,0.028596961572832758,0
2025-04-09 01:00:00+00:00,3.347,3.374,3.261,3.366,776.11,0.0026773777707163,0.2680965147453085,-1.0872759330002868,-8.283378746594005,2.9177387596558826,0.2371072909789251,0.636307086627025,0.967279255793314,3.3571004149265886,0.2376708258355109,0.0371360665478313,0
2025-04-09 02:00:00+00:00,3.383,3.419,3.373,3.38,268.86,0.0041506137263129,0.4159239453356944,-1.5438392076900675,-8.077236877889593,0.975821623220282,1.140684410312761,0.4943809440833498,0.9739008394547036,1.360946745159478,1.0650887570813357,0.0304733727810651,0
2025-04-09 03:00:00+00:00,3.386,3.386,3.343,3.343,398.97,-0.0110071020569658,-1.0946745562130156,-2.3371311714870058,-8.310477235326385,1.436129717336771,1.269935026204985,0.6033046512355685,0.9808791336241454,1.2862698171444047,0.0,0.03380197427460363,0
2025-04-09 04:00:00+00:00,3.363,3.423,3.363,3.396,159.69,0.0157296610111392,1.5854023332336098,-0.20570085218925,-7.26379027853632,0.569701708407421,0.7887817701464305,0.9874970584408708,1.0462841024188307,1.766784451776567,0.7950530032994584,0.016784452296819685,0
2025-04-09 05:00:00+00:00,3.408,3.413,3.408,3.413,10.78,0.0049934014754691,0.5005889281507692,1.0959715639810463,-5.692180160265281,0.038693409467722,0.0,0.92731836142013,1.041965598141764,0.1464986814689395,0.0,-0.011426897157925442,0
2025-04-09 06:00:00+00:00,3.423,3.459,3.423,3.453,104.63,0.0116517484832853,1.1719894520949348,2.859696157283276,-3.976640711902124,0.3738972345420798,0.1734605376775259,0.9177932134509196,1.0767722775485349,1.042571676500849,0.1737619460834812,-0.020272227048942937,0
2025-04-09 07:00:00+00:00,3.464,3.491,3.453,3.491,882.56,0.0109448097150438,1.1004923255140575,3.7136066547831303,-2.59486607142857,2.852215972660924,0.0,0.9430789462040504,1.1063321131251214,1.0885133196538277,0.0,-0.019478659409911225,0
2025-04-09 08:00:00+00:00,3.474,3.483,3.474,3.483,798.85,-0.0022942367390348,-0.229160698940134,3.04733727810651,-2.491601343784988,2.361194070283016,0.0,1.00413678306303,1.1056028795405688,0.2583979327423462,0.0,-0.03330462245190935,0
2025-04-09 09:00:00+00:00,3.467,3.467,3.456,3.456,33.46,-0.0077821404420549,-0.7751937984496138,3.380197427460363,-4.106548279689237,0.0992729821574192,0.3172771847945587,0.9050393234941982,1.0926044551361516,0.3182870369449436,0.0,-0.02372685185185186,0
2025-04-09 10:00:00+00:00,3.479,3.479,3.427,3.453,42.14,-0.0008684325339539,-0.086805555555558,1.6784452296819683,-4.189789123196452,0.1252363598535583,0.7473411897823177,0.7757431684011691,1.092144372993488,1.505936866056782,0.0,-0.008688097306689735,0
2025-04-09 11:00:00+00:00,3.437,3.437,3.374,3.374,162.16,-0.0231444342840786,-2.287865624094987,-1.1426897157925442,-8.015267175572516,0.4800053281287631,1.8329938894870463,1.2928903356956771,1.0943943674028036,1.8672199164590255,0.0,0.0921754593953763,0
2025-04-09 12:00:00+00:00,3.393,3.393,3.342,3.383,136.54,0.0026639056747948,0.2667457024303488,-2.0272227048942937,-6.932599724896827,0.3992407388895219,0.2947244325685983,1.1482341427259335,1.0946295761396596,1.507537687996581,0.0,0.08365356192728335,0
2025-04-09 13:00:00+00:00,3.393,3.443,3.377,3.423,250.16,0.0117544697494768,1.1823825007389877,-1.9478659409911223,-6.116291826659348,0.7186105216268457,0.5808887596337824,1.1687751590943989,1.1294549585330036,1.9281332159134952,0.5842827927010572,0.07858603564125044,0
2025-04-09 14:00:00+00:00,3.433,3.443,3.365,3.367,424.89,-0.0164952193691109,-1.6359918200409052,-3.330462245190935,-6.368186874304782,1.1827386793010772,2.207377286608373,1.283058757151686,1.14227507738307,2.316602315914281,0.2970002969120947,0.10632610632610628,0
2025-04-09 15:00:00+00:00,3.362,3.384,3.349,3.374,32.54,0.002076843944839,0.2079002079002023,-2.372685185185186,-6.563278870119083,0.091091792803708,0.295508274144347,1.3130007971065227,1.1375775054408857,1.0373443980327877,0.2963841137236498,0.09839952578541777,0
2025-04-09 16:00:00+00:00,3.367,3.423,3.367,3.423,1160.16,0.0144183754242716,1.4522821576763434,-0.8688097306689735,-2.6727324424225207,3.100591636898365,0.0,1.5182445123736517,1.0733947283056091,1.6359918195629604,0.0,0.0768331872626351,0
2025-04-09 17:00:00+00:00,3.423,3.697,3.403,3.685,1281.27,0.0737531660932516,7.654104586619925,9.21754593953763,5.7995980476600595,3.135906538178912,0.3245875032933226,3.089784813995898,1.8525325067105785,7.978290364184996,0.3256445046606123,-0.009226594301221192,0
2025-04-09 18:00:00+00:00,3.705,3.734,3.666,3.666,556.24,-0.0051693762237866,-0.515603799185893,8.365356192728335,5.435720448662651,1.4751344219650464,1.8211033739097224,3.1663886741821994,1.857155081485158,1.854882705440568,0.7910529184967099,-0.017184942716857554,0
2025-04-09 19:00:00+00:00,3.672,3.704,3.661,3.692,452.14,0.0070671672230925,0.7092198581560405,7.858603564125044,8.492506611813111,1.1740097089764052,0.3239740819859684,3.1769946027839566,1.788832549226753,1.164680389717046,0.3250270855024306,-0.029523293607800594,0
2025-04-09 20:00:00+00:00,3.694,3.725,3.694,3.725,84.8,0.0088985351909171,0.8938244853737842,10.632610632610628,8.50568016312263,0.2225033153556653,0.0,2.8656277772636134,1.7889930508923206,0.8322147648772614,0.0,-0.0410738255033557,0
2025-04-09 21:00:00+00:00,3.74,3.744,3.706,3.706,172.1,-0.0051137239683547,-0.5100671140939594,9.839952578541777,8.267601519135258,0.4467369190672515,1.0149572646861826,2.95341172666991,1.7929236560381971,1.025364273873357,0.1079330814603527,-0.046141392336751186,0
2025-04-09 22:00:00+00:00,3.716,3.716,3.686,3.686,40.57,-0.0054112686155365,-0.5396654074473872,7.6833187262635105,8.31619159565089,0.1151275805799935,0.8073196983833973,3.078162324715851,1.7919490359628012,0.8138903958725271,0.0,-0.035811177428106356,0
2025-04-09 23:00:00+00:00,3.676,3.676,3.636,3.651,137.32,-0.0095407565741317,-0.9495387954422174,-0.9226594301221192,8.145734597156395,0.3901344176702874,0.6800870509575485,0.758932014716809,1.796547405783948,1.095590248946703,0.0,-0.018351136674883528,0
2025-04-10 00:00:00+00:00,3.632,3.632,3.585,3.603,1100.86,-0.0132342709075434,-1.3147082990961234,-1.7184942716857554,7.327971403038425,2.7905785926966167,0.7984581495598935,0.895156950496104,1.8194439652948653,1.3044684981114478,0.0,-0.00527338329170135,0
2025-04-10 01:00:00+00:00,3.591,3.594,3.583,3.583,163.62,-0.0055663934431393,-0.5550929780738234,-2.9523293607800594,6.446821152703497,0.4434491847252504,0.3060656649120484,0.7511240545714931,1.827737137272934,0.3070053027331739,0.0837287189272225,-0.0016745743790120837,0
2025-04-10 02:00:00+00:00,3.576,3.576,3.572,3.572,838.3,-0.0030747753085642,-0.3070053028188746,-4.10738255033557,5.680473372781081,2.134719753834188,0.1118568232349394,0.3711218737183419,1.8310251079129012,0.1119820828353914,0.0,-0.010358342665173548,0
2025-04-10 03:00:00+00:00,3.572,3.572,3.516,3.535,180.86,-0.0104123636657165,-1.0358342665173548,-4.614139233675118,5.743344301525588,0.4714684184445884,1.035834266227368,0.3804642438155267,1.829184872669411,1.5841584153934505,0.0,-0.005091937765205112,0
2025-04-10 04:00:00+00:00,3.544,3.554,3.526,3.554,33.07,0.0053604303839234,0.5374823196605316,-3.5811177428106356,4.652532391048281,0.0874094990977885,0.0,0.6664959028259244,1.808277737683864,0.7878446818267185,0.0,-0.025042205965109754,0
2025-04-10 05:00:00+00:00,3.561,3.584,3.56,3.584,78.58,0.0084057653802245,0.8441193021947235,-1.8351136674883528,5.010254907705836,0.2061605934523255,0.0,0.8558251423573597,1.812157416478305,0.6696428569560154,0.0,-0.03320312500000011,0
2025-04-10 06:00:00+00:00,3.598,3.604,3.584,3.584,673.91,0.0,0.0,-0.527338329170135,3.793802490587894,1.66447191033951,0.5549389565607832,0.6979800574752117,1.8008515333523685,0.5580357141300128,0.16741071423901,-0.021484375,0
2025-04-10 07:00:00+00:00,3.584,3.584,3.556,3.577,107.42,-0.0019550348358033,-0.1953125,-0.1674574379012083,2.4634775136064047,0.2883126294451195,0.1953124999455076,0.6642539825112458,1.790819630495188,0.7827788647518099,0.0,-0.017612524461839585,0
2025-04-10 08:00:00+00:00,3.543,3.551,3.535,3.535,367.66,-0.0118111609283446,-1.1741682974559686,-1.0358342665173548,1.4929658340510965,1.036785155746791,0.4505773020415162,0.8161673277811088,1.808908758525142,0.4526166901124143,0.2263083450562071,-0.007920792079207928,0
2025-04-10 09:00:00+00:00,3.525,3.544,3.517,3.517,366.67,-0.0051049458566906,-0.5091937765205112,-0.5091937765205112,1.765046296296302,0.9950361714947475,0.761851015586389,0.7272329054425222,1.804323431349216,0.7676997438818066,0.5402331531020129,-0.027011657662780686,0
2025-04-10 10:00:00+00:00,3.502,3.507,3.465,3.465,232.52,-0.0148957208499788,-1.4785328404890552,-2.5042205965109754,0.3475238922675983,0.6176951106647484,1.1976047900776792,0.8422921182254234,1.83222639189193,1.212121211771401,0.1443001442585089,-0.009235209235209263,0
2025-04-10 11:00:00+00:00,3.542,3.654,3.465,3.465,363.46,0.0,0.0,-3.320312500000011,2.6970954356846377,0.9444955747588512,5.172413791687902,0.6344054781250177,1.7639565061230398,5.454545452971273,3.232323231390386,-0.015007215007215025,0
2025-04-10 12:00:00+00:00,3.503,3.561,3.503,3.507,186.43,0.0120483385161745,1.21212121212122,-2.1484375,3.665385752290873,0.4818583713391705,1.5164279692455924,0.95688599397243,1.7778995459473594,1.6538351862977323,1.539777587242716,-0.018249215854006295,0
2025-04-10 13:00:00+00:00,3.557,3.557,3.483,3.514,487.21,0.0019940186068642,0.1996007984031766,-1.7612524461839585,2.658486707566454,1.22792514649051,1.2088838905794577,0.983828628513142,1.7645359705296206,2.105862264625533,0.0,-0.017074558907228088,0
2025-04-10 14:00:00+00:00,3.496,3.534,3.487,3.507,91.28,-0.0019940186068642,-0.1992031872509847,-0.7920792079207928,4.158004158004158,0.2384070501757297,0.7640067909552808,0.8837621089879276,1.726099661071417,1.340176788896434,0.7698887936213517,-0.01254633589962928,0
2025-04-10 15:00:00+00:00,3.5,3.5,3.4,3.422,466.83,-0.0245357956880392,-2.423723980610204,-2.7011657662780686,1.4226437462951935,1.1642516896496888,2.2285714279346895,1.3053960150077717,1.807135098650008,2.9222676788655,0.0,0.009935710111046214,0
2025-04-10 16:00:00+00:00,3.422,3.433,3.391,3.433,280.43,0.0032093390055531,0.3214494447691285,-0.9235209235209264,0.2921413964358743,0.7697468419556731,0.0,1.2256203018791294,1.784177559240785,1.223419749133866,0.0,0.014564520827264893,0
2025-04-10 17:00:00+00:00,3.447,3.447,3.413,3.413,78.47,-0.005842844550985,-0.5825808330905957,-1.5007215007215025,-7.3812754409769425,0.249747041076021,0.986364954747218,1.234059470612726,0.8525013336603209,0.9961910339888176,0.0,0.012012891883973253,0
2025-04-10 18:00:00+00:00,3.435,3.443,3.426,3.443,94.58,0.0087515144318168,0.8789920890712066,-1.8249215854006295,-6.082924168030546,0.3206513831569176,0.0,1.161421002759599,0.885214218707028,0.4937554456887119,0.0,0.00435666569851878,0
2025-04-10 19:00:00+00:00,3.402,3.454,3.4,3.454,617.38,0.0031897953681,0.3194888178913668,-1.7074558907228088,-6.4463705308775765,2.0453402868106383,0.0,1.1728179147544957,0.8701861913113065,1.5634047476654958,0.0,0.013607411696583638,0
2025-04-10 20:00:00+00:00,3.466,3.466,3.463,3.463,23.25,0.0026022856957979,0.2605674580196782,-1.254633589962928,-7.033557046979865,0.0776857985345695,0.0865551067263289,1.19449702829145,0.8425088497936306,0.0866300894927465,0.0,0.018481085763788707,0
2025-04-10 21:00:00+00:00,3.451,3.468,3.451,3.456,3.83,-0.0020234144784757,-0.2021368755414365,0.9935710111046214,-6.745817593092285,0.0131042653014516,0.3460207611458997,0.5015526432728287,0.8415608048897677,0.4918981480058138,0.3472222221217531,0.0219907407407407,0
2025-04-10 22:00:00+00:00,3.473,3.483,3.473,3.483,37.75,0.0077821404420549,0.78125,1.4564520827264893,-5.507325013564834,0.1292127860753825,0.0,0.5612207407038726,0.8672121068051746,0.2871088141581723,0.0,0.016078093597473364,0
2025-04-10 23:00:00+00:00,3.467,3.473,3.454,3.454,74.68,-0.0083610116593772,-0.8326155612977337,1.2012891883973251,-5.395781977540393,0.2579230254486311,0.5470774544926262,0.6392688149337876,0.8632905666603328,0.5500868556600699,0.1737116386294923,0.009554140127388422,0
2025-04-11 00:00:00+00:00,3.466,3.486,3.449,3.458,61.99,0.0011574075366118,0.1158077591198569,0.435666569851878,-4.02442409103525,0.2517283737540918,0.8032128511752121,0.5471727588298632,0.833590796519508,1.0699826486206054,0.5783689992543761,0.015905147484094773,0
2025-04-11 01:00:00+00:00,3.476,3.519,3.419,3.501,176.91,0.0123582547114298,1.243493348756508,1.3607411696583638,-2.288584984649744,0.7167825615699578,0.5115089512613,0.7279489728548753,0.8767332067132636,2.856326762965919,0.5141388173338718,0.003427592116538092,0
2025-04-11 02:00:00+00:00,3.52,3.527,3.513,3.527,41.76,0.0073990092813864,0.7426449585832717,1.8481085763788707,-1.259798432250836,0.1954854074456465,0.0,0.7582654454621484,0.8917125841340267,0.3969379074576369,0.0,-0.010490501842925992,0
2025-04-11 03:00:00+00:00,3.508,3.532,3.508,3.532,24.42,0.0014166314877984,0.141763538417905,2.19907407407407,-0.0848656294200833,0.117911916128424,0.0,0.7244654293061152,0.8670551670570632,0.6795016985618632,0.0,-0.011891279728199255,0
2025-04-11 04:00:00+00:00,3.539,3.539,3.539,3.539,0.32,0.0019799186216128,0.1981879954700005,1.6078093597473364,-0.4220596510973506,0.0015553674352968,0.0,0.6960507100611006,0.8606305199740089,0.0,0.0,0.0002825656965244061,0
2025-04-11 05:00:00+00:00,3.507,3.507,3.487,3.487,36.32,-0.0148024336698122,-1.4693416219271005,0.9554140127388422,-2.7064732142857095,0.1780581270877884,0.5702879952750822,0.9151839673283172,0.8898968927399383,0.5735589330158999,0.0,0.008603383997705771,0
2025-04-11 06:00:00+00:00,3.514,3.514,3.513,3.513,15.91,0.0074286055901757,0.7456266131344869,1.5905147484094773,-1.9810267857142905,0.0901101598114533,0.0284575981706122,0.9446624978941148,0.9068047298087968,0.0284656988248002,0.0,0.001138627953316318,0
2025-04-11 07:00:00+00:00,3.513,3.513,3.513,3.513,0.0,0.0,0.0,0.3427592116538092,-1.7892088342186252,0.0,0.0,0.8161091964140104,0.9066317360330984,0.0,0.0,0.009393680614859123,0
2025-04-11 08:00:00+00:00,3.49,3.49,3.49,3.49,2.0,-0.006568637069354,-0.6547110731568329,-1.0490501842925992,-1.2729844413012723,0.0127510360215954,0.0,0.7808125063409748,0.8848832538096023,0.0,0.0,0.008595988538681931,0
2025-04-11 09:00:00+00:00,3.494,3.494,3.49,3.49,30.08,0.0,0.0,-1.1891279728199255,-0.767699744100081,0.2106067722525302,0.1144819690571031,0.7713791212593276,0.8795369649095703,0.1146131804829189,0.0,0.010601719197707693,0
2025-04-11 10:00:00+00:00,3.523,3.54,3.523,3.54,147.93,0.0142249909313472,1.4326647564469883,0.0282565696524406,2.164502164502169,1.0619462673633546,0.0,1.0195884268073778,0.8705525104330475,0.4802259885649052,0.0,0.00225988700564983,0
2025-04-11 11:00:00+00:00,3.517,3.517,3.517,3.517,6.33,-0.0065183736538376,-0.6497175141242928,0.8603383997705771,1.5007215007214914,0.0508758945640549,0.0,0.8135596728917673,0.8835286836097571,0.0,0.0,0.018481660506113107,0
2025-04-11 12:00:00+00:00,3.517,3.517,3.517,3.517,0.0,0.0,0.0,0.1138627953316318,0.2851439977188397,0.0,0.0,0.7586444778390278,0.8493418364962014,0.0,0.0,0.011657662780778955,0
2025-04-11 13:00:00+00:00,3.5,3.546,3.5,3.546,53.96,0.0082118541601708,0.82456639181121,0.9393680614859125,0.9106431417188476,0.547259350656423,0.0,0.8256527155314674,0.8646561872655771,1.2972363222511971,0.0,0.005640157924421851,0
2025-04-11 14:00:00+00:00,3.497,3.536,3.497,3.52,20.22,-0.0073592180420103,-0.7332205301748385,0.8595988538681931,0.3706871970345027,0.2114187378809008,0.4524886876548395,0.8416912314823961,0.87788911582539,1.10795454513979,0.4545454544163226,0.010227272727272751,0
2025-04-11 15:00:00+00:00,3.524,3.53,3.524,3.527,36.15,0.0019866616439091,0.1988636363636331,1.0601719197707693,3.0683810637054387,0.4652834013465294,0.0849858356699663,0.8388599066702781,0.7031108250518668,0.1701162460532639,0.0850581230266256,0.012475191380776796,0
2025-04-11 16:00:00+00:00,3.534,3.548,3.534,3.548,74.99,0.0059364131934181,0.5954068613552632,0.225988700564983,3.349839790270903,1.0846959131488505,0.0,0.636271008565184,0.70858160290725,0.3945885004524901,0.0,0.0025366403607665067,0
2025-04-11 17:00:00+00:00,3.553,3.582,3.492,3.582,241.72,0.0095372391911868,0.9582863585118284,1.848166050611311,4.951655435101077,3.1831789648849935,0.0,0.6258520153714969,0.7100323163122568,2.5125628133689064,0.0,-0.008096035734226681,0
2025-04-11 18:00:00+00:00,3.582,3.59,3.558,3.558,50.07,-0.0067227143948765,-0.670016750418756,1.1657662780778957,3.3401103688643463,0.6758719213393809,0.8913649022586736,0.7410065556922135,0.7164181008913791,0.8993816748455934,0.2248454187113983,-0.0014052838673411783,0
2025-04-11 19:00:00+00:00,3.575,3.575,3.566,3.566,137.46,0.0022459301973052,0.2248454187745885,0.5640157924421851,3.242617255356106,2.541535379946075,0.2517482516778422,0.6771584626558157,0.715633742576954,0.2523836230363574,0.0,-0.0008412787436903324,0
2025-04-11 20:00:00+00:00,3.564,3.578,3.556,3.556,33.32,-0.0028082017892904,-0.2804262478967922,1.0227272727272751,2.6855327750505253,0.6113200623683823,0.6148686415274207,0.5848343855543459,0.7199593188290895,0.6186726657427748,0.3937007872908544,-0.0056242969628796935,0
2025-04-11 21:00:00+00:00,3.584,3.584,3.571,3.571,74.84,0.0042093509606531,0.4218222722159659,1.2475191380776796,3.327546296296302,1.302386286984362,0.3627232141845052,0.5940120952898064,0.7194280598876229,0.3640436851402818,0.0,-0.009801176141136958,0
2025-04-11 22:00:00+00:00,3.564,3.565,3.557,3.557,49.35,-0.0039281756459932,-0.3920470456454827,0.2536640360766506,2.124605225380405,0.8516390672377534,0.2244039270057775,0.6019360586825275,0.7136937416433718,0.2249086308054799,0.0281135788506818,0.001967950520101347,0
2025-04-11 23:00:00+00:00,3.556,3.556,3.505,3.553,295.3,-0.001125175927428,-0.1124543154343515,-0.8096035734226681,2.8662420382165488,4.398299562413157,0.0843644544194732,0.4037992199171615,0.6877898462746673,1.435406698160599,0.0,0.005910498170559997,0
2025-04-12 00:00:00+00:00,3.553,3.553,3.553,3.553,0.0,0.0,0.0,-0.1405283867341178,2.7472527472527375,0.0,0.0,0.3066457883996564,0.6882101642329606,0.0,0.0,0.005910498170559997,0
2025-04-12 01:00:00+00:00,3.564,3.564,3.563,3.563,13.98,0.002810569584809,0.281452293836204,-0.0841278743690332,1.7709225935446993,0.2420028418269887,0.0280583613838189,0.3164884242137188,0.6468298614016299,0.0280662363098295,0.0,0.003087285994948008,0
2025-04-12 02:00:00+00:00,3.54,3.545,3.536,3.536,25.68,-0.007606741848302,-0.7577883805781727,-0.5624296962879693,0.2551743691522556,0.4497537125473097,0.2538787023261243,0.4356033016605915,0.6520804871192293,0.2545248868058441,0.1414027148921342,0.018947963800905132,0
2025-04-12 03:00:00+00:00,3.536,3.536,3.536,3.536,0.0,0.0,0.0,-0.9801176141136958,0.1132502831256987,0.0,0.0,0.3641141425676304,0.6514835928097916,0.0,0.0,0.016119909502262386,0
2025-04-12 04:00:00+00:00,3.554,3.564,3.554,3.564,17.39,0.0078873648331658,0.7918552036199067,0.1967950520101347,0.7064142413111041,0.3062068965463324,0.0,0.507137386206066,0.6700000551491089,0.2805836138382265,0.0,0.008136924803591405,0
2025-04-12 05:00:00+00:00,3.574,3.574,3.574,3.574,9.04,0.0028019071286733,0.2805836139169404,0.5910498170559997,2.494981359334658,0.1624292516366466,0.0,0.5099704432569199,0.5890186798213929,0.0,0.0,0.00531617235590387,0
2025-04-12 06:00:00+00:00,3.574,3.574,3.574,3.574,0.0,0.0,0.0,0.5910498170559997,1.7364076288072905,0.0,0.0,0.5099704432569199,0.5732216554517543,0.0,0.0,0.014269725797425803,0
2025-04-12 07:00:00+00:00,3.574,3.574,3.574,3.574,0.0,0.0,0.0,0.3087285994948008,1.7364076288072905,0.0,0.0,0.5026729827613046,0.5732216554517543,0.0,0.0,0.027979854504756707,0
2025-04-12 08:00:00+00:00,3.584,3.603,3.584,3.603,81.28,0.0080814150287199,0.8114157806379474,1.8947963800905132,3.2378223495701963,1.3942777090584146,0.0,0.3915286998914296,0.5702569546559307,0.5273383290237786,0.0,0.033860671662503394,0
2025-04-12 09:00:00+00:00,3.578,3.593,3.578,3.593,6.13,-0.0027793236345745,-0.2775464890369172,1.6119909502262386,2.9512893982807986,0.106985470568402,0.0,0.4482733525520139,0.5758649265199107,0.4174784301649134,0.0,0.04397439465627606,0
2025-04-12 10:00:00+00:00,3.593,3.593,3.593,3.593,0.0,0.0,0.0,0.8136924803591405,1.4971751412429457,0.0,0.0,0.3740021219552895,0.5049425519603153,0.0,0.0,0.028666852212635652,0
2025-04-12 11:00:00+00:00,3.593,3.593,3.593,3.593,0.0,0.0,0.0,0.531617235590387,2.1609326130224593,0.0,0.0,0.369725699783363,0.4818858488183717,0.0,0.0,0.029223490119677065,0
2025-04-12 12:00:00+00:00,3.594,3.63,3.554,3.625,96.45,0.0088667801752564,0.8906206512663495,1.4269725797425803,3.0707989764003463,1.7571906811184952,0.1377410467940077,0.4861979277689556,0.5080393163455516,2.096551723559574,0.1379310344447057,0.021793103448275897,0
2025-04-12 13:00:00+00:00,3.625,3.678,3.624,3.674,168.93,0.0134266984862957,1.351724137931032,2.7979854504756707,3.609701071630011,2.830636039888337,0.1087547579910945,0.6403291089232038,0.5485964963272014,1.4697876969325516,0.108873162735745,0.00653238976592263,0
2025-04-12 14:00:00+00:00,3.68,3.73,3.632,3.725,294.37,0.013785865038589,1.3881328252585812,3.386067166250339,5.8238636363636465,4.140103724047371,0.1340482573367134,0.7373676354685733,0.5698896861656504,2.6308724825151986,0.1342281878834258,0.0,0
2025-04-12 15:00:00+00:00,3.734,3.751,3.715,3.751,13.54,0.0069556192682274,0.6979865771812088,4.397439465627606,6.351006521122771,0.1929874572378422,0.0,0.6142617209357423,0.5774556197197491,0.9597440679926044,0.0,-0.006931484937349963,0
2025-04-12 16:00:00+00:00,3.716,3.716,3.696,3.696,5.54,-0.0147713173203124,-1.4662756598240343,2.866685221263565,4.171364148816248,0.082359281213352,0.5382131322555943,1.079240110765435,0.6718845788495276,0.5411255409791331,0.0,0.010281385281385225,0
2025-04-12 17:00:00+00:00,3.699,3.699,3.698,3.698,40.27,0.0005409791854952,0.0541125541125397,2.9223490119677065,3.2384142936906724,0.6840205528781007,0.0270343335963651,1.074734208141256,0.6510478351461267,0.0270416441246477,0.0,0.0021633315305571443,0
2025-04-12 18:00:00+00:00,3.704,3.704,3.704,3.704,4.76,0.0016211838189999,0.1622498647917858,2.1793103448275897,4.103428892636329,0.0835313644757684,0.0,1.0605228639930206,0.6280603200683167,0.0,0.0,0.0005399568034556435,0
2025-04-12 19:00:00+00:00,3.711,3.711,3.698,3.698,47.2,-0.0016211838189999,-0.1619870410367263,0.653238976592263,3.701626472237795,0.8868221423539903,0.3503098894232498,0.9540501293548628,0.6314847811973412,0.3515413736204566,0.0,-0.0005408328826391751,0
2025-04-12 20:00:00+00:00,3.725,3.725,3.725,3.725,1.44,0.0072747188665898,0.730124391563014,0.0,4.752530933633303,0.0277481151991056,0.0,0.8062792590646646,0.6350065415932472,0.0,0.0,-0.013154362416107346,0
2025-04-12 21:00:00+00:00,3.725,3.725,3.725,3.725,0.0,0.0,0.0,-0.6931484937349963,4.312517502100244,0.0,0.0,0.7329379816787219,0.634263202775039,0.0,0.0,-0.013154362416107346,0
2025-04-12 22:00:00+00:00,3.732,3.734,3.724,3.734,122.91,0.002413193288008,0.2416107382550381,1.0281385281385225,4.9761034579701935,2.370853794731677,0.0,0.3061235018346304,0.6226424359062591,0.2678093196926002,0.0,-0.022228173540439267,0
2025-04-12 23:00:00+00:00,3.732,3.732,3.706,3.706,129.88,-0.0075269172563628,-0.7498660953401237,0.2163331530557144,4.306220095693791,2.889459486953581,0.6966773845936085,0.489648194677802,0.6498361762307238,0.7015650294922988,0.0,-0.01780895844576358,0
2025-04-13 00:00:00+00:00,3.706,3.706,3.706,3.706,0.0,0.0,0.0,0.0539956803455643,4.306220095693791,0.0,0.0,0.4857554750944491,0.6498361762307238,0.0,0.0,-0.01780895844576358,0
2025-04-13 01:00:00+00:00,3.717,3.717,3.696,3.696,7.24,-0.0027019740837302,-0.2698327037236825,-0.0540832882639175,3.7328094302554016,0.1620819924407537,0.5649717512604301,0.495280541417287,0.6556653423645018,0.5681818180280869,0.0,-0.015151515151515138,0
2025-04-13 02:00:00+00:00,3.744,3.744,3.676,3.676,117.26,-0.0054259492859971,-0.5411255411255422,-1.3154362416107346,3.959276018099555,2.418500726125965,1.816239315754211,0.3741551481986116,0.6438617354632432,1.8498367786045071,0.0,-0.0032644178454842576,0
2025-04-13 03:00:00+00:00,3.676,3.676,3.676,3.676,0.0,0.0,0.0,-1.3154362416107346,3.959276018099555,0.0,0.0,0.3741551481986116,0.6438617354632432,0.0,0.0,0.010337323177366686,0
2025-04-13 04:00:00+00:00,3.667,3.67,3.651,3.651,161.51,-0.0068241018199408,-0.6800870511425527,-2.2228173540439267,2.441077441077444,2.9640527623237336,0.517711171521063,0.3339080603631951,0.6515619994687533,0.5204053682496871,0.0821692686710057,0.025472473294987807,0
2025-04-13 05:00:00+00:00,3.648,3.648,3.64,3.64,21.36,-0.0030174210248504,-0.3012873185428533,-1.780895844576358,1.8466703973139431,0.388343042407357,0.2192982455539206,0.2778415088406153,0.6554005726069272,0.2197802197198407,0.0,0.020879120879120805,0
2025-04-13 06:00:00+00:00,3.64,3.64,3.64,3.64,0.0,0.0,0.0,-1.780895844576358,1.8466703973139431,0.0,0.0,0.2778415088406153,0.6554005726069272,0.0,0.0,0.028571428571428692,0
2025-04-13 07:00:00+00:00,3.64,3.64,3.64,3.64,0.0,0.0,0.0,-1.5151515151515138,1.8466703973139431,0.0,0.0,0.3041869054828338,0.6554005726069272,0.0,0.0,0.0030219780219780112,0
2025-04-13 08:00:00+00:00,3.636,3.665,3.631,3.664,81.53,0.0065717651632345,0.659340659340657,-0.3264417845484257,1.6930335831251808,1.48200436255183,0.0272851295969178,0.4406345578098735,0.6487615829454823,0.9279475980000212,0.0272925764117621,0.005458515283842891,0
2025-04-13 09:00:00+00:00,3.669,3.714,3.669,3.714,61.66,0.0135540161186301,1.3646288209606894,1.0337323177366686,3.367659337600881,1.0755823672451112,0.0,0.7279354142525291,0.6947224796565096,1.2116316636479163,0.0,-0.007808292945611139,0
2025-04-13 10:00:00+00:00,3.715,3.751,3.712,3.744,235.55,0.0080450956848316,0.8077544426494443,2.5472473294987807,4.202616198163112,3.5082536923891037,0.1866169021096642,0.6249455233128176,0.7070733986110905,1.0416666663884355,0.1869658119158657,-0.010149572649572725,0
2025-04-13 11:00:00+00:00,3.755,3.755,3.716,3.716,112.12,-0.0075067376637535,-0.7478632478632452,2.0879120879120805,3.4233231283050447,1.56126995913162,1.0386151794837164,0.7440515435282669,0.731183402756397,1.0495156078984,0.0,0.01829924650161452,0
2025-04-13 12:00:00+00:00,3.745,3.745,3.744,3.744,2.55,0.0075067376637535,0.753498385360607,2.857142857142869,3.282758620689652,0.0375547673685268,0.0267022696857908,0.7376433430083422,0.7256530163637586,0.0267094017022648,0.0,0.01388888888888884,0
2025-04-13 13:00:00+00:00,3.716,3.716,3.651,3.651,185.62,-0.0251534559418459,-2.4839743589743724,0.3021978021978011,-0.6260206859009299,2.7059788253336587,1.7491926798306905,1.4390997948712492,0.8610823174725748,1.780334154538402,0.0,0.01451657080251989,0
2025-04-13 14:00:00+00:00,3.679,3.693,3.679,3.684,83.37,0.0089980157195608,0.9038619556286154,0.5458515283842891,-1.1006711409395908,1.3940403118256983,0.2437043053767358,1.4627773885461264,0.8321835639387037,0.3800217154234532,0.2442996742007844,0.0059717698154180265,0
2025-04-13 15:00:00+00:00,3.677,3.686,3.667,3.685,177.48,0.0002714072482394,0.027144408251889,-0.7808292945611139,-1.7595307917888547,2.6634484914404104,0.0271296798624143,1.327342148993849,0.8173350919233746,0.5156037990459726,0.027137042055048,-0.007869742198100438,0
2025-04-13 16:00:00+00:00,3.706,3.706,3.706,3.706,2.28,0.005682602221868,0.5698778833107099,-1.0149572649572725,0.2705627705627655,0.0342859291093159,0.0,1.2972151852491394,0.7699268008715421,0.0,0.0,-0.01888828926065833,0
2025-04-13 17:00:00+00:00,3.728,3.784,3.715,3.784,403.16,0.0208285233264637,2.1046950890447835,1.829924650161452,2.3255813953488413,4.939475618660383,0.0,1.5371394148942248,0.8785432803791747,1.8234672299620849,0.0,-0.03937632135306557,0
2025-04-13 18:00:00+00:00,3.792,3.813,3.745,3.796,295.03,0.0031662295580495,0.3171247357293794,1.388888888888884,2.483801295896315,3.148175977557941,0.4458431679921824,1.5219522771417462,0.8796158743960524,1.7913593251339954,0.4478398312835076,-0.021338250790305602,0
2025-04-13 19:00:00+00:00,3.775,3.775,3.658,3.704,3904.67,-0.0245345639637484,-2.4236037934668,1.451657080251989,0.1622498647917858,15.345981901548107,1.880794701488524,1.4996722886472582,1.0223275905470035,3.158747299363189,0.0,-0.0075593952483801186,0
2025-04-13 20:00:00+00:00,3.725,3.754,3.706,3.706,16.2,0.000539811079235,0.0539956803455643,0.5971769815418027,-0.5100671140939594,0.0635150897344186,1.2786361211298265,1.4646131754921006,1.0108634484521948,1.295196977524233,0.7825148405875544,0.007015650296815945,0
2025-04-13 21:00:00+00:00,3.695,3.705,3.643,3.656,189.84,-0.0135834742712644,-1.349163518618457,-0.7869742198100438,-1.8523489932885884,0.721914304996922,1.3225371116538345,1.5827112159631431,1.046999358239418,1.6958424503020195,0.2735229758551696,0.010667396061269097,0
2025-04-13 22:00:00+00:00,3.652,3.689,3.626,3.636,93.88,-0.0054854772766712,-0.5470459518599591,-1.888828926065833,-2.6245313336904053,0.3586519987442901,1.436703713354104,1.5492486569361494,1.0489411035989114,1.7326732668502045,1.0176017598961469,0.02447744774477445,0
2025-04-13 23:00:00+00:00,3.652,3.652,3.635,3.635,12.44,-0.0002750653297497,-0.0275027502750324,-3.937632135306557,-1.915812196438216,0.0484301877608723,0.4654983569371677,1.0563767938234987,1.040054452070122,0.4676753781382006,0.0,0.01678129298486941,0
2025-04-14 00:00:00+00:00,3.671,3.745,3.664,3.715,142.95,0.0217695671842398,2.2008253094910613,-2.13382507903056,0.2428494333513109,0.5439066537703038,0.8010680905738202,1.557747578272401,1.137732434896737,2.1803499321183435,0.8075370118956898,-0.012920592193808922,0
2025-04-14 01:00:00+00:00,3.695,3.695,3.676,3.676,4.94,-0.0105534736762817,-1.0497981157469582,-0.7559395248380119,-0.5411255411255422,0.0188029308211293,0.5142083895766604,1.2575067224505216,1.1572633178190972,0.5168661587277209,0.0,-0.007344940152339552,0
2025-04-14 02:00:00+00:00,3.667,3.754,3.666,3.732,54.55,0.0151190784916568,1.5233949945593128,0.7015650296815945,1.5233949945593128,0.2097172853361237,0.5860415555178311,1.4285707892660526,1.1925752486792789,2.3579849940091164,0.5894962485022731,-0.02224008574490899,0
2025-04-14 03:00:00+00:00,3.716,3.716,3.695,3.695,14.24,-0.0099637285849324,-0.9914255091104108,1.0667396061269097,0.5168661588683232,0.0546210361948574,0.565123788868383,1.359818519512241,1.2120473318247116,0.5683355884794856,0.0,-0.007577807848443863,0
2025-04-14 04:00:00+00:00,3.694,3.725,3.694,3.725,30.51,0.0080862974313578,0.8119079837618504,2.447744774477445,2.0268419611065625,0.1195312385216826,0.0,1.3275158643163807,1.2126123260713622,0.8322147648772614,0.0,0.002416107382550381,0
2025-04-14 05:00:00+00:00,3.728,3.728,3.696,3.696,40.34,-0.007815698052085,-0.7785234899328808,1.6781292984869411,1.538461538461533,0.1575547892477218,0.8583690984821979,1.4095857745498357,1.223151723097846,0.8658008655666131,0.0,0.022727272727272707,0
2025-04-14 06:00:00+00:00,3.695,3.695,3.667,3.667,91.65,-0.0078772646902489,-0.784632034632049,-1.2920592193808922,0.7417582417582391,0.3526944341097552,0.7577807846393022,1.0950574837929934,1.2354401266236528,0.763566948251005,0.0,0.03081538041996179,0
2025-04-14 07:00:00+00:00,3.666,3.666,3.64,3.649,24.45,-0.0049207316348783,-0.4908644668666473,-0.7344940152339552,0.2472527472527463,0.093722897742976,0.463720676360139,1.0310604410079087,1.2400479374225468,0.712523978977105,0.0,0.015894765689229873,0
2025-04-14 08:00:00+00:00,3.649,3.649,3.649,3.649,0.0,0.0,0.0,-2.224008574490899,-0.4093886462882112,0.0,0.0,0.6748417202866938,1.23237456195296,0.0,0.0,0.03836667580158948,0
2025-04-14 09:00:00+00:00,3.667,3.667,3.667,3.667,7.14,0.0049207316348782,0.4932858317347133,-0.7577807848443863,-1.2654819601507827,0.0279773255660981,0.0,0.6742525955596244,1.2028161823792718,0.0,0.0,0.005726752113444311,0
2025-04-14 10:00:00+00:00,3.687,3.734,3.687,3.734,29.28,0.018106156030342,1.827106626670316,0.2416107382550381,-0.2670940170940272,0.1187289754991646,0.0,0.9984246964501688,1.2505882033733442,1.2587038025552522,0.0,-0.013122656668452026,0
2025-04-14 11:00:00+00:00,3.744,3.781,3.744,3.78,522.62,0.0122439645119655,1.2319228709159136,2.2727272727272707,1.7222820236813652,1.9817512193428288,0.026448029614807,1.0040463237514068,1.2647124990159715,0.9788359785770254,0.0264550264480366,-0.014550264550264425,0
2025-04-14 12:00:00+00:00,3.78,3.78,3.78,3.78,0.0,0.0,0.0,3.081538041996179,0.961538461538458,0.0,0.0,0.8633112030489545,1.2564317753977885,0.0,0.0,-0.021428571428571463,0
2025-04-14 13:00:00+00:00,3.723,3.735,3.704,3.707,55.93,-0.019501085462901,-1.931216931216928,1.5894765689229873,1.5338263489454995,0.2166097838444398,0.7496653277778681,1.2967697535404918,1.210925825353821,0.8362557321725691,0.3237118963248689,-0.0021580793094145845,0
2025-04-14 14:00:00+00:00,3.729,3.789,3.729,3.789,89.14,0.0218792078678686,2.2120312921499963,3.836667580158948,2.8501628664495016,0.3449067505855048,0.0,1.4998082163819215,1.2763854226547453,1.583531274324749,0.0,-0.019794140934283444,0
2025-04-14 15:00:00+00:00,3.755,3.764,3.688,3.688,264.94,-0.0270178263421163,-2.665610979150168,0.5726752113444311,0.0814111261872474,1.0108709130701727,2.0191285860735477,2.030402794984688,1.400285153814335,2.060737526556189,0.2440347070921786,-0.0016268980477224249,0
2025-04-14 16:00:00+00:00,3.713,3.713,3.685,3.685,179.65,-0.0008137800530474,-0.0813449023861156,-1.3122656668452026,-0.5666486778197477,0.6666512048587179,0.7541071907476151,1.8495675254215056,1.395160726618678,0.7598371775414288,0.0,0.0016282225237449488,0
2025-04-14 17:00:00+00:00,3.708,3.725,3.708,3.725,15.27,0.0107963261902228,1.085481682496603,-1.4550264550264425,-1.559196617336145,0.0602796866927679,0.0,1.8277705159352349,1.34336985870767,0.4563758388036549,0.0,-0.0134228187919464,0
2025-04-14 18:00:00+00:00,3.745,3.745,3.699,3.699,34.72,-0.007004338981206,-0.6979865771812199,-2.1428571428571463,-2.555321390937826,0.1431912498812691,1.228304405546521,1.8314121688031333,1.346829550294461,1.2435793454329405,0.0,-0.006488240064882356,0
2025-04-14 19:00:00+00:00,3.699,3.699,3.699,3.699,0.0,0.0,0.0,-0.2158079309414584,-0.1349892008639441,0.0,0.0,1.65781087144757,1.2507358901912125,0.0,0.0,-0.0048661800486617945,0
2025-04-14 20:00:00+00:00,3.716,3.718,3.711,3.714,443.41,0.004046950080197,0.4055150040551458,-1.9794140934283444,0.2158661629789504,4.544124617249718,0.1075847229404022,1.30077408027049,1.2535083479329658,0.1884760365674571,0.0538502961621237,-0.019116855142703337,0
2025-04-14 21:00:00+00:00,3.705,3.718,3.682,3.682,481.6,-0.0086533801196279,-0.8616047388260606,-0.1626898047722424,0.7111597374179324,4.388738063104312,0.9682625064636204,0.7170782419849068,1.2340148104078317,0.9777294945742188,0.3530689841517982,0.0005431830526887449,0
2025-04-14 22:00:00+00:00,3.714,3.714,3.691,3.691,5.91,0.0024413412369754,0.2444323737099463,0.1628222523744948,1.5126512651264967,0.055717922126372,0.6192784058644951,0.7244297483955139,1.2284655300094285,0.6231373609799176,0.0,-0.0018965050121917404,0
2025-04-14 23:00:00+00:00,3.691,3.691,3.675,3.675,39.82,-0.0043442913830614,-0.4334868599295549,-1.34228187919464,1.1004126547455195,0.371417689440233,0.4334868598121145,0.5190680187544092,1.2325639015555865,0.4353741495413951,0.0,0.002448979591836764,0
2025-04-15 00:00:00+00:00,3.673,3.675,3.659,3.675,67.49,0.0,0.0,-0.6488240064882356,-1.076716016150736,0.6485265855158693,0.0,0.4669685257832279,1.1459541466846668,0.4353741495413951,0.0,-0.005170068027210761,0
2025-04-15 01:00:00+00:00,3.66,3.742,3.66,3.681,56.92,0.001631321732084,0.1632653061224509,-0.4866180048661794,0.1360174102285061,0.5358058974368878,1.630144307421125,0.4791390375463039,1.1260698342932638,2.227655527783844,1.6571583804245682,0.011138277641945082,0
2025-04-15 02:00:00+00:00,3.66,3.66,3.643,3.643,27.61,-0.0103769363704574,-1.032328171692487,-1.9116855142703335,-2.3847802786709615,0.2626771953166903,0.4644808741900421,0.5439886794185383,1.0976998622263423,0.4666483666026315,0.0,0.021685424101015593,0
2025-04-15 03:00:00+00:00,3.664,3.689,3.632,3.684,957.42,0.0111916003666338,1.1254460609388062,0.0543183052688744,-0.297699594045997,6.629911536040788,0.1355380861654788,0.721633985497148,1.1075341664554377,1.5472312699383175,0.1357220412226567,0.010857763300760048,0
2025-04-15 04:00:00+00:00,3.684,3.684,3.684,3.684,0.0,0.0,0.0,-0.189650501219174,-1.1006711409395908,0.0,0.0,0.712553452531998,1.0936837749578103,0.0,0.0,-0.010857763300760048,0
2025-04-15 05:00:00+00:00,3.684,3.684,3.684,3.684,0.0,0.0,0.0,0.2448979591836764,-0.3246753246753275,0.0,0.0,0.6849770751872776,1.082410718132293,0.0,0.0,-0.010857763300760048,0
2025-04-15 06:00:00+00:00,3.656,3.656,3.656,3.656,1.84,-0.0076294648011568,-0.7600434310532034,-0.5170068027210761,-0.2999727297518295,0.0133609265511138,0.0,0.7606899434926601,1.081651684752344,0.0,0.0,-0.003282275711159688,0
2025-04-15 07:00:00+00:00,3.686,3.725,3.686,3.722,56.32,0.0178915046281553,1.8052516411378503,1.1138277641945082,2.000548095368604,0.4050547942302823,0.0805369127300602,1.0870128827356538,1.136518719240125,1.047823750390164,0.0806018269530923,-0.004836109618484685,0
2025-04-15 08:00:00+00:00,3.722,3.722,3.722,3.722,0.0,0.0,0.0,2.1685424101015593,2.000548095368604,0.0,0.0,0.9239662441722264,1.136518719240125,0.0,0.0,-0.028479312197743134,0
2025-04-15 09:00:00+00:00,3.705,3.726,3.705,3.724,20.89,0.0005372011947616,0.0537345513164977,1.0857763300760048,1.5544041450777255,0.1496248634635544,0.0536768652566562,0.8475446753542942,1.1331683424099228,0.5639097742846618,0.0537056927890097,-0.036251342642320106,0
2025-04-15 10:00:00+00:00,3.696,3.696,3.644,3.644,63.79,-0.0217163800171087,-2.148227712137485,-1.0857763300760048,-2.4102838778789493,0.4522389514603317,1.4069264065457463,1.288674070411319,1.1576289050985706,1.42700329269292,0.0,-0.01207464324917673,0
2025-04-15 11:00:00+00:00,3.644,3.644,3.644,3.644,0.0,0.0,0.0,-1.0857763300760048,-3.597883597883589,0.0,0.0,1.288674070411319,1.123113988062235,0.0,0.0,-0.01975850713501648,0
2025-04-15 12:00:00+00:00,3.644,3.644,3.644,3.644,0.0,0.0,0.0,-0.3282275711159688,-3.597883597883589,0.0,0.0,1.2571350103277812,1.123113988062235,0.0,0.0,-0.012349066959385313,0
2025-04-15 13:00:00+00:00,3.684,3.73,3.684,3.704,6.25,0.0163313373862211,1.6465422612513825,-0.4836109618484685,-0.0809279741030399,0.0533240430995916,0.6970509381509193,1.2121760591834427,1.111896494014043,1.2419006476128729,0.7019438443029256,-0.0283477321814255,0
2025-04-15 14:00:00+00:00,3.676,3.676,3.616,3.616,74.19,-0.0240448742540029,-2.3758099352051865,-2.8479312197743134,-4.565848508841386,0.6363597375250988,1.6322089222980949,1.5346835514590167,1.1135536047511296,1.6592920349393565,0.0,-0.015763274336283217,0
2025-04-15 15:00:00+00:00,3.611,3.611,3.588,3.589,290.46,-0.0074948303644598,-0.7466814159292068,-3.6251342642320106,-2.6843817787418733,2.468883253743765,0.6092495152009898,1.5135406890565193,0.9865098678707104,0.6408470324210549,0.0,-0.00529395374756203,0
2025-04-15 16:00:00+00:00,3.666,3.666,3.6,3.6,2.65,0.0030602332965941,0.3064920590693853,-1.207464324917673,-2.3066485753052923,0.0240311952116797,1.8003273317511337,1.3310220702266924,0.9902186761515036,1.8333333328240695,0.0,-0.02083333333333337,0
2025-04-15 17:00:00+00:00,3.585,3.585,3.572,3.572,49.45,-0.0078081824478116,-0.7777777777777772,-1.975850713501648,-4.10738255033557,0.4427135790824081,0.362622036161051,1.3453609339310213,0.9666235280702058,0.3639417692150191,0.0,-0.014277715565509608,0
2025-04-15 18:00:00+00:00,3.572,3.599,3.566,3.599,393.16,0.007530366082641,0.755879059350506,-1.2349066959385313,-2.7034333603676575,3.104732197476124,0.0,1.4158715726120916,0.977724484243463,0.9169213667916408,0.0,-0.022506251736593597,0
2025-04-15 19:00:00+00:00,3.599,3.599,3.599,3.599,0.0,0.0,0.0,-2.83477321814255,-2.7034333603676575,0.0,0.0,1.1167249872164684,0.977724484243463,0.0,0.0,-0.01528202278410673,0
2025-04-15 20:00:00+00:00,3.556,3.559,3.556,3.559,17.46,-0.0111764225688379,-1.1114198388441188,-1.5763274336283215,-4.17339795368874,0.1603532792736006,0.0,0.7294493900927506,0.9918765584155156,0.0842933408023933,0.0,0.0,0
2025-04-15 21:00:00+00:00,3.58,3.584,3.57,3.57,112.7,0.0030859892634919,0.3090755830289282,-0.529395374756203,-3.041825095057038,1.2051703626343166,0.3906249998910152,0.716629703320302,0.985412749137306,0.3921568626352567,0.1120448178957858,-0.001680672268907557,0
2025-04-15 22:00:00+00:00,3.555,3.555,3.525,3.525,78.25,-0.0126851595273156,-1.2605042016806678,-2.083333333333337,-4.49742617176917,0.810646315608414,0.8438818563027124,0.8235882588689724,1.0086298590034637,0.8510638295458046,0.0,0.003120567375886507,0
2025-04-15 23:00:00+00:00,3.525,3.525,3.521,3.521,335.78,-0.0011353960913165,-0.1134751773049669,-1.4277715565509608,-4.190476190476189,3.0845240236566105,0.1134751772727731,0.7985956533945973,1.0073989679116613,0.1136040897149662,0.0,-0.0011360408974723235,0
2025-04-16 00:00:00+00:00,3.519,3.53,3.511,3.518,99.64,-0.000852393857549,-0.0852030673104242,-2.2506251736593597,-4.272108843537414,0.9041810660918108,0.339943342679903,0.6496195661583959,1.006892914946708,0.5400795905229928,0.3126776576712024,0.007674815235929611,0
2025-04-16 01:00:00+00:00,3.546,3.549,3.544,3.544,16.14,0.0073633864274682,0.7390562819784119,-1.528202278410673,-3.721814724259709,0.1487557603672925,0.1408847562296716,0.7900095375462477,1.0221165820669422,0.1410835214048831,0.0846501128429348,-0.008182844243792342,0
2025-04-16 02:00:00+00:00,3.559,3.559,3.559,3.559,67.62,0.0042235737852212,0.4232505643340989,0.0,-2.3057919297282403,0.6137949553841585,0.0,0.6993001311880812,1.0108723407521494,0.0,0.0,-0.005338578252318094,0
2025-04-16 03:00:00+00:00,3.564,3.564,3.564,3.564,1.93,0.0014039030805072,0.1404889013767896,-0.1680672268907557,-3.2573289902280145,0.0274323075825821,0.0,0.6877301532971672,0.978904630382146,0.0,0.0,-0.021043771043771087,0
2025-04-16 04:00:00+00:00,3.536,3.536,3.536,3.536,2.28,-0.0078873648331658,-0.7856341189674487,0.3120567375886507,-4.017372421281218,0.0323633782820104,0.0,0.5227566598749858,0.9872749080934122,0.0,0.0,-0.013291855203619973,0
2025-04-16 05:00:00+00:00,3.517,3.517,3.517,3.517,2.28,-0.0053877912835515,-0.5373303167420795,-0.1136040897472323,-4.533116178067321,0.0323197958745152,0.0,0.5758107857714505,0.9893445727142164,0.0,0.0,0.0031276656241114864,0
2025-04-16 06:00:00+00:00,3.545,3.545,3.545,3.545,2.28,0.0079298064922454,0.7961330679556511,0.7674815235929611,-3.036105032822767,0.0323113987429876,0.0,0.6609195348605601,1.001299740038541,0.0,0.0,-0.006770098730606522,0
2025-04-16 07:00:00+00:00,3.52,3.52,3.515,3.515,54.34,-0.0084986347214625,-0.8462623413258097,-0.8182844243792342,-5.561526061257382,0.7709897489751919,0.1420454545050976,0.6854270623630765,0.923434346484885,0.1422475106280915,0.0,0.0025604551920341834,0
2025-04-16 08:00:00+00:00,3.515,3.544,3.489,3.54,156.67,0.0070872018830548,0.7112375533428139,-0.5338578252318094,-4.889844169801183,2.0344441378150604,0.112866817123909,0.739961165877618,0.9425248161602764,1.5536723159452948,0.1129943502505666,0.007627118644067732,0
2025-04-16 09:00:00+00:00,3.53,3.53,3.489,3.489,24.78,-0.014511564941046,-1.4406779661017,-2.1043771043771087,-6.31041890440388,0.3211057718224143,1.1614730874896655,0.907492100329526,0.973831755992476,1.1751218110704702,0.0,0.03009458297506451,0
2025-04-16 10:00:00+00:00,3.489,3.489,3.489,3.489,0.0,0.0,0.0,-1.329185520361997,-4.253567508232714,0.0,0.0,0.8889421614383037,0.8865938187373844,0.0,0.0,0.01347090856979083,0
2025-04-16 11:00:00+00:00,3.502,3.531,3.502,3.528,173.8,0.0111159759399079,1.1177987962166958,0.3127665624111486,-3.183315038419321,2.1258746960919512,0.0849617671806994,1.0177054529362677,0.9246839262335544,0.8219954646196259,0.0850340135813427,-0.014172335600907027,0
2025-04-16 12:00:00+00:00,3.521,3.521,3.521,3.521,2.84,-0.0019860979716294,-0.1984126984126977,-0.6770098730606522,-3.3754116355653174,0.0346879055442466,0.0,0.95169235206158,0.924313784238967,0.0,0.0,0.009372337404146558,0
2025-04-16 13:00:00+00:00,3.497,3.524,3.487,3.524,9.26,0.0008516679010177,0.0852030673104353,0.2560455192034183,-4.859611231101512,0.1129291245743255,0.0,0.8808619960517277,0.8456419256805496,1.049943246013067,0.0,0.017026106696935273,0
2025-04-16 14:00:00+00:00,3.514,3.567,3.514,3.567,10.18,0.0121281983028213,1.2202043132803595,0.7627118644067732,-1.3550884955752185,0.128322697548213,0.0,0.9760035870521424,0.7545049284089672,1.485842444214801,0.0,0.0036445192038125906,0
2025-04-16 15:00:00+00:00,3.576,3.607,3.551,3.594,259.31,0.0075408819846126,0.7569386038687842,3.009458297506451,0.1393145723042499,3.3230670653140995,0.3604103131798237,0.6093707154005142,0.7569120416344411,1.55815247591593,0.3617139676233502,0.0027824151363384786,0
2025-04-16 16:00:00+00:00,3.556,3.57,3.536,3.536,95.87,-0.0162696435859702,-1.6138007790762354,1.347090856979083,-1.777777777777778,1.1703238013712536,0.9523809521141736,1.064943622573111,0.8234911755953607,0.9615384612665278,0.3959276016979783,0.017251131221719396,0
2025-04-16 17:00:00+00:00,3.564,3.584,3.478,3.478,140.82,-0.0165387288433056,-1.640271493212664,-1.417233560090703,-2.631578947368418,1.6427026475099882,2.9575892848890617,1.1940706414715432,0.8737854072056329,3.0477285787671815,0.5750431280692808,0.019263944795859578,0
2025-04-16 18:00:00+00:00,3.49,3.561,3.49,3.554,233.11,0.0216163138003681,2.18516388729153,0.9372337404146558,-1.2503473186996517,2.948675514103551,0.1965739960133214,1.5463991949419338,0.97571545219568,1.997749014632027,0.1969611704566827,-0.002532357906584126,0
2025-04-16 19:00:00+00:00,3.545,3.584,3.517,3.584,115.19,0.0084057653802245,0.8441193021947235,1.7026106696935273,-0.4167824395665542,1.373673932794558,0.0,1.5700994322585926,0.992619281974454,1.8694196423355465,0.0,0.0,0
2025-04-16 20:00:00+00:00,3.593,3.598,3.58,3.58,21.81,-0.001116694700075,-0.1116071428571396,0.364451920381259,0.5900533857825296,0.2595295704225195,0.5002779320454979,1.5046986170658532,0.9649945301951464,0.5027932959489346,0.1396648044302582,-0.006703910614525133,0
2025-04-16 21:00:00+00:00,3.567,3.615,3.565,3.604,147.44,0.0066815393334826,0.6703910614525244,0.2782415136338478,0.952380952380949,1.724763845136334,0.304287690095636,1.497168005532706,0.9723596166417744,1.3873473914019645,0.3052164261084338,-0.01803551609322973,0
2025-04-16 22:00:00+00:00,3.597,3.597,3.597,3.597,1.35,-0.0019441750326046,-0.1942286348501687,1.7251131221719396,2.04255319148936,0.0164073894018424,0.0,1.2746476696175968,0.933480321640685,0.0,0.0,-0.003614122880177928,0
2025-04-16 23:00:00+00:00,3.575,3.575,3.545,3.545,4.93,-0.014562004729396,-1.4456491520711712,1.9263944795859576,0.6816245384833941,0.071976494490606,0.8391608389261158,1.2157010774814605,0.9846786399362424,0.8462623410870981,0.0,0.02172073342736236,0
2025-04-17 00:00:00+00:00,3.545,3.545,3.545,3.545,0.0,0.0,0.0,-0.2532357906584126,0.7674815235929611,0.0,0.0,0.8140112356108102,0.9844049783789997,0.0,0.0,0.03808180535966166,0
2025-04-17 01:00:00+00:00,3.584,3.584,3.584,3.584,2.28,0.0109413351285932,1.100141043723557,0.0,1.1286681715575675,0.0357560589917091,0.0,0.8734238233648073,0.9981510333905916,0.0,0.0,0.02008928571428581,0
2025-04-17 02:00:00+00:00,3.576,3.576,3.556,3.556,220.58,-0.0078431774610258,-0.78125,-0.6703910614525133,-0.0842933408260804,3.1449091977951573,0.5592841161746973,0.931839132955548,1.008744038474756,0.5624296961298009,0.0,0.022497187851518552,0
2025-04-17 03:00:00+00:00,3.54,3.54,3.539,3.539,47.7,-0.0047921162883318,-0.4780652418447717,-1.803551609322973,-0.7014590347923622,0.6620785379585392,0.0282485875626385,0.8541860660378635,1.012821464875863,0.0282565696444567,0.0,0.028821701045492976,0
2025-04-17 04:00:00+00:00,3.584,3.584,3.584,3.584,1.89,0.0126352937493576,1.271545634359983,-0.3614122880177928,1.3574660633484117,0.0262392188391171,0.0,1.0711772782759892,1.0323646536490212,0.0,0.0,0.010881696428571397,0
2025-04-17 05:00:00+00:00,3.596,3.622,3.596,3.622,66.44,0.0105468643485376,1.0602678571428603,2.172073342736236,2.98549900483367,0.8893896378313288,0.0,0.8923256152994232,1.043616318147001,0.7178354498294159,0.0,0.008282716731087936,0
2025-04-17 06:00:00+00:00,3.63,3.68,3.626,3.68,129.93,0.0158863927196179,1.6013252346769755,3.808180535966166,3.808180535966166,1.6236852518906504,0.0,0.9946326671868622,1.077913203272724,1.4673913039490858,0.0,-0.012771739130434834,0
2025-04-17 07:00:00+00:00,3.683,3.694,3.656,3.656,75.83,-0.0065430985889359,-0.6521739130434745,2.008928571428581,4.011379800853487,0.9371321465788068,1.0286951810967206,1.0813140330080864,1.070696279863962,1.0393873082496154,0.3008752734406829,-0.006291028446389513,0
2025-04-17 08:00:00+00:00,3.662,3.662,3.636,3.636,16.29,-0.0054854772766712,-0.5470459518599591,2.249718785151855,2.7118644067796627,0.217003491280003,0.7099945383096629,1.03598929736446,1.0736327971456845,0.7150715069540453,0.0,-0.016776677667766804,0
2025-04-17 09:00:00+00:00,3.635,3.641,3.635,3.641,50.97,0.001374192878064,0.1375137513751401,2.8821701045492976,4.356549154485534,0.6692562724906926,0.0,0.962802838881902,1.020772750653837,0.1647898928413163,0.0,-0.001922548750343367,0
2025-04-17 10:00:00+00:00,3.626,3.626,3.623,3.623,4.61,-0.0049559572803561,-0.4943696786597007,1.0881696428571397,3.840642017770146,0.0603788412100603,0.0827357969986848,0.941747048783012,1.029498976578168,0.0828043058010385,0.0,0.014076731990063429,0
2025-04-17 11:00:00+00:00,3.649,3.652,3.649,3.652,6.01,0.0079725508197818,0.8004416229643985,0.8282716731087936,3.5147392290249435,0.0866493656273551,0.0,0.8988344114712311,1.0187703402971835,0.0821467688712663,0.0,0.0021905805038335835,0
2025-04-17 12:00:00+00:00,3.636,3.636,3.626,3.633,6.98,-0.0052162094936571,-0.5202628696604594,-1.2771739130434834,3.1809145129224614,0.1003847121835057,0.0825082508023936,0.5702374569448266,1.025603068340195,0.2752546104389674,0.0,0.01156069364161838,0
2025-04-17 13:00:00+00:00,3.633,3.633,3.633,3.633,0.0,0.0,0.0,-0.6291028446389513,3.093076049943244,0.0,0.0,0.5304203561243281,1.0259139403898752,0.0,0.0,-0.005229837599779796,0
2025-04-17 14:00:00+00:00,3.615,3.615,3.575,3.575,58.78,-0.0160935770930938,-1.5964767409854086,-1.6776677667766804,0.2242781048500175,0.8258904526498013,1.1065006912568471,0.8105736107432512,1.057296299797866,1.118881118568146,0.0,0.022097902097901967,0
2025-04-17 15:00:00+00:00,3.604,3.634,3.604,3.634,37.81,0.0163687938280084,1.650349650349647,-0.1922548750343367,1.112966054535347,0.6104048109034927,0.0,1.1328330300002378,1.098871127850047,0.8255365985620374,0.0,0.0005503577325260967,0
2025-04-17 16:00:00+00:00,3.645,3.678,3.645,3.674,244.07,0.0109470168189544,1.100715465052282,1.407673199006343,3.902714932126683,3.583073365822541,0.1087547579910945,1.1874185959855397,1.0583948112516486,0.8982035925698933,0.108873162735745,-0.0157866086009798,0
2025-04-17 17:00:00+00:00,3.652,3.66,3.652,3.66,35.58,-0.0038178393796589,-0.3810560696788201,0.2190580503833583,5.232892466935013,0.5582708978847797,0.0,1.1728295067180363,0.9934958170498324,0.2185792349129566,0.0,-0.006557377049180357,0
2025-04-17 18:00:00+00:00,3.66,3.676,3.66,3.675,7390.45,0.004089985251525,0.4098360655737654,1.156069364161838,3.4046145188519894,20.418145902058495,0.0272034820383106,1.145479430421269,0.9044184875783516,0.4353741495413951,0.0272108843463462,-0.010612244897959089,0
2025-04-17 19:00:00+00:00,3.636,3.636,3.606,3.614,42.28,-0.0167379404947632,-1.6598639455782327,-0.5229837599779796,0.8370535714285587,0.1177987952181588,0.6050605058842035,1.3810560107263636,0.9633832990171052,0.8301051464222245,0.0,0.00830105146651916,0
2025-04-17 20:00:00+00:00,3.644,3.654,3.644,3.654,211.14,0.0110072657857782,1.106806862202547,2.2097902097901967,2.067039106145252,0.5756178904809066,0.0,1.217188199283413,0.9868732932707778,0.2736726873908883,0.0,-0.0008210180623974273,0
2025-04-17 21:00:00+00:00,3.65,3.65,3.636,3.636,5.0,-0.0049382816405825,-0.492610837438423,0.0550357732526096,0.8879023307436285,0.0138553729981488,0.3835616437305253,1.074053794988653,0.9855351096855592,0.385038503744483,0.0,0.004950495049504955,0
2025-04-17 22:00:00+00:00,3.639,3.639,3.616,3.616,76.21,-0.0055157337853023,-0.5500550055005493,-1.57866086009798,0.5282179594106262,0.209373883897334,0.6320417695432611,0.943642795662922,0.9918550344451712,0.6360619467267441,0.0,0.015486725663716783,0
2025-04-17 23:00:00+00:00,3.636,3.636,3.636,3.636,0.62,0.0055157337853022,0.5530973451327359,-0.6557377049180357,2.566995768688307,0.0017041842992812,0.0,0.9960582164380892,0.945342359026375,0.0,0.0,0.01127612761276131,0
2025-04-18 00:00:00+00:00,3.636,3.636,3.636,3.636,0.0,0.0,0.0,-1.0612244897959089,2.566995768688307,0.0,0.0,0.9670374461166136,0.945342359026375,0.0,0.0,0.013476347634763464,0
2025-04-18 01:00:00+00:00,3.648,3.648,3.644,3.644,33.43,0.0021978030824794,0.2200220022002152,0.830105146651916,1.6741071428571397,0.0915618651995757,0.1096491227769603,0.6321922817717394,0.9221538934580892,0.1097694840533015,0.0,0.005214050493962619,0
2025-04-18 02:00:00+00:00,3.633,3.651,3.633,3.651,30.49,0.0019191232757878,0.1920965971459853,-0.0821018062397427,2.671541057367821,0.0853612302578767,0.0,0.4327451884487292,0.9042258456024976,0.4930156120260103,0.0,0.009586414680909483,0
2025-04-18 03:00:00+00:00,3.634,3.654,3.634,3.654,2.92,0.0008213552823151,0.0821692686935104,0.4950495049504955,3.24950551003107,0.0082178962044767,0.0,0.3632360054395697,0.8955445742844428,0.5473453747817888,0.0,0.015325670498084198,0
2025-04-18 04:00:00+00:00,3.664,3.672,3.664,3.672,2.18,0.0049140148024291,0.4926108374384341,1.5486725663716785,2.4553571428571397,0.0061350700396871,0.0,0.2208897108931908,0.8665747377029142,0.2178649236879454,0.0,0.008714596949891185,0
2025-04-18 05:00:00+00:00,3.676,3.677,3.666,3.677,38.97,0.0013607295608908,0.13616557734204,1.127612761276131,1.518498067366103,0.1100258218582749,0.0,0.1687115769145212,0.8425781518074154,0.2991569213219622,0.0,0.010334511830296433,0
2025-04-18 06:00:00+00:00,3.685,3.685,3.685,3.685,2.66,0.002173323322165,0.217568670111512,1.3476347634763464,0.1358695652173835,0.0076242523837512,0.0,0.1417373133836403,0.7786806219082171,0.0,0.0,0.01601085481682496,0
2025-04-18 07:00:00+00:00,3.654,3.663,3.654,3.663,147.83,-0.0059880418446226,-0.5970149253731405,0.5214050493962619,0.1914660831509707,0.4201068525839189,0.0,0.3644975266276681,0.7767151961660649,0.2457002456331666,0.0,0.014742014742014753,0
2025-04-18 08:00:00+00:00,3.685,3.686,3.685,3.686,5.27,0.0062593754509542,0.6279006279006349,0.9586414680909484,1.3751375137513788,0.0149959806787602,0.0,0.427229459065388,0.7771264058277373,0.0271296798624143,0.0,0.00027129679869775103,0
2025-04-18 09:00:00+00:00,3.682,3.723,3.682,3.71,89.01,0.0064900173717123,0.6511123168746691,1.5325670498084198,1.89508376819556,0.252144045890012,0.3491807681038972,0.4675998495566807,0.7863917168323501,1.1051212935026609,0.3504043125740123,-0.006469002695417836,0
2025-04-18 10:00:00+00:00,3.704,3.704,3.704,3.704,2.69,-0.0016185598354108,-0.1617250673854431,0.8714596949891185,2.235716257245368,0.0076218540372234,0.0,0.4770816906032388,0.7787169921237367,0.0,0.0,-0.004859611231101568,0
2025-04-18 11:00:00+00:00,3.715,3.715,3.715,3.715,505.44,0.0029653613857894,0.2969762419006372,1.0334511830296431,1.725082146768897,1.3523764717388154,0.0,0.4809887020049242,0.7656011037233328,0.0,0.0,-0.007806191117092798,0
2025-04-18 12:00:00+00:00,3.726,3.744,3.725,3.744,32.77,0.0077758804456232,0.780619111709302,1.601085481682496,3.0553261767134687,0.0874294099335121,0.0,0.5421877077072556,0.7677857036456301,0.5074786323430913,0.0,-0.015491452991453047,0
2025-04-18 13:00:00+00:00,3.717,3.717,3.717,3.717,3.82,-0.0072376673002306,-0.7211538461538547,1.4742014742014753,2.3121387283236983,0.0101873231830224,0.0,0.5828671226979787,0.7869012865877113,0.0,0.0,-0.008340059187516902,0
2025-04-18 14:00:00+00:00,3.721,3.721,3.687,3.687,11.94,-0.0081037720631077,-0.8071025020177647,0.0271296798697751,3.132867132867112,0.0320086500203552,0.9137328672631796,0.6812348085844252,0.7262111457493063,0.9221589365548865,0.0,-0.0002712232167073614,0
2025-04-18 15:00:00+00:00,3.686,3.686,3.686,3.686,0.91,-0.0002712600043759,-0.0271223216707361,-0.6469002695417836,1.4309301045679623,0.002449616854793,0.0,0.6049560283786749,0.6515383224743523,0.0,0.0,0.0,0
2025-04-18 16:00:00+00:00,3.686,3.686,3.686,3.686,0.0,0.0,0.0,-0.4859611231101568,0.3266194882961315,0.0,0.0,0.6056913956043426,0.6130769867791963,0.0,0.0,0.0,0
2025-04-18 17:00:00+00:00,3.686,3.686,3.686,3.686,0.0,0.0,0.0,-0.7806191117092798,0.7103825136612008,0.0,0.0,0.580270442393823,0.6072980491262816,0.0,0.0,0.0,0
2025-04-18 18:00:00+00:00,3.686,3.686,3.686,3.686,0.0,0.0,0.0,-1.5491452991453047,0.2993197278911674,0.0,0.0,0.3937066623731552,0.6019001761954811,0.0,0.0,-0.008138903960933197,0
2025-04-18 19:00:00+00:00,3.686,3.686,3.686,3.686,0.0,0.0,0.0,-0.8340059187516902,1.9922523519645852,0.0,0.0,0.3287993611679261,0.4833092902177652,0.0,0.0,0.0021703743895822303,0
2025-04-18 20:00:00+00:00,3.686,3.686,3.686,3.686,0.0,0.0,0.0,-0.0271223216707361,0.8757525998905225,0.0,0.0,0.0110741433059711,0.4319513831718382,0.0,0.0,0.007867607162235446,0
2025-04-18 21:00:00+00:00,3.686,3.686,3.686,3.686,0.0,0.0,0.0,0.0,1.3751375137513788,0.0,0.0,6.677954467573826e-08,0.4171057736973733,0.0,0.0,0.009495387954422174,0
2025-04-18 22:00:00+00:00,3.686,3.686,3.686,3.686,0.0,0.0,0.0,0.0,1.9358407079645976,0.0,0.0,6.677954467573826e-08,0.3968237944033174,0.0,0.0,0.011394465545306653,0
2025-04-18 23:00:00+00:00,3.686,3.686,3.686,3.686,0.0,0.0,0.0,0.0,1.3751375137513788,0.0,0.0,6.677954467573826e-08,0.3840861443559037,0.0,0.0,0.011394465545306653,0
2025-04-19 00:00:00+00:00,3.676,3.676,3.651,3.656,24.45,-0.0081722056557279,-0.8138903960933197,-0.8138903960933197,0.5500550055005604,0.6277412867037531,0.5440696407660315,0.3336288988270098,0.4235483329672355,0.6838074396379179,0.0,0.018052516411378505,0
2025-04-19 01:00:00+00:00,3.684,3.694,3.684,3.694,383.96,0.0103402281851444,1.0393873085339012,0.217037438958223,1.3721185510428002,7.169507745079344,0.0,0.588084819141525,0.4700646420679987,0.2707092581833431,0.0,0.007579859231185759,0
2025-04-19 02:00:00+00:00,3.701,3.715,3.685,3.715,302.39,0.0056687963926741,0.5684894423389153,0.7867607162235446,1.7529443987948534,4.66048895132201,0.0,0.6254671240052379,0.4808587429463568,0.8075370118956778,0.0,0.002960969044414563,0
2025-04-19 03:00:00+00:00,3.725,3.734,3.721,3.721,14.41,0.001613771194763,0.1615074024226226,0.9495387954422174,1.8336070060207987,0.2204628035919608,0.3481521156003851,0.6221883401107463,0.4812003775747262,0.3493684492476811,0.2418704648637783,0.0005374899220638163,0
2025-04-19 04:00:00+00:00,3.719,3.728,3.718,3.728,39.87,0.0018794474588592,0.1881214727223801,1.1394465545306651,1.5250544662309462,0.5956710387799374,0.0,0.6173850312143623,0.4737315677107242,0.2682403432756928,0.0,-0.0013412017167382384,0
2025-04-19 05:00:00+00:00,3.728,3.728,3.728,3.728,0.0,0.0,0.0,1.1394465545306651,1.3870002719608363,0.0,0.0,0.6173850312143623,0.4736340588424836,0.0,0.0,-0.0013412017167382384,0
2025-04-19 06:00:00+00:00,3.722,3.722,3.722,3.722,20.08,-0.0016107386032858,-0.1609442060085952,1.8052516411378503,1.0040705563093557,0.3040811690723997,0.0,0.4345932371471344,0.4743762108691411,0.0,0.0,0.00026867275658237766,0
2025-04-19 07:00:00+00:00,3.722,3.722,3.722,3.722,0.0,0.0,0.0,0.7579859231185759,1.610701610701626,0.0,0.0,0.2504503235756654,0.4545611276636487,0.0,0.0,0.00026867275658237766,0
2025-04-19 08:00:00+00:00,3.674,3.733,3.674,3.726,95.13,0.0010741139593377,0.1074691026329954,0.2960969044414563,1.085187194791093,1.495294294841154,0.1875167425160715,0.1298296718197671,0.4388708342362381,1.5834675250715375,0.1878690283983206,-0.0008051529790660261,0
2025-04-19 09:00:00+00:00,3.723,3.723,3.723,3.723,3.8,-0.0008054772888168,-0.0805152979066026,0.0537489922063816,0.3504043126684619,0.0632604081395625,0.0,0.125548338818998,0.4200777531430799,0.0,0.0,0.0005372011818427502,0
2025-04-19 10:00:00+00:00,3.723,3.723,3.723,3.723,0.0,0.0,0.0,-0.1341201716738238,0.512958963282939,0.0,0.0,0.0905183632445872,0.4184181090746771,0.0,0.0,-0.0002686005909212641,0
2025-04-19 11:00:00+00:00,3.723,3.723,3.723,3.723,0.0,0.0,0.0,-0.1341201716738238,0.2153432032301561,0.0,0.0,0.0905183632445872,0.4142957010904295,0.0,0.0,0.008326618318560408,0
2025-04-19 12:00:00+00:00,3.723,3.723,3.723,3.723,0.0,0.0,0.0,0.0268672756582377,-0.560897435897445,0.0,0.0,0.0598412374591536,0.380608422098589,0.0,0.0,0.014773032500671635,0
2025-04-19 13:00:00+00:00,3.723,3.723,3.723,3.723,0.0,0.0,0.0,0.0268672756582377,0.1614205004035529,0.0,0.0,0.0598412374591536,0.3501617016713491,0.0,0.0,0.014773032500671635,0
2025-04-19 14:00:00+00:00,3.723,3.723,3.723,3.723,0.0,0.0,0.0,-0.0805152979066026,0.9764035801464566,0.0,0.0,0.0328834726167636,0.3039692236512492,0.0,0.0,0.019070641955412304,0
2025-04-19 15:00:00+00:00,3.726,3.726,3.725,3.725,27.95,0.0005370569409431,0.053720118184275,0.053720118184275,1.0580575149213178,0.7354940572588355,0.0268384326283281,0.0219252578022802,0.3036351327919633,0.0268456375766827,0.0,0.031409395973154286,0
2025-04-19 16:00:00+00:00,3.722,3.722,3.722,3.722,1.53,-0.0008056936114638,-0.080536912751683,-0.0268600590921264,0.9766684753119924,0.0401939643366522,0.0,0.0430242894943402,0.3045849852385736,0.0,0.0,0.03761418592154753,0
2025-04-19 17:00:00+00:00,3.744,3.754,3.702,3.754,13.58,0.008560779944258,0.8597528210639416,0.8326618318560408,1.8448182311448849,0.3515288788130975,0.0,0.3543009613177771,0.3468336457490378,1.3851891312239786,0.0,0.03356419818859879,0
2025-04-19 18:00:00+00:00,3.766,3.78,3.765,3.778,174.17,0.0063728309150006,0.6393180607352056,1.4773032500671637,2.4959305480195315,3.79551810546336,0.0529100528960497,0.3974768458309096,0.3646845020908167,0.3970354683967529,0.0529380624528956,0.023292747485442078,0
2025-04-19 19:00:00+00:00,3.778,3.778,3.778,3.778,0.0,0.0,0.0,1.4773032500671637,2.4959305480195315,0.0,0.0,0.3974768458309096,0.3646845020908167,0.0,0.0,0.026733721545791456,0
2025-04-19 20:00:00+00:00,3.781,3.795,3.781,3.794,195.7,0.0042261024335047,0.4235044997353165,1.9070641955412304,2.9300054259359776,3.621224036570825,0.0263504611261234,0.3826712564742831,0.3696776750961503,0.369003689939635,0.0263574064242571,0.022403795466526155,0
2025-04-19 21:00:00+00:00,3.794,3.842,3.794,3.842,227.7,0.0125721928335424,1.265155508697946,3.1409395973154286,4.2322300596852935,3.584133480189138,0.0,0.5119842582035963,0.4351610383234652,1.2493492969158395,0.0,0.009630400832899566,0
2025-04-19 22:00:00+00:00,3.841,3.868,3.84,3.862,124.86,0.0051921196599577,0.5205622071837501,3.7614185921547527,4.77482365708084,1.816607863793451,0.1551189244686813,0.4231959232632744,0.4390898102539137,0.7250129464720325,0.155359917101144,0.013982392542724043,0
2025-04-19 23:00:00+00:00,3.868,3.886,3.868,3.88,256.27,0.0046499696288592,0.4660797514241199,3.3564198188598793,5.263157894736836,3.227158485674396,0.1544004116947046,0.4085777113804644,0.4403984376346017,0.4639175256536356,0.1546391752178823,0.014175257731958713,0
2025-04-20 00:00:00+00:00,3.88,3.914,3.834,3.866,218.01,-0.0036147728490429,-0.3608247422680399,2.329274748544208,5.743982494529543,2.4922430587356383,1.226366887780694,0.546266874106139,0.4021802197600848,2.0693222964124893,0.8794619759753137,0.010863942058975562,0
2025-04-20 01:00:00+00:00,3.879,3.879,3.879,3.879,4.81,0.0033570076716908,0.3362648732539997,2.6733721545791456,5.008121277747701,0.0671061351181736,0.0,0.5154207619300583,0.3652523389948119,0.0,0.0,0.0005155968032997116,0
2025-04-20 02:00:00+00:00,3.879,3.879,3.879,3.879,0.0,0.0,0.0,2.2403795466526155,4.4145356662180335,0.0,0.0,0.5461829354565745,0.3590156213708821,0.0,0.0,-0.005671564836297938,0
2025-04-20 03:00:00+00:00,3.879,3.879,3.879,3.879,0.0,0.0,0.0,0.9630400832899566,4.246170384305281,0.0,0.0,0.3394304914362763,0.3608858258301201,0.0,0.0,-0.0015467904098993568,0
2025-04-20 04:00:00+00:00,3.914,3.929,3.914,3.916,9.94,0.0094933362104338,0.9538540861046664,1.3982392542724045,5.042918454935608,0.1736838656569799,0.3308729955889837,0.4559540034533068,0.3941634580171519,0.3830439222719418,0.3319713993023541,-0.02323799795709902,0
2025-04-20 05:00:00+00:00,3.94,3.941,3.872,3.935,209.97,0.0048401572011027,0.4851889683350485,1.4175257731958713,5.552575107296143,3.182368171723159,0.1522456228997038,0.4579642267832471,0.3955985738105615,1.7534942816382466,0.02541296060345,-0.025158831003812,0
2025-04-20 06:00:00+00:00,3.918,3.918,3.908,3.908,29.52,-0.0068851476888303,-0.686149936467606,1.0863942058975562,4.997313272434178,0.4447625145889523,0.255232261292698,0.5527495569319222,0.4310500562946363,0.2558853632917445,0.0,-0.026867963152507723,0
2025-04-20 07:00:00+00:00,3.895,3.895,3.876,3.881,6.34,-0.0069328817937671,-0.6908904810644878,0.0515596803299711,4.27189682966147,0.095142814264992,0.3594351732068262,0.6464926588220519,0.4669908055429863,0.4895645450941634,0.0,-0.012110280855449518,0
2025-04-20 08:00:00+00:00,3.87,3.87,3.857,3.857,19.13,-0.0062031731606783,-0.6183973202782633,-0.5671564836297938,3.5158346752549807,0.3014022372727052,0.3359173125746958,0.6958568061648427,0.4943473525317239,0.3370495202652166,0.0,-0.0007778065854291416,0
2025-04-20 09:00:00+00:00,3.873,3.873,3.873,3.873,4.73,0.0041397213065244,0.41483017889552,-0.1546790409899356,4.0290088638195165,0.0744779262688294,0.0,0.7269634582105122,0.494887811287155,0.0,0.0,-0.006971340046475594,0
2025-04-20 10:00:00+00:00,3.855,3.855,3.814,3.825,173.0,-0.0124709332541159,-1.2393493415956636,-2.323799795709902,2.7397260273972712,2.4463678625162983,0.7782101165296421,0.6897830796030315,0.5723315483820949,1.0718954245563652,0.0,0.020653594771241846,0
2025-04-20 11:00:00+00:00,3.836,3.836,3.836,3.836,3.85,0.0028716897426925,0.2875816993463953,-2.5158831003812,3.035186677410695,0.0543190716369183,0.0,0.6428783920710218,0.5728762872192028,0.0,0.0,0.019030239833159435,0
2025-04-20 12:00:00+00:00,3.826,3.826,3.803,3.803,34.22,-0.0086399280750691,-0.86027111574557,-2.6867963152507723,2.1488047273704014,0.4732838504383391,0.6011500259798387,0.6610171619209964,0.607166170042205,0.6047856953445248,0.0,0.027872732053641824,0
2025-04-20 13:00:00+00:00,3.805,3.834,3.795,3.834,91.95,0.0081184156773301,0.8151459374178271,-1.2110280855449518,2.981466559226442,1.2077297329679428,0.0,0.8187819877675646,0.6243869347302694,1.0172143972307772,0.0,0.013041210224308708,0
2025-04-20 14:00:00+00:00,3.844,3.854,3.844,3.854,2.02,0.0052029253687218,0.5216484089723528,-0.0777806585429141,3.518667741069037,0.0265026650263025,0.0,0.8347869480900191,0.628967512339336,0.259470679745862,0.0,0.007784120394395355,0
2025-04-20 15:00:00+00:00,3.85,3.85,3.846,3.846,0.64,-0.0020779228255866,-0.2075765438505405,-0.6971340046475594,3.248322147651006,0.008524146197873,0.1038961038691179,0.8093939007196223,0.632854334829051,0.1040041601393645,0.0,0.01742069682787295,0
2025-04-20 16:00:00+00:00,3.874,3.904,3.874,3.904,45.0,0.0149680213842579,1.5080603224128852,2.065359477124185,4.889844169801183,0.5852358012506458,0.0,0.8180212862040739,0.6890972174775042,0.76844262275398,0.0,-0.00563524590163933,0
2025-04-20 17:00:00+00:00,3.909,3.909,3.909,3.909,4.62,0.0012799182599716,0.1280737704917989,1.9030239833159437,4.128929142248272,0.0603773584897769,0.0,0.8226733008594457,0.6747865669740444,0.0,0.0,-0.0069071373752876974,0
2025-04-20 18:00:00+00:00,3.909,3.909,3.909,3.909,0.0,0.0,0.0,2.7872732053641824,3.4674430915828447,0.0,0.0,0.6277169173162842,0.668046011526338,0.0,0.0,0.007674597083653145,0
2025-04-20 19:00:00+00:00,3.896,3.896,3.884,3.884,80.24,-0.0064160363817392,-0.6395497569710917,1.3041210224308708,2.805717310746414,1.1051580469512408,0.3080082134733041,0.735191592374701,0.6865579143305907,0.3089598351418747,0.0,0.014160659114315077,0
2025-04-20 20:00:00+00:00,3.884,3.884,3.884,3.884,0.0,0.0,0.0,0.7784120394395355,2.372166578808632,0.0,0.0,0.7226927963250535,0.6837470061592368,0.0,0.0,0.010556127703398532,0
2025-04-20 21:00:00+00:00,3.918,3.918,3.911,3.913,129.36,0.007438792799197,0.7466529351184414,1.742069682787295,1.8479958355023252,2.1433778857482046,0.1276161306463546,0.7381980660100254,0.6532460035069788,0.1788908765195811,0.0,0.001533350370559683,0
2025-04-20 22:00:00+00:00,3.886,3.886,3.882,3.882,8.64,-0.0079538584814568,-0.7922310247891584,-0.563524590163933,0.5178663904712666,0.1556452944592381,0.1029336077964659,0.5587138270324519,0.6694075309753752,0.1030396702465122,0.0,0.007727975270479082,0
2025-04-20 23:00:00+00:00,3.882,3.882,3.882,3.882,131.86,0.0,0.0,-0.6907137375287697,0.0515463917525771,2.620060437916231,0.0,0.5509234609888568,0.6627095945711985,0.0,0.0,0.007212776919113928,0
2025-04-21 00:00:00+00:00,3.882,3.947,3.866,3.939,279.6,0.0145763992419503,1.4683153013910433,0.7674597083653145,1.88825659596481,5.286110410789902,0.2026855839364872,0.8514630693989013,0.720796226488219,2.0563594815800044,0.2030972327486426,0.003554201574003546,0
2025-04-21 01:00:00+00:00,3.939,3.939,3.939,3.939,0.0,0.0,0.0,1.4160659114315075,1.5467904098994678,0.0,0.0,0.7721624194434078,0.71883137451682,0.0,0.0,0.0022848438690021844,0
2025-04-21 02:00:00+00:00,3.928,3.934,3.925,3.925,84.31,-0.0035605327543971,-0.3554201574003657,1.0556127703398532,1.1858726475895809,1.500022239657805,0.2287747838767817,0.8066852031404677,0.7238652851415472,0.2292993629989133,0.1528662419992755,0.012484076433121105,0
2025-04-21 03:00:00+00:00,3.919,3.919,3.919,3.919,5.0,-0.0015298320168772,-0.1528662420382076,0.1533350370559683,1.0311936065996452,0.0886302199490914,0.0,0.7620522272851359,0.7249893507516744,0.0,0.0,0.0017861699413115328,0
2025-04-21 04:00:00+00:00,3.905,3.912,3.903,3.912,1.65,-0.0017877670449235,-0.1786169941311643,0.7727975270479082,-0.1021450459652739,0.029428157395529,0.0,0.6645420756223742,0.6997877170744422,0.2300613496344397,0.0,0.0010224948875254825,0
2025-04-21 05:00:00+00:00,3.907,3.91,3.907,3.91,9.86,-0.0005113781752964,-0.0511247443762741,0.7212776919113928,-0.6353240152477735,0.2065750650305028,0.0,0.6668406858479714,0.6920360287125075,0.0767263426913772,0.0,0.0,0
2025-04-21 06:00:00+00:00,3.935,3.962,3.935,3.953,58.09,0.0109374103172739,1.0997442455242812,0.3554201574003546,1.1514841351074612,1.1874185553070005,0.2271580009522655,0.5215446477561624,0.7132151465861065,0.6830255500422434,0.2276751833474219,-0.010877814318239198,0
2025-04-21 07:00:00+00:00,3.948,3.948,3.948,3.948,16.08,-0.0012656627433133,-0.1264862130027855,0.2284843869002184,1.72635918577686,0.325987244999093,0.0,0.5269461896079497,0.6968083292401502,0.0,0.0,-0.009625126646403248,0
2025-04-21 08:00:00+00:00,3.967,3.974,3.965,3.974,35.72,0.0065640225583899,0.6585612968591725,1.2484076433121103,3.0334456831734524,0.7141381493309625,0.0,0.5375099845818775,0.6904160689784968,0.2264720683879119,0.0,-0.007549068948163096,0
2025-04-21 09:00:00+00:00,3.926,3.926,3.926,3.926,0.72,-0.0121520482753557,-1.2078510317060864,0.1786169941311532,1.3684482313452095,0.0144429678290024,0.0,0.7936174759645648,0.7390940272087363,0.0,0.0,-0.010443199184921093,0
2025-04-21 10:00:00+00:00,3.919,3.925,3.914,3.916,40.67,-0.0025503711860053,-0.2547121752419778,0.1022494887525482,2.379084967320244,0.9172822102978904,0.229299362998902,0.7982222066435343,0.6890576438231296,0.280898876332755,0.1532175689087744,-0.02298263534218592,0
2025-04-21 11:00:00+00:00,3.906,3.91,3.896,3.91,2.31,-0.0015333506709895,-0.1532175689479054,0.0,1.929092805005217,0.0521758771257602,0.0,0.8010531487092267,0.6896653528128454,0.3580562658930862,0.0,-0.018158567774936074,0
2025-04-21 12:00:00+00:00,3.91,3.91,3.91,3.91,0.0,0.0,0.0,-1.0877814318239198,2.813568235603481,0.0,0.0,0.6021267391593541,0.6601884778134034,0.0,0.0,-0.02250639386189257,0
2025-04-21 13:00:00+00:00,3.91,3.91,3.91,3.91,0.0,0.0,0.0,-0.9625126646403248,1.9822639540949316,0.0,0.0,0.6066692290057132,0.6435530913896939,0.0,0.0,-0.019181585677749413,0
2025-04-21 14:00:00+00:00,3.888,3.946,3.881,3.944,121.06,0.0086580627431145,0.8695652173912993,-0.7549068948163096,2.3352361183186288,2.7528495494101284,0.0506842371893913,0.666212594203137,0.6575024803202492,1.6480730218945143,0.0507099391352212,-0.02712981744421905,0
2025-04-21 15:00:00+00:00,3.919,3.919,3.878,3.885,20.2,-0.0150724529207782,-1.4959432048681554,-1.0443199184921093,1.0140405616224646,0.4509809393475069,0.8675682569871032,0.7650203294867962,0.7328129865345154,1.0553410550694082,0.0,-0.01698841698841691,0
2025-04-21 16:00:00+00:00,3.874,3.874,3.826,3.826,186.84,-0.0153031128015495,-1.5186615186615129,-2.298263534218592,-1.997950819672123,3.6851162445958416,1.239029426629059,0.947182081016566,0.7320454406373361,1.254573967262266,0.0,-0.007841087297438598,0
2025-04-21 17:00:00+00:00,3.822,3.841,3.802,3.839,109.34,0.0033920450005995,0.3397804495556711,-1.8158567774936072,-1.7907393195190524,1.985668343953951,0.0520697734829348,0.9918283284199668,0.7359650045467676,1.015889554306883,0.0520969002208714,-0.015889554571502984,0
2025-04-21 18:00:00+00:00,3.822,3.822,3.822,3.822,11.16,-0.0044380702005793,-0.4428236519927075,-2.250639386189257,-2.225633154259399,0.2009739553204948,0.0,0.9809847597799672,0.7395578088044712,0.0,0.0,-0.01805337519623229,0
2025-04-21 19:00:00+00:00,3.835,3.835,3.835,3.835,0.72,0.0033955890011381,0.340136054421758,-1.918158567774941,-1.2615859938208018,0.0137888109541801,0.0,1.0164045441177545,0.7350633493112876,0.0,0.0,-0.006518904823989535,0
2025-04-21 20:00:00+00:00,3.85,3.85,3.832,3.837,73.02,0.0005213764455958,0.0521512385919242,-2.712981744421905,-1.2100926879505591,1.3214196846414112,0.3376623375746305,0.8698095452394182,0.7353034929642773,0.469116497141232,0.0,-0.021370862653114497,0
2025-04-21 21:00:00+00:00,3.814,3.819,3.814,3.819,1922.23,-0.0047022030214361,-0.4691164972634887,-1.698841698841691,-2.4022489138768144,14.790745989088135,0.0,0.7076286192552765,0.7198608815628583,0.1309243257054373,0.0,-0.01832940560356111,0
2025-04-21 22:00:00+00:00,3.806,3.806,3.796,3.796,29.66,-0.0060407274956977,-0.6022518984027281,-0.7841087297438598,-2.2153529108706937,0.2266934174053563,0.2627430372404834,0.4272642225055307,0.7128662000493832,0.2634351948726522,0.0,-0.018440463645943095,0
2025-04-21 23:00:00+00:00,3.795,3.795,3.778,3.778,94.3,-0.0047531116683635,-0.4741833508956738,-1.5889554571502984,-2.679031427099432,0.729466823951502,0.4479578391441456,0.373987517490121,0.7167520739928894,0.4499735308496603,0.0,-0.009528851244044456,0
2025-04-22 00:00:00+00:00,3.779,3.779,3.738,3.753,139.92,-0.006639248926434,-0.6617257808364196,-1.805337519623229,-4.722010662604726,1.13339138534146,0.6880127015908885,0.4043680464460912,0.6414760533617757,1.0924593655495691,0.0,-0.015987210231814597,0
2025-04-22 01:00:00+00:00,3.769,3.81,3.769,3.81,48.39,0.0150736689857257,1.51878497202238,-0.6518904823989535,-3.2749428789032753,0.3856737235336633,0.0,0.8314216659032153,0.729782533744346,1.0761154852818575,0.0,-0.013385826771653564,0
2025-04-22 02:00:00+00:00,3.772,3.772,3.755,3.755,36.82,-0.0145409039225115,-1.4435695538057791,-2.1370862653114497,-4.331210191082802,0.2981617944748711,0.4506892893821053,0.9860507022784044,0.7768969043965114,0.452729693621108,0.0,0.005326231691078487,0
2025-04-22 03:00:00+00:00,3.75,3.75,3.746,3.749,2772.39,-0.001599147462323,-0.1597869507323546,-1.832940560356111,-4.337841286042354,11.609774652508026,0.0266666666595526,0.987253098549992,0.7768859699581574,0.10669511866986,0.0,-0.004001066951187071,0
2025-04-22 04:00:00+00:00,3.75,3.76,3.726,3.726,309.35,-0.0061538655743783,-0.613496932515345,-1.8440463645943097,-4.754601226993859,1.229439380009521,0.9042553189084376,0.9879415113339904,0.7818354687547319,0.9125067093632512,0.2683843262833049,0.0024154589371980784,0
2025-04-22 05:00:00+00:00,3.724,3.747,3.719,3.742,8.59,0.0042849556725011,0.4294149221685472,-0.9528851244044456,-4.296675191815858,0.0341461313968809,0.1334400853660393,1.0259069637726228,0.7919499114749724,0.7482629607834685,0.1336183858541878,0.0058792089791555036,0
2025-04-22 06:00:00+00:00,3.723,3.723,3.693,3.693,171.66,-0.0131810919814716,-1.3094601817210003,-1.5987210231814597,-6.577283076144691,0.669767441857852,0.805801772547456,1.1206186757662593,0.7757558424714802,0.8123476845891233,0.0,0.02843216896831846,0
2025-04-22 07:00:00+00:00,3.691,3.764,3.691,3.759,246.29,0.0177138287116148,1.7871649065800188,-1.3385826771653564,-4.78723404255319,0.9262853059501062,0.1328374069785207,1.206216294737162,0.881922021480161,1.942005852103748,0.133014099459158,0.011971268954509062,0
2025-04-22 08:00:00+00:00,3.781,3.792,3.775,3.775,29.8,0.004247418118947,0.4256451183825449,0.5326231691078487,-5.007549068948169,0.1121804926400856,0.4483122361686915,1.057966530730709,0.8733167880178095,0.450331125708519,0.291390728399623,0.026225165562913988,0
2025-04-22 09:00:00+00:00,3.74,3.74,3.734,3.734,81.2,-0.0109203375814571,-1.08609271523179,-0.4001066951187071,-4.890473764645953,0.3018624766094926,0.1604278074437419,1.1647895515354592,0.8675203048398101,0.1606855918155696,0.0,0.03347616497054107,0
2025-04-22 10:00:00+00:00,3.735,3.735,3.735,3.735,5.63,0.0002677734652497,0.0267809319764333,0.2415458937198078,-4.622063329928505,0.0210438444573788,0.0,1.133382310963867,0.8687752979643573,0.0,0.0,0.038821954484605126,0
2025-04-22 11:00:00+00:00,3.764,3.764,3.764,3.764,0.72,0.0077344031383524,0.7764390896920936,0.5879208979155504,-3.7340153452685487,0.0026918864858785,0.0,1.1653160768902513,0.8911183262662645,0.0,0.0,0.03081827842720508,0
2025-04-22 12:00:00+00:00,3.798,3.798,3.798,3.798,8.24,0.0089923906669609,0.9032943676939408,2.843216896831846,-2.8644501278772383,0.030767651026018,0.0,0.9600331817421004,0.91661530780213,0.0,0.0,0.03159557661927326,0
2025-04-22 13:00:00+00:00,3.809,3.809,3.787,3.804,23.58,0.0015785322930497,0.1579778830963718,1.1971268954509062,-2.710997442455254,0.087724438119625,0.1312680493223328,0.7168535431170434,0.9180871690037846,0.5783385908048595,0.0,0.029968454258675115,0
2025-04-22 14:00:00+00:00,3.819,3.874,3.819,3.874,88.16,0.0182344203016603,1.8401682439537437,2.622516556291399,-1.77484787018255,0.3296620085650186,0.0,0.983162622195026,0.981187716962191,1.4197212180124663,0.0,0.01135776974703151,0
2025-04-22 15:00:00+00:00,3.865,3.926,3.816,3.859,3730.31,-0.0038794824293224,-0.3871966959215323,3.3476164970541067,-0.6692406692406672,8.839317873032039,1.7065715736865623,0.7875058620765852,0.9356774887918876,2.850479398069332,1.5807203934748053,0.03861103912930819,0
2025-04-22 16:00:00+00:00,3.867,3.88,3.867,3.88,63.02,0.0054270710797004,0.5441824306815279,3.882195448460513,1.4113957135389432,0.151179969013581,0.0,0.7461892954224969,0.8852890743149846,0.3350515463053965,0.0,0.019329896907216648,0
2025-04-22 17:00:00+00:00,3.88,3.88,3.88,3.88,0.0,0.0,0.0,3.081827842720508,1.067986454805947,0.0,0.0,0.7833292321780769,0.8833165848437794,0.0,0.0,0.019329896907216648,0
2025-04-22 18:00:00+00:00,3.877,3.918,3.877,3.918,28.43,0.0097461658871669,0.9793814432989656,3.159557661927326,2.511773940345363,0.0688347862227877,0.0,0.7914617831492279,0.8965931214060221,1.0464522713000473,0.0,0.025012761613067758,0
2025-04-22 19:00:00+00:00,3.918,3.918,3.918,3.918,0.0,0.0,0.0,2.9968454258675115,2.1642764015645355,0.0,0.0,0.8082901287354007,0.8953822213607854,0.0,0.0,0.029606942317508933,0
2025-04-22 20:00:00+00:00,3.918,3.918,3.918,3.918,32.36,0.0,0.0,1.135776974703151,2.111024237685699,0.0786785600314162,0.0,0.486277873918472,0.8955393288595532,0.0,0.0,0.02475752935170994,0
2025-04-22 21:00:00+00:00,3.929,4.01,3.924,4.008,1833.59,0.0227110442602146,2.297090352220521,3.861103912930819,4.948939512961514,4.498498836165325,0.049875311708255,0.8955771927030691,0.9910961051981416,2.145708582298971,0.0499001995883427,0.018712574850299424,0
2025-04-22 22:00:00+00:00,4.012,4.038,3.955,3.955,358.1,-0.0133117625629464,-1.322355289421151,1.9329896907216648,4.1886195995785025,0.850017555396391,2.0554730059298034,1.2057287778660204,1.0272382604671442,2.098609354715906,0.6573957014772878,0.03994943109987359,0
2025-04-22 23:00:00+00:00,3.955,3.955,3.955,3.955,0.0,0.0,0.0,1.9329896907216648,4.68501852832186,0.0,0.0,1.2057287778660204,1.01878364288498,0.0,0.0,0.03994943109987359,0
2025-04-23 00:00:00+00:00,3.957,4.016,3.957,4.016,94.97,0.0153057811698109,1.5423514538558836,2.501276161306776,7.007727151612042,0.2285771591313845,0.0,1.284942127824266,1.0370540626681624,1.469123505610282,0.0,0.017430278884462247,0
2025-04-23 01:00:00+00:00,4.016,4.056,3.964,4.034,56.26,0.0044720571425918,0.4482071713147295,2.9606942317508933,5.879265091863517,0.1353017745428116,0.5424063115033575,1.2691546248454633,1.0046728496778967,2.2806147738521054,0.5453644024429003,0.012890431333663965,0
2025-04-23 02:00:00+00:00,4.034,4.034,4.015,4.015,10.72,-0.004721092133295,-0.4709965294992568,2.475752935170994,6.924101198402122,0.0258485317032703,0.4709965293825027,1.3189894722166302,0.9513442246643948,0.4732254046143929,0.0,0.01718555417185552,0
2025-04-23 03:00:00+00:00,4.054,4.085,4.054,4.083,3091.44,0.0167946649387138,1.6936488169364994,1.8712574850299424,8.909042411309676,7.222695333701957,0.0489596083111428,1.164931163701975,0.9878421867041908,0.7592456525203829,0.048983590485181,0.025961302963507293,0
2025-04-23 04:00:00+00:00,4.09,4.113,4.09,4.113,106.99,0.0073206769108483,0.7347538574577595,3.994943109987359,10.386473429951693,0.2549895432593133,0.0,0.8443529404044912,0.968356172479446,0.5592025284320093,0.0,-0.005835156819839593,0
2025-04-23 05:00:00+00:00,4.113,4.113,4.113,4.113,0.0,0.0,0.0,3.994943109987359,9.914484233030477,0.0,0.0,0.8443529404044912,0.9719772013595476,0.0,0.0,-0.005835156819839593,0
2025-04-23 06:00:00+00:00,4.086,4.086,4.086,4.086,483.85,-0.0065861928528567,-0.6564551422319487,1.7430278884462247,10.641754670999193,1.1194120493608943,0.0,0.862034763188403,0.9298838516000468,0.0,0.0,0.006363191385217792,0
2025-04-23 07:00:00+00:00,4.086,4.086,4.086,4.086,0.0,0.0,0.0,1.2890431333663963,8.699122106943346,0.0,0.0,0.8648452747477048,0.8873993906061364,0.0,0.0,0.006852667645619093,0
2025-04-23 08:00:00+00:00,4.113,4.158,4.084,4.084,157.74,-0.0004895960930113,-0.0489476260401522,1.7185554171855522,8.18543046357616,0.3691512006941907,1.7797017792737784,0.8134859076096018,0.8908692441935946,1.811949069096015,1.1018609203962126,-0.0024485798237021683,0
2025-04-23 09:00:00+00:00,4.163,4.189,4.159,4.189,1501.7,0.0253851416624787,2.5710088148873655,2.5961302963507293,12.185324049276923,3.0867922653696764,0.0,1.1243952138837876,0.9458351157464946,0.7161613748588835,0.0,-0.037956552876581506,0
2025-04-23 10:00:00+00:00,4.113,4.113,4.089,4.089,3112.95,-0.0241616005823924,-2.3872045834327893,-0.5835156819839593,9.477911646586357,5.053787662009244,0.5835156818420827,1.5912874450432075,1.1132624102898825,0.5869405721235171,0.0,-0.00366837857666924,0
2025-04-23 11:00:00+00:00,4.089,4.089,4.089,4.089,0.0,0.0,0.0,-0.5835156819839593,8.634431455897996,0.0,0.0,1.5912874450432075,1.112490941993076,0.0,0.0,0.0026901442895570504,0
2025-04-23 12:00:00+00:00,4.099,4.13,3.977,4.112,1030.18,0.0056090867703587,0.562484715089262,0.6363191385217792,8.267509215376512,1.564399674770709,0.4358353509840543,1.5831514414902013,1.107294935649194,3.7208171197177,0.4377431905550185,-0.0021887159533074962,0
2025-04-23 13:00:00+00:00,4.13,4.157,4.105,4.114,53.21,0.0004862630779014,0.0486381322957196,0.6852667645619093,8.149316508937954,0.0806518639026994,1.0343998073046945,1.5826263988163225,1.108261487722172,1.2639766647389363,0.6562955759221483,-0.011667476908118646,0
2025-04-23 14:00:00+00:00,4.074,4.074,4.074,4.074,68.0,-0.0097704734261514,-0.9722897423432242,-0.2448579823702168,5.162622612287038,0.1032008711366085,0.0,1.6458111116524874,1.0910867231969583,0.0,0.0,0.005400098183603319,0
2025-04-23 15:00:00+00:00,4.064,4.064,4.02,4.03,271.85,-0.0108589418460223,-1.0800196367206527,-3.79565528765815,4.43119979269242,0.5280623146543142,0.8366141730224819,1.0763836892631808,1.1167101534019177,1.0918114141211506,0.0,0.008436724565756837,0
2025-04-23 16:00:00+00:00,4.074,4.074,4.074,4.074,9.59,0.0108589418460223,1.091811414392052,-0.366837857666924,5.000000000000004,0.0187092594413682,0.0,0.8494028541211822,1.1297947773586017,0.0,0.0,0.003927344133529687,0
2025-04-23 17:00:00+00:00,4.114,4.121,4.057,4.1,355.62,0.006361655905648,0.6381934216985741,0.269014428955705,5.670103092783507,0.6742916283154179,0.5095850520481665,0.8969520050897406,1.1322778538293203,1.5609756093753733,0.1707317072754449,-0.009999999999999898,0
2025-04-23 18:00:00+00:00,4.125,4.147,4.103,4.103,2625.83,0.0007314397497869,0.0731707317073171,-0.2188715953307496,4.721796835119951,4.131112851887476,1.0610079573038438,0.8622497837857007,1.1213956686739952,1.0723860587198788,0.5361930293599394,-0.008774067755300874,0
2025-04-23 19:00:00+00:00,4.066,4.066,4.066,4.066,0.37,-0.0090586982538941,-0.9017791859614932,-1.1667476908118646,3.7774374680959566,0.0005820920177345,0.0,0.9288758341318004,1.1431809763883054,0.0,0.0,-0.00418101328086562,0
2025-04-23 20:00:00+00:00,4.096,4.096,4.096,4.096,0.25,0.0073511725310519,0.7378258730939669,0.5400098183603319,4.543134252169478,0.0003941350083189,0.0,0.9034429667148712,1.1486964737992462,0.0,0.0,-0.01220703125,0
2025-04-23 21:00:00+00:00,4.11,4.11,4.061,4.064,164.79,-0.0078431774610258,-0.78125,0.8436724565756837,1.3972055888223478,0.2917840024016536,1.1192214109199037,0.8303899516736599,1.074367298059054,1.2057086611206518,0.0,-0.01894685039370081,0
2025-04-23 22:00:00+00:00,4.07,4.09,4.07,4.09,197.41,0.0063772597785294,0.6397637795275468,0.3927344133529686,3.4134007585334913,0.3537359299725178,0.0,0.7439484985941098,1.0382589374494562,0.4889975548926552,0.0,-0.019804400977994963,0
2025-04-23 23:00:00+00:00,4.059,4.059,4.059,4.059,0.95,-0.0076083321979496,-0.7579462102689449,-0.9999999999999898,2.629582806573949,0.0017021695943206,0.0,0.7481597081082241,1.0542075614394453,0.0,0.0,-0.012318305001231766,0
2025-04-24 00:00:00+00:00,4.067,4.067,4.067,4.067,111.21,0.0019689890683267,0.1970928800197002,-0.8774067755300874,1.269920318725104,0.1990200515845102,0.0,0.7577652173395255,1.0102000429868594,0.0,0.0,-0.0110646668305876,0
2025-04-24 01:00:00+00:00,4.068,4.068,4.049,4.049,89.0,-0.0044356898750633,-0.4425866732234995,-0.418101328086562,0.3718393653941554,0.1588854217415796,0.4670599802194848,0.6851830225124452,1.0114339360937152,0.4692516669623788,0.0,-0.006668313163744166,0
2025-04-24 02:00:00+00:00,4.085,4.085,4.038,4.046,48.6,-0.0007411983044703,-0.074092368486045,-1.220703125,0.772104607721058,0.0865183699474706,0.9547123620673826,0.5639705087543262,1.0063421778807669,1.161641126751935,0.0,-0.02595155709342567,0
2025-04-24 03:00:00+00:00,4.033,4.053,3.987,3.987,2505.01,-0.0146896703463357,-1.4582303509639185,-1.894685039370081,-2.351212343864806,4.662254654860226,1.6284233896796347,0.7449296032116368,0.9872820393005676,1.6553799845358923,0.5016302983442005,-0.009530975670930641,0
2025-04-24 04:00:00+00:00,3.985,4.009,3.975,4.009,920.36,0.0055027652611519,0.5517933283170295,-1.9804400977994965,-2.528567955263805,1.6113132975424191,0.0,0.7230043142076432,0.9813068830212416,0.8480917932531636,0.0,0.00024943876278360477,0
2025-04-24 05:00:00+00:00,4.009,4.009,4.009,4.009,0.0,0.0,0.0,-1.2318305001231766,-2.528567955263805,0.0,0.0,0.6993758399759433,0.9813068830212416,0.0,0.0,0.00024943876278360477,0
2025-04-24 06:00:00+00:00,4.036,4.036,4.022,4.022,39.67,0.0032374576900904,0.3242703916188638,-1.10646668305876,-1.566324033284383,0.0717776827857561,0.346878097039905,0.7157375707239442,0.9777666557887912,0.3480855295007083,0.0,-0.001989060169070078,0
2025-04-24 07:00:00+00:00,4.022,4.022,4.022,4.022,0.0,0.0,0.0,-0.6668313163744166,-1.566324033284383,0.0,0.0,0.706592609139836,0.9777666557887912,0.0,0.0,0.00024863252113371814,0
2025-04-24 08:00:00+00:00,3.978,3.978,3.941,3.941,75.35,-0.0203447931375938,-2.0139234211835055,-2.595155709342567,-3.5014691478942206,0.1371881140045598,0.9301156357641832,1.0537811913721329,1.057064588566823,0.93884800788155,0.0,0.03704643491499615,0
2025-04-24 09:00:00+00:00,3.967,3.967,3.949,3.949,34.48,0.0020278840916456,0.2029941639177801,-0.953097567093064,-5.729291000238723,0.0706395735946952,0.4537433827946257,0.9418057054640816,0.8938403198268666,0.4558115977574607,0.0,0.049632818435046744,0
2025-04-24 10:00:00+00:00,4.004,4.01,4.004,4.01,0.65,0.0153288590139655,1.5446948594580956,0.0249438762783604,-1.9320127170457504,0.0018134516261728,0.0,1.151926738384411,0.8387253412618636,0.1496259351247872,0.0,0.04987531172069826,0
2025-04-24 11:00:00+00:00,4.01,4.01,4.01,4.01,0.0,0.0,0.0,0.0249438762783604,-1.9320127170457504,0.0,0.0,1.151926738384411,0.8387253412618636,0.0,0.0,0.04538653366583545,0
2025-04-24 12:00:00+00:00,3.986,4.014,3.981,4.014,53.75,0.0009970090556686,0.099750623441408,-0.1989060169070078,-2.383268482490264,0.1691592522893462,0.0,1.1430924372649771,0.8285939277814027,0.8221225707966899,0.0,0.05530642750373671,0
2025-04-24 13:00:00+00:00,4.031,4.034,4.023,4.023,5.76,0.0022396425935046,0.2242152466367608,0.0248632521133718,-2.2119591638308234,0.0182410767301658,0.2726822012214501,1.1480388198259808,0.8307362090248297,0.2734277901383505,0.0745712154922794,0.04822271936365885,0
2025-04-24 14:00:00+00:00,4.043,4.123,4.03,4.087,322.52,0.0157833116144892,1.5908525975640186,3.704643491499615,0.319096710849287,0.9881859104121122,0.8731506182699239,0.7398176212692581,0.875104153338388,2.2755077068080474,0.8808416929579658,0.03816980670418424,0
2025-04-24 15:00:00+00:00,4.115,4.175,4.108,4.145,872.13,0.014091584005118,1.4191338390017183,4.963281843504674,2.8535980148883144,2.481960798256962,0.7185628740793921,0.7714801140157488,0.8869709169254832,1.6164053072095568,0.723763570392343,0.02798552472858873,0
2025-04-24 16:00:00+00:00,4.175,4.21,4.175,4.21,1420.87,0.0155598591070318,1.5681544028950611,4.987531172069826,3.338242513500256,3.463924311643246,0.0,0.7758701871162018,0.914068690452027,0.831353919042437,0.0,0.013776722090261151,0
2025-04-24 17:00:00+00:00,4.207,4.225,4.135,4.192,228.54,-0.0042847006755489,-0.4275534441805173,4.538653366583545,2.243902439024392,0.5644414715705122,0.7810650885725166,0.878407983554939,0.91461516325103,2.1469465643733394,0.4293893128746636,0.01407442748091614,0
2025-04-24 18:00:00+00:00,4.214,4.239,4.214,4.236,79.6,0.0104414807204189,1.049618320610679,5.530642750373671,3.2415305873750855,0.2663963286828701,0.0707714083343335,0.8236845469401837,0.9349733242634052,0.5901794144026835,0.0708215297283262,0.013456090651558172,0
2025-04-24 19:00:00+00:00,4.216,4.217,4.216,4.217,2.31,-0.0044954529747372,-0.4485363550519428,4.822271936365885,3.7137235612395343,0.0077287574182011,0.0,0.9671749282503348,0.9174049426667342,0.0237135404259499,0.0,0.025373488261797528,0
2025-04-24 20:00:00+00:00,4.239,4.243,4.239,4.243,75.32,0.0061465914557651,0.6165520512212641,3.816980670418424,3.5888671875,0.2493943390699606,0.0,0.8856495051298772,0.9144002412330022,0.0942729200814923,0.0,-0.0037709168041479835,0
2025-04-24 21:00:00+00:00,4.249,4.261,4.249,4.261,133.95,0.0042333082975872,0.4242281404666537,2.798552472858873,4.847440944881898,0.4454210911333256,0.0,0.7980388302606544,0.8939259434704628,0.2816240318513075,0.0,-0.002581553625909394,0
2025-04-24 22:00:00+00:00,4.264,4.268,4.264,4.268,9.81,0.0016414589217318,0.1642806852851341,1.377672209026115,4.352078239608792,0.0334915161652606,0.0,0.591245299042371,0.888993064035022,0.093720712255444,0.0,-0.003045923149015861,0
2025-04-24 23:00:00+00:00,4.253,4.253,4.249,4.251,16.28,-0.0039910840628537,-0.3983130271789981,1.407442748091614,4.7302291204730285,0.0554592720968648,0.0470256289567252,0.5848112017930759,0.875354696328555,0.0940955069174192,0.0,0.011997177134791537,0
2025-04-25 00:00:00+00:00,4.279,4.309,4.265,4.293,264.03,0.0098315398657703,0.9880028228651972,1.3456090651558172,5.55692156380625,0.880345763189289,0.3713158504591983,0.5681835888677623,0.8901122350733065,1.024924295125815,0.3726997436821108,0.012811553692056776,0
2025-04-25 01:00:00+00:00,4.304,4.35,4.304,4.324,267.43,0.0071951105345382,0.7221057535522935,2.5373488261797528,6.791800444554208,0.8701131443137887,0.5977011492878803,0.4860284661295622,0.8837496725389933,1.0638297869879991,0.6012950969932205,0.0076318223866791435,0
2025-04-25 02:00:00+00:00,4.266,4.285,4.227,4.227,186.55,-0.0226883781923089,-2.2432932469935163,-0.3770916804147983,4.4735541275333635,0.595818411920853,1.353558926171861,1.1809795920223176,1.0237728723423534,1.372131535043258,0.4494913649279681,0.02815235391530635,0
2025-04-25 03:00:00+00:00,4.232,4.259,4.232,4.25,20.5,0.0054264613516724,0.5441211260941436,-0.2581553625909394,6.596438424880868,0.0978158437804735,0.2113172105632113,1.1917611406447308,0.963257872093515,0.635294117497581,0.2117647058325339,0.016235294117647125,0
2025-04-25 04:00:00+00:00,4.253,4.255,4.253,4.255,157.65,0.001175779089012,0.1176470588235334,-0.3045923149015861,6.136193564479919,0.8866808056849934,0.0,1.1902923929346014,0.9617572340214952,0.047003525253343,0.0,0.007050528789659394,0
2025-04-25 05:00:00+00:00,4.295,4.302,4.295,4.302,8.77,0.0109852688202007,1.1045828437132643,1.1997177134791537,7.308555749563461,0.0492244943775418,0.0,1.257769711125628,0.9754771249982412,0.1627150162336709,0.0,0.003719200371919973,0
2025-04-25 06:00:00+00:00,4.304,4.348,4.261,4.348,104.42,0.0106359384134247,1.0692701069270116,1.2811553692056776,8.1054201889607,0.5773486581532675,0.0,1.2681883111847427,0.9880700619031012,2.0009199627412726,0.0,-0.015179392824287041,0
2025-04-25 07:00:00+00:00,4.344,4.357,4.344,4.357,58.15,0.002067777876342,0.2069917203311844,0.7631822386679143,8.329189457981112,0.317266903395089,0.0,1.2442126709457748,0.9860147134280992,0.2983704383065457,0.0,-0.022492540739040612,0
2025-04-25 08:00:00+00:00,4.33,4.346,4.33,4.346,4.62,-0.0025278653010671,-0.2524672940096395,2.815235391530635,10.276579548337985,0.0256186909235679,0.0,0.5418979655281675,0.8588627736344975,0.368154624857765,0.0,-0.01288541187298664,0
2025-04-25 09:00:00+00:00,4.321,4.326,4.307,4.319,35.87,-0.0062319878556738,-0.6212609295904281,1.6235294117647123,9.369460622942526,0.1988414313024261,0.1618122976972157,0.6949204671022763,0.8836188959324347,0.4399166472702031,0.1157675387553187,-0.0032414910858995505,0
2025-04-25 10:00:00+00:00,4.305,4.305,4.285,4.285,0.63,-0.0079033419288209,-0.7872192637184527,0.7050528789659394,6.857855361596021,0.0034923523949675,0.4645760742242465,0.8216308871325221,0.8782868524053321,0.4667444573006331,0.0,-0.0004667444574094626,0
2025-04-25 11:00:00+00:00,4.318,4.318,4.318,4.318,0.28,0.0076717800428724,0.7701283547257853,0.3719200371919973,7.680798004987532,0.0015520562435533,0.0,0.7505315798004695,0.8817449281679738,0.0,0.0,-0.008105604446502879,0
2025-04-25 12:00:00+00:00,4.285,4.285,4.249,4.282,55.62,-0.0083721419251244,-0.8337193144974386,-1.517939282428704,6.676631788739407,0.3081717883171855,0.0700116685950991,0.6354868806012407,0.9116179946980718,0.8407286312842874,0.0,0.00023353573096684954,0
2025-04-25 13:00:00+00:00,4.256,4.278,4.236,4.259,18.08,-0.0053857992264145,-0.5371321812237206,-2.249254073904061,5.866268953517295,0.0998911124252929,0.44413277221968,0.5989839020597753,0.9264348603175062,0.9861469826282776,0.4461141111889667,0.0030523597088518706,0
2025-04-25 14:00:00+00:00,4.281,4.29,4.281,4.29,518.94,0.0072523419988491,0.7278703921108187,-1.288541187298664,4.966968436505992,2.7430836829614824,0.0,0.7534183649467033,0.8883363632017995,0.2097902097413155,0.0,-0.00419580419580412,0
2025-04-25 15:00:00+00:00,4.305,4.305,4.305,4.305,18.0,0.0034904049397683,0.3496503496503322,-0.324149108589955,3.86007237635706,0.1171932223245458,0.0,0.7529158031404616,0.8512848928687656,0.0,0.0,-0.013704994192798914,0
2025-04-25 16:00:00+00:00,4.279,4.283,4.279,4.283,9.16,-0.00512343924646,-0.5110336817653716,-0.0466744457409462,1.7339667458432295,0.0966537847702055,0.0,0.705618166177437,0.8071349572416673,0.0933924818834116,0.0,-0.0004669624095261504,0
2025-04-25 17:00:00+00:00,4.329,4.329,4.283,4.283,242.72,0.0,0.0,-0.8105604446502879,2.1708015267175584,2.545246407306762,1.0626010623555873,0.5984798333243628,0.8003020943636389,1.0740135416590997,0.0,-0.0004669624095261504,0
2025-04-25 18:00:00+00:00,4.283,4.283,4.283,4.283,0.0,0.0,0.0,0.0233535730966849,1.109537299339003,0.0,0.0,0.48995258225802,0.7741001123535911,0.0,0.0,-0.006537473733364552,0
2025-04-25 19:00:00+00:00,4.272,4.272,4.272,4.272,2.34,-0.0025715969753401,-0.2568293252393161,0.305235970885187,1.304244723737269,0.0254218874481195,0.0,0.4383926133623693,0.7697294923006234,0.0,0.0,0.014513108614232051,0
2025-04-25 20:00:00+00:00,4.272,4.272,4.272,4.272,0.0,0.0,0.0,-0.419580419580412,0.6834786707518248,0.0,0.0,0.2901695366149482,0.7604331179285649,0.0,0.0,0.016151685393258397,0
2025-04-25 21:00:00+00:00,4.243,4.246,4.228,4.246,363.52,-0.0061047383768293,-0.6086142322097365,-1.3704994192798914,-0.3520300398967335,3.6915421622138735,0.0,0.2770978462677664,0.7663455270784344,0.4239284031031888,0.0,0.015779557230334307,0
2025-04-25 22:00:00+00:00,4.281,4.281,4.281,4.281,0.24,0.0082092638817445,0.824305228450295,-0.046696240952615,0.3045923149015861,0.0024471068059908,0.0,0.4716706389847675,0.784520619013783,0.0,0.0,0.0007007708479327412,0
2025-04-25 23:00:00+00:00,4.281,4.281,4.281,4.281,0.0,0.0,0.0,-0.046696240952615,0.7057163020465662,0.0,0.0,0.4716706389847675,0.7796272880168339,0.0,0.0,0.0004671805652887162,0
2025-04-26 00:00:00+00:00,4.255,4.255,4.255,4.255,26.51,-0.0060918651374715,-0.6073347348750202,-0.6537473733364552,-0.8851618914512027,0.302971428567966,0.0,0.5314392428402399,0.7624906288260529,0.0,0.0,0.006580493537015286,0
2025-04-26 01:00:00+00:00,4.315,4.334,4.315,4.334,9.91,0.0183961410888298,1.8566392479435925,1.451310861423205,0.2312673450508784,0.1290868828952835,0.0,0.9440195040801572,0.8410452410491185,0.4383940931152584,0.0,-0.00484540839870784,0
2025-04-26 02:00:00+00:00,4.345,4.35,4.341,4.341,15.69,0.0016138332032892,0.161513613290265,1.6151685393258397,2.6969481902058057,0.2252665079351728,0.2068965516765629,0.9380891847921424,0.6869835977122382,0.207325500988855,0.1151808338827018,-0.010596636719649943,0
2025-04-26 03:00:00+00:00,4.343,4.343,4.313,4.313,7.89,-0.0064710186517505,-0.6450126698917424,1.577955723033431,1.482352941176468,0.1141403608159448,0.6907667509346669,0.9450352471625802,0.697321398509305,0.6955715277775223,0.0,-0.008578715511245005,0
2025-04-26 04:00:00+00:00,4.287,4.287,4.278,4.284,90.46,-0.0067465650802037,-0.6723858103408253,0.0700770847932741,0.6815511163337229,1.3638727996678437,0.0699790062817896,0.964823008517868,0.7131145835806197,0.2100840335644141,0.0,-0.0018674136321195078,0
2025-04-26 05:00:00+00:00,4.253,4.283,4.253,4.283,131.96,-0.0002334539522682,-0.0233426704014827,0.0467180565288716,-0.4416550441654898,1.8466597862144711,0.0,0.9649265771537132,0.6756989674089366,0.700443614125515,0.0,-0.008638804576231562,0
2025-04-26 06:00:00+00:00,4.283,4.283,4.283,4.283,0.0,0.0,0.0,0.6580493537015286,-1.4949402023918923,0.0,0.0,0.91792945972734,0.6353188457980621,0.0,0.0,-0.008638804576231562,0
2025-04-26 07:00:00+00:00,4.313,4.313,4.313,4.313,20.13,0.0069800190324719,0.7004436142890258,-0.484540839870784,-1.0098691760385692,0.3072168488478267,0.0,0.51930300418056,0.6520717530219718,0.0,0.0,-0.02272200324600049,0
2025-04-26 08:00:00+00:00,4.294,4.295,4.294,4.295,245.32,-0.0041821622294872,-0.4173429167632636,-1.0596636719649943,-1.1734928670041445,3.2469957590000775,0.0,0.5191162226577992,0.6552601537104789,0.0232828870725845,0.0,-0.01420256111757856,0
2025-04-26 09:00:00+00:00,4.276,4.276,4.276,4.276,3.5,-0.0044335622734199,-0.4423748544819639,-0.8578715511245005,-0.9956008335262778,0.0471671626699241,0.0,0.4879886830326488,0.6494126566657362,0.0,0.0,0.0021047708138448584,0
2025-04-26 10:00:00+00:00,4.276,4.276,4.276,4.276,0.0,0.0,0.0,-0.1867413632119507,-0.2100350058343081,0.0,0.0,0.4131339467121162,0.6295337165431478,0.0,0.0,0.0021047708138448584,0
2025-04-26 11:00:00+00:00,4.253,4.253,4.246,4.246,150.18,-0.0070406298817343,-0.7015902712815603,-0.8638804576231562,-1.6674386289948884,1.8673588336546436,0.1645897013485487,0.4957653160802349,0.622280763950268,0.1648610456512261,0.0,0.009185115402731814,0
2025-04-26 12:00:00+00:00,4.246,4.246,4.246,4.246,0.0,0.0,0.0,-0.8638804576231562,-0.8407286314806028,0.0,0.0,0.4957653160802349,0.6004906881711233,0.0,0.0,0.009185115402731814,0
2025-04-26 13:00:00+00:00,4.237,4.238,4.212,4.215,76.05,-0.0073277718272457,-0.7300989166274308,-2.272200324600049,-1.0331063629960169,0.9444662927045168,0.5427088247893697,0.3236314410224419,0.6088195322333332,0.6168446024633985,0.0237247924024456,0.0125741399762751,0
2025-04-26 14:00:00+00:00,4.234,4.234,4.234,4.234,0.26,0.0044975812588546,0.4507710557532629,-1.420256111757856,-1.3053613053613078,0.0044135121370834,0.0,0.4670093357648542,0.5961661642008792,0.0,0.0,0.008030231459612569,0
2025-04-26 15:00:00+00:00,4.26,4.285,3.578,4.285,3739.06,0.0119733793370697,1.2045347189419076,0.2104770813844858,-0.464576074332157,17.47598590032534,0.0,0.7295477595071359,0.6443471527609962,16.499416565577736,0.0,-0.003967327887981376,0
2025-04-26 16:00:00+00:00,4.285,4.285,4.285,4.285,497.28,0.0,0.0,0.2104770813844858,0.0466962409525928,2.122475111230097,0.0,0.7295477595071359,0.6357352001354498,0.0,0.0,-0.003967327887981376,0
2025-04-26 17:00:00+00:00,4.285,4.285,4.285,4.285,495.29,0.0,0.0,0.9185115402731814,0.0466962409525928,2.023109168602889,0.0,0.6377355351631793,0.6357352001354498,0.0,0.0,-0.0028004667444575526,0
2025-04-26 18:00:00+00:00,4.285,4.285,4.285,4.285,0.0,0.0,0.0,0.9185115402731814,0.0466962409525928,0.0,0.0,0.6377355351631793,0.6357352001354498,0.0,0.0,-0.005600933488914772,0
2025-04-26 19:00:00+00:00,4.268,4.268,4.268,4.268,46.49,-0.0039752186102362,-0.3967327887981375,1.25741399762751,-0.0936329588015039,0.1884812508649833,0.0,0.5538383969469652,0.6388604093900616,0.0,0.0,-0.025773195876288568,0
2025-04-26 20:00:00+00:00,4.268,4.268,4.268,4.268,0.0,0.0,0.0,0.8030231459612569,-0.0936329588015039,0.0,0.0,0.5449814918811396,0.6388604093900616,0.0,0.0,-0.023430178069353214,0
2025-04-26 21:00:00+00:00,4.268,4.268,4.268,4.268,0.0,0.0,0.0,-0.3967327887981375,0.5181347150258864,0.0,0.0,0.1622876201849208,0.6256766548094105,0.0,0.0,-0.023430178069353214,0
2025-04-26 22:00:00+00:00,4.268,4.268,4.268,4.268,0.0,0.0,0.0,-0.3967327887981375,-0.3036673674375101,0.0,0.0,0.1622876201849208,0.6020686648382351,0.0,0.0,-0.02881911902530465,0
2025-04-26 23:00:00+00:00,4.291,4.291,4.268,4.273,19.45,0.0011708232223809,0.1171508903467621,-0.2800466744457552,-0.1868722261153976,0.0837244840304677,0.4194826379819588,0.1781146696297998,0.6026498736617161,0.5382635149688262,0.0,-0.03323192136672115,0
2025-04-27 00:00:00+00:00,4.281,4.281,4.261,4.261,299.07,-0.0028122821441128,-0.2808331383103102,-0.5600933488914772,0.1410105757931878,1.2273755598026916,0.4671805651793452,0.1991194438470551,0.5920454432346134,0.469373386418818,0.0,-0.03144801689744203,0
2025-04-27 01:00:00+00:00,4.219,4.284,4.158,4.158,141.13,-0.0244696850819537,-2.41727294062426,-2.577319587628857,-4.060913705583735,0.5664828631184395,2.941176469901673,0.9943975787942692,0.6577333852141318,3.030303029574228,1.5632515628755888,-0.007455507455507604,0
2025-04-27 02:00:00+00:00,4.161,4.168,4.161,4.168,120.56,0.0024021150152446,0.240500240500241,-2.343017806935322,-3.985256853259622,0.4755756005819427,0.0,1.019930448449136,0.6596683881684642,0.1679462571574159,0.0,-0.0098368522072938,0
2025-04-27 03:00:00+00:00,4.168,4.168,4.168,4.168,0.0,0.0,0.0,-2.343017806935322,-3.361929051704138,0.0,0.0,1.019930448449136,0.6524819366726207,0.0,0.0,-0.009357005758157566,0
2025-04-27 04:00:00+00:00,4.173,4.173,4.145,4.145,8.02,-0.0055335158638076,-0.5518234165067359,-2.881911902530465,-3.244631185807667,0.032113451511863,0.670980110071667,1.0019123002289168,0.6486388533809853,0.6755126656995258,0.0,0.005548854041013351,0
2025-04-27 05:00:00+00:00,4.154,4.154,4.118,4.131,60.28,-0.0033832801726306,-0.3377563329312272,-3.323192136672115,-3.548914312397855,0.2442929583733621,0.553683196785336,0.9634750152421232,0.6494161950411712,0.8714596947781406,0.0,-0.002662793512466788,0
2025-04-27 06:00:00+00:00,4.123,4.142,4.123,4.127,58.05,-0.0009687576441828,-0.0968288549987983,-3.1448016897442033,-3.642306794303074,0.2329719136061497,0.3621438917522725,0.977111558560002,0.6487404145430509,0.4603828445698159,0.3634601404498659,-0.0038769081657378246,0
2025-04-27 07:00:00+00:00,4.127,4.127,4.127,4.127,0.0,0.0,0.0,-0.7455507455507604,-4.312543473220498,0.0,0.0,0.280860777200188,0.6240314889898094,0.0,0.0,-0.012599951538647791,0
2025-04-27 08:00:00+00:00,4.127,4.127,4.127,4.127,0.0,0.0,0.0,-0.98368522072938,-3.911525029103613,0.0,0.0,0.2311601695186761,0.6230358518720348,0.0,0.0,0.00024230676035874588,0
2025-04-27 09:00:00+00:00,4.129,4.129,4.129,4.129,66.84,0.0004844961335084,0.0484613520717269,-0.9357005758157566,-3.4377923292797097,0.27763191825444,0.0,0.2387870596049508,0.6216117826663562,0.0,0.0,-0.011867280213126552,0
2025-04-27 10:00:00+00:00,4.144,4.168,4.144,4.168,0.88,0.0094010575471126,0.9445386292080472,0.5548854041013351,-2.5257249766136525,0.0036546810892597,0.0,0.437941539412178,0.6596528735733043,0.5758157388253806,0.0,-0.0249520153550864,0
2025-04-27 11:00:00+00:00,4.116,4.12,4.115,4.12,7.09,-0.0115831410896307,-1.151631477927062,-0.2662793512466788,-2.9674988224211107,0.0301926966888951,0.0,0.6671392194425171,0.6836225642167872,0.1213592232715121,0.0,-0.01019417475728146,0
2025-04-27 12:00:00+00:00,4.111,4.112,4.092,4.111,324.67,-0.0021868554456937,-0.2184466019417574,-0.3876908165737824,-3.179463024022622,1.307292881260811,0.0243190661419538,0.6708968589903935,0.6833341737267965,0.4864996350069439,0.0243249817503547,-0.00024324981756251862,0
2025-04-27 13:00:00+00:00,4.091,4.091,4.07,4.075,45.46,-0.0087955612229151,-0.8756993432254778,-1.2599951538647791,-3.3214709371292894,0.1839902325166081,0.391102419850623,0.7458296415064358,0.6895488765330072,0.515337423186418,0.0,0.008588957055214674,0
2025-04-27 14:00:00+00:00,4.096,4.128,4.096,4.128,269.78,0.0129222814864355,1.3006134969325125,0.0242306760358745,-2.5035427491733597,1.0444107494233206,0.0,0.9714973872674604,0.7404796120095506,0.7751937982618239,0.0,0.0002422480620154488,0
2025-04-27 15:00:00+00:00,4.113,4.113,4.08,4.08,13.09,-0.0116960397631912,-1.162790697674421,-1.1867280213126552,-4.784130688448074,0.1270139037680272,0.8023340625328718,1.081408627802095,0.7166332660151077,0.8088235292135325,0.0,0.0117647058823529,0
2025-04-27 16:00:00+00:00,4.09,4.09,4.064,4.064,405.92,-0.0039292781398895,-0.3921568627450966,-2.49520153550864,-5.157526254375733,4.089753869492435,0.6356968213604605,0.9264106517777524,0.7162520520701422,0.639763779370132,0.0,0.0145177165354331,0
2025-04-27 17:00:00+00:00,4.078,4.078,4.078,4.078,0.49,0.0034389618760827,0.3444881889763884,-1.019417475728146,-4.830805134189031,0.0062312228774104,0.0,0.8896001282138682,0.7242531470001163,0.0,0.0,0.003433055419322928,0
2025-04-27 18:00:00+00:00,4.075,4.11,4.075,4.11,5.39,0.0078163563558798,0.7846983815595898,-0.0243249817562518,-4.0840140023337135,0.0683482506093855,0.0,0.9690158411560864,0.7510136115494255,0.8515815083086209,0.0,-0.002676399026763976,0
2025-04-27 19:00:00+00:00,4.11,4.11,4.11,4.11,0.0,0.0,0.0,0.8588957055214674,-3.701968134957811,0.0,0.0,0.8717265202840419,0.7502467977685703,0.0,0.0,-0.026034063260340634,0
2025-04-27 20:00:00+00:00,4.137,4.137,4.129,4.129,24.85,0.0046122183958098,0.4622871046228605,0.0242248062015448,-3.256794751640113,0.3187566140353122,0.1933768430762929,0.7020274047674158,0.7602878230860863,0.1937515136367762,0.0,-0.014531363526277485,0
2025-04-27 21:00:00+00:00,4.112,4.128,4.112,4.128,5.25,-0.0002422187246914,-0.0242189392104519,1.17647058823529,-3.280224929709463,0.0671545140083187,0.0,0.4168759597740035,0.7601127839080185,0.3875968991309119,0.0,-0.0029069767441861627,0
2025-04-27 22:00:00+00:00,4.105,4.123,4.105,4.123,29.89,-0.0012119744544985,-0.1211240310077466,1.45177165354331,-3.3973758200562254,0.3763377680734922,0.0,0.349565209250154,0.7595517810513874,0.4365753091349512,0.0,0.0038806694154742694,0
2025-04-27 23:00:00+00:00,4.092,4.092,4.092,4.092,0.6,-0.007547205635383,-0.7518796992481369,0.3433055419322928,-4.235899836180668,0.0076299071163809,0.0,0.527064058637657,0.7673288246197204,0.0,0.0,0.011485826001955246,0
2025-04-28 00:00:00+00:00,4.086,4.099,4.051,4.099,166.02,0.0017091934328206,0.1710654936461608,-0.2676399026763976,-3.801924430884762,2.271316680506589,0.0,0.4036947128025063,0.7702890540402106,1.1710173210121948,0.0,0.0182971456452794,0
2025-04-28 01:00:00+00:00,4.05,4.102,4.003,4.003,68.6,-0.0236989615117639,-2.3420346425957583,-2.6034063260340634,-3.7277537277537354,0.9789918714517216,2.4134568497285622,1.0279569268295703,0.7604443924790683,2.4731451405263236,1.2990257303774726,0.05246065450911819,0
2025-04-28 02:00:00+00:00,4.034,4.069,4.008,4.069,26.15,0.0163531890091163,1.6487634274294338,-1.4531363526277483,-2.3752399232245702,0.3953834135464246,0.0,1.307489993712455,0.8412588653914838,1.499139837429554,0.0,0.03784713688867036,0
2025-04-28 03:00:00+00:00,4.094,4.116,4.093,4.116,98.36,0.0114845489522501,1.155074956991875,-0.2906976744186162,-1.247600767754331,1.4004081438745135,0.0,1.4289159843511898,0.879019612645224,0.5587949464142794,0.0,0.028668610301263442,0
2025-04-28 04:00:00+00:00,4.124,4.141,4.064,4.139,193.68,0.0055723947947923,0.5587949465500675,0.3880669415474269,-0.1447527141133719,2.483952675590959,0.0482975126664285,1.4487204313848483,0.8807272818628977,1.8603527417587924,0.048320850435288,0.017153901908673497,0
2025-04-28 05:00:00+00:00,4.139,4.139,4.139,4.139,0.0,0.0,0.0,1.1485826001955246,0.1936577099975744,0.0,0.0,1.3951328991798462,0.8778803868388183,0.0,0.0,0.017153901908673497,0
2025-04-28 06:00:00+00:00,4.142,4.178,4.142,4.174,25.1,0.0084205958884136,0.8456148828219323,1.82971456452794,1.138841773685506,0.3387866892328759,0.0957395882968445,1.4199485585371407,0.8937782405216852,0.8624820314176992,0.0958313368241793,0.008624820316243342,0
2025-04-28 07:00:00+00:00,4.189,4.22,4.189,4.213,114.05,0.0093001743418703,0.93435553425969,5.246065450911819,2.083838139084082,1.4466007102809917,0.1658767772118698,0.5514430348770261,0.9116263531208264,0.7358177069224191,0.1661523854340885,-0.01542843579397113,0
2025-04-28 08:00:00+00:00,4.224,4.243,4.223,4.223,7.52,0.0023707929549269,0.2373605506764686,3.784713688867036,2.3261448994426948,0.0950054746050491,0.4713646004074196,0.4380978375735959,0.9119391222328131,0.4735969688672624,0.449917120423892,-0.017759886336727537,0
2025-04-28 09:00:00+00:00,4.25,4.253,4.166,4.234,55.22,0.0026013967608669,0.2604783329386739,2.866861030126344,2.542988617098585,0.7019268455362402,0.4467434750889417,0.3679242844904119,0.9124846890767256,2.054794520062631,0.0708549834504384,-0.030703826169107162,0
2025-04-28 10:00:00+00:00,4.246,4.246,4.206,4.21,52.85,-0.0056845250183833,-0.5668398677373676,1.7153901908673497,1.0076775431861806,0.6538043226054797,0.8478568062063566,0.5547737385350744,0.90435318436027,0.9501187646199252,0.0,-0.01258907363420425,0
2025-04-28 11:00:00+00:00,4.21,4.21,4.21,4.21,0.0,0.0,0.0,1.7153901908673497,2.1844660194174637,0.0,0.0,0.5547737385350744,0.8676876276179862,0.0,0.0,-0.00973871733966758,0
2025-04-28 12:00:00+00:00,4.21,4.21,4.21,4.21,0.0,0.0,0.0,0.8624820316243342,2.4081731938701,0.0,0.0,0.4876538976001188,0.8654499998116554,0.0,0.0,-0.0038004750593824133,0
2025-04-28 13:00:00+00:00,4.208,4.208,4.148,4.148,75.19,-0.0148363573270092,-1.4726840855107004,-1.542843579397113,1.7914110429447794,1.1016849816688397,1.4258555129691526,0.6701128372848184,0.9031160354040092,1.4464802310881315,0.0,0.020732883317261308,0
2025-04-28 14:00:00+00:00,4.148,4.148,4.148,4.148,0.0,0.0,0.0,-1.7759886336727535,0.4844961240309864,0.0,0.0,0.6413744531724181,0.8650458179636568,0.0,0.0,0.01808100289296055,0
2025-04-28 15:00:00+00:00,4.146,4.146,4.095,4.104,70.67,-0.0106641824988123,-1.060752169720336,-3.070382616910716,0.588235294117645,1.18956375366212,1.013024601781707,0.638860548525412,0.8591115962201141,1.2426900581767362,0.0,0.031676413255360636,0
2025-04-28 16:00:00+00:00,4.126,4.164,4.126,4.157,77.34,0.0128315524020319,1.29142300194931,-1.258907363420425,2.288385826771644,1.6916935527600658,0.1681075888164889,0.9713294845294058,0.8912325492740606,0.9141207599436652,0.1683906663054069,0.0240558094779888,0
2025-04-28 17:00:00+00:00,4.143,4.169,4.143,4.169,63.57,0.0028825386281594,0.2886697137358673,-0.973871733966758,2.2314860225600697,1.314901318597296,0.0,0.9907952594625054,0.8906271250287564,0.6236507554272799,0.0,0.014631806188534657,0
2025-04-28 18:00:00+00:00,4.176,4.194,4.169,4.194,45.96,0.0059787335810685,0.5996641880547049,-0.3800475059382413,2.0437956204379493,0.9185340627861096,0.0,1.0393544719030792,0.8852135833315168,0.5960896517415226,0.0,0.023843586075345646,0
2025-04-28 19:00:00+00:00,4.198,4.241,4.198,4.234,398.01,0.0094922402329451,0.9537434430138214,2.073288331726131,3.017031630170308,5.9743320323330185,0.1650554114206347,0.8274611759569117,0.9023234767037156,1.0155880961228951,0.1653282947176757,0.012753897024090799,0
2025-04-28 20:00:00+00:00,4.243,4.243,3.95,4.223,2653.94,-0.0026013967608669,-0.2598016060462949,1.8081002892960552,2.2765802857834805,15.0650453999528,0.4713646004074196,0.8553124638423282,0.9026112725316884,6.938195593905237,0.0,0.0011839924224483767,0
2025-04-28 21:00:00+00:00,4.23,4.234,4.23,4.234,58.13,0.0026013967608669,0.2604783329386739,3.1676413255360636,2.5678294573643345,0.3258978941079876,0.0,0.5481887713569997,0.9028610923135136,0.0944733112672372,0.0,0.008502598016060459,0
2025-04-28 22:00:00+00:00,4.244,4.257,4.242,4.257,103.42,0.0054175141333418,0.5432215399149731,2.40558094779888,3.250060635459606,0.5700191531254324,0.0,0.4070969114933743,0.9057559868304575,0.3523608173943169,0.0,-0.008221752407798766,0
2025-04-28 23:00:00+00:00,4.233,4.238,4.23,4.23,25.68,-0.0063626937878285,-0.6342494714587588,1.4631806188534655,3.372434017595327,0.1407296790007495,0.1887682868832544,0.5899988006485744,0.9010173002056144,0.1891252954635639,0.1182033096647458,0.0099290780141843,0
2025-04-29 00:00:00+00:00,4.236,4.294,4.236,4.294,396.35,0.0150167063984024,1.5130023640661738,2.3843586075345646,4.757257867772613,2.0635213317635897,0.0,0.7828538882533079,0.9430831166965296,1.350721937272767,0.0,-0.002095947834187095,0
2025-04-29 01:00:00+00:00,4.294,4.3,4.288,4.288,514.05,-0.0013982756880882,-0.1397298556124693,1.27538970240908,7.119660254808902,2.4404776034256392,0.2790697673769504,0.7537319935793884,0.7742755508778179,0.2798507462033828,0.1399253731017018,-0.003031716417910446,0
2025-04-29 02:00:00+00:00,4.262,4.262,4.228,4.228,1.21,-0.0140913557605098,-1.3992537313432971,0.1183992422448376,3.907594003440651,0.0057730155258854,0.7977475361807213,1.0023873368181426,0.7928662019575159,0.8041627245023222,0.0,0.015610217596972564,0
2025-04-29 03:00:00+00:00,4.277,4.277,4.27,4.27,49.33,0.0098847592325419,0.9933774834437026,0.8502598016060459,3.741496598639449,0.2376743280316658,0.1636661210746761,1.0785336125350091,0.7848239540405829,0.1639344261911292,0.0,0.006088992974238927,0
2025-04-29 04:00:00+00:00,4.245,4.28,4.222,4.222,674.23,-0.0113048778144041,-1.124121779859466,-0.8221752407798766,2.0053152935491703,2.962660798035984,1.3551401865992625,1.1667527754032203,0.821775242206432,1.3737565131753258,0.8289909993299437,0.008763619137849288,0
2025-04-29 05:00:00+00:00,4.225,4.272,4.225,4.272,4.26,0.0117731522317647,1.1842728564661176,0.99290780141843,3.213336554723356,0.0187044463307436,0.0,1.2440814842746797,0.8512333445971586,1.1001872656600824,0.0,-0.003043071161048627,0
2025-04-29 06:00:00+00:00,4.288,4.321,4.285,4.285,148.32,0.0030384503918494,0.3043071161048738,-0.2095947834187095,2.6593195975083805,0.6368740271563013,0.8331404765486735,1.0706407427819202,0.838705040796684,0.8401400231411479,0.7701283545460488,-0.016102683780630067,0
2025-04-29 07:00:00+00:00,4.28,4.28,4.27,4.275,98.22,-0.0023364496610194,-0.2333722287047757,-0.3031716417910446,1.4716354141941723,0.4229465664998375,0.1168224298792445,1.0731605515244684,0.822682449784321,0.2339181286002688,0.0,-0.005380116959064485,0
2025-04-29 08:00:00+00:00,4.294,4.294,4.294,4.294,69.87,0.0044345970678655,0.4444444444444251,1.5610217596972564,1.6812692398768592,0.2975396659213494,0.0,0.8467402862474445,0.8256775193937492,0.0,0.0,-0.003959012575686871,0
2025-04-29 09:00:00+00:00,4.291,4.296,4.272,4.296,20.32,0.0004656577499744,0.0465766185375082,0.6088992974238927,1.464336324988191,0.0870714096966052,0.0,0.7679051412201177,0.8246835161397105,0.5586592177470537,0.0,-0.009310986964618295,0
2025-04-29 10:00:00+00:00,4.264,4.264,4.259,4.259,110.03,-0.008649966265487,-0.8612662942271809,0.8763619137849288,1.163895486935873,0.4667149749896254,0.1172607879649926,0.6860230428946524,0.8366524358367603,0.1173984503128882,0.0,-0.006574313219065653,0
2025-04-29 11:00:00+00:00,4.259,4.259,4.259,4.259,0.0,0.0,0.0,-0.3043071161048627,1.163895486935873,0.0,0.0,0.4644297414862101,0.8366524358367603,0.0,0.0,-0.0030523597088518706,0
2025-04-29 12:00:00+00:00,4.246,4.246,4.209,4.216,52.18,-0.0101475797020152,-1.0096266729279213,-1.6102683780630067,0.1425178147268502,0.2193097361241019,0.7065473385052937,0.5642949324558283,0.8643768891916941,0.8776091079512504,0.0,0.009013282732447614,0
2025-04-29 13:00:00+00:00,4.207,4.276,4.207,4.252,46.0,0.0085026492406402,0.8538899430740043,-0.5380116959064485,2.507232401157178,0.1943289051916685,0.5612722168939968,0.7281791845219371,0.8196368449485945,1.622765756909038,0.5644402632727098,-0.0011759172154279796,0
2025-04-29 14:00:00+00:00,4.288,4.289,4.277,4.277,46.11,0.0058623687650702,0.5879586077140342,-0.3959012575686871,3.1099324975892184,0.1932253107967877,0.2797854977197881,0.7510683889549985,0.8251451273620397,0.2805704932708407,0.0233808744392246,-0.019873743277998623,0
2025-04-29 15:00:00+00:00,4.266,4.266,4.246,4.256,16.75,-0.0049220772054283,-0.4909983633387904,-0.9310986964618296,3.703703703703698,0.0708584804554507,0.2344116267617363,0.7669416834331254,0.796858492012119,0.4699248119196504,0.0,-0.019971804511278224,0
2025-04-29 16:00:00+00:00,4.245,4.273,4.231,4.231,85.62,-0.0058913803014129,-0.5874060150376059,-0.6574313219065653,1.7801299013711749,0.3616753145247643,0.9829159838560884,0.722938097543373,0.7725333288916715,0.9926731266857264,0.6617820844571439,-0.02198061923895056,0
2025-04-29 17:00:00+00:00,4.23,4.292,4.23,4.246,27.97,0.003538991543134,0.3545261167572811,-0.305235970885187,1.8469656992084584,0.1188956351084929,1.0717614163392768,0.7477136922439707,0.7734423462995044,1.460197832910914,1.0833725857080934,-0.031323598681111675,0
2025-04-29 18:00:00+00:00,4.254,4.254,4.254,4.254,2.23,0.0018823534969809,0.1884126236457728,0.9013282732447614,1.4306151645207432,0.0095533385812026,0.0,0.5800801571860394,0.7659141287907958,0.0,0.0,-0.029149036201222334,0
2025-04-29 19:00:00+00:00,4.247,4.247,4.247,4.247,18.77,-0.0016468654469112,-0.1645510108133407,-0.1175917215427979,0.3070382616910727,0.0862494471553516,0.0,0.4729729806064327,0.7430435390064345,0.0,0.0,-0.03461266776548155,0
2025-04-29 20:00:00+00:00,4.225,4.226,4.192,4.192,130.99,-0.013034904312393,-1.2950317871438632,-1.9873743277998623,-0.7340753019180579,1.1643383060888195,0.8045433031697675,0.6007723251472715,0.7888165890660042,0.8110687020965917,0.0238549618263784,-0.0109732824427482,0
2025-04-29 21:00:00+00:00,4.189,4.262,4.158,4.171,342.23,-0.0050221318039328,-0.5009541984732802,-1.9971804511278224,-1.4879546528105747,2.752390973591703,2.1351478174248673,0.6013110575101845,0.7919389852039221,2.4934068562710414,1.750179812574867,-0.0004795013186288388,0
2025-04-29 22:00:00+00:00,4.15,4.15,4.138,4.138,7.17,-0.007943235891457,-0.7911771757372454,-2.198061923895056,-2.795395818651625,0.0595867571128297,0.2891566264363587,0.6239782714232778,0.7945743295126024,0.2899951666771508,0.0,0.006524891251812548,0
2025-04-29 23:00:00+00:00,4.126,4.14,4.109,4.113,99.46,-0.006059890075064,-0.6041565973900265,-3.1323598681111675,-2.765957446808509,0.8059777085160252,0.6521739128859302,0.514590277232122,0.7937394276714986,0.7537077557126821,0.3403841477411987,0.01264283977631897,0
2025-04-30 00:00:00+00:00,4.133,4.133,4.13,4.13,36.61,0.0041247177246542,0.4133236080719582,-2.914903620122234,-3.8192827200745127,0.3376877932887878,0.0725864988936426,0.5810698563499792,0.7253666338455238,0.0726392251640126,0.0,-0.0009685230024212288,0
2025-04-30 01:00:00+00:00,4.12,4.12,4.1,4.1,40.29,-0.0072904332626793,-0.7263922518159882,-3.4612667765481553,-4.3843283582089665,0.4543621985034539,0.4854368930860702,0.5626741630417965,0.7344884424974093,0.487804877929815,0.0,-0.0009756097560974508,0
2025-04-30 02:00:00+00:00,4.138,4.147,4.117,4.146,150.21,0.0111570403033257,1.121951219512196,-1.09732824427482,-1.939451277199622,1.583122911316242,0.0241138172114587,0.7738101242646788,0.7326162458506947,0.723589001272657,0.024119633375763,-0.01230101302460207,0
2025-04-30 03:00:00+00:00,4.16,4.169,4.152,4.169,9.45,0.0055321848850718,0.5547515677761572,-0.0479501318628838,-2.3653395784543285,0.1013726427944375,0.0,0.8062595821599705,0.7100136392995153,0.4077716477793653,0.0,-0.009594627008875034,0
2025-04-30 04:00:00+00:00,4.165,4.165,4.165,4.165,0.28,-0.0009599232798537,-0.0959462700887425,0.6524891251812548,-1.3500710563713936,0.0042984891321765,0.0,0.7153214301829074,0.675268960771223,0.0,0.0,-0.014645858343337315,0
2025-04-30 05:00:00+00:00,4.165,4.165,4.165,4.165,0.0,0.0,0.0,1.264283977631897,-2.504681647940077,0.0,0.0,0.6322380886236936,0.6224267589339777,0.0,0.0,-0.014645858343337315,0
2025-04-30 06:00:00+00:00,4.126,4.126,4.126,4.126,0.67,-0.0094078609697458,-0.9363745498199184,-0.0968523002421228,-3.7106184364060657,0.0113927010193396,0.0,0.7713726010157281,0.6384650309721371,0.0,0.0,-0.012845370819195345,0
2025-04-30 07:00:00+00:00,4.116,4.116,4.095,4.096,24.01,-0.0072975269118534,-0.7270964614638942,-0.097560975609745,-4.187134502923984,0.4309238569492366,0.4859086490558913,0.77150376156355,0.6489802867947447,0.512695312374828,0.0,-0.01416015625,0
2025-04-30 08:00:00+00:00,4.095,4.095,4.095,4.095,0.01,-0.000244170432174,-0.0244140625000111,-1.230101302460207,-4.634373544480663,0.0001893700290331,0.0,0.5437186335948601,0.6363988827086589,0.0,0.0,0.00073260073260073,0
2025-04-30 09:00:00+00:00,4.101,4.129,4.101,4.129,5.57,0.0082685295989204,0.8302808302808273,-0.9594627008875034,-3.887337057728135,0.1067211662029193,0.0,0.6254919260751997,0.6685409679438578,0.6781302977287063,0.0,-0.00968757568418488,0
2025-04-30 10:00:00+00:00,4.104,4.104,4.104,4.104,3.62,-0.0060731390354846,-0.6054734802615536,-1.4645858343337317,-3.639351960554127,0.0757982900001578,0.0,0.6492950865776569,0.6588120626816706,0.0,0.0,-0.00828460038986345,0
2025-04-30 11:00:00+00:00,4.104,4.104,4.104,4.104,0.0,0.0,0.0,-1.4645858343337317,-3.639351960554127,0.0,0.0,0.6492950865776569,0.6588120626816706,0.0,0.0,-0.003411306042885087,0
2025-04-30 12:00:00+00:00,4.101,4.101,4.073,4.073,88.22,-0.0075822792021927,-0.7553606237816646,-1.2845370819195343,-3.3918406072106166,1.790905399882443,0.6827603021987803,0.6135112381736615,0.6462080639455026,0.6874539649674697,0.0,0.0024551927326295075,0
2025-04-30 13:00:00+00:00,4.101,4.101,4.038,4.038,180.58,-0.0086303087756297,-0.8593174564203276,-1.416015625,-5.0329256820319745,3.291201530900968,1.5362106799472717,0.6377877975095867,0.6259373436377861,1.560178305705744,0.0,0.016097077761267897,0
2025-04-30 14:00:00+00:00,4.033,4.098,4.033,4.098,99.44,0.0147495299260622,1.4858841010401136,0.073260073260073,-4.185176525602063,1.741823887864976,0.0,0.9536079223913756,0.6975949742845502,1.5861395798960003,0.0,0.007808687164470474,0
2025-04-30 15:00:00+00:00,4.101,4.101,4.089,4.089,26.44,-0.0021986084342026,-0.2196193265007195,-0.968757568418488,-3.9238721804511263,0.4598794062999791,0.2926115580851853,0.8665382979077119,0.6944719891840211,0.2934702860617476,0.0,0.0031792614331132008,0
2025-04-30 16:00:00+00:00,4.053,4.093,4.046,4.07,742.15,-0.0046574419280016,-0.4646612863780874,-0.828460038986345,-3.805246986527999,8.746740523475635,0.5619350108570812,0.8538300424888968,0.6916603194178134,1.154791154507415,0.5651105649717096,0.001719901719901662,0
2025-04-30 17:00:00+00:00,4.051,4.09,4.051,4.09,172.4,0.0049019706002066,0.4914004914004843,-0.3411306042885087,-3.6740461610928032,1.897285399832385,0.0,0.8923347378136003,0.6966191911204827,0.9535452320406907,0.0,-0.0031784841075794823,0
2025-04-30 18:00:00+00:00,4.101,4.11,4.083,4.083,8875.07,-0.0017129577172715,-0.1711491442542678,0.2455192732629507,-4.019746121297585,19.269822429492685,0.6569343064095082,0.8300817382351824,0.692750462429228,0.6612784715500207,0.2204261571833475,-0.0014695077149156077,0
2025-04-30 19:00:00+00:00,4.076,4.103,4.064,4.103,28.18,0.0048864011226102,0.4898359049718248,1.6097077761267895,-3.3906286790675755,0.0611332317939928,0.0,0.7105122184243375,0.7057221749197793,0.9505240065926022,0.0,0.004143309773336767,0
2025-04-30 20:00:00+00:00,4.113,4.13,4.112,4.13,210.47,0.0065589935128923,0.6580550816475794,0.7808687164470474,-1.4790076335877922,0.4533333094000304,0.0,0.46968646866677,0.678533921871815,0.4358353509840543,0.0,-0.005569007263922399,0
2025-04-30 21:00:00+00:00,4.102,4.102,4.102,4.102,19.44,-0.0068027473227524,-0.6779661016949046,0.3179261433113201,-1.6542795492687556,0.0431211840579316,0.0,0.5659517846149744,0.6845028330449471,0.0,0.0,-0.0036567528035106323,0
2025-04-30 22:00:00+00:00,4.064,4.098,4.064,4.077,89.1,-0.0061132358130726,-0.6094588005850943,0.1719901719901662,-1.4741420976317032,0.1961534333726201,0.5124450950433249,0.5950087583500829,0.6770564455072191,0.8339465291062139,0.5150846209185446,0.013490311503556507,0
2025-04-30 23:00:00+00:00,4.077,4.077,4.077,4.077,0.0,0.0,0.0,-0.3178484107579482,-0.875273522975939,0.0,0.0,0.5509834809342832,0.667109216400259,0.0,0.0,0.003433897473632541,0
2025-05-01 00:00:00+00:00,4.077,4.077,4.077,4.077,0.0,0.0,0.0,-0.1469507714915607,-1.283292978208228,0.0,0.0,0.5480618517170892,0.6603147638260518,0.0,0.0,0.003924454255580079,0
2025-05-01 01:00:00+00:00,4.12,4.12,4.12,4.12,2.45,0.0104917395243187,1.0546970811871503,0.4143309773336767,0.4878048780487809,0.0054811069598749,0.0,0.6839541767310611,0.6807049785684247,0.0,0.0,0.0009708737864075889,0
2025-05-01 02:00:00+00:00,4.117,4.117,4.107,4.107,30.24,-0.0031603283870134,-0.3155339805825163,-0.5569007263922399,-0.9406657018813268,0.0684176440142911,0.2428953120614727,0.6301037844708709,0.6421767451368694,0.2434867299139254,0.0,0.008522035549062501,0
2025-05-01 03:00:00+00:00,4.113,4.113,4.087,4.087,18.52,-0.0048816303922814,-0.4869734599464492,-0.3656752803510632,-1.9668985368193723,0.0418654856519719,0.6321419886622724,0.598380186805001,0.6355428801220797,0.6361634449140948,0.0,0.015414729630536028,0
2025-05-01 04:00:00+00:00,4.087,4.132,4.073,4.132,32.68,0.0109503466752518,1.1010521164668496,1.349031150355651,-0.7923169267707197,0.0736501879002139,0.0,0.6839260859796048,0.6794493994048199,1.427879960932248,0.0,0.010164569215876273,0
2025-05-01 05:00:00+00:00,4.091,4.091,4.091,4.091,72.97,-0.0099721123101305,-0.992255566311706,0.3433897473632541,-1.776710684273708,0.1633316949921872,0.0,0.8500460662202429,0.7072566512851249,0.0,0.0,0.023221706184306967,0
2025-05-01 06:00:00+00:00,4.093,4.093,4.093,4.093,0.37,0.0004887585630044,0.0488878024932804,0.3924454255580079,-0.7998061076102903,0.0008282091004119,0.0,0.8496231370977949,0.6829992037330826,0.0,0.0,0.017591009039824135,0
2025-05-01 07:00:00+00:00,4.124,4.124,4.124,4.124,14.5,0.0075453686444473,0.757390666992408,0.0970873786407588,0.68359375,0.0324856568356375,0.0,0.7876365062869888,0.6844083064672873,0.0,0.0,0.0053346265761398115,0
2025-05-01 08:00:00+00:00,4.14,4.142,4.14,4.142,9.87,0.004355196818679,0.4364694471387098,0.8522035549062501,1.147741147741166,0.0220923161864332,0.0,0.7839908351036216,0.6892874100525221,0.0482858522336506,0.0,0.0009657170449057784,0
2025-05-01 09:00:00+00:00,4.148,4.15,4.148,4.15,4292.32,0.0019295712692146,0.1931434089811778,1.5414729630536028,0.5085977234197347,6.863580124753917,0.0,0.7214086374842854,0.670002653498516,0.0481927710727407,0.0,0.013253012048192625,0
2025-05-01 10:00:00+00:00,4.15,4.178,4.107,4.174,4617.84,0.0057664744124021,0.5783132530120527,1.0164569215876271,1.7056530214424992,5.647798402398403,0.0957395882968445,0.6253181260802662,0.6652888942511316,1.701006228629364,0.0958313368241793,0.007666506947771934,0
2025-05-01 11:00:00+00:00,4.186,4.186,4.186,4.186,1.34,0.0028708153687989,0.2874940105414447,2.3221706184306967,1.9980506822611988,0.0016387603511696,0.0,0.2589408942021695,0.6665464195664583,0.0,0.0,-0.0014333492594362784,0
2025-05-01 12:00:00+00:00,4.157,4.165,4.156,4.165,167.08,-0.0050293484050019,-0.5016722408026753,1.7591009039824137,2.2587773140191336,0.2035135978722059,0.0,0.4375628670624311,0.6544750619884162,0.2160864345219562,0.0,-0.002641056422569066,0
2025-05-01 13:00:00+00:00,4.189,4.189,4.146,4.146,27.41,-0.0045722616052181,-0.4561824729891972,0.5334626576139812,2.6745913818722045,0.0336486229352823,1.0264979706310615,0.4597104595401637,0.6336094519400234,1.03714423515747,0.0,-0.0009647853352627855,0
2025-05-01 14:00:00+00:00,4.144,4.146,4.144,4.146,3.78,0.0,0.0,0.0965717044905778,1.171303074670571,0.0046631597019056,0.0,0.4272275504941517,0.5630619687294441,0.0482392667515047,0.0,0.010130246020260358,0
2025-05-01 15:00:00+00:00,4.185,4.205,4.185,4.205,64.2,0.0141302794113236,1.4230583695127974,1.3253012048192625,2.8368794326240954,0.0790462734667651,0.0,0.7189827707344084,0.624522302900711,0.4756242567240004,0.0,-0.008085612366230621,0
2025-05-01 16:00:00+00:00,4.206,4.206,4.206,4.206,4.77,0.0002377838555966,0.0237812128418557,0.7666506947771934,3.3415233415233336,0.0061039722740524,0.0,0.6992017274600663,0.6125568036042077,0.0,0.0,-0.008321445553970519,0
2025-05-01 17:00:00+00:00,4.18,4.18,4.18,4.18,3.6,-0.0062008307438432,-0.6181645268663938,-0.1433349259436278,2.2004889975550057,0.0046486102592185,0.0,0.7536957667662701,0.6264862819124937,0.0,0.0,-0.0023923444976076125,0
2025-05-01 18:00:00+00:00,4.166,4.166,4.129,4.154,45.12,-0.0062395210827443,-0.6220095693779903,-0.2641056422569066,1.7389174626500026,0.1109934657268249,0.2880460873048486,0.7705105206947555,0.6413538112004962,0.8907077513503546,0.0,0.003851709195955788,0
2025-05-01 19:00:00+00:00,4.164,4.187,4.142,4.142,62.86,-0.002892962480528,-0.288878189696673,-0.0964785335262785,0.9505240068242936,0.1540854648124643,1.074755194393417,0.7554034811214141,0.6390266762878536,1.0864316752567746,0.5552873006868108,0.010140028971511228,0
2025-05-01 20:00:00+00:00,4.167,4.188,4.167,4.188,1.0,0.0110445300348978,1.1105746016417006,1.0130246020260358,1.4043583535108928,0.0025048374673525,0.0,0.883767119502108,0.663915722188977,0.501432664636714,0.0,0.016714422158548237,0
2025-05-01 21:00:00+00:00,4.213,4.217,4.171,4.171,21.97,-0.0040674777934821,-0.4059216809933041,-0.8085612366230621,1.6821062896148264,0.0550167518954714,1.0908228595942886,0.6532208960973421,0.6529464496600473,1.1028530325814154,0.0959002637027225,0.01894030208583075,0
2025-05-01 22:00:00+00:00,4.171,4.171,4.171,4.171,0.0,0.0,0.0,-0.8321445553970519,2.3056168751533157,0.0,0.0,0.6521339185218569,0.6369605343519218,0.0,0.0,0.00839127307600096,0
2025-05-01 23:00:00+00:00,4.188,4.188,4.17,4.17,1.1,-0.0002397794040981,-0.0239750659314363,-0.2392344497607612,2.2810890360559277,0.0027801208720663,0.429799426831466,0.6081581970293509,0.6371347645006887,0.4316546761554735,0.0,0.0026378896882495173,0
2025-05-02 00:00:00+00:00,4.17,4.17,4.17,4.17,0.0,0.0,0.0,0.3851709195955788,2.2810890360559277,0.0,0.0,0.5375679027162719,0.6371347645006887,0.0,0.0,0.00959232613908867,0
2025-05-02 01:00:00+00:00,4.22,4.235,4.184,4.184,166.56,0.0033516909519117,0.3357314148681123,1.0140028971511228,1.553398058252431,0.4138093808542425,1.204250294875033,0.5154664178558919,0.6065285287459247,1.218929254010776,0.3585086041208289,0.006214149139579295,0
2025-05-02 02:00:00+00:00,4.234,4.258,4.228,4.258,83.41,0.017531839708666,1.7686424474187443,1.6714422158548237,3.6766496225955736,0.2060933135797783,0.0,0.760796466759989,0.6912729887167934,0.7045561294728673,0.0,-0.011507750117426108,0
2025-05-02 03:00:00+00:00,4.268,4.279,4.25,4.25,23.21,-0.0018805835349622,-0.1878816345702194,1.8940302085830751,3.9882554440910263,0.0573206722397112,0.6777284410661985,0.7259714143745006,0.6818693544270764,0.6823529410159149,0.2588235293508679,-0.009882352941176453,0
2025-05-02 04:00:00+00:00,4.255,4.255,4.206,4.206,6.45,-0.0104069056558172,-1.0352941176470454,0.839127307600096,1.7909002904162863,0.0159723805759773,1.1515863687070182,0.9152695309172344,0.6941890333928907,1.1650023772788745,0.0,-0.005706134094151216,0
2025-05-02 05:00:00+00:00,4.184,4.185,4.181,4.181,57.79,-0.0059616249060801,-0.5943889681407577,0.2637889688249517,2.199951112197507,0.143332075997805,0.095579450395311,0.964182343042508,0.6717471631787708,0.0956708921081762,0.0239177230270334,0.0002391772303278472,0
2025-05-02 06:00:00+00:00,4.173,4.21,4.173,4.21,152.94,0.006912195319862,0.6936139679502462,0.9592326139088668,2.8585389689714136,0.3734372965220729,0.0,0.9985682732325378,0.6827163690917787,0.8788598572734282,0.0,-0.010451306413301609,0
2025-05-02 07:00:00+00:00,4.21,4.21,4.21,4.21,0.0,0.0,0.0,0.6214149139579295,2.0853540252182334,0.0,0.0,0.9961214030098882,0.669344531152606,0.0,0.0,-0.006175771971496435,0
2025-05-02 08:00:00+00:00,4.209,4.209,4.209,4.209,0.26,-0.0002375579058565,-0.0237529691211491,-1.1507750117426108,1.617576050217262,0.0006364093458328,0.0,0.5880272852514334,0.6654713343442806,0.0,0.0,0.00665241149916862,0
2025-05-02 09:00:00+00:00,4.208,4.208,4.208,4.208,3.69,-0.0002376143530246,-0.0237586124970157,-0.9882352941176452,1.3975903614457774,0.0160540064316843,0.0,0.5921095424368809,0.6651561731782617,0.0,0.0,0.0,0
2025-05-02 10:00:00+00:00,4.2,4.2,4.182,4.182,0.68,-0.0061978744289668,-0.6178707224334556,-0.5706134094151216,0.1916626736943039,0.018149062520367,0.4285714284693828,0.4824690007026034,0.6694027888561574,0.4304160687636449,0.0,0.006217120994739256,0
2025-05-02 11:00:00+00:00,4.182,4.182,4.182,4.182,0.0,0.0,0.0,0.0239177230327847,-0.0955566172957333,0.0,0.0,0.4154406188739821,0.666758322717296,0.0,0.0,0.00071736011477741,0
2025-05-02 12:00:00+00:00,4.184,4.184,4.166,4.166,45.47,-0.0038332581676615,-0.382592061214726,-1.0451306413301609,0.024009603841546,1.4057995284711002,0.4302103249449735,0.2639065604986031,0.6633048102711229,0.4320691309572516,0.0,0.004560729716754475,0
2025-05-02 13:00:00+00:00,4.184,4.184,4.184,4.184,14.76,0.0043113839238415,0.4320691310609748,-0.6175771971496435,0.9165460684997572,0.463895654892311,0.0,0.361696743337312,0.6614065901676118,0.0,0.0,-0.009321223709369164,0
2025-05-02 14:00:00+00:00,4.208,4.237,4.208,4.237,8.36,0.0125877448818002,1.2667304015296257,0.665241149916862,2.1948866377231147,0.2611819838502104,0.0,0.6676471146046566,0.7066250344480521,0.6844465422033384,0.0,-0.02029738022185512,0
2025-05-02 15:00:00+00:00,4.219,4.219,4.208,4.208,83.21,-0.0068679962090134,-0.6844465423648805,0.0,0.0713436385255672,2.5368580174783295,0.2607252902913692,0.744736517289516,0.6644900249814953,0.2614068440443453,0.0,-0.01354562737642595,0
2025-05-02 16:00:00+00:00,4.208,4.208,4.208,4.208,0.0,0.0,0.0,0.6217120994739256,0.0475511174512499,0.0,0.0,0.6819095513074205,0.6644753796848146,0.0,0.0,-0.011882129277566489,0
2025-05-02 17:00:00+00:00,4.182,4.185,4.182,4.185,5.05,-0.0054807714939702,-0.5465779467680787,0.071736011477741,0.1196172248803861,0.1546135299548269,0.0,0.7332881326203289,0.6617012802782657,0.0716845877964726,0.0,-0.006451612903225601,0
2025-05-02 18:00:00+00:00,4.186,4.186,4.185,4.185,44.14,0.0,0.0,0.4560729716754474,0.746268656716409,1.3531057209226165,0.0238891543182379,0.7082324707091967,0.6480326009934304,0.0238948625988383,0.0,-0.014097968936678473,0
2025-05-02 19:00:00+00:00,4.163,4.167,4.145,4.145,60.59,-0.0096039153541804,-0.9557945041816064,-0.9321223709369164,0.0724287783679278,1.862779257987412,0.5279577632522358,0.7915525608123513,0.6763147528118134,0.5307599516210529,0.0965018093856343,-0.008443908323280902,0
2025-05-02 20:00:00+00:00,4.153,4.153,4.151,4.151,2.44,0.0014464804836435,0.1447527141134053,-2.029738022185512,-0.8834765998089744,0.0748772504068675,0.0481579580909752,0.4504479252586756,0.6354988141169186,0.0481811611543716,0.0,-0.0074680799807275156,0
2025-05-02 21:00:00+00:00,4.151,4.151,4.151,4.151,17.0,0.0,0.0,-1.354562737642595,-0.479501318628639,0.5250221976134646,0.0,0.4321255371967644,0.630613673395731,0.0,0.0,-0.0074680799807275156,0
2025-05-02 22:00:00+00:00,4.158,4.158,4.158,4.158,16.06,0.0016849203649196,0.1686340640809636,-1.1882129277566489,-0.3116758571086064,0.4859487877609304,0.0,0.4547346501578153,0.6317831375786033,0.0,0.0,-0.0019240019240018835,0
2025-05-02 23:00:00+00:00,4.158,4.158,4.158,4.158,0.0,0.0,0.0,-0.6451612903225601,-0.2877697841726534,0.0,0.0,0.4246980383402845,0.6317839927758563,0.0,0.0,-0.002645502645502673,0
2025-05-03 00:00:00+00:00,4.126,4.126,4.126,4.126,4.72,-0.0077257747867611,-0.7696007696007756,-1.409796893667847,-1.0551558752997514,0.1421704589623212,0.0,0.4964986985011959,0.6505491223403177,0.0,0.0,0.00508967523024717,0
2025-05-03 01:00:00+00:00,4.12,4.12,4.11,4.11,24.84,-0.0038853861409168,-0.3877847794474087,-0.8443908323280902,-1.7686424474187334,0.910070679436027,0.2427184465430243,0.3680507993350287,0.648970861322119,0.2433090023738855,0.0,0.0075425790754257704,0
2025-05-03 02:00:00+00:00,4.12,4.12,4.12,4.12,5.35,0.0024301348532916,0.2433090024330786,-0.7468079980727516,-3.2409581963363077,0.2225264726688607,0.0,0.385131319837376,0.5255455911462807,0.0,0.0,0.0041262135922328635,0
2025-05-03 03:00:00+00:00,4.12,4.12,4.12,4.12,0.0,0.0,0.0,-0.7468079980727516,-3.0588235294117583,0.0,0.0,0.385131319837376,0.5261571264712829,0.0,0.0,0.0014563106796117165,0
2025-05-03 04:00:00+00:00,4.15,4.15,4.15,4.15,21.43,0.007255170881172,0.728155339805836,-0.1924001924001883,-1.3314312886352877,0.9042512042939238,0.0,0.5151868173826581,0.5165920488208455,0.0,0.0,-0.015662650602409678,0
2025-05-03 05:00:00+00:00,4.147,4.147,4.147,4.147,0.25,-0.0007231529783626,-0.0722891566265038,-0.2645502645502673,-0.813202583114081,0.011736170878097,0.0,0.5151316161032554,0.5036755052067377,0.0,0.0,-0.01591511936339518,0
2025-05-03 06:00:00+00:00,4.147,4.147,4.147,4.147,0.0,0.0,0.0,0.508967523024717,-1.4964370546318273,0.0,0.0,0.3738091555954548,0.4795886787226622,0.0,0.0,-0.01591511936339518,0
2025-05-03 07:00:00+00:00,4.141,4.141,4.141,4.141,0.26,-0.001447876700814,-0.1446829033035945,0.754257907542577,-1.6389548693586664,0.0174029451126236,0.0,0.3217192346914405,0.4796747078019314,0.0,0.0,-0.014489253803429025,0
2025-05-03 08:00:00+00:00,4.137,4.137,4.137,4.137,3.91,-0.0009664170841558,-0.0965950253562053,0.4126213592232863,-1.7106200997861754,0.2590762264812737,0.0,0.3266950311263568,0.4796074803303247,0.0,0.0,-0.009910563210055456,0
2025-05-03 09:00:00+00:00,4.126,4.126,4.126,4.126,1.91,-0.0026624728302141,-0.2658931592941504,0.1456310679611716,-1.948669201520914,0.1271814221816931,0.0,0.3547578493931816,0.4811012689444777,0.0,0.0,-0.002908385845855621,0
2025-05-03 10:00:00+00:00,4.114,4.114,4.085,4.085,53.32,-0.0099866863370939,-0.9936984973339836,-1.5662650602409678,-2.3194643711143104,3.0979737088765793,0.7049100630274869,0.3710519377400673,0.5051315643681881,0.7099143205116467,0.0,-0.00244798041615657,0
2025-05-03 11:00:00+00:00,4.081,4.081,4.081,4.081,31.66,-0.0009796718882974,-0.0979192166462583,-1.591511936339518,-2.4151123864179835,1.708542261504722,0.0,0.3685532681231023,0.5047026803232993,0.0,0.0,-0.017642734623866674,0
2025-05-03 12:00:00+00:00,4.081,4.081,4.081,4.081,0.0,0.0,0.0,-1.591511936339518,-2.040326452232355,0.0,0.0,0.3685532681231023,0.5014632485488404,0.0,0.0,-0.010046557216368601,0
2025-05-03 13:00:00+00:00,4.081,4.081,4.081,4.081,0.0,0.0,0.0,-1.4489253803429023,-2.4617590822179625,0.0,0.0,0.3826560853983542,0.4897210925922208,0.0,0.0,-0.010046557216368601,0
2025-05-03 14:00:00+00:00,4.114,4.114,4.096,4.096,1.19,0.0036688313135379,0.3675569713305515,-0.9910563210055456,-3.3278262921878743,0.075689714568636,0.4375303839480917,0.4576224352878295,0.4090127241204868,0.4394531248927065,0.0,-0.009521484374999889,0
2025-05-03 15:00:00+00:00,4.128,4.128,4.114,4.114,8.05,0.0043849034935587,0.439453125,-0.2908385845855621,-2.2338403041825217,0.6393751861027073,0.3391472867395533,0.5137459819724953,0.4082249835855587,0.3403014097374142,0.0,-0.011181332036947045,0
2025-05-03 16:00:00+00:00,4.081,4.081,4.064,4.075,35.15,-0.0095250445379392,-0.9479824987846276,-0.244798041615657,-3.1606463878326996,2.500889363038002,0.1470227884962018,0.4967347659074742,0.4434565495847887,0.417177914008063,0.0,-0.0017177914110431125,0
2025-05-03 17:00:00+00:00,4.056,4.056,4.009,4.009,140.51,-0.0163289130324561,-1.6196319018404903,-1.7642734623866674,-4.205495818399029,7.132789034707079,1.15877712002988,0.8212668113620845,0.5336342809106255,1.172362184791122,0.0,0.007732601646295745,0
2025-05-03 18:00:00+00:00,4.063,4.063,4.009,4.04,42.85,0.0077028583126887,0.7732601646295745,-1.00465572163686,-3.464755077658288,2.1811703322396063,0.566084174116142,0.929934199288906,0.5669912541943819,1.3366336630354714,0.0,-0.006930693069307048,0
2025-05-03 19:00:00+00:00,4.04,4.04,4.04,4.04,0.0,0.0,0.0,-1.00465572163686,-2.533172496984304,0.0,0.0,0.929934199288906,0.5403479881803317,0.0,0.0,-0.0108910891089109,0
2025-05-03 20:00:00+00:00,4.065,4.065,4.056,4.057,517.5,0.0041990922512515,0.4207920792079322,-0.9521484374999888,-2.264514574801235,13.413106397336913,0.1968019679712665,0.9362678497465724,0.5487751630414824,0.2218387970860722,0.0,-0.004683263495193546,0
2025-05-03 21:00:00+00:00,4.068,4.068,4.068,4.068,0.25,0.002707693962003,0.2711363076164375,-1.1181332036947045,-1.9995181883883495,0.0065991355130735,0.0,0.9171536986525782,0.5535848217670495,0.0,0.0,-0.007374631268436405,0
2025-05-03 22:00:00+00:00,4.068,4.068,4.068,4.068,0.0,0.0,0.0,-0.1717791411043112,-2.16450216450218,0.0,0.0,0.8371842831384454,0.5513051460420753,0.0,0.0,-0.019911504424778625,0
2025-05-03 23:00:00+00:00,4.04,4.04,4.04,4.04,1.0,-0.0069067862132547,-0.6882989183874089,0.7732601646295745,-2.8379028379028504,0.0268411340371926,0.0,0.4941916631088159,0.5642143614736802,0.0,0.0,-0.002722772277227725,0
2025-05-04 00:00:00+00:00,4.03,4.03,4.001,4.012,459.3,-0.0069548218733697,-0.6930693069307048,-0.6930693069307048,-2.7629665535627956,8.173022027984732,0.4466501239586645,0.4753433163456675,0.5605447052816431,0.7228315053033799,0.0,-0.00024925224327010387,0
2025-05-04 01:00:00+00:00,4.0,4.0,3.994,3.996,37.15,-0.0039960093133818,-0.3988035892322883,-1.08910891089109,-2.7737226277372296,0.6550872861813598,0.099999999975,0.4837737733654957,0.5607824140575168,0.1501501501125696,0.0,0.005505505505505548,0
2025-05-04 02:00:00+00:00,4.038,4.038,4.038,4.038,10.0,0.0104556591043387,1.0510510510510551,-0.4683263495193546,-1.9902912621359237,0.1757353425709951,0.0,0.6708517886152912,0.6053533134130167,0.0,0.0,-0.013868251609707838,0
2025-05-04 03:00:00+00:00,4.038,4.038,4.038,4.038,0.0,0.0,0.0,-0.7374631268436405,-1.9902912621359237,0.0,0.0,0.6515069348153075,0.6053533134130167,0.0,0.0,-0.017582961862308122,0
2025-05-04 04:00:00+00:00,3.999,3.999,3.987,3.987,36.38,-0.0127104514914278,-1.2630014858841077,-1.9911504424778623,-3.9277108433735,0.6324023641099943,0.3000750186796514,0.7943545136775528,0.6261341818922982,0.3009781790065269,0.0,-0.006772009029345383,0
2025-05-04 05:00:00+00:00,3.987,4.029,3.987,4.029,71.23,0.010479137809992,1.0534236267870425,-0.2722772277227725,-2.8454304316373413,1.177663575847492,0.0,0.9421118800677704,0.6734619954036623,1.042442293114306,0.0,-0.017125837676842837,0
2025-05-04 06:00:00+00:00,4.003,4.011,3.986,4.011,64.92,-0.0044776194212943,-0.4467609828741614,-0.0249252243270103,-3.279479141548114,1.0273912985976914,0.0,0.9129025388826804,0.6761816891370025,0.6232859634447033,0.0,-0.01470954874096242,0
2025-05-04 07:00:00+00:00,4.018,4.018,4.018,4.018,8.81,0.0017436796048268,0.1745200698080262,0.5505505505505548,-2.970297029702973,0.1386409982339879,0.0,0.8930331635744946,0.679193236041246,0.0,0.0,-0.021154803384768495,0
2025-05-04 08:00:00+00:00,3.983,3.983,3.982,3.982,44.7,-0.009000060750738,-0.8959681433548972,-1.3868251609707838,-3.746676335508803,0.6851099701021517,0.0251067034835255,0.8281950178262146,0.697258408917017,0.0251130085321135,0.0,0.00025113008538424353,0
2025-05-04 09:00:00+00:00,3.981,3.987,3.967,3.967,115.29,-0.0037740641098114,-0.3766951280763431,-1.7582961862308122,-3.8536112457586142,1.647725783952726,0.5016302983442116,0.8212849240885195,0.6983693260825349,0.5041593142162446,0.151247794264879,0.004789513486261665,0
2025-05-04 10:00:00+00:00,3.962,3.962,3.96,3.96,18.56,-0.0017661162658039,-0.1764557600201666,-0.6772009029345383,-3.0599755201958345,0.2708665247756152,0.0504795557671738,0.6686855888639478,0.6754213023551513,0.0505050504923023,0.0,-0.011111111111111072,0
2025-05-04 11:00:00+00:00,3.96,3.96,3.96,3.96,0.0,0.0,0.0,-1.7125837676842837,-2.964959568733161,0.0,0.0,0.3787358616722325,0.6759159543321153,0.0,0.0,-0.005555555555555536,0
2025-05-04 12:00:00+00:00,4.017,4.017,3.952,3.952,3.02,-0.0020222453807678,-0.2020202020202033,-1.470954874096242,-3.1609899534427943,0.0448553711329715,1.618122976943469,0.3711986225621717,0.6755450024149467,1.6447368416890946,0.0,-0.009109311740890691,0
2025-05-04 13:00:00+00:00,3.956,3.956,3.933,3.933,59.79,-0.0048192864359488,-0.480769230769229,-2.1154803384768495,-3.6265621171281737,0.856360218410436,0.5813953486902471,0.3145858097664477,0.678549755607598,0.5847953214887408,0.0,-0.0005085176709890282,0
2025-05-04 14:00:00+00:00,3.933,3.983,3.933,3.983,5.2,0.0126328107498347,1.2712941774726705,0.0251130085384243,-2.7587890625,0.0743007513414719,0.0,0.639148063797334,0.7310985803855921,1.2553351741764225,0.0,-0.0047702736630680365,0
2025-05-04 15:00:00+00:00,3.992,3.992,3.986,3.986,1.66,0.0007529175910957,0.07532011046949,0.4789513486261665,-3.1113271754982907,0.0238096661025588,0.1503006011647489,0.611202010211982,0.7228218954527846,0.1505268439160691,0.0,-0.009031610637230347,0
2025-05-04 16:00:00+00:00,3.938,3.938,3.916,3.916,52.37,-0.017717497122339,-1.7561465127947873,-1.1111111111111072,-3.901840490797548,0.7435004051974017,0.5586592177352374,0.9803799131384022,0.7803267225097223,0.5617977526655328,0.0,0.0010214504596526286,0
2025-05-04 17:00:00+00:00,3.913,3.938,3.907,3.938,965.06,0.0056022555486699,0.5617977528090012,-0.5555555555555536,-1.7710152157645376,9.209173611465015,0.0,1.027221499801675,0.7276950314408897,0.7872016249905566,0.0,-0.008633824276282454,0
2025-05-04 18:00:00+00:00,3.924,3.944,3.916,3.916,109.48,-0.0056022555486698,-0.5586592178770999,-0.9109311740890692,-3.069306930693072,1.017759822121175,0.7099391478930182,1.0450871583161123,0.7110326323543974,0.7150153215743072,0.5107252296959338,0.014044943820224809,0
2025-05-04 19:00:00+00:00,3.931,3.931,3.931,3.931,237.4,0.0038231217714593,0.3830439223697635,-0.0508517670989028,-2.6980198019802004,2.0210920622586506,0.0,1.0501506281177393,0.7183144829720622,0.0,0.0,-0.0012719409819383909,0
2025-05-04 20:00:00+00:00,3.964,3.964,3.964,3.964,1.26,0.0083597700280181,0.8394810480793602,-0.4770273663068036,-2.292334237121041,0.0131316684252354,0.0,0.957014506038811,0.736548752963856,0.0,0.0,0.007568113017154543,0
2025-05-04 21:00:00+00:00,3.962,3.962,3.95,3.95,6.61,-0.0035380375547109,-0.3531786074671972,-0.9031610637230348,-2.9006882989183747,0.0686994140795479,0.3028773346030095,0.9591466575596704,0.7340329658965506,0.3037974682775199,0.0,0.0075949367088608,0
2025-05-04 22:00:00+00:00,3.92,3.92,3.92,3.92,5.4,-0.0076239251106593,-0.75949367088608,0.1021450459652628,-3.6381514257620378,0.0559926380044224,0.0,0.6599102624569126,0.7449105797681913,0.0,0.0,0.016836734693877586,0
2025-05-04 23:00:00+00:00,3.914,3.914,3.904,3.904,1.03,-0.0040899852515251,-0.4081632653061273,-0.8633824276282454,-3.3663366336633693,0.0106799388235406,0.2554931016209836,0.6176168139239817,0.7382835378640782,0.2561475409180009,0.0,0.02689549180327888,0
2025-05-05 00:00:00+00:00,3.92,3.971,3.919,3.971,588.98,0.0170162835982683,1.7161885245901676,1.404494382022481,-1.021934197407759,5.783054453160907,0.0,0.9262882776107454,0.8180809058442226,1.3094938299396903,0.0,0.009569377990430672,0
2025-05-05 01:00:00+00:00,3.954,3.964,3.926,3.926,80.52,-0.011396856294845,-1.133215814656252,-0.1271940981938391,-1.7517517517517511,0.7768232924710095,0.9586276485977178,1.073711261625259,0.8456005396535864,0.9679062656729688,0.2547121751770928,0.010188487009679115,0
2025-05-05 02:00:00+00:00,3.929,3.994,3.929,3.994,24.36,0.0171721391393542,1.7320427916454495,0.7568113017154543,-1.08964834076275,0.2336662629922071,0.0,1.2587455809600827,0.893981353152826,1.627441161335152,0.0,-0.0070105157736605195,0
2025-05-05 03:00:00+00:00,3.98,3.98,3.98,3.98,1835.88,-0.0035114156972772,-0.3505257886830315,0.75949367088608,-1.4363546310054542,10.157223178847932,0.0,1.2585432252543085,0.8960726873010485,0.0,0.0,-0.004020100502512558,0
2025-05-05 04:00:00+00:00,3.98,3.986,3.959,3.986,169.38,0.0015064024942567,0.1507537688442362,1.6836734693877586,-0.0250815149234973,0.9092377167015616,0.0,1.1825305981585392,0.8587677930169593,0.6773707976223388,0.0,-0.018564977420973516,0
2025-05-05 05:00:00+00:00,4.001,4.009,4.001,4.009,47.94,0.005753611869767,0.5770195684897228,2.689549180327888,-0.496401092082388,0.2586911651610954,0.0,1.1354569251230695,0.838858276450199,0.1995510101772136,0.0,-0.023946121227238826,0
2025-05-05 06:00:00+00:00,4.009,4.009,4.009,4.009,0.0,0.0,0.0,0.9569377990430672,-0.0498628770880027,0.0,0.0,0.9564064488925872,0.833912669555614,0.0,0.0,-0.022200049887752704,0
2025-05-05 07:00:00+00:00,3.966,3.966,3.966,3.966,0.3,-0.0107838035627656,-1.0725866799700667,1.0188487009679117,-1.2941762070681873,0.0016460190343721,0.0,0.9399466802052368,0.8611504010733217,0.0,0.0,-0.016389309127584517,0
2025-05-05 08:00:00+00:00,3.966,3.966,3.966,3.966,0.0,0.0,0.0,-0.701051577366052,-0.4018081366147674,0.0,0.0,0.5581124250791586,0.8421059611642917,0.0,0.0,-0.00025214321734756684,0
2025-05-05 09:00:00+00:00,3.964,3.964,3.964,3.964,4.83,-0.0005044136298626,-0.0504286434694911,-0.4020100502512558,-0.0756238971514999,0.0274755097734172,0.0,0.5462851771889997,0.8386557777353173,0.0,0.0,-0.01816347124117057,0
2025-05-05 10:00:00+00:00,3.95,3.951,3.912,3.912,2086.33,-0.0132048642951706,-1.3118062563067578,-1.8564977420973516,-1.2121212121212088,7.964611567062552,0.9870918752247336,0.728682906891491,0.8804066107762715,0.9969325150825874,0.0255623721816018,0.002811860940695299,0
2025-05-05 11:00:00+00:00,3.933,3.933,3.912,3.913,28.98,0.0002555910557044,0.025562372188137,-2.3946121227238826,-1.1868686868686915,0.1101241651858293,0.5085176708597723,0.6214005093190074,0.8804862035686805,0.536672629558732,0.0,0.0028111423460261964,0
2025-05-05 12:00:00+00:00,3.904,3.932,3.904,3.92,1560.03,0.0017873105740958,0.1788908765653074,-2.2200049887752704,-0.8097165991902799,4.755711761635438,0.3051881993120073,0.6483383942214127,0.8810515972578304,0.7142857141034992,0.3061224489014996,0.014540816326530592,0
2025-05-05 13:00:00+00:00,3.92,3.92,3.901,3.901,703.57,-0.0048587232778517,-0.4846938775510234,-1.6389309127584517,-0.8136282735825118,1.9826855177556713,0.4846938774273773,0.5585279210219928,0.88113915784746,0.4870546012594099,0.0,0.015124327095616508,0
2025-05-05 14:00:00+00:00,3.93,3.965,3.93,3.965,6.81,0.0162729245622918,1.6406049730838257,-0.0252143217347566,-0.4519206628169736,0.0191871972650894,0.0,0.9656990701400362,0.9071888109519182,0.8827238333208691,0.0,-0.017654476670870056,0
2025-05-05 15:00:00+00:00,3.912,3.92,3.892,3.892,54.56,-0.0185826907630526,-1.8411097099621632,-1.816347124117057,-2.35825388861014,0.1527742128175601,0.7142857141034992,1.2291126848195164,0.981293291713906,0.7194244602468083,0.2055498457848023,0.0007708119218909903,0
2025-05-05 16:00:00+00:00,3.923,3.923,3.923,3.923,0.32,0.0079335029036569,0.7965056526207714,0.2811860940695299,0.1787538304392377,0.0009015110875273,0.0,1.1820472675843814,0.9295587415358438,0.0,0.0,-0.007137394850879386,0
2025-05-05 17:00:00+00:00,3.915,3.956,3.915,3.924,42.06,0.000254874475701,0.025490695895991,0.2811142346026196,-0.3555104113763363,0.1328904704163636,0.8088978764386008,1.1820475254620442,0.922111670119561,1.0448521913749085,0.8154943932682233,-0.003822629969418956,0
2025-05-05 18:00:00+00:00,3.955,3.977,3.955,3.977,5.14,0.0134162245224368,1.3506625891946955,1.4540816326530592,1.5577119509703865,0.0164662445989629,0.0,1.2976891881114658,0.9543607341719944,0.553180789400754,0.0,-0.015589640432486784,0
2025-05-05 19:00:00+00:00,3.96,3.96,3.96,3.96,65.45,-0.0042837409591643,-0.4274578828262432,1.5124327095616508,0.7377257695242889,0.2145977862594641,0.0,1.2914487383885918,0.95696264980986,0.0,0.0,-0.011363636363636354,0
2025-05-05 20:00:00+00:00,3.916,3.916,3.895,3.895,2.53,-0.0165503459436776,-1.6414141414141437,-1.7654476670870056,-1.7406659939455116,0.0082939375850874,0.5362614911807276,1.2866253215067265,0.9999390304194448,0.5391527598102279,0.0,-0.007445442875481323,0
2025-05-05 21:00:00+00:00,3.895,3.895,3.895,3.895,0.0,0.0,0.0,0.077081192189099,-1.3924050632911469,0.0,0.0,1.034568459140167,0.9982283387077018,0.0,0.0,0.0053915275994864675,0
2025-05-05 22:00:00+00:00,3.895,3.895,3.895,3.895,0.0,0.0,0.0,-0.7137394850879386,-0.6377551020408156,0.0,0.0,0.9630919266698016,0.9869187871915306,0.0,0.0,0.005905006418485348,0
2025-05-05 23:00:00+00:00,3.942,3.946,3.909,3.909,627.08,0.0035879074881062,0.3594351732991052,-0.3822629969418956,0.1280737704917989,1.896638332455937,0.9376583880036437,0.9825352807515548,0.9864301958983848,0.946533640075084,0.1023279610891973,-0.0033256587362496814,0
2025-05-06 00:00:00+00:00,3.916,3.916,3.915,3.915,48.84,0.0015337426319487,0.1534919416730673,-1.5589640432486784,-1.410224124905568,0.1585090285069319,0.0255362614847938,0.7298534863784415,0.9189938658539512,0.0255427841569466,0.0,-0.004853128991060052,0
2025-05-06 01:00:00+00:00,3.906,3.915,3.904,3.915,555.11,0.0,0.0,-1.1363636363636354,-0.2801833927661756,1.6929461846317264,0.0,0.731259483477913,0.8897124088674225,0.2809706257264474,0.0,-0.0007662835249042654,0
2025-05-06 02:00:00+00:00,3.896,3.896,3.865,3.866,186.99,-0.0125949486566272,-1.251596424010215,-0.7445442875481323,-3.2048072108162295,0.5587260166340176,0.7700205336832546,0.5736720545710566,0.8445537085971929,0.8018623898598312,0.0,0.002845318158303023,0
2025-05-06 03:00:00+00:00,3.883,3.916,3.883,3.916,85.78,0.0128503438821248,1.2933264355923455,0.5391527599486468,-1.6080402010050232,0.3277157224642568,0.0,0.8175215553303194,0.8911600865155017,0.8426966289982879,0.0,-0.007916241062308482,0
2025-05-06 04:00:00+00:00,3.918,3.918,3.918,3.918,0.32,0.0005105948540851,0.0510725229826425,0.5905006418485348,-1.705970898143505,0.0012563451153808,0.0,0.8166674215874664,0.8903314891071535,0.0,0.0,-0.008422664624808673,0
2025-05-06 05:00:00+00:00,3.896,3.896,3.896,3.896,34.89,-0.0056309337420604,-0.5615109749872449,-0.3325658736249681,-2.8186580194562327,0.1372739314608561,0.0,0.8440794684639492,0.88466795764214,0.0,0.0,-0.015400410677618104,0
2025-05-06 06:00:00+00:00,3.896,3.896,3.896,3.896,0.0,0.0,0.0,-0.4853128991060051,-2.8186580194562327,0.0,0.0,0.8387938705759842,0.88466795764214,0.0,0.0,-0.015400410677618104,0
2025-05-06 07:00:00+00:00,3.912,3.912,3.912,3.912,8.57,0.0040983663922821,0.4106776180698102,-0.0766283524904265,-1.3615733736762503,0.0336728228819325,0.0,0.8630537160933751,0.8664777454069514,0.0,0.0,-0.0130368098159509,0
2025-05-06 08:00:00+00:00,3.866,3.877,3.854,3.877,163.13,-0.0089870934837789,-0.8946830265848749,0.2845318158303023,-2.2440746343923457,0.6242896232348241,0.0,0.7659222408133126,0.8831607712872671,0.5932421974224211,0.0,0.0072220789270054375,0
2025-05-06 09:00:00+00:00,3.856,3.885,3.856,3.885,49.2,0.0020613251308185,0.2063451122001458,-0.7916241062308482,-1.9929364278506556,0.186962944665668,0.0,0.4964954692229318,0.8852685327787552,0.746460746268605,0.0,-0.004890604890604777,0
2025-05-06 10:00:00+00:00,3.885,3.885,3.885,3.885,0.0,0.0,0.0,-0.8422664624808673,-0.6901840490797562,0.0,0.0,0.4931470882619508,0.8451984397954351,0.0,0.0,-0.009009009009008917,0
2025-05-06 11:00:00+00:00,3.853,3.853,3.836,3.836,56.26,-0.0126928267984189,-1.2612612612612597,-1.5400410677618104,-1.9677996422182489,0.3172079386540527,0.4412146378299559,0.6674954976308497,0.8820954324083006,0.4431699686018938,0.0,0.02424400417101147,0
2025-05-06 12:00:00+00:00,3.836,3.836,3.836,3.836,0.0,0.0,0.0,-1.5400410677618104,-2.1428571428571463,0.0,0.0,0.6674954976308497,0.8805444745946961,0.0,0.0,0.02867570385818574,0
2025-05-06 13:00:00+00:00,3.87,3.87,3.831,3.861,27.62,0.0064960602609076,0.6517205422315042,-1.30368098159509,-1.0253781081773772,0.3280512307820844,0.2325581394747885,0.7205878266672653,0.8888294679354677,1.0101010098393974,0.0,0.024864024864024836,0
2025-05-06 14:00:00+00:00,3.893,3.929,3.884,3.905,133.98,0.0113315660095498,1.1396011396011207,0.7222078927005438,-1.5132408575031508,1.4971017259113009,0.6108424533950522,0.8091098800802801,0.8534777535447686,1.1523687577074582,0.6145966707773126,-0.001280409731113874,0
2025-05-06 15:00:00+00:00,3.892,3.915,3.866,3.866,164.46,-0.01003740250551,-0.9987195902688816,-0.4890604890604777,-0.6680369989722434,1.7482338454810993,1.2515964236905228,0.9256938683140468,0.790878589636932,1.267459906552647,0.5949301602185936,-0.0020693222969477842,0
2025-05-06 16:00:00+00:00,3.851,3.851,3.85,3.85,171.9,-0.0041472324864462,-0.4138644593895457,-0.9009009009008916,-1.8608208004078477,1.6982599997362386,0.0259672812189098,0.9338202237491472,0.774612035465901,0.0259740259672766,0.0,0.02753246753246752,0
2025-05-06 17:00:00+00:00,3.914,3.929,3.914,3.929,6.63,0.0203117922766297,2.051948051948038,2.424400417101147,0.1274209989806207,0.0664694972172392,0.0,1.1004385214902397,0.8864173102978801,0.3817765333718991,0.0,0.008908119114278579,0
2025-05-06 18:00:00+00:00,3.924,3.946,3.924,3.946,50.37,0.0043174670241009,0.432680071264957,2.867570385818574,-0.7794820216243337,0.4956234036136561,0.0,1.083089631582164,0.8452819148764449,0.5575266090832481,0.0,0.011150532184490691,0
2025-05-06 19:00:00+00:00,3.954,3.957,3.954,3.957,10.41,0.0027837548028634,0.2787633046122506,2.4864024864024836,-0.0757575757575734,0.10479558066562,0.0,1.0814622277139747,0.8432029820383664,0.0758150113530836,0.0,0.011119535001263614,0
2025-05-06 20:00:00+00:00,3.916,3.916,3.9,3.9,222.44,-0.0145096092676865,-1.4404852160727843,-0.1280409731113874,0.1283697047496756,2.0501539950194685,0.408580183756747,1.2386790330552542,0.8266880192546165,0.4102564101512167,0.0,0.01717948717948725,0
2025-05-06 21:00:00+00:00,3.915,3.915,3.858,3.858,164.61,-0.0108276386520633,-1.076923076923075,-0.2069322296947784,-0.9499358151476178,1.4269501804043767,1.4559386969461188,1.2515667084624074,0.8560171879748701,1.477449455293557,0.0,0.021254536029030602,0
2025-05-06 22:00:00+00:00,3.901,3.956,3.899,3.956,82.55,0.0250844992769282,2.540176257128035,2.753246753246752,1.5661103979460744,0.6948799427538888,0.0,1.5956256902338686,1.0018085204783276,1.440849342406255,0.0,0.0025278058645097357,0
2025-05-06 23:00:00+00:00,3.957,3.97,3.957,3.964,25.79,0.0020202027072758,0.2022244691607611,0.8908119114278579,1.4070094653364065,0.2751116741086726,0.1511335012213826,1.3959661551261082,1.0003179048279782,0.3279515639939664,0.1513622603049093,0.0005045408678103769,0
2025-05-07 00:00:00+00:00,3.975,3.99,3.975,3.99,29.11,0.0065376144340305,0.6559031281533789,1.1150532184490691,1.9157088122605304,0.3132746219900639,0.0,1.407889107202018,1.0075759035034932,0.3759398495298427,0.0,-0.009523809523809601,0
2025-05-07 01:00:00+00:00,3.974,4.001,3.921,4.001,198.44,0.0027530989733259,0.2756892230576513,1.1119535001263614,2.196679438058746,2.5421334969916405,0.0,1.4078489180110882,1.0082036021252208,1.9995001244690205,0.0,-0.010747313171707074,0
2025-05-07 02:00:00+00:00,3.969,3.969,3.959,3.967,7.38,-0.0085341883429049,-0.8497875531117249,1.7179487179487252,2.612519399896529,0.1045671373904798,0.0503905265683011,1.284792761425295,0.9877622713624882,0.2520796571081167,0.0,-0.0022687169145449992,0
2025-05-07 03:00:00+00:00,3.945,3.954,3.94,3.94,79.92,-0.0068294182223506,-0.6806150743634998,2.12545360290306,0.6128702757916216,1.136316780988358,0.3540718259094465,1.207794496516618,0.9672277737985688,0.3553299491483993,0.2284263958811187,0.01548223350253819,0
2025-05-07 04:00:00+00:00,3.969,3.969,3.949,3.966,265.96,0.0065773067877619,0.6598984771573724,0.2527805864509735,1.2251148545176171,3.2672884183830964,0.0755857898524518,0.6573784034432371,0.9758153228705204,0.5042864345677548,0.0,0.008825012607160954,0
2025-05-07 05:00:00+00:00,3.966,3.966,3.966,3.966,0.0,0.0,0.0,0.0504540867810376,1.7967145790554584,0.0,0.0,0.6527048941672356,0.9671458099474642,0.0,0.0,0.008825012607160954,0
2025-05-07 06:00:00+00:00,3.954,3.955,3.952,3.952,114.48,-0.0035362502119828,-0.3530005042864381,-0.95238095238096,1.4373716632443578,1.3513213096372574,0.0758533501704571,0.5788894699944317,0.9710113625740572,0.0759109311548837,0.0253036437182908,-0.0012651821862348367,0
2025-05-07 07:00:00+00:00,3.966,3.97,3.953,3.958,18.68,0.0015170672947527,0.1518218623481892,-1.0747313171707074,1.1758691206543936,0.2194076307160573,0.3022670024427542,0.5622830328862001,0.9683877690382032,0.429509853352836,0.1010611419653711,-0.002779181404749864,0
2025-05-07 08:00:00+00:00,3.958,3.958,3.958,3.958,0.0,0.0,0.0,-0.2268716914544999,2.089244261026568,0.0,0.0,0.4557382587317115,0.9473060268161037,0.0,0.0,-0.002779181404749864,0
2025-05-07 09:00:00+00:00,3.985,4.001,3.985,4.001,9.31,0.0108054826947241,1.0864072764022348,1.548223350253819,2.9858429858429902,0.1214149866853698,0.0,0.5205495400111023,0.968694892827282,0.3999000248938129,0.0,-0.013496625843539167,0
2025-05-07 10:00:00+00:00,4.001,4.001,4.001,4.001,0.0,0.0,0.0,0.8825012607160954,2.9858429858429902,0.0,0.0,0.4872340389885407,0.968694892827282,0.0,0.0,-0.025993501624594018,0
2025-05-07 11:00:00+00:00,4.001,4.001,4.001,4.001,0.0,0.0,0.0,0.8825012607160954,4.301355578727861,0.0,0.0,0.4872340389885407,0.9229701219788626,0.0,0.0,-0.022994251437140845,0
2025-05-07 12:00:00+00:00,3.956,3.956,3.947,3.947,85.66,-0.0135885331943879,-1.3496625843539167,-0.1265182186234836,2.8936392075078254,1.0995560785011556,0.2275025277483537,0.779026398660863,0.9744460091397692,0.2280212819285453,0.0,-0.010387636179376769,0
2025-05-07 13:00:00+00:00,3.947,3.947,3.947,3.947,0.0,0.0,0.0,-0.2779181404749864,2.227402227402231,0.0,0.0,0.7747461463305534,0.9680636202424108,0.0,0.0,-0.009120851279452724,0
2025-05-07 14:00:00+00:00,3.947,3.947,3.947,3.947,0.0,0.0,0.0,-0.2779181404749864,1.075544174135734,0.0,0.0,0.7747461463305534,0.9423574499232796,0.0,0.0,-0.010387636179376769,0
2025-05-07 15:00:00+00:00,3.947,3.947,3.947,3.947,0.0,0.0,0.0,-1.3496625843539167,2.0951888256595996,0.0,0.0,0.5547495446520387,0.9157061180309184,0.0,0.0,-0.005573853559665665,0
2025-05-07 16:00:00+00:00,3.92,3.92,3.896,3.897,73.91,-0.0127487703241379,-1.2667848999240006,-2.5993501624594018,1.2207792207792112,1.227018987978108,0.5867346937278772,0.6805445658413767,0.9522747536652384,0.6158583524208734,0.0,0.014626635873749239,0
2025-05-07 17:00:00+00:00,3.895,3.909,3.892,3.909,48.91,0.0030745604542456,0.3079291762894565,-2.2994251437140845,-0.5090353779587664,0.7889080803405175,0.0,0.729985979765316,0.8565948868524789,0.4348938346290859,0.0,0.012790995139421835,0
2025-05-07 18:00:00+00:00,3.955,3.955,3.882,3.906,1404.86,-0.0007677543563304,-0.0767459708365225,-1.038763617937677,-1.0136847440446073,11.86194862114512,1.2389380527840848,0.5556996983368127,0.851174341507059,1.8689196103766197,0.0,0.025857654889912762,0
2025-05-07 19:00:00+00:00,3.982,3.982,3.895,3.911,44.38,0.0012792633188898,0.1280081925243203,-0.9120851279452724,-1.162496841041183,0.3702974909491108,1.7830236057802595,0.5660698075366363,0.8492606434945202,2.224495013494125,0.0,0.033750958834057876,0
2025-05-07 20:00:00+00:00,3.906,3.906,3.906,3.906,1.26,-0.0012792633188898,-0.1278445410380912,-1.038763617937677,0.1538461538461488,0.0113889296890741,0.0,0.5615587353855811,0.7955218825832756,0.0,0.0,0.04813108038914504,0
2025-05-07 21:00:00+00:00,3.93,3.93,3.925,3.925,31.0,0.0048525187798844,0.486431131592413,-0.5573853559665665,1.7366511145671335,0.2950507614185115,0.1272264630719611,0.6231957925142714,0.7660237896685,0.1273885349994,0.0,0.058089171974522236,0
2025-05-07 22:00:00+00:00,3.943,3.954,3.943,3.954,24.67,0.0073613735140535,0.7388535031847221,1.462663587374924,-0.0505561172901902,0.24031951682587,0.0,0.3343961011772429,0.5849271078967464,0.2781992917859921,0.0,0.06196256954982293,0
2025-05-07 23:00:00+00:00,3.965,3.965,3.959,3.959,0.67,0.0012637433755684,0.1264542235710708,1.2790995139421837,-0.126135216952572,0.0065939473467734,0.1513240857121448,0.3354780709349282,0.5839823803180374,0.1515534225431737,0.0,0.06617832786057076,0
2025-05-08 00:00:00+00:00,3.99,4.007,3.99,4.007,67.68,0.0120513635300137,1.2124273806516594,2.585765488991276,0.4260651629072631,0.6557159984919335,0.0,0.4883043409547858,0.6207252533044828,0.4242575491828522,0.0,0.06363863239331158,0
2025-05-08 01:00:00+00:00,3.994,4.061,3.994,4.043,69.34,0.0089441590046264,0.8984277514350048,3.3750958834057876,1.0497375656085994,0.7087352591630531,0.4432405810285001,0.4951051486392865,0.6443120748653477,1.6571852580615352,0.4452139499269763,0.04328468958694032,0
2025-05-08 02:00:00+00:00,4.063,4.094,4.063,4.094,79.49,0.0125354965804641,1.261439525105135,4.813108038914504,3.2014116460801656,0.7882719467068902,0.0,0.4322118758590457,0.6601354833839111,0.7572056666445658,0.0,0.03688324377137264,0
2025-05-08 03:00:00+00:00,4.099,4.163,4.097,4.153,393.82,0.0143084774095185,1.4411333659013037,5.808917197452224,5.4060913705583635,3.4569873595202156,0.240211385962012,0.4722626024987943,0.6872304561725857,1.589212617002353,0.2407897904549188,0.03033951360462317,0
2025-05-08 04:00:00+00:00,4.166,4.234,4.154,4.199,1747.68,0.0110154370534397,1.1076330363592568,6.196256954982293,5.874936964195654,9.949314483552644,0.8266414735884206,0.4640378387269646,0.7052729673541765,1.90521552705282,0.8335317930856114,0.020242914979757165,0
2025-05-08 05:00:00+00:00,4.235,4.235,4.214,4.221,1.87,0.0052256650983054,0.5239342700642968,6.617832786057076,6.429652042360057,0.0106409463044156,0.330578512318641,0.3205145392680392,0.7056764475943538,0.497512437693077,0.0,0.0059227671167969564,0
2025-05-08 06:00:00+00:00,4.241,4.265,4.226,4.262,172.25,0.0096664668760635,0.971333807154684,6.363863239331158,7.844129554655854,0.9669180248060536,0.0703399765368514,0.3148457304407507,0.7072498019483318,0.915063350324943,0.0703894884865372,-0.008446738620365934,0
2025-05-08 07:00:00+00:00,4.218,4.218,4.218,4.218,0.27,-0.0103774516198424,-1.0323791647113945,4.328468958694032,6.568974229408786,0.0015221880043042,0.0,0.9081741130973242,0.758950428165733,0.0,0.0,0.00023707918444770826,0
2025-05-08 08:00:00+00:00,4.242,4.245,4.237,4.245,11.65,0.0063807377067278,0.6401137980085458,3.688324377137264,7.251136937847402,0.0655003420257381,0.0,0.8678546474654152,0.7604349163395981,0.1884570082005992,0.0,0.0016489988221435325,0
2025-05-08 09:00:00+00:00,4.243,4.279,4.243,4.279,24.47,0.007977517671369,0.8009422850412173,3.033951360462317,6.948262934266425,0.1370919548808335,0.0,0.7813428318377249,0.749796254425673,0.8413180647718254,0.0,0.007712082262210984,0
2025-05-08 10:00:00+00:00,4.281,4.319,4.277,4.284,1041.65,0.0011678151508225,0.1168497312456162,2.0242914979757165,7.0732316920769644,4.694328596971798,0.8103727712872519,0.7310532645683474,0.7482782579870465,0.9803921566338912,0.8169934638615829,0.00933706816059754,0
2025-05-08 11:00:00+00:00,4.248,4.248,4.246,4.246,6.5,-0.0089097893044378,-0.8870214752567551,0.5922767116796956,6.123469132716819,0.0292573691997355,0.0470809792732808,0.8722645651281153,0.7842572832209836,0.0471031559003473,0.0,0.011540273198304085,0
2025-05-08 12:00:00+00:00,4.248,4.248,4.226,4.226,18.53,-0.0047214440871995,-0.4710315591144765,-0.8446738620365934,7.068659741575889,0.084469482568952,0.5178907720061519,0.7785805261745654,0.7238448263941859,0.5205868432275053,0.0,0.02129673450070979,0
2025-05-08 13:00:00+00:00,4.23,4.278,4.219,4.219,70.38,-0.0016577860516632,-0.1656412683388453,0.0237079184447708,6.891309855586525,0.3165968166366277,1.3791491347874658,0.6482802833350322,0.7274605597333417,1.3984356479264022,1.1377103576350331,0.024413368096705357,0
2025-05-08 14:00:00+00:00,4.212,4.253,4.206,4.252,1969.86,0.0077913273374998,0.7821758710594873,0.1648998822143532,7.727387889536352,6.471730708661712,0.023512814478373,0.6777632965762729,0.7319014701674367,1.105362182242382,0.0235183443030374,0.041627469426152475,0
2025-05-08 15:00:00+00:00,4.252,4.344,4.252,4.312,2997.8,0.0140123731269945,1.411100658513642,0.7712082262210984,9.247529769445162,6.9831989051463585,0.7366482502908274,0.8402416528939267,0.7613811598827498,2.133580704514487,0.7421150276572096,0.029452690166975826,0
2025-05-08 16:00:00+00:00,4.32,4.324,4.32,4.324,11.88,0.0027790661702658,0.2782931354359919,0.933706816059754,10.957146522966376,0.0278413845698004,0.0,0.8423818642518739,0.6769530891680625,0.0925069379989475,0.0,0.01803885291396856,0
2025-05-08 17:00:00+00:00,4.325,4.329,4.288,4.295,118.51,-0.0067293443407431,-0.6706753006475497,1.1540273198304083,9.874648247633663,0.2758593934120733,0.7854007852193532,0.7913988976800617,0.7134675709646517,0.9545983699756344,0.0931315482902967,0.03585564610011649,0
2025-05-08 18:00:00+00:00,4.309,4.316,4.287,4.316,293.81,0.0048774919596695,0.4889406286379572,2.129673450070979,10.49667178699436,0.7665091929688616,0.0,0.72468484194411,0.7066006499358495,0.6719184428470976,0.0,0.03498609823911014,0
2025-05-08 19:00:00+00:00,4.317,4.322,4.276,4.322,1006.36,0.0013892106888061,0.1390176088971406,2.4413368096705357,10.508821273331638,2.3769008207474323,0.0,0.691107945229242,0.7064093694018084,1.064322072868048,0.0,0.03470615455807513,0
2025-05-08 20:00:00+00:00,4.335,4.429,4.3,4.429,1405.04,0.0244555668563669,2.475705691809349,4.1627469426152475,13.389656938044038,2.915731532058301,0.0,1.0917152299811437,0.808186215028321,2.9126213585656857,0.0,0.009708737864077666,0
2025-05-08 21:00:00+00:00,4.407,4.483,4.35,4.439,711.03,0.0022553009108369,0.2257846014901643,2.9452690166975826,13.095541401273891,1.393583286849842,0.9814856120942392,1.0406321490383972,0.810457461112177,2.996170307953105,0.9912142372175592,0.008335210633025447,0
2025-05-08 22:00:00+00:00,4.472,4.472,4.402,4.402,16.6,-0.0083701427476282,-0.8335210633025447,1.803885291396856,11.330298431967623,0.0325566267934516,1.5652951695963178,1.1755452813466,0.8540499669414611,1.5901862786028718,0.0,0.01317582916855975,0
2025-05-08 23:00:00+00:00,4.449,4.449,4.449,4.449,0.31,0.0106203687196347,1.0676965015901765,3.585564610011649,12.37686284415256,0.0006080030857779,0.0,1.0999086764398365,0.860101691251499,0.0,0.0,0.011463250168577188,0
2025-05-09 00:00:00+00:00,4.468,4.468,4.467,4.467,1.96,0.0040376905460767,0.4045853000674171,3.498609823911014,11.479910157224849,0.0038649057682656,0.0223813786879256,1.1019586852951613,0.8464244451347445,0.0223863890704381,0.0,0.000895455563017844,0
2025-05-09 01:00:00+00:00,4.484,4.528,4.472,4.472,994.67,0.0011186934828164,0.1119319453772194,3.470615455807513,10.61093247588425,1.8227984963761965,1.2367491163346218,1.104143733698525,0.8437416041864737,1.2522361356770304,0.9838998208891008,0.029293381037566846,0
2025-05-09 02:00:00+00:00,4.472,4.472,4.472,4.472,0.0,0.0,0.0,0.9708737864077666,9.233023937469476,0.0,0.0,0.6163336269668857,0.8285746614520556,0.0,0.0,0.0391323792486582,0
2025-05-09 03:00:00+00:00,4.47,4.55,4.47,4.476,500.97,0.0008940545968807,0.0894454382826426,0.8335210633025447,7.777510233566098,0.9161257386232156,1.626373626016178,0.6159898855865111,0.7984562174854508,1.7873100979027474,1.653261840560036,0.02457551385165324,0
2025-05-09 04:00:00+00:00,4.474,4.49,4.396,4.46,244.29,-0.0035810244177061,-0.357462019660415,1.317582916855975,6.215765658490113,0.5045290026545731,0.6681514475126666,0.4804428202857316,0.7912663765821188,2.1076233179130957,0.3587443945383984,0.045739910313901344,0
2025-05-09 05:00:00+00:00,4.466,4.5,4.466,4.5,933.67,0.0089286307443013,0.8968609865470878,1.1463250168577188,6.609808102345416,1.7851544637431351,0.0,0.4224816328997822,0.8003447922430289,0.7555555553876501,0.0,0.04133333333333322,0
2025-05-09 06:00:00+00:00,4.511,4.526,4.471,4.471,109.77,-0.0064652995244305,-0.6444444444444475,0.0895455563017844,4.903801032379174,0.2109274794671358,1.2152010602706078,0.5220374871201071,0.8067187427968273,1.2301498543435074,0.3354954148209511,0.04406173115634093,0
2025-05-09 07:00:00+00:00,4.531,4.621,4.391,4.603,999.9,0.0290961675832606,2.952359651084757,2.929338103756685,9.127548601232816,1.7789691473628446,0.389526076522515,1.29830152697433,0.9356053812752329,4.996741254617272,0.3910493155787571,0.02911144905496421,0
2025-05-09 08:00:00+00:00,4.608,4.705,4.57,4.647,1420.98,0.0095135852677368,0.9558983271779288,3.91323792486582,9.46996466431096,2.288989686510924,1.232731136826196,1.2858122666661445,0.9417614964985948,2.9051000639326183,1.2481170645043826,0.006886163115988886,0
2025-05-09 09:00:00+00:00,4.628,4.664,4.586,4.586,224.34,-0.0132136656671285,-1.312674843985362,2.457551385165324,7.174573498480963,0.3565949899357262,1.6723842191954452,1.5151240508559407,0.998245090967277,1.700828608438533,0.7849978192793199,0.016790231138246847,0
2025-05-09 10:00:00+00:00,4.563,4.664,4.563,4.664,97.12,0.0168652646124783,1.7008286088094016,4.573991031390134,8.870214752567684,0.1646766914315703,0.0,1.539006855031134,1.0371580314033726,2.1655231556248875,0.0,0.013078902229845646,0
2025-05-09 11:00:00+00:00,4.675,4.748,4.638,4.686,605.63,0.0047058910374127,0.4716981132075526,4.133333333333322,10.362694300518127,0.9852040985762854,1.3058129736087225,1.5405698014582163,1.0027593152726495,2.347417839874651,1.323090055202078,0.03734528382415703,0
2025-05-09 12:00:00+00:00,4.676,4.676,4.642,4.668,166.32,-0.0038486256612943,-0.3841229193341844,4.406173115634093,10.459062943681976,0.2678764126374769,0.1710863985947207,1.498813879228343,0.9995709303927937,0.7283633246083155,0.0,0.024207369323050454,0
2025-05-09 13:00:00+00:00,4.726,4.737,4.726,4.737,91.44,0.0146733095173052,1.4781491002570757,2.911144905496421,12.277790945721724,0.1470661950667305,0.0,1.1528821788332688,1.0138377510972771,0.2322144816904786,0.0,0.0037998733375552707,0
2025-05-09 14:00:00+00:00,4.718,4.757,4.632,4.679,1465.72,-0.0123196120575355,-1.2244036309900783,0.6886163115988886,10.04233301975541,2.439796589287747,1.63968887920123,1.307841862372466,1.0698212946016756,2.671511006054389,0.8335114338889631,0.015815345159222005,0
2025-05-09 15:00:00+00:00,4.713,4.73,4.661,4.663,1073.67,-0.0034253940578954,-0.3419534088480502,1.6790231138246847,8.140074211502778,2.0624380201961507,1.4164904859584622,1.14367677500551,1.0579237755848925,1.4797340764572913,0.3645721637648429,0.0257345056830367,0
2025-05-09 16:00:00+00:00,4.738,4.763,4.725,4.725,500.32,0.0132085431195221,1.3296161269568785,1.3078902229845646,9.273820536540246,0.9249177542245792,0.7978165020369955,1.0602772862167174,1.077105879190759,0.8042328040626016,0.5291005289885389,0.016296296296296253,0
2025-05-09 17:00:00+00:00,4.725,4.862,4.691,4.861,1899.21,0.0283766171176123,2.87830687830688,3.7345283824157023,13.178114086146683,3.0874916091591618,0.0205676676222677,1.5160939177785973,1.164232507986825,3.5177946917264413,0.0205718987820328,-0.014606048138243066,0
2025-05-09 18:00:00+00:00,4.808,4.82,4.781,4.781,244.88,-0.0165944484193521,-1.6457519029006384,2.4207369323050454,10.773864689527349,0.3994182490376924,0.8091286305375374,1.7541566017700398,1.246104736102934,0.8157289268321125,0.250993515948348,0.010667224430035649,0
2025-05-09 19:00:00+00:00,4.78,4.782,4.737,4.755,461.99,-0.0054530336466126,-0.5438192846684786,0.379987333755527,10.01850994909763,0.7824906861960391,0.5646173148129227,1.7005399594362889,1.2607078837112513,0.9463722395486058,0.0420609884243779,0.030494216614090464,0
2025-05-09 20:00:00+00:00,4.753,4.753,4.753,4.753,28.59,-0.0004206983654812,-0.0420609884332234,1.5815345159222003,7.315421088281782,0.0536339888284966,0.0,1.5847283504500105,1.1850207614398178,0.0,0.0,0.05701662108142225,0
2025-05-09 21:00:00+00:00,4.777,4.783,4.759,4.783,682.19,0.0062919670662874,0.6311803071744171,2.57345056830367,7.749493129083129,1.282659617970504,0.0,1.5601107083543526,1.186867343748891,0.501777127221038,0.0,0.03867865356470834,0
2025-05-09 22:00:00+00:00,4.738,4.802,4.735,4.802,178.22,0.0039645331009015,0.3972402257996998,1.629629629629625,9.08677873693775,0.3309010564616296,0.0,1.4981830254058752,1.161427684177416,1.395251978051786,0.0,0.053102873802582495,0
2025-05-09 23:00:00+00:00,4.798,4.798,4.79,4.79,13.33,-0.0025020863762374,-0.2498958767180203,-1.4606048138243066,7.6646437401663325,0.0247249052876153,0.1667361400236066,0.8133542915467269,1.157941370618399,0.1670146137438384,0.0,0.06555323590814188,0
2025-05-10 00:00:00+00:00,4.799,4.932,4.799,4.832,4032.71,0.0087300492096898,0.8768267223381976,1.066722443003565,8.171032012536372,5.703325823964101,2.027575019864655,0.5457628216659833,1.16358148708884,2.7524834431389733,2.0695364234127727,0.050703642384106073,0
2025-05-10 01:00:00+00:00,4.832,4.931,4.816,4.9,602.38,0.0139747444840671,1.407284768211925,3.0494216614090464,9.570661896243294,0.8720855320768861,0.6286757248775692,0.6047573064756677,1.1826700124836478,2.346938775031241,0.6326530610953707,0.03632653061224489,0
2025-05-10 02:00:00+00:00,4.855,5.024,4.855,5.024,676.41,0.0249912240493164,2.530612244897945,5.701662108142225,12.343470483005348,0.9408712736996484,0.0,0.9435856481552896,1.2554608368104885,3.3638535025151484,0.0,0.014331210191082855,0
2025-05-10 03:00:00+00:00,5.026,5.034,4.968,4.968,137.52,-0.0112090845347199,-1.1146496815286675,3.8678653564708343,10.991957104557647,0.1954033604487295,1.3110846242925902,1.2678045203530008,1.2957036232461872,1.328502415191522,0.1610305957807911,0.033816425120772875,0
2025-05-10 04:00:00+00:00,4.971,5.066,4.935,5.057,248.95,0.0177560774666685,1.7914653784219192,5.3102873802582495,13.38565022421525,0.3536376474816908,0.1776549545642105,1.3394503451360944,1.3120515238577517,2.590468656794454,0.1779711290927376,0.01067826774767644,0
2025-05-10 05:00:00+00:00,5.075,5.104,5.01,5.104,236.43,0.0092511239446428,0.9294047854459198,6.555323590814188,13.422222222222224,0.3503094822695362,0.0,1.2252805046842647,1.3124627672241318,1.8416927896078248,0.0,-0.00783699059561127,0
2025-05-10 06:00:00+00:00,5.111,5.132,5.075,5.077,224.88,-0.0053040100772315,-0.528996865203768,5.070364238410607,13.55401476179825,0.3308451535659962,1.0717069366578849,1.3905221569410595,1.3081637303235234,1.1227102617445812,0.413630096432216,-0.012211936182785155,0
2025-05-10 07:00:00+00:00,5.093,5.133,5.038,5.078,956.85,0.0001969473172294,0.019696671262559,3.632653061224489,10.319356941125356,1.4114497285794616,1.0714981490217168,1.390707435414129,1.2087969057162,1.870815281238511,0.7877116973635863,-0.0037416305632138602,0
2025-05-10 08:00:00+00:00,5.11,5.133,5.096,5.096,61.82,0.0035384349873755,0.3544702638834218,1.4331210191082857,9.662147622121786,0.0995029146422629,0.7208260275237027,1.032909093089052,1.2032858563041149,0.7260596544886052,0.4513343798172359,-0.0011773940345369827,0
2025-05-10 09:00:00+00:00,5.048,5.143,5.048,5.136,145.64,0.0078186481177977,0.7849293563579218,3.3816425120772875,11.993022241604878,0.2356599349250715,0.1361073303254637,0.797927573709712,1.1490267103152678,1.8496884731601024,0.1362928348644226,-0.025895638629283457,0
2025-05-10 10:00:00+00:00,5.144,5.189,5.106,5.111,861.85,-0.0048794866015175,-0.4867601246105968,1.067826774767644,9.584048027444258,1.326182362575258,1.5031798031406531,0.6203426581397444,1.1347323118285717,1.623948346385457,0.8804539227390998,-0.006261005674036424,0
2025-05-10 11:00:00+00:00,5.104,5.128,5.046,5.064,334.61,-0.0092383949442673,-0.9195852083740852,-0.7836990595611271,8.06658130601794,0.5239903875319426,1.2480499217535015,0.63350330021282,1.1652525599138746,1.619273301417992,0.4739336491955111,-0.0013823064770931426,0
2025-05-10 12:00:00+00:00,5.065,5.087,5.015,5.015,100.45,-0.0097232634279763,-0.9676145339652552,-1.2211936182785157,7.433590402742074,0.1579810302185056,1.415372517905373,0.7102500317395766,1.1867458808368463,1.4356929209500129,0.4386839480680461,0.009172482552342931,0
2025-05-10 13:00:00+00:00,5.085,5.086,5.055,5.059,121.18,0.0087354138959002,0.8773678963110765,-0.374163056321386,6.797551192738016,0.19021308323166,0.5308690521960566,0.8382318993482296,1.167355597273892,0.6127693218792822,0.0197667523186927,0.0031626803716149343,0
2025-05-10 14:00:00+00:00,5.062,5.09,5.062,5.09,33.78,0.0061089952526322,0.6127693220003838,-0.1177394034536982,8.78392818978413,0.0585025393530167,0.0,0.8697429557542377,1.12378517357516,0.5500982317190295,0.0,0.00216110019646365,0
2025-05-10 15:00:00+00:00,5.091,5.092,5.0,5.003,115.2,-0.0172400980563633,-1.7092337917485212,-2.5895638629283457,7.291443276860376,0.2143357166497684,1.7478397482820331,0.9998188504902572,1.194027802095093,1.838896661635232,0.0199880071916763,0.024785128922646393,0
2025-05-10 16:00:00+00:00,4.997,5.079,4.997,5.079,824.05,0.0150766593130398,1.519088546871861,-0.6261005674036424,7.492063492063505,1.495653068259541,0.0,1.273945997215013,1.201602885021279,1.6144910412257325,0.0,0.010828903327426698,0
2025-05-10 17:00:00+00:00,5.003,5.143,5.003,5.057,291.91,-0.0043409697212618,-0.4331561330970568,-0.1382306477093142,4.032092162106582,0.6031291807195296,1.6721757725700497,1.225741312951552,1.0808294446837865,2.768439785887191,1.7006130113306956,0.05042515325291674,0
2025-05-10 18:00:00+00:00,5.061,5.061,5.061,5.061,0.93,0.0007906701340948,0.0790982796124106,0.9172482552342932,5.856515373352855,0.0019627378786385,0.0,1.134661390090589,1.0091386534857372,0.0,0.0,0.02805769610748876,0
2025-05-10 19:00:00+00:00,5.046,5.075,4.982,5.075,613.63,0.00276243269591,0.2766251728907321,0.3162680371614934,6.7297581493165115,1.2780064407432568,0.0,1.0837756574665085,0.9952819718003978,1.8325123149098492,0.0,-0.00039408866995072067,0
2025-05-10 20:00:00+00:00,5.085,5.101,5.085,5.101,45.91,0.0051100740129384,0.5123152709359591,0.216110019646365,7.3216915632232205,0.0954732025337613,0.0,1.074209469096476,0.994111223926538,0.3136639873919501,0.0,0.0023524799059009283,0
2025-05-10 21:00:00+00:00,5.111,5.127,5.064,5.127,79.95,0.0050840938607739,0.5097039796118308,2.4785128922646393,7.192138825005223,0.1754156614331271,0.0,0.6425950157818465,0.9926473563235018,1.228788765120184,0.0,0.00429100838697094,0
2025-05-10 22:00:00+00:00,5.116,5.18,5.067,5.134,358.29,0.0013643896473851,0.1365320850399864,1.0828903327426698,6.9137859225322895,0.7733809649707285,0.8880308878594414,0.3509644091740208,0.9928469036165916,2.2010128550445933,0.8959875339119497,0.0097389949357225,0
2025-05-10 23:00:00+00:00,5.176,5.312,5.137,5.312,505.33,0.0340833297251841,3.467082197117266,5.042515325291674,10.897703549060545,1.044550438990973,0.0,1.2809325847166524,1.1727034366250066,3.294427710223201,0.0,-0.033320783132530174,0
2025-05-11 00:00:00+00:00,5.322,5.35,5.136,5.203,1811.78,-0.0207330298659662,-2.0519578313253017,2.805769610748876,7.677980132450335,4.630880760137817,2.747663550888275,1.7466359879172093,1.2742395169844811,4.113011723214864,0.5381510665888539,-0.024793388429752206,0
2025-05-11 01:00:00+00:00,5.193,5.193,5.073,5.073,922.18,-0.0253030237236134,-2.498558523928496,-0.039408866995072,3.530612244897968,2.279442980241607,2.310803003598906,2.1380231212648195,1.3763969948143873,2.365464221887336,0.0,-0.001971220185294831,0
2025-05-11 02:00:00+00:00,5.108,5.13,5.07,5.113,233.95,0.0078539575133093,0.7884880741178879,0.2352479905900928,1.7714968152866328,0.6058872977095737,0.3313840155299341,2.1541814803459016,1.290722014758244,1.1734793660916254,0.3324858203926188,-0.019557989438685808,0
2025-05-11 03:00:00+00:00,5.15,5.16,5.149,5.149,55.71,0.007016204966142,0.7040876197926815,0.429100838697094,3.643317230273757,0.1455636530698648,0.2131782945323321,2.1640205943794784,1.270876048351426,0.2136337152430332,0.1942124684027512,-0.016702272285880837,0
2025-05-11 04:00:00+00:00,5.104,5.195,5.104,5.184,43.1,0.0067744379859693,0.6797436395416634,0.97389949357225,2.5113703776942886,0.1151968781910209,0.2117420596320057,2.1784968583414104,1.228843188415245,1.7554012342292855,0.2121913579837617,-0.016010802469135887,0
2025-05-11 05:00:00+00:00,5.145,5.147,5.135,5.135,52.41,-0.0094971156694521,-0.9452160493827244,-3.3320783132530174,0.6073667711598674,0.1430112820462273,0.2331455216178161,1.5004637180863307,1.233913172647348,0.2336903602271383,0.0389483933712012,-0.006621226874391373,0
2025-05-11 06:00:00+00:00,5.111,5.183,5.052,5.074,274.12,-0.0119503822034313,-1.1879259980525747,-2.479338842975221,-0.059090013787677,0.7438276106498688,2.103029133300592,1.3601495715827356,1.2542169359339943,2.581789514666581,1.418998817221326,0.006306661411115577,0
2025-05-11 07:00:00+00:00,5.075,5.094,4.961,5.063,211.02,-0.002170268189318,-0.2167914860070952,-0.197122018529483,-0.2953918865695293,0.6253370869739953,0.6085590890050058,0.8875503349730869,1.2549656966120115,2.626901046291349,0.3752715780416238,-0.006517874777799637,0
2025-05-11 08:00:00+00:00,5.011,5.035,5.011,5.013,49.93,-0.0099246547064057,-0.987556784515109,-1.9557989438685808,-1.628728414442704,0.1481802072727956,0.4369414100423203,0.8559365594512447,1.2679093470132132,0.4787552362898956,0.4388589665990755,0.011170955515659386,0
2025-05-11 09:00:00+00:00,4.988,5.063,4.961,5.063,102.26,0.0099246547064057,0.9974067424695754,-1.6702272285880837,-1.4213395638629334,0.3051197670665339,0.0,0.9309398550445522,1.274760187056386,2.014615840012903,0.0,-0.007702942919217803,0
2025-05-11 10:00:00+00:00,5.065,5.101,5.065,5.101,117.73,0.0074774059530174,0.7505431562314868,-1.6010802469135887,-0.1956564273136285,0.3870888195060573,0.0,0.9457351736300924,1.2816450481110286,0.7057439716318791,0.0,-0.017447559302097737,0
2025-05-11 11:00:00+00:00,5.101,5.101,5.101,5.101,0.0,0.0,0.0,-0.6621226874391373,0.7306477093206976,0.0,0.0,0.8866514436270545,1.266734234923672,0.0,0.0,0.001960399921584033,0
2025-05-11 12:00:00+00:00,5.111,5.111,5.1,5.106,15.41,0.0009797198785024,0.0980199960791905,0.6306661411115577,1.814556331006978,0.0537576892215295,0.0978282136376758,0.7099177798693778,1.248611017167588,0.2154328240862865,0.0,0.004308656482569617,0
2025-05-11 13:00:00+00:00,5.113,5.113,5.002,5.03,1190.33,-0.0149963347076441,-1.4884449667058264,-0.6517874777799637,-0.573235817355211,3.5939418108789436,1.6233131230934297,0.9712179694782715,1.2762798673104714,2.206759442901254,0.0,0.005964214711729587,0
2025-05-11 14:00:00+00:00,5.036,5.069,5.002,5.069,26.46,0.0077235753785644,0.7753479125248486,1.1170955515659386,-0.4125736738703311,0.0799638359570414,0.0,0.9158007437467665,1.2801912835695306,1.3217597156595495,0.0,-0.0017754981258631952,0
2025-05-11 15:00:00+00:00,5.082,5.082,5.024,5.024,17.49,-0.0089171303243147,-0.8877490629315421,-0.7702942919217803,0.4197481511093226,0.0535143321925776,1.1412829592402007,0.906602885448692,1.2426692378441824,1.1544585984963225,0.0,0.01015127388535042,0
2025-05-11 16:00:00+00:00,5.006,5.035,4.997,5.012,848.45,-0.0023913921320757,-0.2388535031847216,-1.7447559302097737,-1.3191573144319737,2.587960774138425,0.4568023832260686,0.7988762878215372,1.2020848404858853,0.7581803669676468,0.4588986431646367,0.014565043894652963,0
2025-05-11 17:00:00+00:00,5.06,5.111,5.06,5.111,50.42,0.0195600427523206,1.9752593774940097,0.1960399921584033,1.067826774767644,0.1586617698922079,0.0,1.2269421256263364,1.266614162862894,0.9978477791043175,0.0,-0.005087067110154497,0
2025-05-11 18:00:00+00:00,5.114,5.142,5.047,5.128,835.22,0.0033206398322264,0.3326159264331885,0.4308656482569617,1.3238490416913606,2.3691159993692463,0.2722676001026363,1.2331413173990704,1.2679685439763306,1.8525741026028648,0.2730109203835827,-0.0029251170046801223,0
2025-05-11 19:00:00+00:00,5.126,5.144,5.06,5.06,34.39,-0.0133492363189948,-1.3260530421216998,0.5964214711729587,-0.2955665024630627,0.1047166651438606,1.632970450693445,1.1923239009726203,1.298029378003458,1.660079051055331,0.355731225226136,-0.001383399209486047,0
2025-05-11 20:00:00+00:00,5.06,5.06,5.06,5.06,0.0,0.0,0.0,-0.1775498125863195,-0.8037639678494468,0.0,0.0,1.1458897572807898,1.293253937439451,0.0,0.0,-0.0009881422924901129,0
2025-05-11 21:00:00+00:00,5.075,5.075,5.075,5.075,5.84,0.0029600416284769,0.2964426877470449,1.015127388535042,-1.0142383460113091,0.0180576205064748,0.0,1.0670544928664634,1.2901062687325164,0.0,0.0,0.010837438423645374,0
2025-05-11 22:00:00+00:00,5.117,5.12,5.085,5.085,70.44,0.0019685045726721,0.1970443349753603,1.4565043894652965,-0.9544215037008308,0.2261930406456771,0.6835937498664884,1.0484391490914402,1.29052939481102,0.6882989182520581,0.0589970501358926,0.01612586037364805,0
2025-05-11 23:00:00+00:00,5.085,5.085,5.085,5.085,9.83,0.0,0.0,-0.5087067110154497,-4.273343373493976,0.0338068373152265,0.0,0.6285388299933705,1.0618395113266743,0.0,0.0,0.010226155358898703,0
2025-05-12 00:00:00+00:00,5.059,5.113,5.059,5.113,141.95,0.005491286597339,0.5506391347099404,-0.2925117004680122,-1.7297712857966552,0.641746285298042,0.0,0.662665769940038,0.9913408156728902,1.056131429482475,0.0,0.013299432818306256,0
2025-05-12 01:00:00+00:00,5.148,5.15,5.028,5.053,138.69,-0.0118041897880907,-1.173479366321151,-0.1383399209486047,-0.3942440370589439,0.7355689866595244,1.8834951452653488,0.6030100734867059,0.8776134045809345,2.414407282324494,0.0395804472512341,0.04393429645754998,0
2025-05-12 02:00:00+00:00,5.105,5.114,5.055,5.055,305.65,0.0003957261626631,0.0395804472590466,-0.0988142292490112,-1.134363387443782,1.5957884203229824,1.1536957369664296,0.6035290920126691,0.861033567477365,1.1671612262775184,0.1780415429914745,0.041543026706231556,0
2025-05-12 03:00:00+00:00,5.105,5.134,5.105,5.13,83.67,0.0147278067102433,1.4836795252225476,1.0837438423645374,-0.3690036900369065,0.4341972967515594,0.077911959470614,0.8614732370880988,0.9035451920191858,0.5653021441393157,0.0779727095364662,0.022027290448343173,0
2025-05-12 04:00:00+00:00,5.143,5.167,5.138,5.167,66.84,0.0071865901223694,0.7212475633528337,1.6125860373648049,-0.3279320987654377,0.3450882533245244,0.0,0.8894416811446579,0.904957352917488,0.5612541125292698,0.0,0.011225082252757757,0
2025-05-12 05:00:00+00:00,5.163,5.182,5.133,5.137,144.53,-0.0058229978199168,-0.5806077027288636,1.0226155358898703,0.0389483933787682,0.7316940432433474,0.8683905826190063,0.9537923573152662,0.8914412606154618,0.9538641228433276,0.3698656802861879,0.011290636558302758,0
2025-05-12 06:00:00+00:00,5.188,5.2,5.181,5.181,894.77,0.0085288363475205,0.8565310492505418,1.3299432818306256,2.1087899093417573,4.005446419893584,0.3653846153143515,0.9855023065981752,0.8696639070293529,0.3667245704754465,0.231615518195026,0.028758926848098776,0
2025-05-12 07:00:00+00:00,5.217,5.387,5.203,5.275,1293.64,0.0179805915294789,1.814321559544485,4.393429645754998,4.187240766344069,4.818070931741197,2.079079264511016,0.8837926563206753,0.9339384530295826,3.4881516581064975,2.123222748412644,0.009289099526066158,0
2025-05-12 08:00:00+00:00,5.251,5.265,5.203,5.265,841.24,-0.0018975337761914,-0.1895734597156528,4.154302670623156,5.0269299820466795,2.790471649208117,0.0,0.9230164486825,0.9043692090157164,1.1775878440308358,0.0,-0.021842355175688333,0
2025-05-12 09:00:00+00:00,5.299,5.3,5.225,5.243,112.05,-0.0041872919955429,-0.4178537511870694,2.2027290448343173,3.55520442425441,0.3711780749300337,1.075471697910279,0.9204458142517268,0.896744807511796,1.430478733276662,0.0190730497770115,-0.02460423421705138,0
2025-05-12 10:00:00+00:00,5.222,5.225,5.222,5.225,20.12,-0.0034390557395211,-0.3433148960518939,1.1225082252757757,2.430895902764152,0.0675599481209859,0.0,0.9403659885361476,0.8925484370782407,0.0574162679315801,0.0,-0.00918660287081341,0
2025-05-12 11:00:00+00:00,5.235,5.264,5.195,5.195,249.03,-0.0057581732996838,-0.574162679425827,1.1290636558302758,1.842775926288964,0.8080514191898025,1.3107902733072196,0.9393097994610672,0.90303313881921,1.3282001922371116,0.5582290663025529,-0.017324350336862304,0
2025-05-12 12:00:00+00:00,5.188,5.332,5.188,5.33,333.2,0.0256546136265624,2.5986525505293567,2.8758926848098776,4.3869956913435315,1.0366270214181703,0.0375093773372971,1.3517359671765063,1.0362687921335605,2.701688554840211,0.0375234521505543,-0.07148217636022514,0
2025-05-12 13:00:00+00:00,5.328,5.356,5.26,5.324,1217.89,-0.0011263376448879,-0.1125703564727964,0.9289099526066158,5.844930417495031,3.7755201948781214,0.5974607915239997,1.192725267594003,0.975481865891324,1.803155521825104,0.5259203605323136,-0.05409466566491361,0
2025-05-12 14:00:00+00:00,5.308,5.308,5.094,5.15,1552.86,-0.0332281858572203,-3.2682193839218554,-2.1842355175688333,1.597948313276798,4.021125977929232,2.976639034857443,1.8680311752180256,1.208131163333929,4.155339805018371,0.0,-0.012621359223301098,0
2025-05-12 15:00:00+00:00,5.111,5.15,5.07,5.114,3591.44,-0.0070148378066499,-0.6990291262136017,-2.460423421705138,1.7914012738853513,6.7118428675424475,0.6990291260778676,1.8731243178541068,1.2021836893584892,1.564333202666342,0.7039499411998626,-0.011732499022291676,0
2025-05-12 16:00:00+00:00,5.106,5.177,5.09,5.177,470.22,0.0122438610507692,1.2319123973406176,-0.918660287081341,3.292098962490031,0.9054351235908956,0.0,1.9907892355940056,1.2225559607316634,1.6805099475216272,0.0,-0.02182731311570396,0
2025-05-12 17:00:00+00:00,5.165,5.166,5.09,5.105,49.86,-0.0140052863031352,-1.3907668533899795,-1.7324350336862304,-0.1173938563881704,0.0960125551915489,1.1807975220323648,2.0532440329509294,1.1968962135263348,1.4887365325193562,0.0195886385857874,-0.007443682664054929,0
2025-05-12 18:00:00+00:00,5.078,5.084,4.91,4.949,668.03,-0.0310349156468799,-3.0558276199804224,-7.148217636022514,-3.4906396255850236,1.3038781149892655,2.6553894565980705,1.7590091099122296,1.3504405622071507,3.51586178955023,0.1212366134327535,0.007678318852293531,0
2025-05-12 19:00:00+00:00,5.013,5.052,5.013,5.036,399.29,0.0174265802123516,1.757930895130322,-5.409466566491361,-0.4743083003952542,0.7568832990536223,0.3167062548858462,2.1216825960754013,1.3786615815208028,0.7744241459939528,0.3177124701513679,-0.017275615567911018,0
2025-05-12 20:00:00+00:00,4.969,5.101,4.968,5.085,128.38,0.0096829133184226,0.9729944400317824,-1.2621359223301098,0.4940711462450675,0.2409108750482208,0.3136639873919501,1.8595643703338305,1.3933563445382688,2.61553588935781,0.3146509340580827,-0.04660766961651919,0
2025-05-12 21:00:00+00:00,5.111,5.111,5.054,5.054,264.7,-0.0061150205345207,-0.6096361848574205,-1.1732499022291676,-0.4137931034482789,0.4868672748666736,1.1152416354695185,1.855182005683666,1.3978622986071474,1.1278195486490166,0.0,-0.04234269885239417,0
2025-05-12 22:00:00+00:00,5.106,5.106,5.064,5.064,67.32,0.0019766758758724,0.1978630787494939,-2.182731311570396,-0.4129793510324497,0.1238524514761772,0.8225616919658089,1.7417723243302756,1.3978677507134591,0.8293838860921401,0.0,-0.027251184834123254,0
2025-05-12 23:00:00+00:00,5.07,5.07,5.067,5.067,112.96,0.0005922416518976,0.0592417061611394,-0.7443682664054929,-0.3539823008849474,0.206188922851423,0.0591715976214674,1.6691063616948456,1.3979517856915018,0.0592066311310054,0.0,-0.02901124925991716,0
2025-05-13 00:00:00+00:00,5.06,5.06,4.987,4.987,89.31,-0.0159143999297872,-1.5788434971383492,0.7678318852293531,-2.4643066692744076,0.1636752244437728,1.4426877467504473,1.1684288005692238,1.4283641711233233,1.4638058950343182,0.0,-0.016041708441949076,0
2025-05-13 01:00:00+00:00,5.005,5.005,4.922,4.949,95.34,-0.0076489905942365,-0.7619811509925856,-1.7275615567911018,-2.0581832574708137,0.1753064967657747,1.1188811186575671,0.8905854068142021,1.417223924626138,1.6771064858199458,0.0,0.005657708628005853,0
2025-05-13 02:00:00+00:00,4.952,4.952,4.848,4.848,212.76,-0.0206192872027357,-2.0408163265306145,-4.660766961651919,-4.094955489614238,0.3940167213879095,2.100161550464428,0.8932064812763404,1.4729121511631456,2.145214521009652,0.0,0.02413366336633671,0
2025-05-13 03:00:00+00:00,4.868,4.932,4.831,4.84,250.64,-0.0016515280384729,-0.1650165016501614,-4.234269885239417,-5.653021442495132,0.458263563103192,1.8653690182754832,0.9294459301046843,1.4306203827430632,2.08677685907298,1.3223140493135723,0.0386363636363638,0
2025-05-13 04:00:00+00:00,4.829,4.942,4.828,4.926,86.35,0.0176125789698059,1.7768595041322444,-2.7251184834123254,-4.664215211921807,0.1576457504334966,0.3237555644832549,1.358661792171755,1.4761784647830034,2.3142509130502917,0.3248071456912696,0.01786439301664644,0
2025-05-13 05:00:00+00:00,4.946,4.947,4.92,4.92,85.2,-0.0012187691941294,-0.1218026796589555,-2.901124925991716,-4.224255401985588,0.156251432762998,0.5457853243287302,1.34676643520144,1.4739709915619168,0.5487804876933401,0.0203252032479081,0.025000000000000133,0
2025-05-13 06:00:00+00:00,4.959,4.966,4.907,4.907,28.94,-0.0026457733964503,-0.2642276422764156,-1.6041708441949076,-5.288554333140317,0.0568343893223287,1.1880789365307969,1.2340910598592063,1.457487738306216,1.2023639695939785,0.1426533523247203,0.022213164866517143,0
2025-05-13 07:00:00+00:00,4.989,5.006,4.975,4.977,88.44,0.0141645427686508,1.4265335235378096,0.5657708628005853,-5.649289099526067,0.1926872599416439,0.5793048340832374,1.3725161987927,1.4363706000302547,0.6228651797020681,0.341571227578554,0.01185453084187249,0
2025-05-13 08:00:00+00:00,4.995,5.008,4.965,4.965,172.3,-0.0024140023792813,-0.2411091018686084,2.413366336633671,-5.698005698005693,0.3996663647961131,0.8586261979116192,0.930695856356321,1.436327144248862,0.8660624368849854,0.2618328297559229,0.0060422960725075026,0
2025-05-13 09:00:00+00:00,5.003,5.036,4.973,5.027,173.44,0.0124100872133023,1.2487411883182364,3.86363636363638,-4.119778752622549,0.3999377403185621,0.1787132644601334,0.9377091905348056,1.467195671119057,1.2532325440116847,0.1790332205730877,-0.006365625621643112,0
2025-05-13 10:00:00+00:00,5.014,5.014,5.014,5.014,50.48,-0.0025893849743365,-0.2586035408792542,1.786439301664644,-4.038277511961708,0.1160639869402353,0.0,0.8042485138669804,1.4668736027039102,0.0,0.0,0.012564818508177034,0
2025-05-13 11:00:00+00:00,5.05,5.05,5.043,5.043,7.33,0.0057671433584865,0.5783805345033866,2.5000000000000133,-2.92589027911454,0.0172526743998621,0.1386138613586838,0.7820691339588156,1.4719272621110353,0.1388062660839105,0.0,0.005948839976204656,0
2025-05-13 12:00:00+00:00,4.995,5.016,4.973,5.016,19.11,-0.0053683397639687,-0.5353955978584235,2.2213164866517143,-5.891181988742966,0.0464088867390923,0.0,0.835234958183107,1.3572509696946935,0.8572567781385083,0.0,0.029904306220095656,0
2025-05-13 13:00:00+00:00,5.065,5.066,5.036,5.036,15.96,0.003979312851481,0.3987240829345984,1.185453084187249,-5.409466566491361,0.0441256770797313,0.5921831818807425,0.6652962486339332,1.3635333759676145,0.5957108815338193,0.0198570293844494,0.033161239078634,0
2025-05-13 14:00:00+00:00,5.004,5.004,4.995,4.995,51.79,-0.0081747040815837,-0.8141382049245305,0.6042296072507503,-3.0097087378640808,0.1731240920436745,0.1798561150719602,0.7738301945407454,1.203054370719178,0.1801801801440971,0.0,0.038438438438438416,0
2025-05-13 15:00:00+00:00,4.995,4.995,4.995,4.995,0.0,0.0,0.0,-0.6365625621643112,-2.3269456394211963,0.0,0.0,0.5378621981754188,1.1970048397571855,0.0,0.0,0.04244244244244233,0
2025-05-13 16:00:00+00:00,5.042,5.117,5.042,5.077,457.63,0.0162831238647404,1.6416416416416446,1.2564818508177034,-1.9316206297083192,3.071720234012652,0.7817080318972632,0.8762354214376205,1.2190446561835058,1.4772503444007814,0.7878668503470823,0.016348237147921996,0
2025-05-13 17:00:00+00:00,5.113,5.138,5.073,5.073,126.26,-0.0007881773807042,-0.0787866850502139,0.5948839976204656,-0.6268364348677724,0.8297571714860202,1.2650836899055793,0.8618328332795984,1.1862690120114954,1.2812931201889723,0.4928050462265211,0.026611472501478328,0
2025-05-13 18:00:00+00:00,5.14,5.166,5.052,5.166,305.58,0.0181663360890957,1.833234772324066,2.9904306220095656,4.384724186704392,2.22948706644652,0.0,1.0331808864842047,1.0484782080288486,2.206736352650666,0.0,0.00967866821525365,0
2025-05-13 19:00:00+00:00,5.166,5.267,5.144,5.203,786.21,0.0071366876345176,0.7162214479287554,3.3161239078633997,3.3161239078633997,5.13243554205488,1.2151129673029983,1.0355246287481914,1.0017457778216203,2.3640207568010765,1.2300595807745427,-0.0028829521429944993,0
2025-05-13 20:00:00+00:00,5.185,5.187,5.168,5.187,79.89,-0.0030798869389032,-0.3075148952527362,3.8438438438438416,2.0058997050147465,0.5284982662302343,0.0,0.9155175144703788,0.989438676069495,0.3663003662297498,0.0,-0.0007711586658956104,0
2025-05-13 21:00:00+00:00,5.232,5.232,5.207,5.207,67.98,0.0038483788114987,0.3855793329477386,4.244244244244233,3.027305104867417,0.4754926818999039,0.4778287460860487,0.8752637907828027,0.9798990551814784,0.4801229113731348,0.0,-0.00902631073554827,0
2025-05-13 22:00:00+00:00,5.185,5.208,5.16,5.16,150.94,-0.0090672946872906,-0.9026310735548272,1.6348237147921996,1.8957345971563957,1.0306471987274712,0.9216589859981462,0.942607212900492,1.0019848389405916,0.930232557959258,0.4457364340221552,0.009689922480620172,0
2025-05-13 23:00:00+00:00,5.157,5.208,5.157,5.208,15.88,0.0092593254127967,0.930232558139532,2.661147250147833,2.7827116637063387,0.1115116333497155,0.0,0.957321711312664,1.0167787661191252,0.9792626726230323,0.0,0.0036482334869432087,0
2025-05-14 00:00:00+00:00,5.216,5.216,5.216,5.216,1.22,0.0015349197180837,0.1536098310291889,0.967866821525365,4.59193904150792,0.008793664236933,0.0,0.6783390953132835,0.9496727467995804,0.0,0.0,-0.0026840490797546135,0
2025-05-14 01:00:00+00:00,5.234,5.254,5.188,5.188,99.85,-0.0053825581701545,-0.5368098159509338,-0.2882952142994499,4.82925843604769,0.7187374406848911,1.2561857629889224,0.6666113326616551,0.9408810533045676,1.2721665379197795,0.385505011490835,-0.0013492675404779275,0
2025-05-14 02:00:00+00:00,5.187,5.187,5.13,5.183,1092.71,-0.0009642272466279,-0.0963762528912837,-0.077115866589561,6.910066006600668,6.223120786461416,0.0771158665746922,0.6556209483138723,0.8125431378829283,1.0997491797994,0.0,-0.029905460158209607,0
2025-05-14 03:00:00+00:00,5.185,5.187,5.16,5.16,1094.34,-0.004447459714098,-0.4437584410572959,-0.9026310735548272,6.6115702479338845,5.192772394460741,0.5205320993791173,0.6423174360230274,0.8211379714644806,0.5232558138520848,0.0387596899149819,-0.024806201550387597,0
2025-05-14 04:00:00+00:00,5.163,5.21,5.163,5.21,10.3,0.0096432762718042,0.9689922480620172,0.9689922480620172,5.765326837190421,0.0496208182615067,0.0,0.6561503352633073,0.7727636652487282,0.902111324203044,0.0,-0.02053742802303271,0
2025-05-14 05:00:00+00:00,5.224,5.227,5.216,5.227,47.1,0.0032576439655093,0.3262955854126836,0.3648233486943208,6.239837398373993,0.2286555764116027,0.0,0.5539537208174781,0.7692059298525955,0.2104457623473438,0.0,-0.021044576238760326,0
2025-05-14 06:00:00+00:00,5.22,5.22,5.202,5.202,28.9,-0.004794332704325,-0.4782858236081933,-0.2684049079754613,6.0118198491950325,0.1403014782622992,0.3448275861408337,0.5917234064318164,0.7766957670765959,0.3460207611791539,0.0,-0.023452518262206845,0
2025-05-14 07:00:00+00:00,5.163,5.197,5.148,5.181,237.5,-0.0040450791938085,-0.4036908881199563,-0.1349267540477927,4.098854731766122,1.1192491212859856,0.3078699248974661,0.57159271326874,0.7454184953723003,0.9457633659629944,0.3088206909266899,-0.026442771665701637,0
2025-05-14 08:00:00+00:00,5.169,5.169,5.028,5.028,407.87,-0.0299757971046503,-2.9530978575564637,-2.9905460158209607,1.2688821752265822,1.8371591529625768,2.727800347702109,1.3473250001905517,0.9849576949595692,2.804295942163028,0.0,-0.0013922036595066523,0
2025-05-14 09:00:00+00:00,5.054,5.072,5.032,5.032,4.18,0.0007952286701385,0.0795544948289705,-2.4806201550387597,0.0994629003381764,0.0194455913052181,0.7886435329675393,1.3689214128228595,0.9520073097345588,0.7949125594604712,0.3577106517572076,-0.004372019077901523,0
2025-05-14 10:00:00+00:00,5.1,5.103,5.1,5.103,136.97,0.014011082683695,1.410969793322736,-2.053742802303271,1.775029916234527,0.6266857306233837,0.0,1.465389154045567,0.9915466974334084,0.0587889476663183,0.0,-0.012345679012345623,0
2025-05-14 11:00:00+00:00,5.106,5.117,5.106,5.117,47.96,0.0027397277411204,0.2743484224965842,-2.1044576238760326,1.467380527463802,0.2177471988004029,0.0,1.4607870301754242,0.9867783087715912,0.2149697087717495,0.0,-0.022864959937463403,0
2025-05-14 12:00:00+00:00,5.106,5.106,5.08,5.08,431.8,-0.0072570682325642,-0.7230799296462753,-2.3452518262206845,1.2759170653907417,1.8184817207696256,0.5092048569312133,1.468439872227416,0.9924875224468463,0.5118110235212932,0.0,-0.015748031496062964,0
2025-05-14 13:00:00+00:00,5.053,5.064,5.009,5.044,1060.62,-0.0071118434877174,-0.7086614173228423,-2.6442771665701637,0.1588562351072298,3.774739452020234,0.3949447076629347,1.47414105205139,1.001500711642152,1.0904044407037208,0.2180808881407476,-0.0005947660586834713,0
2025-05-14 14:00:00+00:00,5.033,5.054,4.973,5.021,203.1,-0.0045703010501046,-0.4559873116574131,-0.1392203659506652,0.5205205205205177,0.7069685951251645,0.6529481597441804,0.8102548422590271,0.9912557305338896,1.6132244569581389,0.418243377729884,-0.0005974905397331254,0
2025-05-14 15:00:00+00:00,5.008,5.01,5.008,5.01,7.44,-0.002193201955795,-0.2190798645688163,-0.4372019077901523,0.3003003003003046,0.0258699000177303,0.0,0.8118595284767207,0.992474029364908,0.0399201596726662,0.0,-0.001596806387225591,0
2025-05-14 16:00:00+00:00,5.04,5.04,5.04,5.04,1.98,0.0059701669865039,0.5988023952095967,-1.2345679012345625,-0.7287768367145953,0.0073713503904121,0.0,0.5410551020425903,0.9404344477910724,0.0,0.0,-0.013690476190476142,0
2025-05-14 17:00:00+00:00,4.975,5.0,4.961,5.0,1.8,-0.0079681696491768,-0.7936507936507908,-2.2864959937463403,-1.4389907352651332,0.0068331509050502,0.0,0.5270794948412989,0.9533704516165472,0.779999999843994,0.0,-0.005400000000000071,0
2025-05-14 18:00:00+00:00,5.0,5.0,5.0,5.0,0.0,0.0,0.0,-1.5748031496062964,-3.213317847464192,0.0,0.0,0.5165594966697247,0.8659741927816067,0.0,0.0,-0.005400000000000071,0
2025-05-14 19:00:00+00:00,5.016,5.044,5.016,5.041,50.39,0.0081665626663934,0.8199999999999985,-0.0594766058683471,-3.1135883144339793,0.2290142253318683,0.0594766058565515,0.6188152564922574,0.8706108004619703,0.5554453480350153,0.0595120015751657,-0.028367387423130497,0
2025-05-14 20:00:00+00:00,5.017,5.018,5.017,5.018,13.92,-0.0045730271562633,-0.4562586788335765,-0.0597490539733125,-3.2581453634085267,0.0640644326187185,0.0,0.6188546592740286,0.8724561728659559,0.0199282582662447,0.0,-0.025109605420486125,0
2025-05-14 21:00:00+00:00,4.972,5.003,4.971,5.002,62.73,-0.0031936154888032,-0.3188521323236326,-0.1596806387225591,-3.937007874015752,0.288995105095127,0.019988007191694,0.6269186227303973,0.8659245180921538,0.6397441022311593,0.0199920031947303,-0.01719312275089957,0
2025-05-14 22:00:00+00:00,5.014,5.014,4.971,4.971,81.37,-0.0062168053428917,-0.6197520991603311,-1.3690476190476142,-3.662790697674423,0.3799429175087757,0.857598723402955,0.5801268985054697,0.8572538252798346,0.8650170990012066,0.0,-0.012673506336753126,0
2025-05-14 23:00:00+00:00,4.973,4.975,4.97,4.973,54.82,0.0004022526200658,0.0402333534500032,-0.5400000000000071,-4.512288786482344,0.2540476976625987,0.0402010050170405,0.5132808282791125,0.8272135807630442,0.1005429318116723,0.0402171727246653,-0.024331389503317813,0
2025-05-15 00:00:00+00:00,4.973,4.973,4.973,4.973,0.0,0.0,0.0,-0.5400000000000071,-4.658742331288346,0.0,0.0,0.5132808282791125,0.8250136297009961,0.0,0.0,-0.025336818821636742,0
2025-05-15 01:00:00+00:00,5.017,5.017,4.898,4.898,1199.98,-0.0151963212026254,-1.5081439774783822,-2.8367387423130497,-5.589822667694677,4.587532535369174,2.3719354191006836,0.5706595620326228,0.8658789648430646,2.429563086478257,0.0,-0.026949775418538158,0
2025-05-15 02:00:00+00:00,4.892,4.892,4.892,4.892,33.16,-0.0012257407050499,-0.1224989791751562,-2.5109605420486125,-5.614508971638033,0.152511483778281,0.0,0.5893343817924342,0.8657072968793103,0.0,0.0,-0.011651676206050787,0
2025-05-15 03:00:00+00:00,4.916,4.916,4.916,4.916,0.47,0.0048939738788625,0.4905968928863524,-1.719312275089957,-4.728682170542631,0.0027349697892362,0.0,0.7000917223212925,0.877062620791818,0.0,0.0,-0.03173311635476006,0
2025-05-15 04:00:00+00:00,4.908,4.908,4.908,4.908,2.74,-0.0016286648551233,-0.1627339300244057,-1.2673506336753126,-5.796545105566208,0.0159735717060864,0.0,0.6812974028721852,0.8413531300703467,0.0,0.0,-0.025468622656886764,0
2025-05-15 05:00:00+00:00,4.9,4.9,4.852,4.852,359.36,-0.0114755357668613,-1.14099429502853,-2.4331389503317813,-7.174287354122821,1.947284525374067,0.979591836534778,0.7610481303402127,0.851298243284484,0.989282769787865,0.0,-0.004328112118713867,0
2025-05-15 06:00:00+00:00,4.887,4.888,4.835,4.847,408.75,-0.0010310342185647,-0.1030502885408068,-2.533681882163674,-6.824298346789693,2.039963318080613,0.8387888705321521,0.751022516955203,0.8515112776410005,1.0934598718602295,0.0206313183369923,-0.01279141737157008,0
2025-05-15 07:00:00+00:00,4.831,4.835,4.766,4.766,376.24,-0.0168525781866886,-1.6711367856406143,-2.694977541853816,-8.010036672457055,1.8250603821927984,1.4270941051857085,0.8005911234667309,0.8975902065252416,1.4477549304557784,0.0839278220553982,-0.007553503986571508,0
2025-05-15 08:00:00+00:00,4.827,4.835,4.827,4.835,39.87,0.0143737502287072,1.4477549307595483,-1.1651676206050787,-3.8385043754972097,0.2089417313539212,0.0,1.1198885260256046,0.7767558679215419,0.1654601861084882,0.0,-0.024819027921406445,0
2025-05-15 09:00:00+00:00,4.875,4.875,4.76,4.76,81.22,-0.015633460661929,-1.5511892450879028,-3.173311635476006,-5.405405405405405,0.4185977593505158,2.358974358490471,1.1807671685208152,0.8253180033089829,2.4159663860470704,0.0,0.016176470588235237,0
2025-05-15 10:00:00+00:00,4.758,4.783,4.73,4.783,102.11,0.0048202964548314,0.4831932773109448,-2.5468622656886764,-6.270821085635891,0.5302315316632751,0.0,1.2490618521223975,0.7654180112712083,1.1080911559464566,0.0,0.015053313819778369,0
2025-05-15 11:00:00+00:00,4.777,4.831,4.777,4.831,308.65,0.0099855208741096,1.003554254651884,-0.4328112118713867,-5.589212429157698,1.5171673643863388,0.0,1.3083519687269598,0.8012515629676685,1.1177809974916677,0.0,0.010556820534050715,0
2025-05-15 12:00:00+00:00,4.785,4.785,4.785,4.785,1.48,-0.009567460667352,-0.9521838128751848,-1.279141737157008,-5.80708661417323,0.0079780782534047,0.0,1.3578500266428235,0.8086985565340065,0.0,0.0,-0.0022988505747126853,0
2025-05-15 13:00:00+00:00,4.821,4.839,4.73,4.73,2004.27,-0.0115608224010759,-1.1494252873563204,-0.7553503986571508,-6.2252180808881725,8.914717792337823,2.2525315143102844,1.2566328224558192,0.8246881326600357,2.3044397458130144,0.3805496827948242,0.008879492600422756,0
2025-05-15 14:00:00+00:00,4.731,4.779,4.691,4.715,6289.31,-0.0031762864184209,-0.3171247357294016,-2.4819027921406445,-6.0944035052778345,13.146024319650351,1.339192299364054,0.9973538363021336,0.8237879002962291,1.8663838808342788,1.018027571364152,0.012937433722163272,0
2025-05-15 15:00:00+00:00,4.798,4.837,4.786,4.837,89.49,0.0255457777554252,2.5874867444326544,1.6176470588235237,-3.453093812375252,0.1857263550757942,0.0,1.391324923495937,1.004751720826386,1.0543725447479106,0.0,-0.02522224519330163,0
2025-05-15 16:00:00+00:00,4.838,4.876,4.796,4.855,69.13,0.0037144079024421,0.3721314864585601,1.505331381977837,-3.670634920634907,0.1426431874101839,0.4306808858837797,1.3886437017786564,0.9985306414879076,1.6477857875081814,0.4325437692208953,-0.010504634397528356,0
2025-05-15 17:00:00+00:00,4.877,4.914,4.877,4.882,36.68,0.0055458702274799,0.5561277033985457,1.0556820534050717,-2.3600000000000065,0.0754594064530503,0.6512006510681323,1.3520634412887405,0.998916079839014,0.7578861120938357,0.6554690699189951,-0.03092994674313798,0
2025-05-15 18:00:00+00:00,4.825,4.879,4.76,4.774,199.23,-0.0223704440541299,-2.2122081114297365,-0.2298850574712685,-4.520000000000001,0.4029811122611708,2.1520803438917553,1.6373366338198154,1.0894911535473153,2.492668621178741,1.1311269373416026,0.0025136154168410307,0
2025-05-15 19:00:00+00:00,4.772,4.772,4.772,4.772,3.14,-0.0004190236809686,-0.0418935902806838,0.8879492600422756,-5.336242808966474,0.0063766487393804,0.0,1.5458436217330722,1.0688063286383769,0.0,0.0,0.0010477787091365265,0
2025-05-15 20:00:00+00:00,4.814,4.814,4.776,4.776,201.27,0.0008378718546311,0.0838222967309176,1.2937433722163272,-4.822638501394982,0.402356592452469,0.7893643538036272,1.530303968089215,1.0694766931458075,0.795644890955691,0.0,0.01821608040201017,0
2025-05-15 21:00:00+00:00,4.755,4.755,4.715,4.715,21.62,-0.0128544600048801,-1.2772194304857654,-2.522224519330163,-5.737704918032782,0.0433688053518081,0.8412197684876517,1.0975796661231736,1.091877316203452,0.8483563094701267,0.0,0.031389183457052106,0
2025-05-15 22:00:00+00:00,4.785,4.804,4.785,4.804,193.62,0.0186999881323163,1.8875927889713704,-1.0504634397528356,-3.359485013075836,0.3847834781441783,0.0,1.4341627918185549,1.1702685389443463,0.3955037467952766,0.0,0.014987510407993287,0
2025-05-15 23:00:00+00:00,4.703,4.731,4.689,4.731,63.98,-0.0153123075687261,-1.519567027477109,-3.092994674313798,-4.866277900663585,0.1270518965690188,0.0,1.4738987666758232,1.2031084618278247,0.8877615724185627,0.0,0.030648911435214643,0
2025-05-16 00:00:00+00:00,4.766,4.811,4.766,4.786,52.76,0.0115583928371705,1.1625449165081347,0.2513615416841031,-3.760305650512774,0.1043157614634965,0.519642485861649,1.3287716985482727,1.2345148110345012,0.9402423733931782,0.5223568741073294,0.02173004596740502,0
2025-05-16 01:00:00+00:00,4.777,4.777,4.777,4.777,36.27,-0.0018822550783566,-0.1880484747179167,0.1047778709136526,-2.470396080032655,0.0793161072343871,0.0,1.331954982579615,1.2001840118659084,0.0,0.0,0.018840276324052718,0
2025-05-16 02:00:00+00:00,4.838,4.871,4.815,4.863,121.03,0.017842797013824,1.8002930709650533,1.821608040201017,-0.5928045789043268,0.2625690496609503,0.1642373228979189,1.5169606523102726,1.2605169972720418,1.1515525393478208,0.1645075056211172,-0.009870450339296788,0
2025-05-16 03:00:00+00:00,4.863,4.863,4.863,4.863,0.0,0.0,0.0,3.1389183457052106,-1.0781122864117143,0.0,0.0,1.3269950327005726,1.2557871872020443,0.0,0.0,0.0076084721365412555,0
2025-05-16 04:00:00+00:00,4.876,4.876,4.876,4.876,1.2,0.0026696801973763,0.2673246966892861,1.4987510407993287,-0.6519967400163029,0.0026038182100863,0.0,1.1490993019643525,1.2570999913552965,0.0,0.0,0.0008203445447085844,0
2025-05-16 05:00:00+00:00,4.876,4.876,4.876,4.876,0.0,0.0,0.0,3.0648911435214643,0.4946413849958864,0.0,0.0,0.7883398351259279,1.2342523524473337,0.0,0.0,0.0038966365873664977,0
2025-05-16 06:00:00+00:00,4.882,4.89,4.882,4.89,20.46,0.0028670918677554,0.28712059064806,2.173004596740502,0.8871466886734014,0.0476135529518344,0.0,0.72143368286242,1.2351188275600644,0.1635991819706342,0.0,0.0010224948875254825,0
2025-05-16 07:00:00+00:00,4.812,4.867,4.812,4.867,61.68,-0.0047145726354633,-0.4703476482617486,1.884027632405272,2.1191775073436947,0.1480546523614559,0.0,0.7718501493252932,1.1853888875057117,1.1300595847277404,0.0,0.015615368810355301,0
2025-05-16 08:00:00+00:00,4.815,4.815,4.815,4.815,0.36,-0.0107416856012282,-1.0684199712348352,-0.9870450339296788,-0.413650465356763,0.0008675604681592,0.0,0.5226070132974014,1.1718109425236465,0.0,0.0,0.006645898234683312,0
2025-05-16 09:00:00+00:00,4.861,4.9,4.861,4.9,31.41,0.017499159866492,1.7653167185877503,0.7608472136541256,2.941176470588247,0.0760751426709833,0.0,0.9482655394327916,1.1769052805019606,0.7959183671845184,0.0,-0.010816326530612264,0
2025-05-16 10:00:00+00:00,4.907,4.914,4.88,4.88,85.55,-0.0040899852515251,-0.4081632653061273,0.0820344544708584,2.028015889609014,0.2075492868899872,0.6919006917598861,0.9681608615710442,1.1790660437544451,0.6967213113326352,0.143442622921419,0.0024590163934428144,0
2025-05-16 11:00:00+00:00,4.905,4.947,4.895,4.895,268.81,0.0030690561174177,0.3073770491803129,0.3896636587366497,1.3247774787828348,0.654785719721325,1.0511421061145962,0.9753748999308982,1.1640894389860117,1.0623084778218062,0.8580183859329854,-0.012257405515832431,0
2025-05-16 12:00:00+00:00,4.895,4.895,4.895,4.895,7.47,0.0,0.0,0.1022494887525482,2.298850574712641,0.0181848796093175,0.0,0.9693344255068052,1.1441527050806104,0.0,0.0,-0.014708886618998829,0
2025-05-16 13:00:00+00:00,4.893,4.943,4.893,4.943,35.11,0.0097581583423485,0.9805924412666034,1.56153688103553,4.503171247357285,0.1068041644799136,0.0,1.0029544742183223,1.1254273462877098,1.0115314584237205,0.0,-0.024276755007080597,0
2025-05-16 14:00:00+00:00,4.847,4.847,4.847,4.847,7.25,-0.0196124774615831,-1.9421404005664389,0.6645898234683312,2.7995758218451794,0.1082412660479509,0.0,1.268799358775782,1.204481569505311,0.0,0.0,-0.01072828553744598,0
2025-05-16 15:00:00+00:00,4.847,4.847,4.847,4.847,0.0,0.0,0.0,-1.0816326530612264,0.2067397146992,0.0,0.0,0.9862111070114474,1.086635288276043,0.0,0.0,-0.01279141737157008,0
2025-05-16 16:00:00+00:00,4.876,4.892,4.835,4.892,787.22,0.009241260961687,0.9284093253558944,0.2459016393442814,0.7621009268794943,8.449135108937455,0.0,1.0711541579369743,1.1004278807465382,1.165167620366899,0.0,-0.030049059689288726,0
2025-05-16 17:00:00+00:00,4.862,4.862,4.831,4.835,61.47,-0.0117200889196683,-1.1651676206050787,-1.2257405515832431,-0.9627201966407206,0.6525160223026744,0.5553270258010462,1.1638567168894545,1.120999491879551,0.641158221170385,0.0,-0.015925542916235824,0
2025-05-16 18:00:00+00:00,4.833,4.833,4.823,4.823,4.63,-0.0024849878184227,-0.2481902792140555,-1.4708886618998829,1.026392961876832,0.0537770228081504,0.2069108213931446,1.1594923823431311,1.0205634637070766,0.2073398299383451,0.0,-0.02467343976777947,0
2025-05-16 19:00:00+00:00,4.823,4.823,4.823,4.823,0.0,0.0,0.0,-2.4276755007080597,1.0687342833193725,0.0,0.0,1.0128377232961157,1.020448543658303,0.0,0.0,-0.04208998548621201,0
2025-05-16 20:00:00+00:00,4.815,4.815,4.775,4.795,26.0,-0.0058224327514333,-0.5805515239477588,-1.072828553744598,0.3978224455611467,0.330525981244805,0.4153686395814491,0.6977775431070143,1.028353618279095,0.834202293882336,0.0,-0.03816475495307614,0
2025-05-16 21:00:00+00:00,4.809,4.809,4.785,4.785,2.07,-0.0020876834304839,-0.2085505735140769,-1.279141737157008,1.4846235418876086,0.0265903069549933,0.4990642544189931,0.6922032613006274,0.9919248977137132,0.5015673980143018,0.0,-0.022779519331243447,0
2025-05-16 22:00:00+00:00,4.762,4.769,4.721,4.745,56.82,-0.0083945928430263,-0.8359456635318674,-3.0049059689288726,-1.228143213988342,0.7875487280073338,0.5032501571601493,0.4407330524841606,0.9293454003306624,1.01159114836426,0.1475237091364662,-0.0014752370916754076,0
2025-05-16 23:00:00+00:00,4.763,4.763,4.758,4.758,56.21,0.0027359798188746,0.2739726027397138,-1.5925542916235824,0.5707038681040055,0.782605668925975,0.1049758555311806,0.3985861159005142,0.8758853499752609,0.1050861706378527,0.0,-0.01176965111391337,0
2025-05-17 00:00:00+00:00,4.724,4.724,4.691,4.704,45.52,-0.0114142012844402,-1.1349306431273742,-2.467343976777947,-1.7133305474300031,0.636443077344382,0.4233700253125902,0.5338041615920145,0.8723022041883232,0.7015306120957708,0.0,0.00042517006802733626,0
2025-05-17 01:00:00+00:00,4.689,4.693,4.62,4.62,1669.32,-0.0180185055026782,-1.7857142857142794,-4.208998548621201,-3.2865815365291984,11.960771318195048,1.5555082033761864,0.7252271392505372,0.941121340371166,1.5800865797445591,0.0865800865613367,0.010173160173160056,0
2025-05-17 02:00:00+00:00,4.618,4.618,4.612,4.612,23.81,-0.0017331026868348,-0.1731601731601695,-3.816475495307614,-5.161422989923925,0.1756995667761611,0.1299263750260061,0.7588263417638073,0.8473197678199565,0.1300954032675471,0.0,0.024501300954032912,0
2025-05-17 03:00:00+00:00,4.646,4.676,4.646,4.676,4.97,0.0137814412030094,1.3876843018213458,-2.2779519331243447,-3.8453629446843607,0.0366188362280637,0.0,1.1290177809128423,0.9074959154757792,0.6415739947302076,0.0,-0.0029940119760479833,0
2025-05-17 04:00:00+00:00,4.721,4.738,4.721,4.738,689.1,0.0131720621267718,1.3259195893926543,-0.1475237091675407,-2.8301886792452824,4.191988320076699,0.0,1.2872512169253676,0.953314863895662,0.3588011818575841,0.0,-0.016040523427606646,0
2025-05-17 05:00:00+00:00,4.702,4.702,4.702,4.702,10.63,-0.007627155618716,-0.759814267623482,-1.176965111391337,-3.568498769483186,0.0644915025009548,0.0,1.3085846392939633,0.9618286022243266,0.0,0.0,-0.008507018290089374,0
2025-05-17 06:00:00+00:00,4.706,4.706,4.706,4.706,3.42,0.0008503401872929,0.0850701829008926,0.0425170068027336,-3.762781186094055,0.0208386754441039,0.0,1.2247187379828346,0.958710468689267,0.0,0.0,-0.003824904377390692,0
2025-05-17 07:00:00+00:00,4.725,4.73,4.667,4.667,4.18,-0.0083218233374923,-0.8287292817679703,1.0173160173160056,-4.109307581672494,0.0258468102427208,1.331923889781847,0.9772505324438552,0.9666039265950794,1.349903578026603,0.1071352046053017,-0.010713520462824033,0
2025-05-17 08:00:00+00:00,4.725,4.725,4.725,4.725,0.42,0.0123510939780275,1.2427683736875972,2.450130095403291,-1.869158878504684,0.0025970077729724,0.0,1.0454429219743944,0.9878917587111948,0.0,0.0,-0.010582010582010581,0
2025-05-17 09:00:00+00:00,4.671,4.671,4.662,4.662,34.21,-0.0134230203321406,-1.3333333333333308,-0.2994011976047983,-4.857142857142871,0.2113799788359804,0.1926782273190657,1.1250609223678327,0.9395035839039853,0.193050193008791,0.0,0.0027885027885028446,0
2025-05-17 10:00:00+00:00,4.662,4.662,4.662,4.662,0.0,0.0,0.0,-1.6040523427606646,-4.467213114754099,0.0,0.0,0.9135591126483836,0.9393983602022477,0.0,0.0,-0.016731016731016846,0
2025-05-17 11:00:00+00:00,4.663,4.663,4.662,4.662,17.79,0.0,0.0,-0.8507018290089374,-4.759959141981607,0.1203511086297606,0.0214454213979386,0.8837848664231515,0.934409744270576,0.0214500214454275,0.0,-0.0045045045045044585,0
2025-05-17 12:00:00+00:00,4.635,4.688,4.635,4.688,45.14,0.0055615116611459,0.5577005577005467,-0.3824904377390692,-4.228804902962202,0.3021680254575636,0.0,0.9278604185849048,0.9464864187196907,1.1305460748441654,0.0,-0.017704778156996448,0
2025-05-17 13:00:00+00:00,4.722,4.724,4.617,4.617,369.12,-0.0152609087498596,-1.514505119453924,-1.071352046282403,-6.595185110256918,2.2603219962610037,2.2650296354223096,1.0744448274975056,0.9514132584644054,2.3175222000611866,0.0433181719637556,-0.0023824994585228687,0
2025-05-17 14:00:00+00:00,4.675,4.675,4.675,4.675,0.28,0.0124840192157984,1.256226987221143,-1.058201058201058,-3.548586754693639,0.0017176465175378,0.0,1.0779530345841035,0.9308004274317846,0.0,0.0,-0.010695187165775333,0
2025-05-17 15:00:00+00:00,4.675,4.675,4.675,4.675,0.0,0.0,0.0,0.2788502788502844,-3.548586754693639,0.0,0.0,0.9147503814818456,0.9308004274317846,0.0,0.0,-0.010695187165775333,0
2025-05-17 16:00:00+00:00,4.625,4.662,4.584,4.584,97.53,-0.0196571833282119,-1.946524064171129,-1.6731016731016846,-6.295993458708105,0.7263361715806196,1.6731016727427988,1.2317744272068136,0.9717515947808542,1.7015706802570811,0.8071553226860465,-0.003490401396160525,0
2025-05-17 17:00:00+00:00,4.639,4.641,4.639,4.641,55.38,0.0123578808466003,1.2434554973822065,-0.4504504504504458,-4.0124095139607014,0.4132129144549542,0.0,1.3823179826480938,0.998602113704504,0.0430941607319292,0.0,-0.015729368670545196,0
2025-05-17 18:00:00+00:00,4.611,4.68,4.605,4.605,777.27,-0.0077871905517684,-0.7756948933419383,-1.7704778156996448,-4.520008293593203,4.676257586098374,1.6025641022216592,1.3677171327683968,1.0062357042027843,1.628664494760318,1.4983713351795056,-0.008034744842562613,0
2025-05-17 19:00:00+00:00,4.606,4.606,4.606,4.606,0.27,0.0002171316912231,0.0217155266015067,-0.2382499458522868,-4.49927431059508,0.0016242799777315,0.0,1.2285861667372433,1.0064262600333862,0.0,0.0,0.0065132435953105805,0
2025-05-17 20:00:00+00:00,4.625,4.625,4.625,4.625,10.81,0.004116569565895,0.4125054277029916,-1.0695187165775333,-3.5453597497393075,0.0652799130402396,0.0,1.0931470911444992,1.0101043462291956,0.0,0.0,0.0023783783783783985,0
2025-05-17 21:00:00+00:00,4.625,4.625,4.625,4.625,0.0,0.0,0.0,-1.0695187165775333,-3.3437826541274807,0.0,0.0,1.0931470911444992,1.0104787455593878,0.0,0.0,-0.006054054054054014,0
2025-05-17 22:00:00+00:00,4.607,4.607,4.568,4.568,93.11,-0.0124008986106794,-1.2324324324324398,-0.3490401396160525,-3.7302423603793544,0.5574767555829304,0.8465378769597397,0.8741802326990801,1.025701177646984,0.8537653238061063,0.0,0.016418563922942164,0
2025-05-17 23:00:00+00:00,4.568,4.568,4.568,4.568,0.0,0.0,0.0,-1.5729368670545196,-3.993274485077769,0.0,0.0,0.6156659996491319,1.0222055488762916,0.0,0.0,0.034588441330998254,0
2025-05-18 00:00:00+00:00,4.568,4.568,4.568,4.568,0.0,0.0,0.0,-0.8034744842562613,-2.8911564625850317,0.0,0.0,0.5655598382564374,1.001375076974913,0.0,0.0,0.034588441330998254,0
2025-05-18 01:00:00+00:00,4.615,4.636,4.615,4.636,219.94,0.0147764531237962,1.48861646234677,0.651324359531058,0.346320346320339,2.148043851560787,0.0,0.8741251463645344,0.985850181329364,0.4529767039575094,0.0,0.020491803278688492,0
2025-05-18 02:00:00+00:00,4.636,4.636,4.636,4.636,0.0,0.0,0.0,0.2378378378378398,0.5203816131829964,0.0,0.0,0.8616093198946246,0.9850498171996156,0.0,0.0,0.030198446937014678,0
2025-05-18 03:00:00+00:00,4.597,4.597,4.597,4.597,0.23,-0.0084480086534142,-0.8412424503882576,-0.6054054054054014,-1.6894781864841724,0.0022726992008273,0.0,0.9352528217182028,0.9560355808324472,0.0,0.0,0.035022840983249814,0
2025-05-18 04:00:00+00:00,4.642,4.643,4.642,4.643,116.82,0.0099567922136936,1.0006525995214233,1.6418563922942164,-2.005065428450836,1.510155934374919,0.0,0.830239290010444,0.9378160489944304,0.0215377988323081,0.0,0.024768468662502707,0
2025-05-18 05:00:00+00:00,4.693,4.726,4.693,4.726,31.61,0.0177184697269314,1.787637303467582,3.4588441330998254,0.5104210974053558,0.4040627846107931,0.0,1.0100352695139978,0.99883226711619,0.6982649173300405,0.0,0.0067710537452390085,0
2025-05-18 06:00:00+00:00,4.726,4.726,4.726,4.726,0.0,0.0,0.0,3.4588441330998254,0.4249893752656053,0.0,0.0,1.0100352695139978,0.998746852057774,0.0,0.0,0.006559458315700262,0
2025-05-18 07:00:00+00:00,4.728,4.738,4.725,4.731,37.83,0.0010574178842948,0.1057977147693511,2.049180327868849,1.3713306192414842,0.4759089193549388,0.1477416631178375,0.9132260209663624,0.9822610127955524,0.2747833438438587,0.1479602620697729,0.014584654407101993,0
2025-05-18 08:00:00+00:00,4.757,4.792,4.757,4.776,21.17,0.0094667794412898,0.9511731135066536,3.019844693701468,1.07936507936508,0.2634572804878777,0.3338898162909248,0.9248394175965244,0.9688904200917,0.7328308206170819,0.3350083751392363,0.01591289782244565,0
2025-05-18 09:00:00+00:00,4.758,4.758,4.758,4.758,6.57,-0.0037759642095349,-0.376884422110546,3.5022840983249814,2.05920205920207,0.082951490632189,0.0,0.8007267489996599,0.9279931195665012,0.0,0.0,0.03257671290458175,0
2025-05-18 10:00:00+00:00,4.758,4.758,4.758,4.758,0.0,0.0,0.0,2.4768468662502707,2.05920205920207,0.0,0.0,0.798962071790821,0.9279931195665012,0.0,0.0,0.030054644808743092,0
2025-05-18 11:00:00+00:00,4.758,4.758,4.758,4.758,0.0,0.0,0.0,0.6771053745239008,2.05920205920207,0.0,0.0,0.441375523227833,0.9279931195665012,0.0,0.0,0.00042034468263962843,0
2025-05-18 12:00:00+00:00,4.755,4.761,4.755,4.757,5.93,-0.0002101944306215,-0.0210172341319925,0.6559458315700262,1.4718430034129648,0.0771854848759118,0.0840159630153389,0.4425286612346183,0.9227141523262572,0.1261299137847157,0.0840866091898167,-0.011351692243010136,0
2025-05-18 13:00:00+00:00,4.795,4.8,4.795,4.8,39.65,0.0089987004637008,0.9039310489804552,1.4584654407101991,3.9636127355425543,0.6283676703545426,0.0,0.5476437157874593,0.8728374652302822,0.104166666644963,0.0,-0.04062499999999991,0
2025-05-18 14:00:00+00:00,4.742,4.852,4.742,4.852,54.56,0.0107750731679585,1.0833333333333472,1.5912897822445649,3.786096256684512,0.8347400361960159,0.0,0.5828197572159658,0.8642437014458217,2.2671063474305284,0.0,-0.047403132728771724,0
2025-05-18 15:00:00+00:00,4.852,4.913,4.852,4.913,99.8,0.0124937621047074,1.257213520197853,3.257671290458175,5.0909090909091015,1.435558112752653,0.0,0.6032217333161222,0.8917030004801756,1.2416039077464665,0.0,-0.047628740077345855,0
2025-05-18 16:00:00+00:00,4.878,4.91,4.878,4.901,6.57,-0.0024454872591008,-0.2442499491146055,3.005464480874309,6.915357766143115,0.0999543587387805,0.1832993889647117,0.6527692440044798,0.7703244540441273,0.6529279737496582,0.1836359926170981,-0.04244031830238726,0
2025-05-18 17:00:00+00:00,4.856,4.907,4.76,4.76,214.05,-0.0291915976840818,-2.8769638849214463,0.0420344682639628,2.564102564102555,2.958892747872633,2.995720398818892,1.5564815658529116,0.9833052196637216,3.0882352934688635,1.0714285712034846,0.007983193277310896,0
2025-05-18 18:00:00+00:00,4.734,4.755,4.658,4.703,141.07,-0.0120470652804175,-1.1974789915966233,-1.1351692243010136,2.128121606948974,3.0779188901045735,1.093585699033938,1.633836765062719,1.0035952661020746,2.0625132889511884,0.4465234955461338,0.00021263023601947317,0
2025-05-18 19:00:00+00:00,4.651,4.655,4.6,4.605,118.14,-0.0210579332556407,-2.083776312991703,-4.062499999999991,-0.0217108119843545,2.3281493767297756,1.0741138558379952,1.692467247535328,1.0990968464614068,1.1943539628242577,0.0868621063872275,0.008903365906623106,0
2025-05-18 20:00:00+00:00,4.588,4.622,4.518,4.622,245.16,0.0036848421449187,0.3691639522258372,-4.740313272877172,-0.0648648648648664,4.051645423115638,0.0,1.56416219459567,1.0984273853057918,2.250108177790978,0.0,0.0025962786672437677,0
2025-05-18 21:00:00+00:00,4.625,4.679,4.598,4.679,60.96,0.0122569000318903,1.2332323669407286,-4.7628740077345855,1.1675675675675734,0.966870873713327,0.0,1.5579445173940771,1.1266886758726442,1.7311391319232532,0.0,-0.026928830946783555,0
2025-05-18 22:00:00+00:00,4.679,4.693,4.679,4.693,11.31,0.0029876249282012,0.2992092327420259,-4.244031830238725,2.7364273204903755,0.1896365020892213,0.0,1.6124518676648492,1.0934734732606035,0.2983166417433663,0.0,-0.04453441295546556,0
2025-05-18 23:00:00+00:00,4.712,4.798,4.705,4.798,121.83,0.0221271276052223,2.2373748135521065,0.7983193277310896,5.035026269702292,1.882513520444772,0.0,1.5750402905507752,1.1739015977880602,1.938307627774425,0.0,-0.06961233847436421,0
2025-05-19 00:00:00+00:00,4.804,4.804,4.689,4.704,99.84,-0.0197859538211771,-1.9591496456857096,0.0212630236019473,2.977232924693518,1.449547500341922,2.0815986673435583,1.7304671778102392,1.2555394024335538,2.4447278906367544,0.0,-0.04485544217687065,0
2025-05-19 01:00:00+00:00,4.669,4.762,4.632,4.646,91.43,-0.0124065762481083,-1.2329931972789088,0.8903365906623106,0.2157031924072461,1.4393419611063452,2.435951280462834,1.5457408989965589,1.250551335486258,2.798105896944013,2.001721910890718,-0.02927249246663799,0
2025-05-19 02:00:00+00:00,4.632,4.634,4.577,4.634,82.97,-0.0025862083380328,-0.2582866982350329,0.2596278667243767,-0.0431406384814425,1.238743390339204,0.0,1.549026997551016,1.2517457448662137,1.230038843066465,0.0,-0.026758739749676463,0
2025-05-19 03:00:00+00:00,4.585,4.585,4.552,4.553,37.4,-0.0176340696575394,-1.7479499352611172,-2.6928830946783555,-0.9571459647596314,0.5457629797995353,0.6979280260200817,1.57314612281996,1.2920392209962015,0.7247968370909816,0.0,-0.01647265539204923,0
2025-05-19 04:00:00+00:00,4.547,4.547,4.474,4.484,565.93,-0.0152708511427315,-1.5154842960685255,-4.453441295546556,-3.424510015076454,6.486985261032349,1.3855289198624243,1.5747793905667506,1.3066492776802745,1.6280107043648395,0.0,0.001561106155218539,0
2025-05-19 05:00:00+00:00,4.466,4.466,4.464,4.464,55.82,-0.0044702801309035,-0.4460303300624302,-6.9612338474364215,-5.54380025391451,0.6325242328740077,0.0447828033934606,0.7050387144882376,1.242010721330068,0.0448028673734711,0.0,0.009408602150537515,0
2025-05-19 06:00:00+00:00,4.515,4.515,4.424,4.493,77.28,0.006475405009013,0.6496415770609332,-4.485544217687066,-4.930173508252212,0.8448710181343175,0.4872646732032493,0.9117715707411838,1.2543695280368758,2.025372801685857,0.0,-0.008457600712219016,0
2025-05-19 07:00:00+00:00,4.419,4.51,4.419,4.51,102.02,0.0037765234265639,0.3783663476518928,-2.927249246663799,-4.6713168463326955,1.0836571570083084,0.0,0.979709456231844,1.2585724835162693,2.0177383587543862,0.0,0.007982261640798294,0
2025-05-19 08:00:00+00:00,4.51,4.51,4.51,4.51,0.0,0.0,0.0,-2.6758739749676463,-5.569514237855944,0.0,0.0,0.9977211292102012,1.235721276904559,0.0,0.0,0.009534368070953425,0
2025-05-19 09:00:00+00:00,4.493,4.493,4.476,4.478,142.97,-0.0071206353380238,-0.709534368070952,-1.647265539204923,-5.884825556956708,1.4449380761132278,0.3338526596185631,0.7925876925685055,1.2392359419934895,0.3796337649889238,0.0,0.021661456007146196,0
2025-05-19 10:00:00+00:00,4.491,4.491,4.491,4.491,99.94,0.0028988759290379,0.2903081732916535,0.1561106155218539,-5.61160151324086,0.9692600509881224,0.0,0.5193799971353277,1.24321254792028,0.0,0.0,0.023380093520374068,0
2025-05-19 11:00:00+00:00,4.494,4.526,4.494,4.506,29.17,0.0033344479044518,0.3340013360053628,0.9408602150537516,-5.296343001261028,0.2796069973613265,0.4418912946438502,0.4728688252384255,1.247873142213893,0.710164225319538,0.4438526408247014,0.023524189968930243,0
2025-05-19 12:00:00+00:00,4.491,4.491,4.455,4.455,7.61,-0.01138278108728,-1.131824234354195,-0.8457600712219016,-6.3485389951650095,0.0728962115036841,0.8016032062343255,0.6356600564894554,1.2606395832390505,0.8080808078994114,0.0,0.03097643097643088,0
2025-05-19 13:00:00+00:00,4.546,4.546,4.546,4.546,4.32,0.0202206645075789,2.0426487093153867,0.7982261640798294,-5.291666666666661,0.0419731595243174,0.0,1.0937396261215806,1.3252033434407582,0.0,0.0,0.01033875934887818,0
2025-05-19 14:00:00+00:00,4.546,4.553,4.5,4.553,33.0,0.0015386309222935,0.1539815222173279,0.9534368070953424,-6.162407254740321,0.3234514557325796,0.0,1.0918134827313508,1.2988356167537245,1.164067647449138,0.0,0.009444322424774887,0
2025-05-19 15:00:00+00:00,4.575,4.575,4.575,4.575,5.44,0.0048203423748395,0.4831978915001089,2.1661456007146196,-6.879706900061066,0.0554576230863887,0.0,1.007001471902259,1.2690387044663498,0.0,0.0,0.00371584699453531,0
2025-05-19 16:00:00+00:00,4.552,4.596,4.552,4.596,48.44,0.0045796612590245,0.4590163934426128,2.338009352037407,-6.223219751071207,0.4851884311958414,0.0,1.0070932895068645,1.2783686966368402,0.9573542208535016,0.0,-0.0008703220191471628,0
2025-05-19 17:00:00+00:00,4.621,4.642,4.605,4.612,23.98,0.0034752424203034,0.3481288076588429,2.3524189968930243,-3.109243697478981,0.2608849380986381,0.6462731579822817,1.0069650219055422,1.1513880324512904,0.8022549868165085,0.4553339114363957,-0.009540329575021822,0
2025-05-19 18:00:00+00:00,4.607,4.607,4.555,4.593,2.27,-0.0041281970631562,-0.411968777103211,3.097643097643088,-2.338932596215193,0.0263541067028668,0.3038853917291378,0.8117447899256468,1.1304555302246544,1.1321576309313937,0.0,0.006967123884171533,0
2025-05-19 19:00:00+00:00,4.593,4.593,4.593,4.593,0.0,0.0,0.0,1.033875934887818,-0.2605863192182478,0.0,0.0,0.3407731463366545,1.0464966613266935,0.0,0.0,0.001524058349662516,0
2025-05-19 20:00:00+00:00,4.601,4.601,4.596,4.596,18.99,0.0006529546428528,0.0653167864141046,0.9444322424774888,-0.5625270445694497,0.2645276623369926,0.1086720277964175,0.3435927544144687,1.0435439465357716,0.1087902523697126,0.0,0.0174064403829417,0
2025-05-19 21:00:00+00:00,4.592,4.592,4.592,4.592,0.87,-0.000870700969244,-0.0870322019147162,0.371584699453531,-1.8593716606112531,0.0125569059974252,0.0,0.3129995431023635,1.0090541927359222,0.0,0.0,0.01371951219512213,0
2025-05-19 22:00:00+00:00,4.592,4.592,4.592,4.592,0.0,0.0,0.0,-0.0870322019147162,-2.152141487321546,0.0,0.0,0.2456722916920915,1.0060398446527776,0.0,0.0,0.01371951219512213,0
2025-05-19 23:00:00+00:00,4.566,4.568,4.566,4.568,13.19,-0.0052401866635561,-0.5226480836236891,-0.9540329575021822,-4.79366402667779,0.2051747381488357,0.0,0.2464564422859696,0.8809313470372684,0.0437828371182563,0.0,0.0221103327495622,0
2025-05-20 00:00:00+00:00,4.625,4.625,4.621,4.625,1.21,0.0124008986106794,1.2478108581436054,0.6967123884171533,-1.6794217687074786,0.0201073221391846,0.0,0.5905796880404062,0.8433333009598724,0.0864864864677771,0.0,0.005189189189189092,0
2025-05-20 01:00:00+00:00,4.649,4.656,4.6,4.6,52.49,-0.0054200674693392,-0.5405405405405461,0.1524058349662516,-0.990099009900991,0.8964285459994493,1.2027491406351496,0.6502567300284815,0.8126891497109298,1.217391304083177,0.1521739130103898,-0.003260869565217317,0
2025-05-20 02:00:00+00:00,4.658,4.705,4.658,4.676,143.08,0.0163867401147727,1.6521739130434865,1.74064403829417,0.9063444108761364,2.343300896632884,0.616365568413098,0.927653122111076,0.8801276034815965,1.0051325917439773,0.6201881949058604,-0.023524379811804996,0
2025-05-20 03:00:00+00:00,4.655,4.655,4.655,4.655,2.7,-0.0045011328807915,-0.4491017964071808,1.371951219512213,2.240281133318689,0.0452918810101997,0.0,0.9679448677561148,0.8005094811041412,0.0,0.0,-0.01997851772287862,0
2025-05-20 04:00:00+00:00,4.655,4.655,4.655,4.655,0.0,0.0,0.0,1.371951219512213,3.8135593220339103,0.0,0.0,0.9679448677561148,0.7231469445471775,0.0,0.0,-0.02148227712137496,0
2025-05-20 05:00:00+00:00,4.669,4.669,4.669,4.669,10.7,0.0030030052597693,0.3007518796992237,2.21103327495622,4.592293906810019,0.3132968145625446,0.0,0.8958245508613696,0.7120591166046757,0.0,0.0,-0.02441636324694796,0
2025-05-20 06:00:00+00:00,4.649,4.649,4.649,4.649,16.9,-0.0042927732803521,-0.4283572499464427,0.5189189189189092,3.4720676608057,0.5341832501246949,0.0,0.8260069664848808,0.7157000564661162,0.0,0.0,-0.027317702731770255,0
2025-05-20 07:00:00+00:00,4.625,4.625,4.585,4.585,55.53,-0.0138620370000195,-1.3766401376640205,-0.3260869565217317,1.6629711751662946,1.869696969634017,0.8648648646778677,1.006587754365588,0.7782983105769142,0.8724100325251023,0.0,-0.013740458015267132,0
2025-05-20 08:00:00+00:00,4.612,4.612,4.566,4.566,23.03,-0.0041525576008244,-0.414394765539805,-2.3524379811804996,1.2416851441241716,0.7511517605723773,0.9973980917178292,0.5703607197279745,0.7844836496441907,1.0074463423111213,0.0,-0.009636443276390572,0
2025-05-20 09:00:00+00:00,4.562,4.562,4.562,4.562,3.97,-0.0008764242454073,-0.0876040297853597,-1.997851772287862,1.875837427422966,0.1596434495520811,0.0,0.5826431277239268,0.7682482382118444,0.0,0.0,-0.008768084173608082,0
2025-05-20 10:00:00+00:00,4.562,4.562,4.547,4.555,27.14,-0.0015355931502747,-0.1534414730381517,-2.148227712137496,1.425072366956126,1.242982271950401,0.1534414730045187,0.5681051306192906,0.7682490724382522,0.3293084521779909,0.0,-0.00724478594950595,0
2025-05-20 11:00:00+00:00,4.555,4.555,4.555,4.555,0.0,0.0,0.0,-2.441636324694796,1.087438970261867,0.0,0.0,0.5081585144248504,0.7660813210691371,0.0,0.0,0.011416026344676311,0
2025-05-20 12:00:00+00:00,4.535,4.535,4.522,4.522,10.22,-0.0072711568561434,-0.724478594950595,-2.7317702731770255,1.503928170594837,0.4930548575555646,0.2866593163645712,0.5244704484649464,0.742708657156233,0.2874834143548223,0.0,0.0070765148164528835,0
2025-05-20 13:00:00+00:00,4.522,4.522,4.522,4.522,0.0,0.0,0.0,-1.3740458015267132,-0.5279366476022895,0.0,0.0,0.2875240620174665,0.6143072272412224,0.0,0.0,0.02410437859354264,0
2025-05-20 14:00:00+00:00,4.522,4.522,4.522,4.522,0.0,0.0,0.0,-0.9636443276390572,-0.6808697562046939,0.0,0.0,0.284142841575207,0.6131933569855359,0.0,0.0,0.02874834144183991,0
2025-05-20 15:00:00+00:00,4.522,4.522,4.522,4.522,0.0,0.0,0.0,-0.8768084173608082,-1.1584699453551894,0.0,0.0,0.2908652405171755,0.6035639747272942,0.0,0.0,0.03250773993808043,0
2025-05-20 16:00:00+00:00,4.522,4.522,4.522,4.522,0.0,0.0,0.0,-0.724478594950595,-1.6100957354221013,0.0,0.0,0.2968437356215239,0.5940178686212408,0.0,0.0,0.03250773993808043,0
2025-05-20 17:00:00+00:00,4.607,4.607,4.607,4.607,0.83,0.0186225120980018,1.8796992481203032,1.141602634467631,-0.1084128360797853,0.0519941532646485,0.0,0.8697035524388657,0.7093234591814817,0.0,0.0,0.016062513566312164,0
2025-05-20 18:00:00+00:00,4.625,4.625,4.554,4.554,1.03,-0.011570918312232,-1.1504232689385718,0.7076514816452883,-0.8491182233834049,0.0647323766587577,1.535135134803208,0.9720047444417712,0.7434013347428652,1.5590689500309407,0.0,0.018664909969257737,0
2025-05-20 19:00:00+00:00,4.631,4.631,4.631,4.631,40.26,0.0167668598570671,1.6908212560386549,2.410437859354264,0.8273459612453848,2.2889088926542525,0.0,1.1552130319317218,0.8215609625665511,0.0,0.0,0.0004318721658389535,0
2025-05-20 20:00:00+00:00,4.625,4.656,4.625,4.652,17.3,0.004524407157803,0.4534657741308567,2.874834144183991,1.2184508268059169,0.987513378466642,0.0859106529025011,1.138767459988157,0.8259841951224762,0.6663800514474612,0.0859845227674057,-0.004084264832330153,0
2025-05-20 21:00:00+00:00,4.665,4.675,4.638,4.669,38.97,0.0036476813323818,0.3654342218400552,3.2507739938080427,1.67682926829269,2.0396467123564466,0.1283422459618568,1.1180534320563706,0.8278603693694644,0.7924609122312126,0.1285071749564179,0.007710430499036303,0
2025-05-20 22:00:00+00:00,4.669,4.669,4.669,4.669,0.0,0.0,0.0,3.2507739938080427,1.67682926829269,0.0,0.0,1.1180534320563706,0.8278603693694644,0.0,0.0,0.014135789248233221,0
2025-05-20 23:00:00+00:00,4.669,4.683,4.669,4.681,138.46,0.0025668463291335,0.2570143499678767,1.6062513566312164,2.473730297723309,5.6918913361368135,0.0427076660169272,0.9089094915420792,0.8188226507687201,0.2990813928008848,0.0427259132572638,0.016876735740226412,0
2025-05-21 00:00:00+00:00,4.691,4.694,4.639,4.639,71.0,-0.0090129365483268,-0.8972441785943142,1.8664909969257737,0.3027027027027174,2.6070592554236174,1.1717085638747895,0.8315377566607363,0.8059649474907872,1.18560034464634,0.0646691097079849,0.026298771286915157,0
2025-05-21 01:00:00+00:00,4.634,4.634,4.633,4.633,100.0,-0.0012942193350953,-0.129338219443853,0.0431872165838953,0.7173913043478253,3.4230944772904004,0.0215796288257345,0.4964705349689193,0.7979817629078012,0.0215842866346749,0.0,0.02762788689833795,0
2025-05-21 02:00:00+00:00,4.633,4.633,4.633,4.633,0.0,0.0,0.0,-0.4084264832330153,-0.919589392643283,0.0,0.0,0.4472375367319671,0.7206970963716123,0.0,0.0,0.004748543060651977,0
2025-05-21 03:00:00+00:00,4.668,4.738,4.668,4.705,217.8,0.0154211666028316,1.5540686380315138,0.7710430499036303,1.074113856068748,6.761000594766454,0.696496411841186,0.7968393993954961,0.783243601865383,1.4877789582385228,0.7013815088838798,-0.01721572794899051,0
2025-05-21 04:00:00+00:00,4.711,4.75,4.711,4.735,23.95,0.0063559536006987,0.6376195536663243,1.413578924823322,1.7185821697099923,0.7211230852007843,0.3157894736177218,0.8183747051585075,0.7923652779036949,0.823653642909465,0.3167898626574821,-0.02344244984160515,0
2025-05-21 05:00:00+00:00,4.755,4.771,4.755,4.76,319.45,0.005265941605287,0.5279831045406524,1.6876735740226412,1.9490254872563728,6.933010200240187,0.2305596310562675,0.8272447492864993,0.7965479004702868,0.3361344537108964,0.2310924369262436,-0.012815126050420123,0
2025-05-21 06:00:00+00:00,4.733,4.761,4.733,4.761,3.28,0.000210061969053,0.0210084033613444,2.6298771286915157,2.4091202409120216,0.0720733918059276,0.0,0.6250584126785945,0.7892902700966739,0.5881117411073168,0.0,-0.013022474270111384,0
2025-05-21 07:00:00+00:00,4.761,4.761,4.761,4.761,0.0,0.0,0.0,2.762788689833795,3.838604143947655,0.0,0.0,0.6036489045446986,0.7238754195049449,0.0,0.0,-0.00840159630329762,0
2025-05-21 08:00:00+00:00,4.695,4.695,4.655,4.655,91.54,-0.0225158194833512,-2.226423020373869,0.4748543060651977,1.949189662724504,1.987839305059982,0.8519701808622009,1.272168681895641,0.8694075040207089,0.8592910846704,0.0,0.012889366272824887,0
2025-05-21 09:00:00+00:00,4.649,4.652,4.624,4.624,57.05,-0.0066817793589541,-0.6659505907626317,-1.7215727948990511,1.359053046909242,1.1820975929582052,0.6018916593719165,1.0672579792952248,0.8822679507641558,0.6055363320489859,0.0648788927195355,0.0205449826989621,0
2025-05-21 10:00:00+00:00,4.624,4.624,4.624,4.624,0.0,0.0,0.0,-2.344244984160515,1.514818880351254,0.0,0.0,0.9854916428736336,0.8812364785105914,0.0,0.0,0.046064013840830365,0
2025-05-21 11:00:00+00:00,4.695,4.699,4.695,4.699,45.36,0.0160895887506022,1.6219723183390933,-1.2815126050420125,3.1613611416026366,0.9253208669594496,0.0,1.2512402782630228,0.9357765471779932,0.0851244945551886,0.0,-0.017024898914662745,0
2025-05-21 12:00:00+00:00,4.695,4.699,4.695,4.699,0.81,0.0,0.0,-1.3022474270111384,3.9141972578504935,0.0166568130989043,0.0,1.2504771199917395,0.9184408142455994,0.0851244945551886,0.0,0.005745903383698625,0
2025-05-21 13:00:00+00:00,4.699,4.721,4.699,4.721,4.98,0.0046709214434709,0.4681847201532196,-0.840159630329762,4.400707651481639,0.1019734316188902,0.0,1.280965728055859,0.91985122248741,0.4660029653747132,0.0,0.00614276636305866,0
2025-05-21 14:00:00+00:00,4.715,4.715,4.715,4.715,0.36,-0.0012717254787288,-0.1270917178563868,1.2889366272824887,4.268022998673149,0.0073693098946829,0.0,0.7741049929087718,0.921295015400906,0.0,0.0,0.003817603393425184,0
2025-05-21 15:00:00+00:00,4.738,4.766,4.719,4.719,25.15,0.0008479966588297,0.0848356309650189,2.05449826989621,4.356479433878824,0.5040164331300653,0.986151909151032,0.6543668357698564,0.9207605620358612,0.995973723035388,0.593346047765758,0.0029667302394573714,0
2025-05-21 16:00:00+00:00,4.752,4.852,4.719,4.837,1357.99,0.0246977810965955,2.500529773257032,4.6064013840830365,6.965944272445812,12.753225307737187,0.3091508655587193,1.0535563698834174,1.0314067843839676,2.7496382049308172,0.3101095719846903,-0.02005375232582174,0
2025-05-21 17:00:00+00:00,4.754,4.755,4.619,4.619,283.59,-0.0461164623923778,-4.506925780442428,-1.7024898914662745,0.2604731929672033,2.3979452706142164,2.8601472128580157,2.3288276229198934,1.3855362636288608,2.944360250499167,0.0216497077242657,0.03723749729378656,0
2025-05-21 18:00:00+00:00,4.675,4.726,4.675,4.726,38.8,0.0229009473162477,2.3165187269971854,0.5745903383698625,3.7768994290733326,0.3237717742749658,0.0,2.5611890433012823,1.4369224765598472,1.0791366904191448,0.0,0.012060939483707234,0
2025-05-21 19:00:00+00:00,4.694,4.75,4.694,4.75,41.36,0.0050654392818336,0.5078290308929256,0.614276636305866,2.569639386741529,0.3450020853578896,0.0,2.5623842128570775,1.4024656840727825,1.1789473681728542,0.0,0.002315789473684271,0
2025-05-21 20:00:00+00:00,4.755,4.761,4.733,4.733,3.59,-0.0035853671224389,-0.3578947368421126,0.3817603393425184,1.741186586414445,0.0300891569376103,0.5881117411073168,2.56825806267777,1.403517918395711,0.5915909569846728,0.1267694907824325,0.005915909571096556,0
2025-05-21 21:00:00+00:00,4.733,4.733,4.733,4.733,0.0,0.0,0.0,0.2966730239457371,1.3707431998286612,0.0,0.0,2.5683507706709947,1.4021832471887643,0.0,0.0,0.023663638284386224,0
2025-05-21 22:00:00+00:00,4.739,4.74,4.739,4.74,140.02,0.0014778847828744,0.1478977392774361,-2.005375232582174,1.520668237309919,1.1335586633922277,0.0,2.2906262857990445,1.4022478089810604,0.0210970464090583,0.0,0.025738396624472637,0
2025-05-21 23:00:00+00:00,4.765,4.793,4.765,4.791,860.02,0.010702022194,1.075949367088613,3.723749729378656,2.3499252296517836,5.599544233706522,0.0417275192902671,0.9559296896704932,1.4168923521066727,0.5844291378450465,0.041744938417498,0.013984554372782121,0
2025-05-22 00:00:00+00:00,4.737,4.783,4.737,4.783,53.86,-0.0016711932028252,-0.1669797537048656,1.2060939483707234,3.1041172666522954,0.3523178230320157,0.0,0.5178198084683743,1.4022569132019378,0.9617394938403276,0.0,0.004181476061049461,0
2025-05-22 01:00:00+00:00,4.794,4.803,4.761,4.761,289.79,-0.0046102344857782,-0.4599623667154606,0.2315789473684271,2.762788689833795,1.8023867832735323,0.8744534664013176,0.5526801618080103,1.4065243379643286,0.8821676116609565,0.1890359167844986,0.01449275362318847,0
2025-05-22 02:00:00+00:00,4.761,4.761,4.761,4.761,0.0,0.0,0.0,0.5915909571096556,2.762788689833795,0.0,0.0,0.5195496028067469,1.4065243379643286,0.0,0.0,0.02688510817055234,0
2025-05-22 03:00:00+00:00,4.811,4.861,4.785,4.845,58.01,0.0174895151303478,1.7643352236925036,2.3663638284386224,2.9755579171094615,0.3763868763087372,0.3291503805124154,0.8431860176905925,1.4162580418778563,1.5686274506566222,0.330237358032975,0.011145510835913308,0
2025-05-22 04:00:00+00:00,4.807,4.862,4.807,4.862,25.95,0.003502630551202,0.3508771929824572,2.5738396624472637,2.68215417106652,0.1682806623135514,0.0,0.835580549574852,1.41295446733308,1.1312217192243417,0.0,0.007610037021801741,0
2025-05-22 05:00:00+00:00,4.85,4.858,4.85,4.858,0.75,-0.0008230453139509,-0.0822706705059683,1.398455437278212,2.0588235294117574,0.0053218853665514,0.0,0.7883292931132794,1.4106189732895873,0.1646768217034425,0.0,0.0016467682173733067,0
2025-05-22 06:00:00+00:00,4.803,4.803,4.803,4.803,0.28,-0.0113861078972934,-1.132153149444215,0.418147606104946,0.8821676118462518,0.0019886010546546,0.0,0.9662553431242974,1.4325919435554917,0.0,0.0,0.013116801998750649,0
2025-05-22 07:00:00+00:00,4.823,4.83,4.823,4.83,151.43,0.005605744981794,0.562148657089323,1.449275362318847,1.449275362318847,1.0293512032988723,0.0,0.9438123042220916,1.4365337735108703,0.1449275362018716,0.0,0.007453416149068248,0
2025-05-22 08:00:00+00:00,4.862,4.911,4.862,4.889,553.06,0.0121413159320273,1.2215320910973215,2.688510817055234,5.026852846401719,3.32483511636918,0.4479739359706702,1.0099515409285194,1.3665561597509657,1.0022499486597871,0.4499897728676509,-0.0004090816117816587,0
2025-05-22 09:00:00+00:00,4.912,4.942,4.885,4.899,76.54,0.0020433190599291,0.2045408058907627,1.1145510835913308,5.947231833910038,0.4579006406234291,0.8700930795487498,0.781185053706157,1.353881756224553,1.1635027554269313,0.6123698712773331,0.010614411104306942,0
2025-05-22 10:00:00+00:00,4.899,4.899,4.899,4.899,0.0,0.0,0.0,0.7610037021801741,5.947231833910038,0.0,0.0,0.7794264201874123,1.353881756224553,0.0,0.0,0.008164931618697802,0
2025-05-22 11:00:00+00:00,4.869,4.869,4.856,4.866,52.13,-0.0067588582951069,-0.6736068585425636,0.1646768217373306,3.55394764843584,0.3113423765743001,0.0616142945036757,0.8460324693056588,1.333668297893006,0.2671598848608364,0.0,0.015002055076037912,0
2025-05-22 12:00:00+00:00,4.866,4.866,4.866,4.866,0.0,0.0,0.0,1.311680199875065,3.55394764843584,0.0,0.0,0.6330715937175785,1.333668297893006,0.0,0.0,0.015002055076037912,0
2025-05-22 13:00:00+00:00,4.866,4.866,4.866,4.866,0.0,0.0,0.0,0.7453416149068248,3.07138318152933,0.0,0.0,0.6133164124170533,1.332178730381754,0.0,0.0,0.008836826962597577,0
2025-05-22 14:00:00+00:00,4.9,4.912,4.886,4.887,18.58,0.0043063739266868,0.4315659679408057,-0.0409081611781658,3.647932131495213,0.1106254186403396,0.508957654619519,0.369795272879947,1.3324347264593532,0.5320237363347569,0.2455494167698808,0.00879885410272152,0
2025-05-22 15:00:00+00:00,4.936,4.973,4.905,4.951,180.52,0.0130109580912683,1.3095968897073984,1.0614411104306942,4.9162958253867295,1.0349260797739186,0.4423888999713725,0.6556398773867371,1.352849630283784,1.3734599068120583,0.4443546757333204,-0.004241567360129261,0
2025-05-22 16:00:00+00:00,4.919,4.939,4.918,4.939,66.25,-0.0024266948207981,-0.2423752777216625,0.8164931618697802,2.108745089931774,0.5493119781058813,0.0,0.6758401123103667,1.2654607241365146,0.4251872847893913,0.0,-0.009718566511439541,0
2025-05-22 17:00:00+00:00,4.939,4.939,4.939,4.939,0.0,0.0,0.0,1.5002055076037912,6.927906473262624,0.0,0.0,0.5599349163005531,0.7767434577009895,0.0,0.0,0.002024701356549974,0
2025-05-22 18:00:00+00:00,4.939,4.939,4.939,4.939,0.0,0.0,0.0,1.5002055076037912,4.506982649174773,0.0,0.0,0.5599349163005531,0.6491427906171185,0.0,0.0,0.00911115610447455,0
2025-05-22 19:00:00+00:00,4.983,4.985,4.909,4.909,59.44,-0.0060926264825724,-0.607410406964981,0.8836826962597577,3.347368421052632,0.5507485850571696,1.5245737208576684,0.6602090577531211,0.6647827997480983,1.548176817773859,0.0407414952045885,0.013444693420248566,0
2025-05-22 20:00:00+00:00,4.941,4.941,4.93,4.93,60.67,0.0042687329786833,0.4277856997351836,0.8798854102721521,4.162264948235794,0.550024553313489,0.2226269985382281,0.6598869254111174,0.6586217578050388,0.2231237322062653,0.0,0.026977687626774882,0
2025-05-22 21:00:00+00:00,4.93,4.93,4.93,4.93,0.0,0.0,0.0,-0.4241567360129261,4.162264948235794,0.0,0.0,0.3412324025306064,0.6586217578050388,0.0,0.0,0.03529411764705892,0
2025-05-22 22:00:00+00:00,4.891,4.891,4.891,4.891,24.0,-0.0079422064973785,-0.7910750507099329,-0.971856651143954,3.1856540084388207,0.227552858630629,0.0,0.4528238168220685,0.6874367981924885,0.0,0.0,0.024534859946841125,0
2025-05-22 23:00:00+00:00,4.949,4.949,4.949,4.949,0.6,0.0117887544125288,1.1858515640973175,0.2024701356549973,3.297850135671032,0.0086131613889878,0.0,0.7165384821498403,0.6942189201078184,0.0,0.0,0.009294807031723584,0
2025-05-23 00:00:00+00:00,4.913,4.985,4.913,4.984,212.65,0.0070472455154031,0.7072135785007205,0.9111156104474548,4.202383441354796,2.7878622346888213,0.0200601805376074,0.7659617596022004,0.700494223442858,1.444622792647549,0.0200642054534448,-0.015248796147672494,0
2025-05-23 01:00:00+00:00,4.95,5.013,4.912,4.975,119.58,-0.0018074108745959,-0.1805778491171805,1.3444693420248566,4.494854022264216,1.7284093372591107,0.7580291241256726,0.6978242483929573,0.6917722349011266,2.030150753360773,0.7638190953238606,-0.00522613065326627,0
2025-05-23 02:00:00+00:00,5.013,5.094,4.965,5.063,968.64,0.017533822377216,1.7688442211055255,2.697768762677488,6.3432052089896995,8.842393536821923,0.6085590890050058,0.9426694225566404,0.7607330664280795,2.5478965035457533,0.6122852062784462,-0.022516294686944494,0
2025-05-23 03:00:00+00:00,5.091,5.104,5.082,5.104,357.34,0.0080653530547167,0.8097965633024007,3.529411764705892,5.345717234262137,2.928606308518859,0.0,0.9240713929500682,0.7024213333940592,0.431034482674175,0.0,-0.020180250783699005,0
2025-05-23 04:00:00+00:00,5.111,5.111,5.011,5.011,144.55,-0.0183890500649011,-1.8221003134796243,2.4534859946841125,3.0645824763471774,1.1385587838479934,1.9565642727535513,1.268564488367309,0.8171358567054507,1.9956096583524952,0.0,-0.01237277988425467,0
2025-05-23 05:00:00+00:00,5.009,5.029,4.982,4.995,123.37,-0.0031980838770707,-0.3192975454001212,0.9294807031723584,2.820090572251966,0.9341405779152712,0.6760787431544844,1.2325047271806673,0.8211934466415349,0.9409409407525584,0.4004004003202316,-0.048048048048048075,0
2025-05-23 06:00:00+00:00,4.976,4.985,4.908,4.908,108.3,-0.0175708852518517,-1.7417417417417314,-1.5248796147672494,2.1861336664584785,0.7930071850200504,1.544633901395258,1.4096232561728474,0.870496415617388,1.5688671553445654,0.183374083092229,-0.0409535452322739,0
2025-05-23 07:00:00+00:00,4.946,4.949,4.946,4.949,34.94,0.0083190091210838,0.8353708231458645,-0.522613065326627,2.463768115942022,0.2652697111166893,0.0,1.479348297916212,0.8785962881505405,0.0606183067163857,0.0,-0.036977167104465525,0
2025-05-23 08:00:00+00:00,4.949,4.949,4.949,4.949,0.0,0.0,0.0,-2.25162946869445,1.227244835344643,0.0,0.0,1.1873810129576028,0.846094428621885,0.0,0.0,-0.02889472620731459,0
2025-05-23 09:00:00+00:00,4.989,5.001,4.989,5.001,16.58,0.0104523564670176,1.0507173166296235,-2.0180250783699005,2.082057562767914,0.1561609644667295,0.0,1.237989745976621,0.869806814953074,0.2399520095501086,0.0,-0.051189762047590515,0
2025-05-23 10:00:00+00:00,4.949,4.949,4.949,4.949,0.6,-0.0104523564670177,-1.0397920415916917,-1.237277988425467,1.0206164523371974,0.0056498505143186,0.0,1.0778122184959822,0.8999385690484449,0.0,0.0,-0.04930288947262074,0
2025-05-23 11:00:00+00:00,4.913,4.935,4.726,4.755,953.91,-0.0399888399723953,-3.9199838351182015,-4.8048048048048075,-2.281134401972873,6.634895609890904,3.647416412634763,1.8928522048292211,1.215530031239202,4.395373290347968,0.4626708726681944,-0.0016824395373291612,0
2025-05-23 12:00:00+00:00,4.745,4.745,4.607,4.707,573.59,-0.0101459335783483,-1.0094637223974745,-4.095354523227391,-3.2675709001232955,3.420920402254884,0.8008429924550438,1.8430031771858255,1.229602453457539,2.9318036959991898,0.0,0.005736137667303964,0
2025-05-23 13:00:00+00:00,4.669,4.766,4.667,4.766,170.48,0.0124566162575451,1.2534523050775404,-3.697716710446553,-2.055076037813397,0.9754278725636092,0.0,1.9178690436839272,1.2615740055490656,2.07721359587134,0.0,-0.006714225765841353,0
2025-05-23 14:00:00+00:00,4.77,4.811,4.765,4.806,59.17,0.0083577586377268,0.8392782207301774,-2.889472620731459,-1.6574585635359074,0.3353057012906069,0.1039284971723261,2.00114430118849,1.2714665515284034,0.9571369119939428,0.104036620868904,-0.03141905950894708,0
2025-05-23 15:00:00+00:00,4.766,4.773,4.745,4.745,14.44,-0.0127737052523859,-1.2692467748647518,-5.1189762047590515,-4.1607756008887,0.0851687105251667,0.5866331446497643,1.865099243373064,1.2594875419046094,0.5900948365458089,0.1475237091364475,-0.01685985247629085,0
2025-05-23 16:00:00+00:00,4.708,4.725,4.689,4.705,92.11,-0.0084656590245482,-0.8429926238145424,-4.930288947262074,-4.737801174326783,0.5398441010381161,0.4232804231908311,1.8632516554916776,1.2668657528378524,0.7651434642369426,0.3613177470007711,-0.018703506907545187,0
2025-05-23 17:00:00+00:00,4.747,4.747,4.747,4.747,0.6,0.0088870665318379,0.8926673751328273,-0.1682439537329161,-3.887426604575828,0.0035160026955814,0.0,1.1325208203544057,1.2858794123414323,0.0,0.0,-0.04255319148936165,0
2025-05-23 18:00:00+00:00,4.747,4.747,4.705,4.734,417.34,-0.0027423284773887,-0.2738571729513306,0.5736137667303964,-4.150637780927314,2.219450907386987,0.273857172893645,1.0400981455307212,1.285565918704378,0.8871989858708876,0.0,-0.03253062948880436,0
2025-05-23 19:00:00+00:00,4.734,4.734,4.734,4.734,0.0,0.0,0.0,-0.6714225765841353,-3.5648808311264935,0.0,0.0,0.8759259606283699,1.2826636721505045,0.0,0.0,-0.03041825095057038,0
2025-05-23 20:00:00+00:00,4.675,4.687,4.655,4.655,14.3,-0.0168286003627617,-1.6687790452048934,-3.141905950894708,-5.578093306288023,0.0778745158365567,0.6827394920668366,0.9324036713584308,1.3132493749822651,0.6874328677363201,0.2577873254011295,-0.009452201933405013,0
2025-05-23 21:00:00+00:00,4.64,4.666,4.632,4.665,2527.67,0.0021459235702766,0.2148227712137407,-1.6859852476290849,-5.375253549695735,8.747826889436702,0.0214316330858555,0.8919500229641241,1.3156767603243205,0.7288317254600724,0.0214362272194206,-0.013719185423365476,0
2025-05-23 22:00:00+00:00,4.634,4.662,4.617,4.617,97.93,-0.0103426907744552,-1.028938906752408,-1.8703506907545189,-5.602126354528725,0.3353436947549331,0.9652509650439172,0.9185481143081962,1.3210523354122994,0.9746588691846078,0.6064544074926367,0.004548408057180042,0
2025-05-23 23:00:00+00:00,4.606,4.615,4.545,4.545,182.92,-0.0157174158954097,-1.5594541910331383,-4.255319148936165,-8.163265306122447,0.6104956049268945,1.516793065760181,0.8175284685362256,1.3118692637286815,1.540154015062679,0.1980198019366368,0.017601760176017667,0
2025-05-24 00:00:00+00:00,4.559,4.608,4.559,4.58,1196.81,0.0076712704966514,0.7700770077007757,-3.2530629488804363,-8.10593900481541,3.51349757863331,0.6076388887570138,1.018210281900255,1.314120486081351,1.0698689953995806,0.6113537116569004,0.0024017467248909075,0
2025-05-24 01:00:00+00:00,4.59,4.59,4.59,4.59,0.49,0.0021810259463601,0.2183406113537067,-3.041825095057038,-7.738693467336677,0.0014597670330936,0.0,1.0453548936641597,1.318896589693794,0.0,0.0,0.0019607843137254832,0
2025-05-24 02:00:00+00:00,4.61,4.611,4.61,4.611,108.07,0.0045647291521146,0.4575163398692794,-0.9452201933405012,-8.92751333201659,0.360458119020243,0.0,0.9252272731831712,1.2545857596006385,0.0216872695680453,0.0,0.002602472348731455,0
2025-05-24 03:00:00+00:00,4.618,4.629,4.601,4.601,55.59,-0.0021710820512368,-0.216872695727599,-1.3719185423365476,-9.855015673981192,0.193531541567353,0.604882263857221,0.9070378666740436,1.2292968879782291,0.6085633556599424,0.2390784611521071,0.0015214083894805608,0
2025-05-24 04:00:00+00:00,4.617,4.638,4.617,4.638,14.06,0.0080095676600082,0.8041730058682806,0.4548408057180042,-7.443624027140294,0.0498930251193287,0.0,0.8909697709891603,1.2159969886353443,0.4527813711830981,0.0,-0.00021561017680038486,0
2025-05-24 05:00:00+00:00,4.634,4.634,4.598,4.625,12.96,-0.0028068678689513,-0.2802932298404448,1.760176017601767,-7.4074074074074066,0.046752825100615,0.1942166594315531,0.469988872944535,1.216026696662429,0.7783783782100906,0.0,-0.007783783783783749,0
2025-05-24 06:00:00+00:00,4.605,4.62,4.586,4.591,13.61,-0.0073785056973035,-0.7351351351351343,0.2401746724890907,-6.458842705786472,0.0498065771394771,0.6277056275697589,0.5582511216585645,1.180973061705127,0.740579394306121,0.3267262033703423,0.006098889130908169,0
2025-05-24 07:00:00+00:00,4.608,4.621,4.599,4.599,12.98,0.0017410232907018,0.1742539751688143,0.1960784313725483,-7.072135785007061,0.0476606473780457,0.4760874268608389,0.5557265771065796,1.1615630432299648,0.478364861822496,0.282670145622398,-0.0030441400304414,0
2025-05-24 08:00:00+00:00,4.604,4.623,4.586,4.623,13.0,0.0052049564483016,0.5218525766470972,0.2602472348731455,-6.587189331178012,0.0476393335988396,0.0,0.5660114468425013,1.1723263041966467,0.8003460954357876,0.0,-0.008436080467229212,0
2025-05-24 09:00:00+00:00,4.619,4.623,4.574,4.608,26.3,-0.0032499216124984,-0.3244646333549816,0.152140838948056,-7.85842831433714,0.0962352090962535,0.3244646332847917,0.5775353797043892,1.1376332793319497,1.0633680553247982,0.0868055555367272,-0.00520833333333337,0
2025-05-24 10:00:00+00:00,4.598,4.639,4.598,4.637,14.32,0.0062736820157335,0.6293402777777679,-0.0215610176800384,-6.304303899777741,0.0522894114244247,0.043112739805336,0.5335858209873575,1.143832148511165,0.8841923655630461,0.0431313349055284,-0.01768384731507433,0
2025-05-24 11:00:00+00:00,4.635,4.643,4.589,4.589,136.22,-0.0104054699966271,-1.0351520379555557,-0.7783783783783749,-3.491062039957926,0.56808040368419,1.1630411369452718,0.6820306682484347,0.8450480755967542,1.176726955507346,0.1743299193344237,0.001525386794508643,0
2025-05-24 12:00:00+00:00,4.619,4.619,4.619,4.619,4.32,0.0065160960357718,0.6537371976465423,0.6098889130908169,-1.86955598045464,0.0199934820630466,0.0,0.6702466931375346,0.8391859681386677,0.0,0.0,-0.006494912318683599,0
2025-05-24 13:00:00+00:00,4.586,4.586,4.585,4.585,0.97,-0.00738812574004,-0.7360900627841449,-0.30441400304414,-3.7977339488040274,0.0046409817829281,0.0218054949799886,0.7493746513224276,0.7998734324621587,0.0218102508131348,0.0,0.0008724100327155426,0
2025-05-24 14:00:00+00:00,4.568,4.584,4.551,4.584,303.07,-0.0002181262959897,-0.0218102508178885,-0.8436080467229212,-4.619225967540586,1.382807866033751,0.0,0.6976020162129734,0.7720654782849067,0.7198952878010585,0.0,0.002835951134380732,0
2025-05-24 15:00:00+00:00,4.584,4.584,4.584,4.584,0.0,0.0,0.0,-0.520833333333337,-3.3930453108535374,0.0,0.0,0.693079500933694,0.737614235127566,0.0,0.0,-0.0019633507853401566,0
2025-05-24 16:00:00+00:00,4.555,4.555,4.555,4.555,0.77,-0.0063464487005168,-0.6326352530541035,-1.768384731507433,-3.188097768331566,0.0035853559164026,0.0,0.6206224305003885,0.730065814164206,0.0,0.0,-0.002195389681668436,0
2025-05-24 17:00:00+00:00,4.596,4.596,4.596,4.596,2.4,0.0089608292745876,0.900109769484092,0.1525386794508643,-3.1809563935116913,0.0111712340722119,0.0,0.6592088453346892,0.7305169277156341,0.0,0.0,-0.013707571801566565,0
2025-05-24 18:00:00+00:00,4.59,4.59,4.589,4.589,11.41,-0.0015242245738126,-0.1523063533507285,-0.6494912318683599,-3.0629488804393645,0.0576484631073448,0.021786492369969,0.5838707551991785,0.7299282116188965,0.0217912399167908,0.0,-0.024188276312922308,0
2025-05-24 19:00:00+00:00,4.589,4.589,4.589,4.589,0.0,0.0,0.0,0.0872410032715542,-3.0629488804393645,0.0,0.0,0.495616732421667,0.7299282116188965,0.0,0.0,-0.027021137502724057,0
2025-05-24 20:00:00+00:00,4.597,4.597,4.597,4.597,7.09,0.0017417814113944,0.1743299193724068,0.2835951134380732,-1.245972073039736,0.0358763303926533,0.0,0.4991879215602948,0.6524312495996762,0.0,0.0,-0.020013051990428687,0
2025-05-24 21:00:00+00:00,4.575,4.575,4.575,4.575,0.3,-0.0047972180966063,-0.4785729823798212,-0.1963350785340156,-1.9292604501607635,0.003249698725812,0.0,0.5446108987850483,0.6554713832203855,0.0,0.0,-0.015300546448087537,0
2025-05-24 22:00:00+00:00,4.555,4.555,4.545,4.545,0.96,-0.0065789710980425,-0.6557377049180357,-0.2195389681668436,-1.5594541910331383,0.010875003539917,0.2195389681186476,0.5498083849885621,0.6358868480119749,0.2200220021518056,0.0,-0.007040704070407022,0
2025-05-24 23:00:00+00:00,4.527,4.534,4.518,4.533,63.47,-0.0026437556707298,-0.2640264026402494,-1.3707571801566565,-0.2640264026402494,0.7619562118187613,0.0220555800568789,0.306240700691427,0.5516631225803665,0.3529671298581588,0.0220604456161226,-0.005294506949040323,0
2025-05-25 00:00:00+00:00,4.564,4.564,4.478,4.478,439.28,-0.0122074537821492,-1.2133245091551004,-2.4188276312922308,-2.227074235807869,8.490963564154036,1.8843120065985357,0.5008334945757061,0.5783382884568742,1.920500222885112,0.0,0.012728896828941627,0
2025-05-25 01:00:00+00:00,4.478,4.478,4.465,4.465,27.91,-0.0029073038481006,-0.2903081732916424,-2.7021137502724057,-2.7233115468409563,0.5278237435482422,0.2903081732268159,0.4663297787922137,0.5757261953874067,0.2911534153883172,0.0,0.008958566629339249,0
2025-05-25 02:00:00+00:00,4.498,4.505,4.498,4.505,48.66,0.0089186767318388,0.8958566629339249,-2.0013051990428687,-2.298850574712641,0.9654362832032648,0.0,0.6959714478295391,0.6008304667623201,0.1553829078456347,0.0,-0.01442841287458374,0
2025-05-25 03:00:00+00:00,4.505,4.505,4.505,4.505,0.0,0.0,0.0,-1.5300546448087535,-2.0865029341447516,0.0,0.0,0.7037985098942278,0.6005763139280015,0.0,0.0,-0.015538290788013387,0
2025-05-25 04:00:00+00:00,4.517,4.517,4.513,4.513,33.8,0.0017742297845629,0.1775804661487301,-0.7040704070407022,-2.695127210004311,0.6910887714972005,0.0885543502128603,0.6911353080134731,0.5733235361624814,0.0886328384470223,0.0,-0.011965433192998032,0
2025-05-25 05:00:00+00:00,4.509,4.509,4.509,4.509,8.69,-0.0008867214059168,-0.0886328384666401,-0.5294506949040323,-2.508108108108098,0.1783280463055417,0.0,0.6873928725788175,0.5722326882648769,0.0,0.0,-0.015524506542470728,0
2025-05-25 06:00:00+00:00,4.545,4.545,4.528,4.535,23.78,0.0057496841281528,0.5766245287203375,1.2728896828941627,-1.219777826181656,0.4837840128747895,0.2200220021518056,0.4434498310431947,0.5719379474294654,0.374862182938296,0.0,-0.012568908489525965,0
2025-05-25 07:00:00+00:00,4.505,4.505,4.505,4.505,0.6,-0.0066371925067987,-0.6615214994487362,0.8958566629339249,-2.0439225918678083,0.0123359490111571,0.0,0.5428278186162735,0.5830533049617723,0.0,0.0,-0.0037735849056602655,0
2025-05-25 08:00:00+00:00,4.465,4.465,4.44,4.44,36.67,-0.0145335146161677,-1.442841287458374,-1.442841287458374,-3.9584685269305586,0.738948269911809,0.5599104142082948,0.7170279827751304,0.6310161716868969,0.563063062936235,0.0,-0.003603603603603567,0
2025-05-25 09:00:00+00:00,4.44,4.445,4.435,4.435,29.19,-0.0011267606825907,-0.1126126126126281,-1.5538290788013387,-3.754340277777779,0.5867926424648349,0.2249718784645884,0.7108642033300426,0.6302115331471786,0.2254791431284303,0.1127395715642051,-0.0065388951521984096,0
2025-05-25 10:00:00+00:00,4.459,4.459,4.459,4.459,0.26,0.0053969098837967,0.5411499436302147,-1.1965433192998032,-3.8386888074185888,0.0052889423809335,0.0,0.7685910791324196,0.6256901383303187,0.0,0.0,-0.016147118187934573,0
2025-05-25 11:00:00+00:00,4.439,4.439,4.439,4.439,7.82,-0.0044953997934412,-0.4485310607759474,-1.5524506542470728,-3.2686859882327335,0.1785014551708318,0.0,0.7721892316653151,0.6007894734817252,0.0,0.0,-0.005406623113313858,0
2025-05-25 12:00:00+00:00,4.478,4.478,4.478,4.478,11.31,0.0087473923246647,0.8785762559134769,-1.2568908489525965,-3.0526087897813414,0.2564601619352094,0.0,0.8434841094472635,0.6151032755417881,0.0,0.0,-0.012058954890576068,0
2025-05-25 13:00:00+00:00,4.488,4.488,4.488,4.488,0.44,0.0022306500438321,0.2233139794551197,-0.3773584905660265,-2.11559432933478,0.0099822286079332,0.0,0.8257581408199155,0.6049060044830644,0.0,0.0,-0.006684491978609652,0
2025-05-25 14:00:00+00:00,4.469,4.469,4.424,4.424,38.65,-0.0143629040003615,-1.426024955436722,-0.3603603603603567,-3.4904013961605473,1.169057041277371,1.0069366746460184,0.8200224106010993,0.664078365674482,1.017179023278213,0.0,0.007685352622061492,0
2025-05-25 15:00:00+00:00,4.424,4.424,4.358,4.406,282.91,-0.0040770158398824,-0.4068716094032698,-0.653889515219841,-3.883071553228623,6.3080910837803055,0.4068716093113012,0.8325502112771345,0.6653404027459197,1.4979573305724276,0.0,0.011802088061734217,0
2025-05-25 16:00:00+00:00,4.396,4.405,4.387,4.387,4.31,-0.0043216261960745,-0.4312301407172092,-1.6147118187934573,-3.688254665203072,0.0957857599223094,0.4086265606336984,0.7734671260584078,0.6603918413608644,0.4103031683587337,0.2051515841793668,0.02826532938226589,0
2025-05-25 17:00:00+00:00,4.414,4.415,4.414,4.415,87.71,0.0063622118718466,0.6382493731479588,-0.5406623113313858,-3.938207136640559,1.8065601345296531,0.0,0.8469516322355786,0.6443169322934207,0.0226500566200188,0.0,0.025141562853907118,0
2025-05-25 18:00:00+00:00,4.424,4.424,4.424,4.424,1.01,0.0020364301641103,0.2038505096262799,-1.2058954890576068,-3.5955545870560046,0.0209902841996988,0.0,0.7302878593863041,0.6487611133839907,0.0,0.0,0.030515370705244127,0
2025-05-25 19:00:00+00:00,4.441,4.458,4.441,4.458,19.89,0.0076559707436434,0.7685352622061492,-0.6684491978609652,-2.854652429723259,0.4063641239031313,0.0,0.8213805929680419,0.6748858242852595,0.3813369223011884,0.0,0.020637056976222423,0
2025-05-25 20:00:00+00:00,4.458,4.458,4.458,4.458,0.0,0.0,0.0,0.7685352622061492,-3.0237111159451824,0.0,0.0,0.5074804538943772,0.6725095856695404,0.0,0.0,0.020188425302826385,0
2025-05-25 21:00:00+00:00,4.458,4.458,4.458,4.458,0.0,0.0,0.0,1.1802088061734215,-2.5573770491803316,0.0,0.0,0.4449074054081138,0.6687175247887251,0.0,0.0,0.020188425302826385,0
2025-05-25 22:00:00+00:00,4.455,4.511,4.437,4.511,69.22,0.0118186234625817,1.188873934499779,2.826532938226589,-0.7480748074807475,1.344534550549322,0.0,0.4763030964794656,0.7072707085763421,1.6404344930967745,0.0,0.01130569718465968,0
2025-05-25 23:00:00+00:00,4.519,4.526,4.515,4.526,51.74,0.0033196887850866,0.3325205054311553,2.514156285390712,-0.1544231193470246,1.0146341463215662,0.0,0.4705324871245369,0.7091985491988904,0.2430402120541255,0.0,0.006407423773751697,0
2025-05-26 00:00:00+00:00,4.528,4.559,4.528,4.559,42.43,0.0072647540199587,0.7291206363234659,3.0515370705244127,1.8088432335864324,1.2313422006897796,0.0,0.4722282968452081,0.6747874957856094,0.679973678289117,0.0,0.004606273305549413,0
2025-05-26 01:00:00+00:00,4.541,4.55,4.54,4.55,19.18,-0.0019760682684453,-0.1974117130949859,2.0637056976222423,1.903695408734607,0.5625527026366588,0.0,0.5250485369482633,0.6728598612333803,0.2197802197319117,0.0,0.00659340659340657,0
2025-05-26 02:00:00+00:00,4.55,4.55,4.548,4.548,2.36,-0.0004396570745693,-0.0439560439560393,2.0188425302826385,0.9544950055493828,0.0733707268394356,0.0439560439463784,0.5310229557297061,0.6504215833148808,0.0439753737810032,0.0,0.0070360598065084545,0
2025-05-26 03:00:00+00:00,4.548,4.548,4.548,4.548,0.0,0.0,0.0,2.0188425302826385,0.9544950055493828,0.0,0.0,0.5310229557297061,0.6504215833148808,0.0,0.0,0.00593667546174137,0
2025-05-26 04:00:00+00:00,4.562,4.562,4.562,4.562,0.4,0.0030735479739066,0.3078276165347393,1.130569718465968,1.0857522712165002,0.0129980909049758,0.0,0.3354908956668616,0.6521572273477276,0.0,0.0,-0.0037264357737835097,0
2025-05-26 05:00:00+00:00,4.571,4.571,4.555,4.555,11.16,-0.0015355931502747,-0.1534414730381517,0.6407423773751697,1.020181858505187,0.3614379790447553,0.3500328154998837,0.3517971353311194,0.6528695762103026,0.3512623489898439,0.0,-0.00790340285400648,0
2025-05-26 06:00:00+00:00,4.58,4.58,4.58,4.58,0.94,0.0054734674141721,0.5488474204171423,0.4606273305549413,0.9922822491730932,0.0314118629897606,0.0,0.2910039913531449,0.6519133736278016,0.0,0.0,-0.012445414847161662,0
2025-05-26 07:00:00+00:00,4.58,4.612,4.58,4.58,109.17,0.0,0.0,0.659340659340657,1.6648168701442811,3.169055480876112,0.6938421507602256,0.263662174463911,0.6345591806365173,0.6986899561793259,0.6986899561793259,-0.018558951965065518,0
2025-05-26 08:00:00+00:00,4.58,4.58,4.58,4.58,0.0,0.0,0.0,0.7036059806508455,3.153153153153143,0.0,0.0,0.2591148344098496,0.5461761427651014,0.0,0.0,-0.022270742358078688,0
2025-05-26 09:00:00+00:00,4.576,4.576,4.575,4.575,9.02,-0.0010922993986089,-0.1091703056768533,0.593667546174137,3.1567080045096008,0.2811684178993571,0.0218531468483591,0.2724605333513045,0.5461101964208691,0.0218579234924779,0.0,-0.009398907103825183,0
2025-05-26 10:00:00+00:00,4.547,4.547,4.545,4.545,50.17,-0.0065789710980425,-0.6557377049180357,-0.3726435773783509,1.9286835613366191,1.4686768149452964,0.0439850450749929,0.3859270120211898,0.5614966541410983,0.0440044004303572,0.0,-0.01650165016501659,0
2025-05-26 11:00:00+00:00,4.546,4.546,4.519,4.519,23.01,-0.0057369972002994,-0.5720572057205664,-0.790340285400648,1.8022077044379303,0.6613415086693027,0.593928728421928,0.4401237367848603,0.5671275292688835,0.5974773178584943,0.0,-0.019030759017481857,0
2025-05-26 12:00:00+00:00,4.507,4.523,4.507,4.523,6.43,0.0008847600665633,0.0885151582208365,-1.2445414847161662,1.0049129075480057,0.185894115515917,0.0,0.3225901694368602,0.5409937240450939,0.3537475126345907,0.0,-0.019898297590095093,0
2025-05-26 13:00:00+00:00,4.505,4.505,4.493,4.495,15.35,-0.0062098225721224,-0.6190581472473977,-1.855895196506552,0.1559714795008826,0.4359453766472645,0.2219755826366266,0.3413039766383527,0.5559173318911965,0.2669632924878739,0.0,-0.01379310344827589,0
2025-05-26 14:00:00+00:00,4.485,4.485,4.478,4.478,16.65,-0.0037891497470205,-0.3781979977753091,-2.227074235807869,1.2206148282097429,0.4855053094408037,0.1560758082149342,0.3051156642099319,0.4721984892833362,0.1563197855836838,0.0,-0.010049129075480057,0
2025-05-26 15:00:00+00:00,4.507,4.535,4.506,4.532,96.83,0.0119868249891969,1.205895489057629,-0.9398907103825184,2.8597367226509407,3.648340607102954,0.0661521499302886,0.719332323877093,0.5162167244066768,0.6398940863548317,0.0661959399677439,-0.014563106796116498,0
2025-05-26 16:00:00+00:00,4.539,4.544,4.47,4.47,75.24,-0.0137749345402825,-1.368049426301865,-1.650165016501659,1.8919534989742417,2.5508327328880505,1.6285211264021708,0.8647586887207043,0.5906754970925538,1.6554809839696876,0.1118568232411929,-0.006263982102908239,0
2025-05-26 17:00:00+00:00,4.465,4.465,4.433,4.433,304.64,-0.008311852862561,-0.827740492170026,-1.9030759017481855,0.4077010192525376,7.905540417596845,0.7166853301866333,0.888472052601361,0.606135622827744,0.7218587862120786,0.0,0.002030227836679499,0
2025-05-26 18:00:00+00:00,4.433,4.433,4.433,4.433,0.0,0.0,0.0,-1.989829759009509,0.2034358047016127,0.0,0.0,0.8810350528819362,0.6048325443167416,0.0,0.0,0.004737198285585276,0
2025-05-26 19:00:00+00:00,4.433,4.433,4.433,4.433,0.0,0.0,0.0,-1.379310344827589,-0.5607895917451811,0.0,0.0,0.8771842557748668,0.5829579741047387,0.0,0.0,-0.00496277915632759,0
2025-05-26 20:00:00+00:00,4.433,4.433,4.433,4.433,0.0,0.0,0.0,-1.0049129075480057,-0.5607895917451811,0.0,0.0,0.878086730105169,0.5829579741047387,0.0,0.0,-0.002030227836679277,0
2025-05-26 21:00:00+00:00,4.473,4.473,4.466,4.466,39.48,0.0074165976550498,0.7444168734491496,-1.4563106796116498,0.1794526693584597,1.0043458904580098,0.156494522656712,0.7456172778337635,0.6035481034316165,0.1567398118771221,0.0,-0.00940438871473348,0
2025-05-26 22:00:00+00:00,4.472,4.472,4.442,4.442,8.28,-0.0053884279457304,-0.5373936408419211,-0.6263982102908239,-1.5295943249833743,0.2251835735592824,0.6708407869698533,0.5413819271402257,0.558496095121645,0.6753714541478283,0.0,0.003827104907699219,0
2025-05-26 23:00:00+00:00,4.442,4.442,4.442,4.442,0.0,0.0,0.0,0.2030227836679499,-1.8559434379142647,0.0,0.0,0.4083025784266453,0.5523339615901137,0.0,0.0,0.004277352543899271,0
2025-05-27 00:00:00+00:00,4.478,4.479,4.454,4.454,80.75,0.0026978433629401,0.2701485817199422,0.4737198285585275,-2.30313665277474,2.22999562739797,0.5581603035145959,0.4185615893851759,0.5308608639234322,0.5612932194518955,0.0224517287780829,0.015940727436012603,0
2025-05-27 01:00:00+00:00,4.434,4.434,4.371,4.411,179.22,-0.0097011477123732,-0.9654243376740036,-0.496277915632759,-3.0549450549450574,4.179652123116985,0.5187189895086465,0.602173355112283,0.5598491161735409,1.428247562587106,0.0,0.027658127408751065,0
2025-05-27 02:00:00+00:00,4.416,4.424,4.412,4.424,38.79,0.0029428430972312,0.2947177510768783,-0.2030227836679277,-2.7264731750219817,0.8737060429823946,0.0,0.6219383564210276,0.5663103630522327,0.2712477395408674,0.0,0.027350813743218794,0
2025-05-27 03:00:00+00:00,4.424,4.424,4.424,4.424,0.0,0.0,0.0,-0.940438871473348,-2.7264731750219817,0.0,0.0,0.4984091808752438,0.5663103630522327,0.0,0.0,0.02870705244122962,0
2025-05-27 04:00:00+00:00,4.446,4.459,4.446,4.459,14.73,0.0078802614253057,0.7911392405063111,0.3827104907699219,-2.2577816747040957,0.3273757709259932,0.0,0.5826107777019873,0.5899111975735025,0.2915451894389874,0.0,0.02063242879569427,0
2025-05-27 05:00:00+00:00,4.461,4.461,4.461,4.461,0.25,0.0004484305007881,0.0448531060776025,0.4277352543899271,-2.063666300768374,0.0056129847044906,0.0,0.5819179709216347,0.5904470426057056,0.0,0.0,0.02017484868863484,0
2025-05-27 06:00:00+00:00,4.465,4.528,4.465,4.525,85.36,0.0142446210057616,1.434655906747362,1.5940727436012605,-1.200873362445409,1.776220987157088,0.0662544169464814,0.8078312720680906,0.6550241712201439,1.3922651930624763,0.0662983425267677,0.008839779005524795,0
2025-05-27 07:00:00+00:00,4.533,4.533,4.533,4.533,0.32,0.0017663948068227,0.1767955801105003,2.7658127408751065,-1.0262008733624373,0.0073526595946688,0.0,0.5530516257984387,0.6566048555314046,0.0,0.0,0.004853298036620268,0
2025-05-27 08:00:00+00:00,4.54,4.553,4.535,4.545,18.92,0.0026437556707298,0.2647253474520106,2.7350813743218794,-0.7641921397379958,0.4269916497308285,0.1757083241432665,0.554918401284242,0.6595682398012128,0.3960396038732541,0.1760176017214484,0.0,0
2025-05-27 09:00:00+00:00,4.571,4.571,4.551,4.551,5.24,0.0013192614050628,0.1320132013201469,2.870705244122962,-0.5245901639344241,0.1186795764652357,0.437541019374845,0.5358199529145654,0.6601766115307351,0.4394638540014268,0.0,0.005273566249176076,0
2025-05-27 10:00:00+00:00,4.551,4.551,4.551,4.551,0.0,0.0,0.0,2.063242879569427,0.1320132013201469,0.0,0.0,0.5393468785111034,0.6461301438029325,0.0,0.0,0.011645792133597066,0
2025-05-27 11:00:00+00:00,4.551,4.551,4.551,4.551,0.0,0.0,0.0,2.017484868863484,0.708121265766759,0.0,0.0,0.544546798616555,0.6342740938575029,0.0,0.0,0.013183915622939857,0
2025-05-27 12:00:00+00:00,4.565,4.565,4.565,4.565,0.33,0.0030715250124269,0.3076246978686026,0.8839779005524795,0.9285872208711244,0.0080785001732043,0.0,0.1294209888582439,0.6367255545547771,0.0,0.0,0.001971522453450003,0
2025-05-27 13:00:00+00:00,4.58,4.61,4.555,4.555,397.98,-0.0021929833350103,-0.2190580503833694,0.4853298036620268,1.3348164627363657,7.007666854851995,1.193058568070933,0.1952770065874412,0.6237842794821856,1.207464324652601,0.6586169043559622,0.004171240395170139,0
2025-05-27 14:00:00+00:00,4.55,4.55,4.505,4.545,102.09,-0.0021978030824794,-0.2195389681668436,0.0,1.4962036623492605,1.6915737512233096,0.1098901098659558,0.2040305411150272,0.6198016686861009,0.9900990096831448,0.0,0.002200220022002153,0
2025-05-27 15:00:00+00:00,4.531,4.576,4.531,4.575,37.29,0.0065789710980425,0.660066006600668,0.5273566249176076,0.9488084730803203,0.6443614056954988,0.0218531468483591,0.3398407957620701,0.5855608847286735,0.9836065571620516,0.0218579234924779,-0.006557377049180357,0
2025-05-27 16:00:00+00:00,4.586,4.604,4.586,4.604,40.02,0.0063187921321514,0.6338797814207542,1.1645792133597066,2.997762863534681,0.7095272920557671,0.0,0.3998503657571932,0.5133733064891544,0.3909643787161196,0.0,-0.01303214596003488,0
2025-05-27 17:00:00+00:00,4.594,4.611,4.594,4.611,9.98,0.0015192623649322,0.1520417028670673,1.3183915622939857,4.0153394992104685,0.2261692303282928,0.0,0.3898718471179723,0.4714296264882046,0.3686835826569643,0.0,-0.01453047061374979,0
2025-05-27 18:00:00+00:00,4.591,4.591,4.574,4.574,40.95,-0.008056657623979,-0.8024289741921486,0.1971522453450003,3.180690277464482,0.8934707903585127,0.3702896971530701,0.5646607075096455,0.5106696600357814,0.3716659378286771,0.0,-0.01442938347179712,0
2025-05-27 19:00:00+00:00,4.574,4.574,4.574,4.574,0.0,0.0,0.0,0.4171240395170139,3.180690277464482,0.0,0.0,0.5520333303386127,0.5106696600357814,0.0,0.0,-0.004153913423699196,0
2025-05-27 20:00:00+00:00,4.568,4.571,4.555,4.555,28.01,-0.0041625648886677,-0.4153913423699196,0.2200220022002152,2.752086623054373,0.5959627301533674,0.3500328154998837,0.5778404191052856,0.5222311681669315,0.3512623489898439,0.0658616904355981,-0.00724478594950595,0
2025-05-27 21:00:00+00:00,4.558,4.558,4.545,4.545,154.92,-0.0021978030824794,-0.2195389681668436,-0.6557377049180357,1.7689207344379732,2.9901803880622433,0.2852128125745452,0.4941426897899887,0.5086183555522668,0.2860286027973512,0.0,0.0,0
2025-05-27 22:00:00+00:00,4.548,4.548,4.527,4.544,52.02,-0.0002200462105919,-0.0220022002200281,-1.303214596003488,2.2962629446195315,0.9699418103099992,0.0879507475620259,0.3485515972112309,0.4922623884112135,0.4621478872222365,0.0,0.0015404929577464976,0
2025-05-27 23:00:00+00:00,4.544,4.544,4.544,4.544,0.0,0.0,0.0,-1.453047061374979,2.2962629446195315,0.0,0.0,0.320649732279906,0.4922623884112135,0.0,0.0,-0.0017605633802817433,0
2025-05-28 00:00:00+00:00,4.508,4.508,4.508,4.508,14.92,-0.0079540852413202,-0.7922535211267512,-1.442938347179712,1.212393354288288,0.2931861725587989,0.0,0.3170632900738556,0.5228497090069789,0.0,0.0,-0.0006654835847382801,0
2025-05-28 01:00:00+00:00,4.555,4.555,4.555,4.555,50.22,0.0103719345343918,1.04259094942325,-0.4153913423699196,3.26456585808208,1.103392716529211,0.0,0.6167047572050918,0.5129932660764125,0.0,0.0,-0.003951701427003296,0
2025-05-28 02:00:00+00:00,4.515,4.522,4.493,4.522,131.79,-0.0072711568561434,-0.724478594950595,-0.724478594950595,2.215189873417711,2.668398940334384,0.0,0.6629952615591194,0.540723456181801,0.641309155099222,0.0,0.005749668288367982,0
2025-05-28 03:00:00+00:00,4.531,4.545,4.531,4.545,48.2,0.0050733537736639,0.508624502432542,0.0,2.7350813743218794,0.9377888029390966,0.0,0.7064015273002882,0.5468811124840689,0.3080308030125396,0.0,-0.0011001100110010764,0
2025-05-28 04:00:00+00:00,4.526,4.558,4.526,4.551,54.22,0.0013192614050628,0.1320132013201469,0.1540492957746497,2.063242879569427,1.022191150228563,0.153576129847826,0.708235381612046,0.527703438431029,0.7031421664022985,0.1538123489004954,-0.001538123489343124,0
2025-05-28 05:00:00+00:00,4.536,4.536,4.536,4.536,11.94,-0.003301422609054,-0.3295978905735075,-0.1760563380281743,1.6812373907195477,0.2230524939244712,0.0,0.7232917423024109,0.5344551443724179,0.0,0.0,0.008818342151675429,0
2025-05-28 06:00:00+00:00,4.505,4.505,4.505,4.505,0.6,-0.0068576753651496,-0.6834215167548452,-0.066548358473828,-0.4419889502762508,0.0120004000130937,0.0,0.7011124863912065,0.4717499886820399,0.0,0.0,0.031076581576026552,0
2025-05-28 07:00:00+00:00,4.529,4.545,4.529,4.537,1.51,0.0070781096215256,0.7103218645948983,-0.3951701427003296,0.0882417824839887,0.0301710860419397,0.1760176017214484,0.6095290805030309,0.4932700014963547,0.3526559399707616,0.1763279699853808,0.008375578576151677,0
2025-05-28 08:00:00+00:00,4.536,4.563,4.51,4.548,50.5,0.0024215752064628,0.2424509587833467,0.5749668288367982,0.0660066006600734,0.9831836655037224,0.3287310978898174,0.5213288147205228,0.4927800609387863,1.165347405196712,0.3298153033575534,-0.004397537379067784,0
2025-05-28 09:00:00+00:00,4.547,4.547,4.54,4.54,8.26,-0.001760563835033,-0.1759014951627113,-0.1100110011001076,-0.2417051197538988,0.1604207970836738,0.1539476577624851,0.4868857596899269,0.4932797501763415,0.154185021992463,0.0,-0.00770925110132159,0
2025-05-28 10:00:00+00:00,4.526,4.544,4.526,4.544,29.67,0.0008806693655934,0.088105726872234,-0.1538123489343124,-0.1538123489343124,0.5627222582118939,0.0,0.4845018414379159,0.4936854130233563,0.3961267604762,0.0,-0.005061619718309762,0
2025-05-28 11:00:00+00:00,4.561,4.603,4.535,4.576,244.28,0.0070175726586465,0.7042253521126751,0.8818342151675429,0.5493298176224792,3.8833675564064385,0.5865739733681163,0.5352862985958016,0.5144278119504434,1.486013985689237,0.5900349649060268,-0.01551573426573416,0
2025-05-28 12:00:00+00:00,4.611,4.653,4.611,4.645,68.78,0.0149661181883049,1.5078671328671245,3.107658157602655,1.7524644030668002,1.045984222016219,0.1719320867887532,0.5949358539765541,0.5941336281532577,0.904198062238059,0.1722282023310597,-0.038751345532830994,0
2025-05-28 13:00:00+00:00,4.609,4.61,4.575,4.575,254.31,-0.015184673538317,-1.5069967707211918,0.8375578576151677,0.4390779363337094,4.254810105332862,0.7592190887724066,1.001948081980402,0.6754801834454309,0.7650273222371556,0.0218579234924973,-0.031256830601092855,0
2025-05-28 14:00:00+00:00,4.547,4.556,4.45,4.528,347.26,-0.0103263578266029,-1.0273224043716,-0.4397537379067784,-0.3740374037403793,4.961890870050852,0.6145741877492258,1.1055106267395416,0.7075514984305956,2.340989398776281,0.1987632508395033,-0.018551236749116518,0
2025-05-28 15:00:00+00:00,4.528,4.528,4.489,4.505,31.13,-0.0050924498405804,-0.5079505300353282,-0.770925110132159,-1.5300546448087535,0.4464442572045756,0.5079505299231489,1.119969006440566,0.699309121993546,0.8657047722828558,0.0,0.0,0
2025-05-28 16:00:00+00:00,4.496,4.521,4.496,4.521,69.32,0.0035453172521667,0.355160932297438,-0.5061619718309762,-1.8027801911381425,0.9770318124821916,0.0,1.135473119881563,0.6895286558391486,0.5529750054074257,0.0,-0.004644990046449915,0
2025-05-28 17:00:00+00:00,4.514,4.553,4.505,4.505,73.57,-0.0035453172521668,-0.3539040035390406,-1.551573426573416,-2.298850574712641,0.9996037092675468,1.054249944859599,1.0691208948619615,0.6900059263570991,1.0654827966558316,0.8657047722828558,0.011986681465038895,0
2025-05-28 18:00:00+00:00,4.498,4.498,4.465,4.465,209.73,-0.0089186767318388,-0.8879023307436174,-3.8751345532830994,-2.3830345430695177,2.6010872485673397,0.7336594040165355,0.6441876599571652,0.6940681135636769,0.739081746754973,0.0,0.036058230683090775,0
2025-05-28 19:00:00+00:00,4.499,4.499,4.419,4.432,102.41,-0.0074182648834795,-0.739081746920478,-3.1256830601092855,-3.104503716659368,1.2062603984015516,1.4892198262971124,0.4984123593141663,0.7058168088325669,1.8050541512172724,0.0,0.03903429602888098,0
2025-05-28 20:00:00+00:00,4.455,4.465,4.444,4.444,25.53,0.0027039223324006,0.2707581227436639,-1.855123674911652,-2.4368825466520305,0.3010775936163875,0.4703247479349756,0.5186823814400733,0.7076825167511214,0.4725472546191367,0.2250225021995851,0.049729972997299754,0
2025-05-28 21:00:00+00:00,4.491,4.505,4.491,4.505,53.7,0.0136330192829175,1.3726372637263615,0.0,-0.8800880088008833,0.6664356962898259,0.0,0.8400980991688933,0.7675501516923098,0.3107658156912891,0.0,0.0270810210876804,0
2025-05-28 22:00:00+00:00,4.5,4.5,4.5,4.5,0.24,-0.0011104942840271,-0.1109877913429535,-0.4644990046449915,-0.9683098591549256,0.0030604275034278,0.0,0.8221113887300754,0.7676905597905983,0.0,0.0,0.011111111111111072,0
2025-05-28 23:00:00+00:00,4.515,4.588,4.515,4.559,678.91,0.0130259044550302,1.3111111111111071,1.1986681465038895,0.3301056338028241,6.362295978073918,0.6320836964620549,0.9746675437766428,0.8152537096304144,1.6012283391969315,0.6361044087220634,-0.0013160780872999434,0
2025-05-29 00:00:00+00:00,4.596,4.626,4.586,4.626,65.88,0.014589262577943,1.469620530818161,3.6058230683090775,2.6175687666371017,0.6053385197267461,0.0,0.9195862296538504,0.8472158029492419,0.8646779072925477,0.0,-0.01037613488975353,0
2025-05-29 01:00:00+00:00,4.615,4.64,4.595,4.605,109.06,-0.0045498941019772,-0.4539559014267169,3.9034296028880977,1.0976948408342624,0.9800209674915678,0.7543103446650032,0.8405354729468533,0.8306254782492556,0.9771986968561984,0.5428881649200995,-0.011509229098805807,0
2025-05-29 02:00:00+00:00,4.64,4.667,4.635,4.665,107.11,0.0129451645920369,1.3029315960912058,4.972997299729975,3.16231755860239,0.971475216534656,0.0428540818421092,0.8547716216137174,0.8511233894225491,0.6859592710212312,0.0428724544388221,-0.02422293676312981,0
2025-05-29 03:00:00+00:00,4.638,4.66,4.626,4.627,50.78,-0.0081791243744446,-0.8145766345123318,2.70810210876804,1.8041804180418008,0.4601200588926481,0.7081545062858116,1.0197357550358443,0.8683742006069042,0.7348173761109064,0.4754700668953002,-0.018154311649016597,0
2025-05-29 04:00:00+00:00,4.599,4.636,4.535,4.55,335.3,-0.0167814769620034,-1.6641452344931862,1.1111111111111072,-0.0219731927049049,2.7466908777908507,1.855047454302196,1.340869735180152,0.93890945066902,2.2197802192923555,0.813186813008089,-0.0015384615384614886,0
2025-05-29 05:00:00+00:00,4.553,4.553,4.553,4.553,1.0,0.000659123389786,0.0659340659340701,-0.1316078087299943,0.374779541446224,0.0082224445326919,0.0,1.224570811445317,0.9363484119724732,0.0,0.0,0.007247968372501745,0
2025-05-29 06:00:00+00:00,4.525,4.578,4.525,4.578,110.34,0.00547586517773,0.5490885130683187,-1.037613488975353,1.6204217536071042,0.8743899781346423,0.0,1.0479335891409602,0.9300059954309038,1.1577107904854265,0.0,-0.011577107907383088,0
2025-05-29 07:00:00+00:00,4.552,4.552,4.552,4.552,2.03,-0.0056955247063453,-0.567933595456549,-1.1509229098805809,0.3306149437954486,0.0160839853420534,0.0,1.0551000119512803,0.9282866585724407,0.0,0.0,-0.010325131810193233,0
2025-05-29 08:00:00+00:00,4.552,4.552,4.552,4.552,0.0,0.0,0.0,-2.422293676312981,0.0879507475813445,0.0,0.0,0.7888728991164705,0.9270112775114494,0.0,0.0,-0.006590509666080657,0
2025-05-29 09:00:00+00:00,4.543,4.543,4.543,4.543,23.44,-0.0019791100467634,-0.1977152899824141,-1.8154311649016597,0.0660792951541866,0.1879095992342423,0.0,0.7647868524063275,0.927206206141632,0.0,0.0,-0.01650891481399963,0
2025-05-29 10:00:00+00:00,4.543,4.543,4.543,4.543,0.0,0.0,0.0,-0.1538461538461488,-0.0220070422535134,0.0,0.0,0.3643633798356569,0.9270281377272066,0.0,0.0,-0.008804754567466433,0
2025-05-29 11:00:00+00:00,4.586,4.586,4.586,4.586,0.6,0.0094205976584463,0.9465111160026352,0.7247968372501745,0.2185314685314798,0.0052932808415849,0.0,0.541102894345548,0.9361998787813628,0.0,0.0,-0.025076319232446576,0
2025-05-29 12:00:00+00:00,4.589,4.589,4.525,4.525,53.14,-0.0133906072838232,-1.3301351940689043,-1.1577107907383088,-2.583423035522048,0.4715190458367131,1.39463935467539,0.750749329864681,0.9190872664882572,1.4143646405714123,0.0,-0.01679558011049731,0
2025-05-29 13:00:00+00:00,4.519,4.519,4.505,4.505,43.74,-0.0044296860915882,-0.4419889502762508,-1.032513181019323,-1.5300546448087535,0.4208770677766592,0.3098030537044081,0.739786119008622,0.8724143659580228,0.3107658156912891,0.0,-0.014650388457269625,0
2025-05-29 14:00:00+00:00,4.505,4.535,4.461,4.522,110.45,0.0037664827954768,0.3773584905660376,-0.6590509666080657,-0.1325088339222513,1.1742660836852046,0.2866593163645712,0.7726503425590803,0.8515793476720247,1.6364440509428435,0.2874834143548223,-0.01901813356921722,0
2025-05-29 15:00:00+00:00,4.534,4.538,4.468,4.468,46.14,-0.0120134926488239,-1.1941618752764338,-1.6508914813999631,-0.8213096559378408,0.4873042835339878,1.5425297484481044,0.8944306268121408,0.8806028869433479,1.566696508154282,0.0895255147516829,-0.0042524619516562945,0
2025-05-29 16:00:00+00:00,4.505,4.505,4.502,4.503,115.09,0.0078029601124802,0.7833482542524584,-0.8804754567466433,-0.3981420039814165,1.1915157946378008,0.0443951165273213,0.9940215507828398,0.892979621350096,0.0666222518173193,0.0,-0.016211414612480657,0
2025-05-29 17:00:00+00:00,4.479,4.484,4.471,4.471,56.04,-0.007131744067591,-0.7106373528758647,-2.5076319232446576,-0.7547169811320753,0.5845974633305093,0.28991971447593,0.8505237208046518,0.9018370755955848,0.2907626928448283,0.111831804940317,-0.028628942071125096,0
2025-05-29 18:00:00+00:00,4.492,4.501,4.449,4.449,391.12,-0.0049327454279389,-0.4920599418474669,-1.679558011049731,-0.3583426651735721,3.781906085658723,1.1552988222272271,0.7299249390877799,0.888882257420859,1.168801977709878,0.2022926499882538,-0.07597212856821756,0
2025-05-29 19:00:00+00:00,4.447,4.447,4.409,4.439,190.36,-0.0022502259720064,-0.2247696111485675,-1.4650388457269623,0.1579422382671502,1.7776809338355393,0.1798965594378466,0.7257414519469515,0.8766841890254803,0.8560486594151784,0.0,-0.05181347150259075,0
2025-05-29 20:00:00+00:00,4.45,4.45,4.428,4.436,22.32,-0.0006760563637775,-0.0675827889164204,-1.9018133569217224,-0.1800180018001751,0.208696465232836,0.3146067415023408,0.6700390495162302,0.8749750921195537,0.4959422902398741,0.0,-0.05117222723174042,0
2025-05-29 21:00:00+00:00,4.415,4.46,4.415,4.449,109.89,0.0029262823357841,0.293056807935077,-0.4252461951656294,-1.2430632630410663,1.0054823140000566,0.2466367712451514,0.5424700226675898,0.828082414635143,1.0114632499412295,0.2472465722078592,-0.05394470667565754,0
2025-05-29 22:00:00+00:00,4.436,4.436,4.43,4.43,18.7,-0.0042797677668604,-0.4270622611822872,-1.6211414612480657,-1.5555555555555656,0.1699073232766681,0.135256988247242,0.35516588491864,0.8315826286408048,0.1354401805563392,0.0,-0.049435665914221105,0
2025-05-29 23:00:00+00:00,4.403,4.405,4.323,4.343,436.13,-0.0198342305043593,-1.9638826185101488,-2.8628942071125096,-4.7378811142794515,4.363736419457227,1.4074914866271364,0.7867781137634139,0.8663562652315098,1.8880957858880705,0.0460511167289927,-0.032466037301404516,0
2025-05-30 00:00:00+00:00,4.334,4.348,4.111,4.111,875.05,-0.0548990456369434,-5.341929541791391,-7.597212856821756,-11.132728058798111,6.546855662501715,5.4507819674676234,2.1905213244891235,1.3261772308561222,5.765020674832155,0.3405497445048586,0.009486742884943,0
2025-05-30 01:00:00+00:00,4.192,4.233,4.168,4.209,93.06,0.0235587818726921,2.383848212113837,-5.181347150259075,-8.599348534201967,0.6997365147840601,0.5669737773288515,2.6524993742830314,1.4480831891891537,1.544309811940043,0.5702066997932514,-0.002138275124732636,0
2025-05-30 02:00:00+00:00,4.228,4.229,4.209,4.209,8.68,0.0,0.0,-5.1172227231740415,-9.774919614147915,0.0673433762198176,0.472925041269123,2.6568149653664443,1.4067251248101902,0.4751722498277201,0.0237586124913933,0.006414825374198241,0
2025-05-30 03:00:00+00:00,4.209,4.209,4.209,4.209,0.0,0.0,0.0,-5.394470667565754,-9.033931272963049,0.0,0.0,2.63366866962956,1.406790817495148,0.0,0.0,0.006414825374198241,0
2025-05-30 04:00:00+00:00,4.195,4.211,4.192,4.211,78.13,0.0004750593913572,0.0475172249940758,-4.94356659142211,-7.450549450549437,0.6731838661558612,0.0,2.658623082281076,1.3822159405463337,0.4511992399783455,0.0,-0.0007124198527665992,0
2025-05-30 05:00:00+00:00,4.213,4.213,4.195,4.202,34.25,-0.0021395467569821,-0.2137259558299797,-3.2466037301404516,-7.7092027234790255,0.2916237982023631,0.2610966056821541,2.6046775196680625,1.3799743547928056,0.4283674439723018,0.0,-0.002379819133745742,0
2025-05-30 06:00:00+00:00,4.175,4.175,4.15,4.15,41.44,-0.0124522681802016,-1.2375059495478236,0.9486742884943,-9.349060725207517,0.36168448614129,0.5988023950661424,1.183232761869938,1.378685654173377,0.602409638409045,0.0,0.013012048192770909,0
2025-05-30 07:00:00+00:00,4.181,4.2,4.167,4.2,48.27,0.0119761910467156,1.2048192771084263,-0.2138275124732636,-7.732864674868178,0.4143288364937755,0.0,0.7778532087404638,1.4164106849186682,0.7857142855272194,0.0,-0.005238095238095264,0
2025-05-30 08:00:00+00:00,4.175,4.236,4.175,4.236,17.1,0.0085349024498372,0.8571428571428452,0.6414825374198241,-6.942003514938488,0.1458868026463307,0.0,0.8594433587230921,1.4357782142666755,1.4400377711425771,0.0,-0.007790368271954562,0
2025-05-30 09:00:00+00:00,4.236,4.236,4.236,4.236,0.0,0.0,0.0,0.6414825374198241,-6.757649130530496,0.0,0.0,0.8594433587230921,1.4369565920521337,0.0,0.0,-0.01510859301227574,0
2025-05-30 10:00:00+00:00,4.208,4.208,4.208,4.208,3.5,-0.0066319523037511,-0.661000944287049,-0.0712419852766599,-7.373981950253139,0.0300730345121288,0.0,0.9163061668324148,1.437483179945837,0.0,0.0,-0.024239543726235824,0
2025-05-30 11:00:00+00:00,4.193,4.193,4.192,4.192,31.22,-0.0038095284166677,-0.3802281368821325,-0.2379819133745742,-8.591365023986041,0.2653426918123788,0.0238492725914846,0.926155298318314,1.412158753780907,0.0238549618263572,0.0,-0.014312977099236734,0
2025-05-30 12:00:00+00:00,4.199,4.212,4.199,4.204,73.06,0.0028585059959634,0.2862595419847125,1.3012048192770909,-7.093922651933715,0.6165964539603486,0.1899335232217633,0.7142604902466386,1.4028142770412175,0.3092293053498479,0.1902949571383695,-0.00618458610846806,0
2025-05-30 13:00:00+00:00,4.196,4.196,4.178,4.178,45.55,-0.0062037898803305,-0.618458610846806,-0.5238095238095264,-7.258601553829081,0.3841788055000894,0.4289799808319827,0.5888988266315792,1.4040310797597368,0.4308281473358428,0.0,0.0,0
2025-05-30 14:00:00+00:00,4.203,4.203,4.203,4.203,25.49,0.0059658928886057,0.5983724269985835,-0.7790368271954562,-7.054400707651476,0.2216048018701369,0.0,0.5109812176907811,1.4094422077791111,0.0,0.0,-0.005948132286462182,0
2025-05-30 15:00:00+00:00,4.172,4.172,4.172,4.172,14.32,-0.0074030188844537,-0.7375684035213048,-1.510859301227574,-6.62488809310654,0.1259468551754003,0.0,0.5602180335966259,1.3998004185320028,0.0,0.0,-0.001677852348993203,0
2025-05-30 16:00:00+00:00,4.155,4.155,4.05,4.106,653.63,-0.0159462185417842,-1.5819750719079595,-2.4239543726235824,-8.81634465911615,4.801234042648163,1.1793020454442202,0.7816591341542546,1.4051073824190476,2.5572333164741377,0.0,-0.005358012664393619,0
2025-05-30 17:00:00+00:00,4.124,4.132,4.124,4.132,2.75,0.0063122326606502,0.6332196785192368,-1.4312977099236734,-7.582196376649531,0.020535030895734,0.0,0.8905526985605058,1.4181745222092503,0.1936108421603073,0.0,-0.020329138431752103,0
2025-05-30 18:00:00+00:00,4.141,4.178,4.141,4.178,26.1,0.011071111876982,1.1132623426912014,-0.618458610846806,-6.091256462126315,0.2198666198647676,0.0,1.0384264625850834,1.4474158053316726,0.8855911917459073,0.0,-0.04715174724748683,0
2025-05-30 19:00:00+00:00,4.178,4.178,4.178,4.178,0.0,0.0,0.0,0.0,-5.879702635728767,0.0,0.0,1.0070672784864714,1.4483932960208,0.0,0.0,-0.05098133078027767,0
2025-05-30 20:00:00+00:00,4.178,4.178,4.178,4.178,0.0,0.0,0.0,-0.5948132286462182,-5.816050495942293,0.0,0.0,0.9649542933020588,1.4488341656848251,0.0,0.0,-0.04619435136428918,0
2025-05-30 21:00:00+00:00,4.167,4.167,4.165,4.165,1.44,-0.003116387515568,-0.3111536620392541,-0.1677852348993203,-6.38345695661946,0.0136715891243109,0.0479961602956519,0.9229708226617256,1.4442436073335374,0.0480192076715387,0.0,-0.05066026410564217,0
2025-05-30 22:00:00+00:00,4.122,4.122,4.056,4.084,116.86,-0.0196393753163869,-1.9447779111644747,-0.5358012664393619,-7.810383747178329,1.0680152168765658,0.9218825810475844,1.0516846044308206,1.4847865088203127,1.6160626832477771,0.0,-0.031586679725758904,0
2025-05-30 23:00:00+00:00,4.038,4.066,4.011,4.048,103.56,-0.0088539683172545,-0.8814887365327984,-2.0329138431752103,-6.792539719088186,1.083707585906879,0.4426955237474874,1.025742066524638,1.448378965601023,1.3586956518382598,0.4446640315107004,-0.018280632411067144,0
2025-05-31 00:00:00+00:00,4.002,4.044,3.963,3.981,896.94,-0.0166898879669842,-1.6551383399209474,-4.7151747247486835,-3.162247628314274,9.297324378507296,1.5578635010984443,0.8527053201237089,0.9896721299843676,2.03466465661022,1.0550113034275233,0.0045214770158252815,0
2025-05-31 01:00:00+00:00,3.994,3.994,3.922,3.965,253.23,-0.0040271889313688,-0.4019090680733472,-5.098133078027766,-5.797101449275354,2.455047828311255,0.7260891335187648,0.7902292830477319,0.8362344412104908,1.815889028545805,0.0,0.010592686002522056,0
2025-05-31 02:00:00+00:00,3.983,4.001,3.983,3.985,139.3,0.0050314571553669,0.5044136191677095,-4.619435136428917,-5.321929199334752,1.2828167327807454,0.3999000248938129,0.9177009226733784,0.8489540377333913,0.4516938518314504,0.4015056460724066,0.005520702634880692,0
2025-05-31 03:00:00+00:00,3.954,3.955,3.901,3.954,160.35,-0.007809587493753,-0.7779171894604642,-5.066026410564217,-6.0584461867426835,1.391076779589521,0.0252844500568153,0.8884879400593719,0.854787152838354,1.3657056142221349,0.0252908447078143,0.0035407182599898057,0
2025-05-31 04:00:00+00:00,3.94,3.955,3.938,3.955,103.46,0.0002528764711919,0.0252908447142097,-3.1586679725758904,-6.079316076941355,0.8893983136372167,0.0,0.7587320053512463,0.8544511410431663,0.4298356509659051,0.0,0.003286978508217464,0
2025-05-31 05:00:00+00:00,3.99,3.994,3.974,3.974,13.93,0.0047925429100079,0.4804045512010191,-1.8280632411067144,-5.425987624940499,0.120627818869603,0.5007511265646596,0.8335176035371914,0.8677355723762292,0.5032712630842301,0.100654252616846,-0.0015098137896326635,0
2025-05-31 06:00:00+00:00,3.934,3.999,3.916,3.999,231.01,0.0062711857350561,0.6290890790135784,0.4521477015825281,-3.6385542168674734,1.8723772149780529,0.0,0.5683162908050446,0.8568206766181441,2.075518879200925,0.0,0.013503375843960885,0
2025-05-31 07:00:00+00:00,4.007,4.007,4.007,4.007,26.32,0.0019985017893261,0.2000500125031168,1.0592686002522056,-4.595238095238107,0.2149214730922322,0.0,0.5179860346484297,0.8113662250791234,0.0,0.0,0.015223359121537383,0
2025-05-31 08:00:00+00:00,4.007,4.007,4.007,4.007,0.0,0.0,0.0,0.5520702634880692,-5.406043437204911,0.0,0.0,0.494554466436969,0.781522225823548,0.0,0.0,0.014973795857250005,0
2025-05-31 09:00:00+00:00,3.969,3.969,3.968,3.968,26.7,-0.009780642231381,-0.9732967307212292,0.3540718259989805,-6.32672332389046,0.2173146314315311,0.0251952632841505,0.5655671189444154,0.7943179367129063,0.0252016128968718,0.0,0.02116935483870952,0
2025-05-31 10:00:00+00:00,3.968,3.968,3.968,3.968,0.0,0.0,0.0,0.3286978508217464,-5.703422053231943,0.0,0.0,0.5659618474874466,0.7916601609895315,0.0,0.0,0.02116935483870952,0
2025-05-31 11:00:00+00:00,3.968,3.968,3.968,3.968,0.0,0.0,0.0,-0.1509813789632663,-5.343511450381689,0.0,0.0,0.5265021273069188,0.792627754095381,0.0,0.0,0.030493951612903247,0
2025-05-31 12:00:00+00:00,4.016,4.053,4.016,4.053,15.57,0.0211951582235451,2.1421370967741993,1.3503375843960883,-3.591817316841095,0.130816975959076,0.0,1.0187294665221354,0.9221815763551644,0.9129040214870684,0.0,0.00888230940044421,0
2025-05-31 13:00:00+00:00,4.068,4.068,4.068,4.068,26.32,0.0036941305401418,0.3700962250184902,1.5223359121537383,-2.632838678793692,0.2226357638282639,0.0,1.020291228052698,0.9224759587634788,0.0,0.0,0.010078662733530086,0
2025-05-31 14:00:00+00:00,4.083,4.085,4.067,4.067,204.75,-0.0002458512612259,-0.0245821042281102,1.4973795857250003,-3.235783963835359,1.629018677014362,0.4406364748003287,1.0215533505317362,0.9103897375617688,0.4425866731146773,0.049176297012737,0.008359970494221658,0
2025-05-31 15:00:00+00:00,4.094,4.117,4.05,4.052,134.73,-0.0036950405386507,-0.3688222276862718,2.116935483870952,-2.8763183125599223,1.0307846793781417,1.578819528399616,0.8982826698036073,0.902822001619306,1.6535044418426736,0.5676209277967295,0.01505429417571591,0
2025-05-31 16:00:00+00:00,4.052,4.052,4.052,4.052,0.0,0.0,0.0,2.116935483870952,-1.3151485630784276,0.0,0.0,0.8982826698036073,0.8466319219075341,0.0,0.0,0.004689042448173808,0
2025-05-31 17:00:00+00:00,4.089,4.089,4.089,4.089,0.73,0.0090898549960684,0.9131293188548996,3.0493951612903247,-1.040658276863482,0.0070608148953494,0.0,0.9042541682244738,0.8582416230700964,0.0,0.0,0.0014673514306675628,0
2025-05-31 18:00:00+00:00,4.089,4.089,4.089,4.089,0.0,0.0,0.0,0.888230940044421,-2.130205840114874,0.0,0.0,0.4403463347195785,0.8227216359534933,0.0,0.0,-0.0044020542920031325,0
2025-05-31 19:00:00+00:00,4.109,4.109,4.109,4.109,10.0,0.0048792485187672,0.4891171435558616,1.0078662733530086,-1.651507898516036,0.0973551841626089,0.0,0.4547207033238988,0.8310216972670746,0.0,0.0,-0.010708201508882853,0
2025-05-31 20:00:00+00:00,4.101,4.101,4.101,4.101,1.0,-0.0019488434913504,-0.1946945728887761,0.8359970494221658,-1.8429870751555777,0.0097315708376313,0.0,0.4739879722420227,0.8312663150876233,0.0,0.0,-0.0153621068032187,0
2025-05-31 21:00:00+00:00,4.113,4.113,4.113,4.113,12.09,0.0029218428383649,0.2926115581565636,1.505429417571591,-1.2484993997598948,0.1171487978671249,0.0,0.4038727856499141,0.833007847117586,0.0,0.0,-0.013858497447118978,0
2025-05-31 22:00:00+00:00,4.072,4.072,4.071,4.071,9.93,-0.0102640197274454,-1.02115244347194,0.4689042448173808,-0.3183153770812907,0.1005603564667105,0.0245579567719733,0.6640336996668958,0.7580791210947395,0.024563989185819,0.0,-0.00368459837877666,0
2025-05-31 23:00:00+00:00,4.094,4.095,4.094,4.095,121.76,0.0058780477841909,0.5895357406042745,0.1467351430667562,1.1610671936758798,1.2236571026458605,0.0,0.5927654541872438,0.7439035880501634,0.0244200244140475,0.0,-0.009768009768009733,0
2025-06-01 00:00:00+00:00,4.041,4.071,4.04,4.071,101.19,-0.0058780477841909,-0.586080586080584,-0.4402054292003132,2.260738507912574,1.525122929949319,0.0,0.6439740056023064,0.663826354876905,0.7614836647601292,0.0,0.0017194792434291895,0
2025-06-01 01:00:00+00:00,4.071,4.083,4.064,4.065,630.05,-0.0014749265210677,-0.1473839351510575,-1.0708201508882853,2.522068095838592,7.678893351995341,0.4408523143666732,0.5824876910733418,0.6575519293581747,0.4674046739317608,0.2952029519569107,0.00319803198031976,0
2025-06-01 02:00:00+00:00,4.038,4.038,4.038,4.038,21.25,-0.0066642231091281,-0.6642066420664228,-1.53621068032187,1.329987452948567,0.2755059044661062,0.0,0.6158444459472029,0.6698911123319777,0.0,0.0,-0.003714710252600395,0
2025-06-01 03:00:00+00:00,4.071,4.071,4.056,4.056,5.56,0.0044477463982362,0.4457652303120341,-1.3858497447118978,2.5796661608497695,0.0786630117594317,0.3684598377871551,0.645544338869176,0.6498065253436002,0.3698224851159136,0.0,-0.019477317554240647,0
2025-06-01 04:00:00+00:00,4.056,4.056,4.056,4.056,0.0,0.0,0.0,-0.368459837877666,2.553729456384324,0.0,0.0,0.5161425018670561,0.6499637804535446,0.0,0.0,-0.012820512820512886,0
2025-06-01 05:00:00+00:00,4.088,4.088,4.055,4.055,10.92,-0.0002465787215058,-0.0246548323471484,-0.9768009768009732,2.0382486160040125,0.1648426296299367,0.8072407043035215,0.4121235237915617,0.6454742653116273,0.8138101107734221,0.0,-0.005672009864364891,0
2025-06-01 06:00:00+00:00,4.078,4.078,4.078,4.078,1.22,0.0056559845848874,0.5672009864365224,0.1719479243429189,1.9754938734683811,0.0215279871181196,0.0,0.4425579429421704,0.6433425692549766,0.0,0.0,-0.013977439921530221,0
2025-06-01 07:00:00+00:00,4.078,4.078,4.078,4.078,0.0,0.0,0.0,0.319803198031976,1.7718991764412495,0.0,0.0,0.4348474389932924,0.64303754126697,0.0,0.0,-0.013977439921530221,0
2025-06-01 08:00:00+00:00,4.028,4.028,4.023,4.023,43.58,-0.0135787791846123,-1.348700343305553,-0.3714710252600395,0.3993012228600046,0.759371256384924,0.124131082392219,0.6839711061619695,0.7063743858153047,0.1242853591537917,0.0,0.007954262987819982,0
2025-06-01 09:00:00+00:00,4.032,4.032,3.977,3.977,70.83,-0.0115001267420975,-1.1434253044991238,-1.9477317554240647,0.2268145161290258,1.1958803500374957,1.3640873012489902,0.7539304783983004,0.7176830954147314,1.382951973501902,0.0,0.01709831531304995,0
2025-06-01 10:00:00+00:00,4.004,4.004,4.004,4.004,0.64,0.0067660952274205,0.6789036962534523,-1.2820512820512886,0.9072580645161256,0.0108007763056147,0.0,0.8564082248777449,0.7304715200200651,0.0,0.0,0.01373626373626391,0
2025-06-01 11:00:00+00:00,4.032,4.032,4.032,4.032,34.04,0.0069686693160934,0.6993006993007089,-0.5672009864364891,1.6129032258064502,0.5610372486447471,0.0,0.9354958003360055,0.7426591182586519,0.0,0.0,0.006696428571428603,0
2025-06-01 12:00:00+00:00,4.021,4.021,4.021,4.021,7.28,-0.0027319028539305,-0.2728174603174649,-1.397743992153022,-0.7895386133728088,0.1206738173987331,0.0,0.8779741972686312,0.6024679488583417,0.0,0.0,0.009450385476249767,0
2025-06-01 13:00:00+00:00,4.005,4.021,4.005,4.021,495.97,0.0,0.0,-1.397743992153022,-1.1553588987217256,6.207643205729806,0.0,0.8779741972686312,0.596427824285058,0.3979109673220816,0.0,0.009450385476249767,0
2025-06-01 14:00:00+00:00,4.056,4.056,4.055,4.055,18.33,0.0084200596522391,0.8455608057696962,0.7954262987819982,-0.2950577821490108,0.2541274334203113,0.0246548323410696,0.7674558364538889,0.6235487939286048,0.0246609124476874,0.0,-0.01085080147965467,0
2025-06-01 15:00:00+00:00,4.042,4.045,4.042,4.045,3.23,-0.0024691370569211,-0.2466091245376001,1.709831531304995,-0.1727541954590239,0.0484621155281551,0.0,0.511653395617646,0.6209924363459105,0.0741656365700483,0.0,0.004697156983930917,0
2025-06-01 16:00:00+00:00,4.068,4.068,4.059,4.059,26.81,0.0034550873463057,0.346106304079119,1.373626373626391,0.1727541954590572,0.3956198006594309,0.2212389379986987,0.4773602933427857,0.6251576329941101,0.2217294899675328,0.0,0.003695491500369519,0
2025-06-01 17:00:00+00:00,4.059,4.059,4.059,4.059,0.0,0.0,0.0,0.6696428571428603,-0.7336757153338258,0.0,0.0,0.4218317513512865,0.5949534229597991,0.0,0.0,0.001724562700172294,0
2025-06-01 18:00:00+00:00,4.059,4.059,4.059,4.059,0.0,0.0,0.0,0.9450385476249769,-0.7336757153338258,0.0,0.0,0.3851912955577906,0.5949534229597991,0.0,0.0,0.001724562700172294,0
2025-06-01 19:00:00+00:00,4.059,4.059,4.059,4.059,0.0,0.0,0.0,0.9450385476249769,-1.2168410805548755,0.0,0.0,0.3851912955577906,0.5847098292418932,0.0,0.0,0.006405518600640425,0
2025-06-01 20:00:00+00:00,4.011,4.011,4.011,4.011,3.85,-0.0118960510688448,-1.1825572801182571,-1.085080147965467,-2.194586686174105,0.0570888398723717,0.0,0.528605550934474,0.6289340234445934,0.0,0.0,0.0072301171777611195,0
2025-06-01 21:00:00+00:00,4.045,4.064,4.041,4.064,34.13,0.0131271234882649,1.3213662428322115,0.4697156983930917,-1.1913445173839188,0.499289880948705,0.0,0.8026394148321028,0.6878130480420148,0.565944881750498,0.0,-0.013779527559055094,0
2025-06-01 22:00:00+00:00,4.074,4.074,4.074,4.074,12.24,0.0024576075284331,0.2460629921259727,0.3695491500369519,0.0736919675755398,0.1788079470172554,0.0,0.7970062863569586,0.657647892627168,0.0,0.0,-0.016200294550809957,0
2025-06-01 23:00:00+00:00,4.062,4.066,4.061,4.066,74.48,-0.0019656025984591,-0.1963672066764843,0.1724562700172294,-0.7081807081807057,1.120280772106489,0.0,0.8040472596254625,0.6467248333640205,0.1229709788187452,0.0,-0.014264633546482997,0
2025-06-02 00:00:00+00:00,4.066,4.066,4.066,4.066,0.0,0.0,0.0,0.1724562700172294,-0.1228199459592183,0.0,0.0,0.8040472596254625,0.6357030030871912,0.0,0.0,-0.014264633546482997,0
2025-06-02 01:00:00+00:00,4.085,4.085,4.085,4.085,6.01,0.0046620131058113,0.4672897196261738,0.6405518600640425,0.4920049200491938,0.165722623707185,0.0,0.8230191977827791,0.6420383020657205,0.0,0.0,-0.018849449204406343,0
2025-06-02 02:00:00+00:00,4.04,4.04,4.04,4.04,4.94,-0.0110770363389074,-1.1015911872705009,0.723011717776112,0.0495294700346704,0.1388192866972676,0.0,0.7975086763342144,0.6683440421499921,0.0,0.0,-0.010643564356435653,0
2025-06-02 03:00:00+00:00,4.011,4.011,4.008,4.008,14.48,-0.007952328190495,-0.7920792079207928,-1.3779527559055094,-1.183431952662728,0.4026976291343198,0.0747943156133675,0.609082116282316,0.6804521060163327,0.0748502993825252,0.0,-0.011227544910179632,0
2025-06-02 04:00:00+00:00,4.008,4.008,4.008,4.008,0.0,0.0,0.0,-1.6200294550809955,-1.183431952662728,0.0,0.0,0.5780611033946409,0.6804521060163327,0.0,0.0,-0.006986027944111739,0
2025-06-02 05:00:00+00:00,4.008,4.008,4.008,4.008,0.0,0.0,0.0,-1.4264633546482997,-1.1590628853267448,0.0,0.0,0.5886784511317179,0.6805100222664636,0.0,0.0,-0.01072854291417169,0
2025-06-02 06:00:00+00:00,4.008,4.008,4.008,4.008,0.0,0.0,0.0,-1.4264633546482997,-1.7165277096616085,0.0,0.0,0.5886784511317179,0.6679943768547025,0.0,0.0,-0.003493013972055814,0
2025-06-02 07:00:00+00:00,4.008,4.008,4.008,4.008,0.0,0.0,0.0,-1.8849449204406343,-1.7165277096616085,0.0,0.0,0.5011735666825943,0.6679943768547025,0.0,0.0,-0.003493013972055814,0
2025-06-02 08:00:00+00:00,4.008,4.008,3.98,3.997,131.9,-0.0027482840533772,-0.2744510978043957,-1.0643564356435653,-0.6462838677603777,3.3706716639540697,0.2744510977359184,0.3215858780744021,0.6115579306014499,0.700525393870272,0.0,0.01200900675506622,0
2025-06-02 09:00:00+00:00,3.977,3.993,3.962,3.963,92.64,-0.0085427655208884,-0.8506379784838591,-1.1227544910179632,-0.3520241387980793,2.3136622370567994,0.7513148007134149,0.3443368735260425,0.5905658900505694,0.7822356798429809,0.4037345444350913,0.011607368155437836,0
2025-06-02 10:00:00+00:00,3.98,3.98,3.98,3.98,37.77,0.0042805050880483,0.4289679535705248,-0.6986027944111739,-0.5994005994005902,0.908205590600344,0.0,0.4258247122769371,0.5800005154362274,0.0,0.0,0.01155778894472359,0
2025-06-02 11:00:00+00:00,3.965,3.965,3.965,3.965,18.4,-0.003775964209535,-0.3768844221105571,-1.072854291417169,-1.6617063492063489,0.4494839484449365,0.0,0.4329458993057672,0.5630752254231615,0.0,0.0,0.019924337957124783,0
2025-06-02 12:00:00+00:00,3.974,3.994,3.974,3.994,43.13,0.0072873799068121,0.7313997477931933,-0.3493013972055814,-0.671474757522994,1.0165077431976548,0.0,0.5730231985345358,0.5840913478445363,0.5007511265646596,0.0,0.012518778167250666,0
2025-06-02 13:00:00+00:00,3.994,3.994,3.994,3.994,0.0,0.0,0.0,-0.3493013972055814,-0.671474757522994,0.0,0.0,0.5730231985345358,0.5840913478445363,0.0,0.0,0.012518778167250666,0
2025-06-02 14:00:00+00:00,4.053,4.053,4.045,4.045,7.05,0.0126883155168314,1.276915373059584,1.200900675506622,-0.2466091245376001,0.3310765859039137,0.1973846532945018,0.7692960341125538,0.617289829825818,0.197775030853455,0.0,-0.005191594561186674,0
2025-06-02 15:00:00+00:00,4.011,4.011,4.009,4.009,61.33,-0.008939716850085,-0.8899876390605632,1.1607368155437836,-0.8899876390605632,2.5861269237787843,0.0498628770755709,0.7802578529825427,0.6417210132296469,0.0498877525442978,0.0,0.027687702668994785,0
2025-06-02 16:00:00+00:00,4.035,4.035,4.026,4.026,63.66,0.0042314935572295,0.4240458967323279,1.155778894472359,-0.8130081300813052,2.5211465156342174,0.2230483270822764,0.7799642448725058,0.6439263635347607,0.2235469448029029,0.0,0.03353204172876301,0
2025-06-02 17:00:00+00:00,4.038,4.044,4.038,4.044,721.51,0.0044609739406252,0.447093889716843,1.9924337957124785,-0.3695491500369741,13.044052066776352,0.0,0.7306914844797479,0.6513465899733373,0.1483679524855504,0.0,0.02522255192878342,0
2025-06-02 18:00:00+00:00,4.044,4.044,4.044,4.044,0.0,0.0,0.0,1.2518778167250666,-0.3695491500369741,0.0,0.0,0.7112257396253967,0.6513465899733373,0.0,0.0,0.03313550939663701,0
2025-06-02 19:00:00+00:00,4.044,4.044,4.044,4.044,0.0,0.0,0.0,1.2518778167250666,-0.3695491500369741,0.0,0.0,0.7112257396253967,0.6513465899733373,0.0,0.0,0.042532146389713255,0
2025-06-02 20:00:00+00:00,4.068,4.073,4.024,4.024,37.61,-0.0049578683607867,-0.4945598417408381,-0.5191594561186674,0.3241087010720456,0.6630818053479711,1.203044438693099,0.5249557705788334,0.6111214781771757,1.2176938366755328,0.1242544731301748,0.03653081510934397,0
2025-06-02 21:00:00+00:00,4.085,4.12,4.085,4.12,71.03,0.023576730563997,2.385685884691857,2.7687702668994785,1.3779527559055094,1.2192421576411752,0.0,0.9939118545632072,0.7328185833099912,0.8495145629006067,0.0,0.006796116504854233,0
2025-06-02 22:00:00+00:00,4.13,4.161,4.13,4.161,43.72,0.0099022666393691,0.9951456310679508,3.3532041728763007,2.135493372606767,0.7339367401916438,0.0,1.0169510036043934,0.7565276916009457,0.745013217797394,0.0,-0.004806536890170521,0
2025-06-02 23:00:00+00:00,4.141,4.146,4.141,4.146,87.46,-0.0036114159872163,-0.3604902667627918,2.522255192878342,1.9675356615838744,1.4549991681674428,0.0,1.0845499162116192,0.7599577873046368,0.1205981668787726,0.0,0.0016883743367099857,0
2025-06-03 00:00:00+00:00,4.166,4.178,4.166,4.178,18.48,0.0076886491207861,0.7718282682103172,3.313550939663701,2.75454992621742,0.3035479632013215,0.0,1.0710241368409756,0.7724890939211733,0.2872187648905547,0.0,-0.005983724269985724,0
2025-06-03 01:00:00+00:00,4.189,4.216,4.18,4.216,315.02,0.0090541481046872,0.9095260890378264,4.2532146389713255,3.2068543451652554,4.271143927224267,0.0,1.0425713884416434,0.7862941318726995,0.8538899428714796,0.0,-0.008064516129032251,0
2025-06-03 02:00:00+00:00,4.198,4.198,4.171,4.171,25.71,-0.0107309960242529,-1.0673624288425,3.6530815109343977,3.242574257425757,0.3445418504616288,0.6431634109949619,1.1905054550220182,0.7839511913233207,0.6473267799934516,0.0,-0.007192519779429474,0
2025-06-03 03:00:00+00:00,4.148,4.148,4.148,4.148,12.06,-0.0055295248475274,-0.551426516422937,0.6796116504854233,3.4930139720558806,0.1618357487900988,0.0,0.8834864787191724,0.7729619643745597,0.0,0.0,-0.0016875602700096026,0
2025-06-03 04:00:00+00:00,4.141,4.141,4.141,4.141,10.0,-0.0016889858038506,-0.1687560270009602,-0.4806536890170521,3.3183632734530955,0.1334460210826905,0.0,0.7731090310420946,0.7750870154428202,0.0,0.0,0.007244626901714568,0
2025-06-03 05:00:00+00:00,4.151,4.153,4.151,4.153,12.64,0.0028936600851862,0.2897850760685827,0.1688374336709985,3.6177644710578822,0.1674985644220041,0.0,0.7714589882072056,0.7751297684114272,0.0481579580909752,0.0,0.007223693715386448,0
2025-06-03 06:00:00+00:00,4.153,4.153,4.153,4.153,0.0,0.0,0.0,-0.5983724269985724,3.6177644710578822,0.0,0.0,0.6825394683026872,0.7751297684114272,0.0,0.0,-0.00577895497230918,0
2025-06-03 07:00:00+00:00,4.182,4.182,4.182,4.182,0.6,0.0069586363578256,0.6982903924873884,-0.8064516129032251,4.341317365269481,0.0079482480735484,0.0,0.6236200982672342,0.7823311941565844,0.0,0.0,-0.00717360114777621,0
2025-06-03 08:00:00+00:00,4.142,4.142,4.141,4.141,36.46,-0.0098522964430117,-0.9803921568627528,-0.7192519779429474,3.6027020265198884,0.5098468781246438,0.0241429261168253,0.5976746092388315,0.81301027343848,0.0241487563332249,0.0,0.013523303549867194,0
2025-06-03 09:00:00+00:00,4.142,4.142,4.141,4.141,6.0,0.0,0.0,-0.1687560270009602,4.491546807973745,0.0883630740518637,0.0241429261168253,0.5590006464898689,0.7854799579329882,0.0241487563332249,0.0,0.012315865732914766,0
2025-06-03 10:00:00+00:00,4.165,4.171,4.165,4.171,7.11,0.0072185106513779,0.7244626901714568,0.7244626901714568,4.798994974874371,0.1067180327442737,0.0,0.6281497388416529,0.7917286132717795,0.1438503955541051,0.0,0.005034763845600532,0
2025-06-03 11:00:00+00:00,4.182,4.183,4.182,4.183,92.65,0.0028728772452531,0.28770079117717,0.7223693715386448,5.4981084489281296,1.3289266866886835,0.0,0.6280384339255782,0.7823878523403595,0.0239062873478456,0.0,-0.0002390628735355893,0
2025-06-03 12:00:00+00:00,4.142,4.142,4.129,4.129,86.98,-0.0129934455561082,-1.2909395170930038,-0.577895497230918,3.3800701051577287,1.21573834647822,0.3138580395186433,0.8591646193546045,0.8332606804908204,0.3148462096597803,0.0,0.012109469605231515,0
2025-06-03 13:00:00+00:00,4.161,4.161,4.152,4.152,18.99,0.0055548989596345,0.5570356018406608,-0.717360114777621,3.955933900851272,0.2625239765641358,0.216294160005684,0.8348363939962202,0.836952787753317,0.2167630057281267,0.0,0.005298651252408471,0
2025-06-03 14:00:00+00:00,4.16,4.197,4.138,4.197,139.08,0.0107798384878663,1.0838150289017356,1.3523303549867194,3.7577255871446225,1.786799421849535,0.0,0.8320804684702954,0.8268213057945685,1.4057660230150704,0.0,-0.01334286395044082,0
2025-06-03 15:00:00+00:00,4.194,4.194,4.192,4.192,14.37,-0.0011920373327127,-0.1191327138432174,1.2315865732914766,4.564729358942365,0.1893758854319025,0.0476871721393158,0.8398815381972118,0.7987875725399534,0.0477099236527357,0.0,-0.021708015267175584,0
2025-06-03 16:00:00+00:00,4.192,4.192,4.192,4.192,0.0,0.0,0.0,0.5034763845600532,4.123199205166417,0.0,0.0,0.8017009289279651,0.7979947236430813,0.0,0.0,-0.012166030534351169,0
2025-06-03 17:00:00+00:00,4.183,4.183,4.142,4.182,207.63,-0.0023883460122991,-0.2385496183206048,-0.0239062873535589,3.412462908011893,4.007011900855446,0.0239062873478456,0.8037500481106882,0.799875272300166,0.9803921566283011,0.0,-0.008130081300813163,0
2025-06-03 18:00:00+00:00,4.179,4.179,4.179,4.179,9.47,-0.0007176175406635,-0.0717360114777632,1.2109469605231515,3.33827893175076,0.1813785343162368,0.0,0.5109887938330655,0.8005544848717082,0.0,0.0,-0.0038286671452500975,0
2025-06-03 19:00:00+00:00,4.196,4.196,4.173,4.174,50.03,-0.0011971748107693,-0.1196458482890627,0.5298651252408471,3.214638971315553,0.9214335047025444,0.5243088654613027,0.4911693390822269,0.8018160795181821,0.5510301867390843,0.0,0.004791566842357264,0
2025-06-03 20:00:00+00:00,4.141,4.141,4.141,4.141,0.6,-0.0079375040915789,-0.7906085289889897,-1.334286395044082,2.9075546719681933,0.0113735990330284,0.0,0.2898430919025938,0.8141682277002418,0.0,0.0,0.009659502535619424,0
2025-06-03 21:00:00+00:00,4.141,4.141,4.101,4.101,21.22,-0.009706458153508,-0.9659502535619424,-2.1708015267175584,-0.461165048543688,0.4187193738201324,0.9659502533286776,0.4113210328621087,0.6903970310804038,0.9753718602839871,0.0,0.02438429651304541,0
2025-06-03 22:00:00+00:00,4.131,4.141,4.131,4.141,21.16,0.0097064581535081,0.9753718605218342,-1.2166030534351169,-0.4806536890170521,0.4254263981417667,0.0,0.6842730578148704,0.6891626812682542,0.2414875633321639,0.0,0.015213716493600593,0
2025-06-03 23:00:00+00:00,4.158,4.158,4.148,4.148,7.21,0.0016889858038506,0.1690412943733399,-0.8130081300813163,0.0482392667631392,0.1554060729038683,0.2405002404424163,0.7001841182403666,0.6862443103710117,0.2410800385147028,0.0,0.009402121504339611,0
2025-06-04 00:00:00+00:00,4.134,4.163,4.133,4.163,25.02,0.0036096778455576,0.3616200578592243,-0.3828667145250097,-0.3590234561991257,0.5361380701843134,0.0,0.7297914819003712,0.6713150670504995,0.7206341578859934,0.0,0.0074465529666105645,0
2025-06-04 01:00:00+00:00,4.149,4.194,3.942,4.194,980.67,0.0074189642668897,0.7446552966610565,0.4791566842357264,-0.5218216318785607,13.180605490229755,0.0,0.7981852479216494,0.6623374067768207,6.008583689554457,0.0,0.0,0
2025-06-04 02:00:00+00:00,4.199,4.199,4.181,4.181,144.58,-0.0031044801053002,-0.3099666189794958,0.9659502535619424,0.2397506593142973,1.8219298199326204,0.4286734935868792,0.7121654761044016,0.6270614866590851,0.4305190144868357,0.0,0.0031093039942597933,0
2025-06-04 03:00:00+00:00,4.181,4.202,4.181,4.201,54.7,0.0047721398128169,0.4783544606553391,2.438429651304541,1.2777242044358816,0.6742092369869189,0.0237981913318027,0.449031299334313,0.6220911953180406,0.4998809805998833,0.0238038562190501,-0.005474886931682854,0
2025-06-04 04:00:00+00:00,4.165,4.204,4.154,4.204,435.3,0.0007138608274596,0.0714115686741179,1.5213716493600593,1.5213716493600593,4.403511951634505,0.0,0.3628961551932753,0.6202973443971224,1.1893434821148046,0.0,-0.00618458610846806,0
2025-06-04 05:00:00+00:00,4.206,4.209,4.187,4.187,54.99,-0.0040519659776983,-0.4043767840152146,0.9402121504339612,0.8186852877438255,0.5465252068422836,0.5226894748104647,0.453462173666648,0.6254538308336159,0.5254358728145448,0.071650346292876,-0.010986386434201134,0
2025-06-04 06:00:00+00:00,4.194,4.194,4.194,4.194,0.48,0.0016704454427218,0.1671841413900088,0.7446552966610565,0.9872381411028196,0.0047695938392272,0.0,0.4427122187628296,0.6259885601047483,0.0,0.0,-0.025274201239866456,0
2025-06-04 07:00:00+00:00,4.194,4.194,4.194,4.194,0.0,0.0,0.0,0.0,0.2869440459110306,0.0,0.0,0.3228917114445577,0.6102524117225993,0.0,0.0,-0.03171196948020982,0
2025-06-04 08:00:00+00:00,4.194,4.194,4.194,4.194,0.0,0.0,0.0,0.3109303994259793,1.2798840859695737,0.0,0.0,0.2859560542515526,0.5722091709835211,0.0,0.0,-0.03290414878397707,0
2025-06-04 09:00:00+00:00,4.178,4.178,4.178,4.178,10.0,-0.0038222693453541,-0.3814973772055308,-0.5474886931682854,0.8935039845447967,0.1007455168234863,0.0,0.2420947596432488,0.5790267414886741,0.0,0.0,-0.018429870751555777,0
2025-06-04 10:00:00+00:00,4.178,4.178,4.178,4.178,0.0,0.0,0.0,-0.618458610846806,0.1678254615200103,0.0,0.0,0.2341113313365702,0.560356425760686,0.0,0.0,-0.020344662517951195,0
2025-06-04 11:00:00+00:00,4.141,4.141,4.141,4.141,0.6,-0.0088953585709437,-0.8855911919578685,-1.0986386434201134,-1.004064068850108,0.0063072691276033,0.0,0.39035239189856,0.5856792464181652,0.0,0.0,-0.024873219029219906,0
2025-06-04 12:00:00+00:00,4.108,4.108,4.085,4.088,196.38,-0.0128814516620269,-1.2798840859695737,-2.5274201239866456,-0.992976507628951,1.9699725807332644,0.4868549171161399,0.5485437656784301,0.5846374727014727,0.5626223090600162,0.0,-0.0044031311154598685,0
2025-06-04 13:00:00+00:00,4.071,4.071,4.061,4.061,31.28,-0.0066266041972426,-0.6604696673189858,-3.1711969480209823,-2.191714836223513,0.3121795431548579,0.2456398918581033,0.5108784161194118,0.5834246761464662,0.2462447672380532,0.0,-0.0007387343018960824,0
2025-06-04 14:00:00+00:00,4.056,4.056,4.056,4.056,6.14,-0.0012319824152786,-0.1231223836493433,-3.290414878397707,-3.359542530378845,0.0648640083097957,0.0,0.4868867835764136,0.5275053348606734,0.0,0.0,-0.015285996055226736,0
2025-06-04 15:00:00+00:00,4.101,4.101,4.101,4.101,0.6,0.0110335801210401,1.1094674556213049,-1.8429870751555777,-2.1708015267175584,0.0063771556113863,0.0,0.8420896519148106,0.5856652604678765,0.0,0.0,-0.017069007559131988,0
2025-06-04 16:00:00+00:00,4.073,4.093,4.07,4.093,289.76,-0.0019526488996562,-0.1950743721043646,-2.0344662517951195,-2.3616412213740556,2.72948638441275,0.0,0.8314171637021229,0.5856959646186768,0.5619350108570812,0.0,-0.013926215489860838,0
2025-06-04 17:00:00+00:00,4.062,4.062,4.038,4.038,50.28,-0.0135286776196201,-1.3437576349865532,-2.48732190292199,-3.4433285509325673,0.5048044945085631,0.5908419496329788,0.910166897670462,0.6389371804219579,0.5943536402688578,0.0,-0.0108964834076275,0
2025-06-04 18:00:00+00:00,4.065,4.07,4.065,4.07,19.78,0.0078934795638578,0.7924715205547272,-0.4403131115459868,-2.608279492701604,0.1977357358838604,0.0,0.9089213208060388,0.6668552215370164,0.1228501228199359,0.0,-0.011056511056511065,0
2025-06-04 19:00:00+00:00,4.059,4.059,4.058,4.058,18.58,-0.0029527580508807,-0.2948402948403039,-0.0738734301896082,-2.77910876856734,0.1882051043946951,0.0246366099964022,0.8729609436703936,0.6679270815358085,0.0246426811176418,0.0,-0.008132084770822945,0
2025-06-04 20:00:00+00:00,4.031,4.031,3.933,3.994,816.2,-0.0158970064099994,-1.577131591917191,-1.5285996055226736,-3.5498671818401273,6.150464845334872,0.917886380323012,1.0888260607851477,0.7206481561424065,2.453680520166827,0.0,0.007761642463695484,0
2025-06-04 21:00:00+00:00,3.988,4.031,3.988,4.031,258.5,0.009221249141405,0.9263895843765412,-1.7069007559131988,-1.7069007559131988,1.8128636173573485,0.0,1.0451884829609006,0.7305050987409497,1.0667328203754,0.0,-0.007690399404614134,0
2025-06-04 22:00:00+00:00,4.036,4.036,4.036,4.036,61.8,0.0012396183563338,0.1240387000744247,-1.3926215489860838,-2.53561941560011,0.4283177151738366,0.0,1.05882445496372,0.6976836550163277,0.0,0.0,0.0049554013875126035,0
2025-06-04 23:00:00+00:00,4.031,4.032,3.994,3.994,62.34,-0.0104608674977388,-1.0406342913775846,-1.08964834076275,-3.712632594021203,0.4252895127288367,0.9424603172265676,0.99973171828913,0.7204998471362194,0.9514271404728478,0.0250375563282413,0.015523284927390968,0
2025-06-05 00:00:00+00:00,4.003,4.025,4.003,4.025,72.77,0.0077316758769031,0.7761642463695484,-1.1056511056511065,-3.314917127071826,0.4897959183640502,0.0,0.9966024891410216,0.7380976728021846,0.5465838507958857,0.0,0.007701863354037108,0
2025-06-05 01:00:00+00:00,4.025,4.025,4.025,4.025,0.0,0.0,0.0,-0.8132084770822945,-4.029566046733423,0.0,0.0,0.9973759161737764,0.714701711471869,0.0,0.0,0.007701863354037108,0
2025-06-05 02:00:00+00:00,4.025,4.025,4.025,4.025,0.0,0.0,0.0,0.7761642463695484,-3.731164793111686,0.0,0.0,0.701161200804847,0.7148845675259415,0.0,0.0,0.007701863354037108,0
2025-06-05 03:00:00+00:00,4.025,4.027,4.0,4.0,206.12,-0.0062305497506361,-0.6211180124223725,-0.7690399404614134,-4.784575101166377,1.9085921524573457,0.6704742983187333,0.6318727424206685,0.7075908003144669,0.6749999998312534,0.0499999999874944,0.00550000000000006,0
2025-06-05 04:00:00+00:00,4.036,4.056,4.036,4.056,7.21,0.0139029051689914,1.4000000000000012,0.4955401387512603,-3.520456707897235,0.0799700528226048,0.0,0.8913434859233667,0.7776761417870311,0.49309664682124,0.0,-0.015285996055226736,0
2025-06-05 05:00:00+00:00,4.056,4.056,4.056,4.056,0.0,0.0,0.0,1.5523284927390968,-3.1287317888703203,0.0,0.0,0.710411107516008,0.7762769242281015,0.0,0.0,-0.015285996055226736,0
2025-06-05 06:00:00+00:00,4.056,4.056,4.056,4.056,0.0,0.0,0.0,0.7701863354037108,-3.290414878397707,0.0,0.0,0.6667828472931757,0.7742210473757294,0.0,0.0,0.002958579881656709,0
2025-06-05 07:00:00+00:00,4.056,4.056,4.056,4.056,0.0,0.0,0.0,0.7701863354037108,-3.290414878397707,0.0,0.0,0.6667828472931757,0.7742210473757294,0.0,0.0,0.002958579881656709,0
2025-06-05 08:00:00+00:00,4.056,4.056,4.056,4.056,0.0,0.0,0.0,0.7701863354037108,-3.290414878397707,0.0,0.0,0.6667828472931757,0.7742210473757294,0.0,0.0,-0.020710059171597628,0
2025-06-05 09:00:00+00:00,4.023,4.023,4.022,4.022,172.05,-0.0084179749384217,-0.8382642998027601,0.550000000000006,-3.733843944471027,1.8187183699524536,0.024857071830745,0.7199152694535175,0.7860802597658155,0.0248632521071808,0.0,-0.0012431626056688128,0
2025-06-05 10:00:00+00:00,4.02,4.02,3.994,3.994,31.18,-0.0069860563568368,-0.696171059174544,-1.5285996055226736,-4.404021062709429,0.325134582042778,0.6467661689933258,0.4002996930482222,0.7928591248160097,0.6509764645340408,0.0,-0.008012018027040546,0
2025-06-05 11:00:00+00:00,3.994,3.994,3.994,3.994,0.0,0.0,0.0,-1.5285996055226736,-3.5498671818401273,0.0,0.0,0.4002996930482222,0.7792977060764972,0.0,0.0,-0.003254882323485364,0
2025-06-05 12:00:00+00:00,4.019,4.068,4.019,4.068,205.2,0.0183582431926898,1.8527791687531048,0.2958579881656709,-0.4892367906066619,2.132141883006173,0.0,0.9541884691026764,0.8395975924681678,1.204523106881865,0.0,-0.028269419862340217,0
2025-06-05 13:00:00+00:00,4.068,4.068,4.068,4.068,0.0,0.0,0.0,0.2958579881656709,0.1723713371090784,0.0,0.0,0.9541884691026764,0.828380348455445,0.0,0.0,-0.042035398230088505,0
2025-06-05 14:00:00+00:00,3.98,3.98,3.972,3.972,28.04,-0.0238817320033872,-2.359882005899694,-2.071005917159763,-2.071005917159763,0.2925391560604323,0.2010050250751245,1.381329783788666,0.9621051994579009,0.2014098690328778,0.0,-0.05438066465256808,0
2025-06-05 15:00:00+00:00,4.018,4.018,4.017,4.017,109.77,0.011265609194219,1.1329305135951762,-0.1243162605668812,-2.048280907095823,1.093335768048274,0.0248880039758727,1.471613573207119,0.9633643990949496,0.0248941996452701,0.0,-0.053024645257655045,0
2025-06-05 16:00:00+00:00,3.98,3.98,3.962,3.962,56.48,-0.013786407100786,-1.3691809808314748,-0.8012018027040546,-3.2005863669679835,0.622855304868378,0.4522613064190246,1.5579191868669615,0.9988192393007268,0.4543160019045086,0.0,-0.0429076224129229,0
2025-06-05 17:00:00+00:00,3.971,3.993,3.971,3.981,1033.01,0.0047840957418208,0.4795557799091243,-0.3254882323485364,-1.411589895988119,7.848054624302918,0.3005259202853682,1.5782631502614182,0.9713510662378187,0.5526249684620334,0.3014318009792939,-0.03466465712132627,0
2025-06-05 18:00:00+00:00,3.981,3.981,3.949,3.953,388.89,-0.0070582597036316,-0.7033408691283549,-2.8269419862340217,-2.8746928746928857,2.645405227665713,0.7033408689516859,1.2829371782141874,0.96246659460273,0.8095117630130257,0.0,-0.024538325322539856,0
2025-06-05 19:00:00+00:00,3.945,3.945,3.835,3.897,906.14,-0.0142677579579763,-1.416645585631171,-4.2035398230088505,-3.9674716609167104,4.92500849239799,1.2167300377143917,1.3086027842798444,0.9983897612372882,2.822684115262331,0.0,-0.01052091352322293,0
2025-06-05 20:00:00+00:00,3.9,3.9,3.756,3.756,2557.92,-0.0368524650105556,-3.618167821401075,-5.438066465256808,-5.958938407611425,9.970097865625656,3.69230769136095,1.6913154753940098,1.199455625294838,3.833865813675758,0.0,0.03487752928647514,0
2025-06-05 21:00:00+00:00,3.77,3.804,3.77,3.804,161.36,0.0126985833371273,1.2779552715654896,-5.3024645257655045,-5.63135698337881,0.6390199792723544,0.0,1.726835365119344,1.2162876618740297,0.8937960039711318,0.0,0.028916929547844417,0
2025-06-05 22:00:00+00:00,3.808,3.808,3.792,3.792,137.34,-0.0031595602903684,-0.3154574132492094,-4.29076224129229,-6.045589692765107,0.5371995919024853,0.4201680671165528,1.723408084610626,1.213852890933775,0.4219409281587712,0.0,0.03217299578059074,0
2025-06-05 23:00:00+00:00,3.829,3.843,3.829,3.843,169.87,0.0133597271899314,1.3449367088607556,-3.466465712132627,-3.7806710065097726,0.6529955873023824,0.0,1.872841702696884,1.243785960208029,0.3642987248596618,0.0,0.0184751496226907,0
2025-06-06 00:00:00+00:00,3.85,3.856,3.85,3.856,66.55,0.0033770651655922,0.3382773874577083,-2.4538325322539856,-4.19875776397517,0.2560793185317372,0.0,1.907837894757207,1.232699089006842,0.1556016597106786,0.0,0.015041493775933779,0
2025-06-06 01:00:00+00:00,3.856,3.856,3.856,3.856,0.0,0.0,0.0,-1.052091352322293,-4.19875776397517,0.0,0.0,1.8442253898328311,1.232699089006842,0.0,0.0,0.015041493775933779,0
2025-06-06 02:00:00+00:00,3.868,3.887,3.868,3.887,30.27,0.0080072751217869,0.8039419087136901,3.487752928647514,-3.4285714285714364,0.1159140951586332,0.0,0.6772765933495086,1.2484817733932814,0.4888088498871119,0.0,0.006946231026498717,0
2025-06-06 03:00:00+00:00,3.885,3.914,3.864,3.914,56.23,0.0069222171037985,0.6946231026498717,2.8916929547844417,-2.1499999999999964,0.2205995576623014,0.0,0.5940780372317828,1.255449575944052,1.2774655081048956,0.0,0.0,0
2025-06-06 04:00:00+00:00,3.914,3.914,3.914,3.914,0.0,0.0,0.0,3.217299578059074,-3.500986193293887,0.0,0.0,0.5192202378596756,1.2155921376713044,0.0,0.0,-0.008431272355646446,0
2025-06-06 05:00:00+00:00,3.914,3.914,3.914,3.914,0.0,0.0,0.0,1.84751496226907,-3.500986193293887,0.0,0.0,0.3676495787785434,1.2155921376713044,0.0,0.0,-0.008431272355646446,0
2025-06-06 06:00:00+00:00,3.914,3.914,3.914,3.914,0.0,0.0,0.0,1.504149377593378,-3.500986193293887,0.0,0.0,0.3870019504407563,1.2155921376713044,0.0,0.0,0.005620848237097631,0
2025-06-06 07:00:00+00:00,3.914,3.914,3.914,3.914,0.0,0.0,0.0,1.504149377593378,-3.500986193293887,0.0,0.0,0.3870019504407563,1.2155921376713044,0.0,0.0,0.013541134389371434,0
2025-06-06 08:00:00+00:00,3.914,3.914,3.914,3.914,0.0,0.0,0.0,0.6946231026498717,-3.500986193293887,0.0,0.0,0.2825983298845563,1.2155921376713044,0.0,0.0,0.014818599897802764,0
2025-06-06 09:00:00+00:00,3.914,3.914,3.914,3.914,0.0,0.0,0.0,0.0,-2.6852312282446555,0.0,0.0,0.0,1.2068306364539534,0.0,0.0,0.008431272355646335,0
2025-06-06 10:00:00+00:00,3.881,3.881,3.881,3.881,4.89,-0.0084670165871152,-0.8431272355646446,-0.8431272355646446,-2.829243865798714,0.0198512845146996,0.0,0.3456645047018987,1.210326435818709,0.0,0.0,0.02087090955939197,0
2025-06-06 11:00:00+00:00,3.881,3.881,3.881,3.881,0.0,0.0,0.0,-0.8431272355646446,-2.829243865798714,0.0,0.0,0.3456645047018987,1.210326435818709,0.0,0.0,0.012883277505797652,0
2025-06-06 12:00:00+00:00,3.929,3.946,3.863,3.936,89.76,0.0140721268032376,1.417160525637717,0.5620848237097631,-3.2448377581120846,0.3716436758591501,0.253421185946934,0.7272948680744823,1.183074531520803,2.108739836862622,0.2540650405858633,-0.007621951219512146,0
2025-06-06 13:00:00+00:00,3.904,3.967,3.903,3.967,157.08,0.007845162342186,0.7876016260162544,1.3541134389371434,-2.4827925270403006,0.6332168771810002,0.0,0.7760284223910132,1.1977837868423349,1.6133098054919828,0.0,-0.01991429291656166,0
2025-06-06 14:00:00+00:00,3.96,3.972,3.96,3.972,132.2,0.001259604650733,0.1260398285858333,1.4818599897802764,0.0,0.5237579567344084,0.0,0.7704347916859784,1.0949219211414123,0.3021148035493168,0.0,-0.01812688821752273,0
2025-06-06 15:00:00+00:00,3.98,3.98,3.947,3.947,2.73,-0.006313949502216,-0.6294058408861991,0.8431272355646335,-1.74259397560369,0.0110104323509988,0.8291457284348859,0.8496654125922543,1.0748992945978646,0.836078033738007,0.0,-0.010134279199391916,0
2025-06-06 16:00:00+00:00,3.968,3.969,3.962,3.962,314.32,0.0037931515956491,0.3800354699772024,2.087090955939197,0.0,1.2150450345926975,0.1763668429890653,0.6989985740499394,1.0414536698642274,0.1766784451850804,0.0252397778835813,-0.013881877839475032,0
2025-06-06 17:00:00+00:00,3.948,3.948,3.931,3.931,11.09,-0.0078551018366359,-0.7824331145885988,1.2883277505797652,-1.2559658377292116,0.0513164592103497,0.4305977709142332,0.8364252541642617,1.0481449551698283,0.4324599337490537,0.0,-0.014245738997710533,0
2025-06-06 18:00:00+00:00,3.916,3.916,3.899,3.906,35.2,-0.006380013985236,-0.6359704909692176,-0.7621951219512146,-1.1889704022261527,0.174800070349539,0.2553626148479612,0.6481321814514379,1.0463972981248215,0.4352278544712654,0.0,-0.0020481310803891484,0
2025-06-06 19:00:00+00:00,3.888,3.888,3.888,3.888,12.4,-0.0046189458562946,-0.4608294930875667,-1.991429291656166,-0.2309468822170868,0.075548142901289,0.0,0.4735930289099802,1.0090638821885467,0.0,0.0,0.004629629629629761,0
2025-06-06 20:00:00+00:00,3.897,3.9,3.897,3.9,107.24,0.0030816665374081,0.3086419753086433,-1.812688821752273,3.833865814696491,1.729061557347519,0.0,0.5132621256626735,0.6374277311597027,0.0769230769033559,0.0,0.01358974358974363,0
2025-06-06 21:00:00+00:00,3.907,3.907,3.907,3.907,6.76,0.0017932629373329,0.1794871794871921,-1.0134279199391916,2.7076761303890695,0.1216255725540927,0.0,0.516817099084799,0.5918721111984626,0.0,0.0,0.016124904018428587,0
2025-06-06 22:00:00+00:00,3.907,3.907,3.907,3.907,0.0,0.0,0.0,-1.3881877839475032,3.032700421940926,0.0,0.0,0.4558178771303923,0.5854339852706009,0.0,0.0,0.016124904018428587,0
2025-06-06 23:00:00+00:00,3.881,3.881,3.875,3.875,217.8,-0.0082241532676232,-0.8190427437931969,-1.4245738997710533,0.832682799895923,4.200173560809948,0.1545993300297292,0.4649229353780429,0.55629451955028,0.1548387096374553,0.0,0.03174193548387105,0
2025-06-07 00:00:00+00:00,3.874,3.898,3.872,3.898,58.09,0.0059179382800587,0.5935483870967762,-0.2048131080389148,1.0892116182572575,1.127906412288182,0.0,0.5215462340228302,0.5646695331609058,0.6670087222506453,0.0,0.028219599794766514,0
2025-06-07 01:00:00+00:00,3.9,3.909,3.9,3.906,49.41,0.0020502313691182,0.2052334530528554,0.4629629629629761,1.2966804979253288,0.9224952740848564,0.0767459708168895,0.4817028605461161,0.565507193718813,0.2304147464847862,0.0768049154949211,0.02995391705069106,0
2025-06-07 02:00:00+00:00,3.913,3.953,3.913,3.953,155.45,0.0119609518600612,1.2032770097286205,1.358974358974363,1.6979675842552,2.6447382411913134,0.0,0.6674957073378887,0.5932915318569785,1.0118897037662822,0.0,0.01593726283835073,0
2025-06-07 03:00:00+00:00,3.962,3.97,3.962,3.97,33.77,0.0042913103845507,0.4300531242094729,1.6124904018428587,1.4307613694430232,0.5838393879699378,0.0,0.6718556864244896,0.5836502074634834,0.2015113349618361,0.0,0.011083123425692731,0
2025-06-07 04:00:00+00:00,3.97,3.97,3.97,3.97,0.0,0.0,0.0,1.6124904018428587,1.4307613694430232,0.0,0.0,0.6718556864244896,0.5836502074634834,0.0,0.0,0.01536523929471012,0
2025-06-07 05:00:00+00:00,3.98,4.001,3.98,3.998,15.39,0.0070281413791093,0.7052896725440849,3.1741935483871053,2.146142054164546,0.2631556448465241,0.0749812546675906,0.4179817516309139,0.5980060252291487,0.5252626311842853,0.0750375187406137,0.00825412706353168,0
2025-06-07 06:00:00+00:00,4.007,4.012,4.007,4.008,45.69,0.0024981277043552,0.250125062531259,2.821959979476651,2.40163515585079,0.7566291995155084,0.0997008972832141,0.4295235436575227,0.5985728956240779,0.1247504989708679,0.0998003991766855,0.00823353293413187,0
2025-06-07 07:00:00+00:00,4.023,4.023,4.023,4.023,27.93,0.0037355291850874,0.374251497005984,2.995391705069106,2.7848748083801667,0.4537774167269899,0.0,0.4144619269626431,0.6007426001566033,0.0,0.0,0.004474272930648837,0
2025-06-07 08:00:00+00:00,4.016,4.016,4.016,4.016,4.98,-0.001741510578223,-0.1739995028585572,1.593726283835073,2.606029637199802,0.0806379791915049,0.0,0.3142292895164768,0.6032317515355612,0.0,0.0,0.0062250996015937865,0
2025-06-07 09:00:00+00:00,4.014,4.014,4.014,4.014,3.61,-0.0004981320152816,-0.0498007968127489,1.1083123425692731,2.5549310168625494,0.0583124129241686,0.0,0.324415166751508,0.6037021241422769,0.0,0.0,0.0067264573991032695,0
2025-06-07 10:00:00+00:00,3.973,4.031,3.973,4.031,70.75,0.0042262337608821,0.4235176880916569,1.536523929471012,3.8649832517392513,1.0943189507773894,0.0,0.322426450217802,0.5714287759562099,1.4388489205063593,0.0,0.002480774001488717,0
2025-06-07 11:00:00+00:00,4.031,4.031,4.031,4.031,0.0,0.0,0.0,0.825412706353168,3.8649832517392513,0.0,0.0,0.2452541010229841,0.5714287759562099,0.0,0.0,0.002480774001488717,0
2025-06-07 12:00:00+00:00,4.012,4.041,4.012,4.041,6.01,0.0024777019613081,0.2480774001488717,0.8233532934131871,2.6676829268292845,0.0982628244414753,0.0,0.2450675445904651,0.5065543794484301,0.7176441473106745,0.0,-0.0051967334818115996,0
2025-06-07 13:00:00+00:00,4.041,4.041,4.041,4.041,0.0,0.0,0.0,0.4474272930648837,1.8653894630703327,0.0,0.0,0.2189036373365983,0.4860106616645748,0.0,0.0,-0.005691660480079297,0
2025-06-07 14:00:00+00:00,4.041,4.041,4.041,4.041,5.44,0.0,0.0,0.6225099601593787,1.7371601208459264,0.1102646825307447,0.0,0.1888360543287495,0.486139150271671,0.0,0.0,-0.005691660480079297,0
2025-06-07 15:00:00+00:00,4.041,4.041,4.041,4.041,0.0,0.0,0.0,0.672645739910327,2.3815556118571113,0.0,0.0,0.1817118586268578,0.4629644965457173,0.0,0.0,-0.0037119524870082854,0
2025-06-07 16:00:00+00:00,4.041,4.041,4.041,4.041,0.0,0.0,0.0,0.2480774001488717,1.9939424533064187,0.0,0.0,0.1011517589983013,0.4594066808824993,0.0,0.0,-0.0014847809948033142,0
2025-06-07 17:00:00+00:00,4.041,4.041,4.041,4.041,0.0,0.0,0.0,0.2480774001488717,2.798270160264571,0.0,0.0,0.1011517589983013,0.4212961453876178,0.0,0.0,-0.0014847809948033142,0
2025-06-07 18:00:00+00:00,4.02,4.02,4.02,4.02,2.86,-0.005210283465407,-0.51967334818116,-0.51967334818116,2.9185867895545226,0.0833434517569632,0.0,0.212708931758458,0.4127970670145818,0.0,0.0,0.003731343283582156,0
2025-06-07 19:00:00+00:00,4.03,4.03,4.018,4.018,29.77,-0.000497636238187,-0.0497512437810931,-0.5691660480079297,3.3436213991769437,0.8496105594620482,0.2977667493057763,0.2095931188040543,0.3957647249230627,0.2986560477106494,0.0,0.0014932802389249211,0
2025-06-07 20:00:00+00:00,4.018,4.018,4.018,4.018,0.0,0.0,0.0,-0.5691660480079297,3.025641025641024,0.0,0.0,0.2095931188040543,0.3949695432153786,0.0,0.0,0.0007466401194624606,0
2025-06-07 21:00:00+00:00,4.035,4.035,4.026,4.026,66.91,0.0019890608248571,0.1991040318566561,-0.3711952487008285,3.0458152034809283,2.0228251832205335,0.2230483270822764,0.2410231248398085,0.3951085588396849,0.2235469448029029,0.0,-0.0012419274714355888,0
2025-06-07 22:00:00+00:00,4.027,4.035,4.027,4.035,194.49,0.0022329745043123,0.2235469448584215,-0.1484780994803314,3.2761709751727652,4.722780391447012,0.0,0.2682135653603264,0.3946655748517101,0.1982651796286828,0.0,-0.009665427509293667,0
2025-06-07 23:00:00+00:00,4.035,4.035,4.035,4.035,0.0,0.0,0.0,-0.1484780994803314,4.129032258064513,0.0,0.0,0.2682135653603264,0.3398862112420293,0.0,0.0,-0.009665427509293667,0
2025-06-08 00:00:00+00:00,4.035,4.035,4.035,4.035,0.0,0.0,0.0,0.3731343283582156,3.5146228835300164,0.0,0.0,0.1172887192299042,0.3291454358544773,0.0,0.0,-0.009665427509293667,0
2025-06-08 01:00:00+00:00,4.003,4.024,4.003,4.024,6.58,-0.002729868924474,-0.2726146220569991,0.1493280238924921,3.0209933435739966,0.2358317279607246,0.0,0.1790174796874089,0.3395847388126156,0.5218687871466505,0.0,-0.006958250497017926,0
2025-06-08 02:00:00+00:00,4.021,4.021,4.021,4.021,3.09,-0.0007458048823011,-0.0745526838966226,0.074664011946246,1.7202124968378474,0.1433680669603092,0.0,0.1836197417607667,0.2532490820647137,0.0,0.0,-0.006217358865953759,0
2025-06-08 03:00:00+00:00,4.021,4.021,4.021,4.021,0.0,0.0,0.0,-0.1241927471435588,1.2846347607052833,0.0,0.0,0.1596070224736915,0.2417575142629882,0.0,0.0,-0.004973887092762919,0
2025-06-08 04:00:00+00:00,3.996,3.996,3.996,3.996,44.68,-0.0062367671288299,-0.6217358865953759,-0.9665427509293668,0.654911838790917,2.0302169713947418,0.0,0.2497348807512619,0.2784569777278027,0.0,0.0,0.0012512512512512508,0
2025-06-08 05:00:00+00:00,3.996,3.996,3.996,3.996,0.0,0.0,0.0,-0.9665427509293668,-0.0500250125062606,0.0,0.0,0.2497348807512619,0.2383898420503958,0.0,0.0,0.0012512512512512508,0
2025-06-08 06:00:00+00:00,3.996,3.996,3.996,3.996,0.0,0.0,0.0,-0.9665427509293668,-0.2994011976047872,0.0,0.0,0.2497348807512619,0.2322887193946916,0.0,0.0,0.008508508508508594,0
2025-06-08 07:00:00+00:00,3.996,3.996,3.996,3.996,0.0,0.0,0.0,-0.6958250497017926,-0.6711409395973034,0.0,0.0,0.2503095569887239,0.2173301379563116,0.0,0.0,0.022272272272272353,0
2025-06-08 08:00:00+00:00,3.996,3.996,3.996,3.996,0.0,0.0,0.0,-0.6217358865953759,-0.4980079681274896,0.0,0.0,0.2546149518366022,0.2151365072419004,0.0,0.0,0.013013013013013053,0
2025-06-08 09:00:00+00:00,3.992,4.001,3.992,4.001,17.63,0.0012504690887908,0.125125125125125,-0.4973887092762918,-0.32386646736422,0.9440217754564678,0.0,0.2695072385073366,0.2170635849352789,0.2249437640027718,0.0,0.018495376155960974,0
2025-06-08 10:00:00+00:00,4.001,4.001,4.001,4.001,0.0,0.0,0.0,0.125125125125125,-0.7442322004465263,0.0,0.0,0.0510501867776786,0.1962922107772106,0.0,0.0,0.02499375156210948,0
2025-06-08 11:00:00+00:00,4.001,4.001,4.001,4.001,0.0,0.0,0.0,0.125125125125125,-0.7442322004465263,0.0,0.0,0.0510501867776786,0.1962922107772106,0.0,0.0,0.025243689077730558,0
2025-06-08 12:00:00+00:00,4.05,4.05,4.03,4.03,33.46,0.0072220460834936,0.7248187953011742,0.8508508508508594,-0.2722098490472668,1.9832555381502108,0.493827160371884,0.2889903240019015,0.243752319712656,0.4962779155095978,0.0,0.017866004962779236,0
2025-06-08 13:00:00+00:00,4.051,4.085,4.051,4.085,255.7,0.0135553523533744,1.3647642679900596,2.2272272272272353,1.0888393961890452,9.289595979136024,0.0,0.5596392445917243,0.3705609630322432,0.8323133412895147,0.0,0.004161566707466369,0
2025-06-08 14:00:00+00:00,4.048,4.048,4.048,4.048,0.52,-0.0090987963268017,-0.905752753977962,1.3013013013013053,0.1732244493937162,0.0190333846780387,0.0,0.7647184417601404,0.4187846754372996,0.0,0.0,0.0024703557312253377,0
2025-06-08 15:00:00+00:00,4.094,4.094,4.075,4.075,18.4,0.0066478147076616,0.6669960474308345,1.8495376155960976,0.8413758970551743,0.655105401332578,0.4640937956853734,0.78346768043625,0.4397472745628765,0.4662576685972404,0.0,-0.004171779141104337,0
2025-06-08 16:00:00+00:00,4.073,4.101,4.073,4.101,56.46,0.0063600997170962,0.6380368098159561,2.499375156210948,1.4847809948032475,1.8548217096098616,0.0,0.7768748256284861,0.4564005389231951,0.6827603021987803,0.0,-0.01560594976834917,0
2025-06-08 17:00:00+00:00,4.102,4.102,4.102,4.102,1.01,0.0002438132402667,0.024384296513058,2.524368907773056,1.5095273447166546,0.0331346711126972,0.0,0.7743519676460674,0.4562850228379621,0.0,0.0,-0.017552413456850324,0
2025-06-08 18:00:00+00:00,4.102,4.102,4.102,4.102,0.0,0.0,0.0,1.7866004962779236,2.0398009950248985,0.0,0.0,0.7732729666795269,0.4394004933613061,0.0,0.0,-0.017796196977084455,0
2025-06-08 19:00:00+00:00,4.102,4.102,4.102,4.102,0.0,0.0,0.0,0.4161566707466368,2.0905923344947785,0.0,0.0,0.5737898137382611,0.4388582407862164,0.0,0.0,-0.024378352023403327,0
2025-06-08 20:00:00+00:00,4.061,4.061,4.058,4.058,2.78,-0.0107844182465659,-1.0726474890297544,0.2470355731225337,0.9955201592832364,0.0950820139341295,0.0738734301714203,0.632444191979133,0.4991402416519245,0.0739280433529037,0.0,-0.013553474618038353,0
2025-06-08 21:00:00+00:00,4.058,4.058,4.058,4.058,0.0,0.0,0.0,-0.4171779141104337,0.7948335817188346,0.0,0.0,0.5547994583250662,0.4980592814683531,0.0,0.0,-0.016264169541646112,0
2025-06-08 22:00:00+00:00,4.055,4.055,4.037,4.037,19.76,-0.0051883995328192,-0.5174963035978308,-1.560594976834917,0.0495662949194564,1.0307996608673915,0.4438964240582203,0.4517720979134335,0.5086553701061785,0.4458756501248708,0.0,-0.011146891255883085,0
2025-06-08 23:00:00+00:00,4.026,4.03,4.026,4.03,3.97,-0.001735465912212,-0.1733960862026151,-1.7552413456850324,-0.1239157372986299,0.2053271269611933,0.0,0.4335230636182103,0.5099180118846212,0.0992555831019328,0.0,-0.013151364764268036,0
2025-06-09 00:00:00+00:00,4.028,4.034,4.013,4.029,108.87,-0.0002481697493815,-0.0248138957816501,-1.7796196977084455,-0.1486988847583692,4.560716342690026,0.1239464551006551,0.4302500670299602,0.5099322421819198,0.521221146557153,0.1241002729897962,-0.014395631670389597,0
2025-06-09 01:00:00+00:00,4.01,4.01,4.002,4.002,18.12,-0.0067239700476685,-0.6701414743112477,-2.4378352023403327,-0.5467196819085585,0.7440841816787442,0.1995012468330422,0.4242353577707322,0.5253034888524774,0.1999000499250626,0.0,-0.00774612693653165,0
2025-06-09 02:00:00+00:00,4.004,4.004,4.003,4.003,42.92,0.000249843848895,0.0249875062468873,-1.3553474618038353,-0.4476498383486627,1.6500288331524309,0.0249750249687736,0.2974250434145611,0.5252702788509707,0.0249812640457065,0.0,0.000999250562078391,0
2025-06-09 03:00:00+00:00,3.994,3.994,3.989,3.992,32.74,-0.0027517215612191,-0.2747939045715797,-1.6264169541646112,-0.7212136284506343,1.1959453288656317,0.0500751126564715,0.275767990670804,0.5278414012848222,0.125250500970637,0.0,0.014779559118236474,0
2025-06-09 04:00:00+00:00,3.992,3.992,3.992,3.992,0.0,0.0,0.0,-1.1146891255883085,-0.1001001001000978,0.0,0.0,0.2644901148565228,0.5124799125741333,0.0,0.0,0.019038076152304573,0
2025-06-09 05:00:00+00:00,3.98,3.98,3.977,3.977,27.51,-0.003764592223664,-0.3757515030060165,-1.3151364764268036,-0.4754754754754842,1.0318668437528096,0.0753768844031745,0.2752082057604763,0.5180773320922942,0.0754337440091972,0.0,0.0191098818204678,0
2025-06-09 06:00:00+00:00,3.971,3.971,3.971,3.971,1.01,-0.001509814076439,-0.1508674880563165,-1.4395631670389597,-0.6256256256256254,0.0378241737650847,0.0,0.2617440170188583,0.5187419475395264,0.0,0.0,0.012591286829513937,0
2025-06-09 07:00:00+00:00,3.971,3.971,3.971,3.971,0.0,0.0,0.0,-0.774612693653165,-0.6256256256256254,0.0,0.0,0.167377743332492,0.5187419475395264,0.0,0.0,0.0050365147318056636,0
2025-06-09 08:00:00+00:00,4.007,4.007,4.007,4.007,22.4,0.009024879504893,0.9065726517250016,0.099925056207839,0.2752752752752663,0.8105418689210068,0.0,0.4589245340502348,0.552342476715147,0.0,0.0,0.004242575492887424,0
2025-06-09 09:00:00+00:00,4.007,4.051,4.002,4.051,107.29,0.010920932566546,1.098078362864996,1.4779559118236474,1.2496875781054628,3.4199649364048255,0.0,0.6021492951180332,0.5946428543145502,1.209577881705865,0.0,-0.003949642063687975,0
2025-06-09 10:00:00+00:00,4.061,4.068,4.061,4.068,26.92,0.0041877139657597,0.4196494692668251,1.9038076152304573,1.6745813546613195,0.8284776364127471,0.0,0.5923278260210936,0.59918511371981,0.1720747295545459,0.0,-0.008112094395280156,0
2025-06-09 11:00:00+00:00,4.054,4.054,4.053,4.053,0.81,-0.0036941305401419,-0.3687315634218202,1.91098818204678,1.299675081229679,0.0249023249848233,0.0246669955538644,0.590689083460373,0.6057488530138935,0.0246730816618209,0.0,0.000493461633358061,0
2025-06-09 12:00:00+00:00,4.021,4.021,4.021,4.021,7.31,-0.0079267197310345,-0.7895386133728088,1.2591286829513937,-0.2233250620347515,0.2325248508872357,0.0,0.7329899637297709,0.6119666306756908,0.0,0.0,0.015667744342203305,0
2025-06-09 13:00:00+00:00,3.991,3.991,3.991,3.991,17.71,-0.0074888018485401,-0.7460830639144489,0.5036514731805664,-2.301101591187271,0.8229075912959096,0.0,0.8325950446711269,0.5561195915748776,0.0,0.0,0.014783262340265502,0
2025-06-09 14:00:00+00:00,4.019,4.024,4.019,4.024,57.47,0.0082346067308411,0.8268604359809473,0.4242575492887424,-0.5928853754940677,2.4051895510450167,0.0,0.8175412820020174,0.558510205901202,0.1242544731301528,0.0,0.012673956262425401,0
2025-06-09 15:00:00+00:00,4.035,4.035,4.035,4.035,27.08,0.0027298689244739,0.2733598409542681,-0.3949642063687975,-0.9815950920245452,1.1164324732421849,0.0,0.6674567676078544,0.5429889254460838,0.0,0.0,0.019083023543990052,0
2025-06-09 16:00:00+00:00,4.035,4.035,4.035,4.035,33.08,0.0,0.0,-0.8112094395280156,-1.609363569861011,1.4208604767089614,0.0,0.6273201017328591,0.5236828110659681,0.0,0.0,0.028500619578686548,0
2025-06-09 17:00:00+00:00,4.055,4.055,4.055,4.055,11.19,0.004944385845464,0.4956629491945419,0.0493461633358061,-1.1457825450999604,0.4720357155212696,0.0,0.6611843290944052,0.5359196615084445,0.0,0.0,0.025647348951911342,0
2025-06-09 18:00:00+00:00,4.08,4.085,4.029,4.084,247.17,0.0071262127350428,0.7151664611590558,1.5667744342203305,-0.4388103364212692,7.268726029365588,0.0244798041555822,0.576700697578514,0.557982861182429,1.3712047009375123,0.0244857982310351,0.02522037218413331,0
2025-06-09 19:00:00+00:00,4.065,4.065,4.05,4.05,12.3,-0.0083600191839713,-0.8325171400587639,1.4783262340265502,-1.2676743052169814,0.3563452879509515,0.3690036899461385,0.6074336819509251,0.5823517800254854,0.3703703702789349,0.0,0.02790123456790128,0
2025-06-09 20:00:00+00:00,4.075,4.075,4.075,4.075,2.45,0.0061538655743782,0.6172839506172867,1.26739562624254,0.4189255791030133,0.0710076321107813,0.0,0.5727231481149466,0.554674666387061,0.0,0.0,0.021840490797545797,0
2025-06-09 21:00:00+00:00,4.094,4.134,4.094,4.112,90.63,0.0090387814600378,0.9079754601226896,1.9083023543990052,1.3307047806801364,2.3675806292988844,0.5321722301567131,0.6405217929628171,0.5833835708766046,0.9727626456778308,0.5350194551228123,0.01045719844357973,0
2025-06-09 22:00:00+00:00,4.139,4.154,4.139,4.15,103.41,0.0091988060897429,0.9241245136186738,2.850061957868655,2.7991082486995333,2.4759966478516464,0.0962927298757013,0.6598283717115906,0.5956357725863637,0.361445783045427,0.0963855421454386,-0.0014457831325301873,0
2025-06-09 23:00:00+00:00,4.15,4.159,4.15,4.159,465.56,0.0021663265181675,0.2168674698795003,2.564734895191134,3.2009925558312613,7.63239181653528,0.0,0.6673372882852876,0.59273467252885,0.2163981725856088,0.0,-0.0009617696561672329,0
2025-06-10 00:00:00+00:00,4.152,4.187,4.151,4.187,46.53,0.0067098262762317,0.6732387593171518,2.522037218413331,3.9215686274509887,0.7967408908190426,0.0,0.6639191905243677,0.6017158439729892,0.8598041555147463,0.0,-0.01241939336040132,0
2025-06-10 01:00:00+00:00,4.181,4.208,4.163,4.163,132.4,-0.0057485188241678,-0.5732027704800524,2.790123456790128,4.022988505747138,2.0961943148577347,1.0693916347268535,0.5669765087916135,0.5961505932237681,1.0809512368289795,0.648570742097392,-0.011289935142925867,0
2025-06-10 02:00:00+00:00,4.183,4.183,4.164,4.164,24.32,0.0002401825398839,0.0240211386019595,2.1840490797545797,4.021983512365712,0.3898242825308686,0.4542194596093218,0.5853829263401101,0.5961604450122686,0.4562920267876371,0.0,-0.011527377521613813,0
2025-06-10 03:00:00+00:00,4.155,4.155,4.155,4.155,0.4,-0.0021637224453108,-0.2161383285302465,1.045719844357973,4.0831663326653445,0.0065531246799158,0.0,0.555123233028947,0.594394059016174,0.0,0.0,-0.003369434416365835,0
2025-06-10 04:00:00+00:00,4.141,4.144,4.141,4.144,12.68,-0.0026509233502295,-0.2647412755716005,-0.1445783132530187,3.8076152304609145,0.205951422206545,0.0,0.4340002284878272,0.600063516678267,0.0723938223763555,0.0,-0.00579150579150578,0
2025-06-10 05:00:00+00:00,4.155,4.155,4.155,4.155,11.6,0.0026509233502295,0.2654440154440163,-0.0961769656167232,4.475735479004284,0.1904605533176182,0.0,0.4397887988653103,0.5895234166492749,0.0,0.0,0.018050541516245522,0
2025-06-10 06:00:00+00:00,4.104,4.135,4.1,4.135,164.58,-0.004825099831757,-0.4813477737665605,-1.241939336040132,4.129942080080573,2.430286287334367,0.0,0.3133413476195922,0.6014394751628221,0.8464328897590282,0.0,0.04111245465538094,0
2025-06-10 07:00:00+00:00,4.116,4.116,4.116,4.116,0.51,-0.0046055105038515,-0.4594921402660268,-1.1289935142925869,3.6514731805590506,0.0075286013038622,0.0,0.2891379110225179,0.6142639670425978,0.0,0.0,0.026967930029154763,0
2025-06-10 08:00:00+00:00,4.116,4.116,4.116,4.116,0.0,0.0,0.0,-1.1527377521613813,2.7202395807337076,0.0,0.0,0.2857412838670142,0.5934302013511116,0.0,0.0,0.02769679300291572,0
2025-06-10 09:00:00+00:00,4.118,4.141,4.117,4.141,2.83,0.006055486591627,0.6073858114674424,-0.3369434416365835,2.221673660824486,0.0453120204937572,0.0,0.4320126057233431,0.5661711185582583,0.5795701519972065,0.0,0.02149239314175322,0
2025-06-10 10:00:00+00:00,4.12,4.12,4.12,4.12,27.21,-0.0050841412019951,-0.5071238831200198,-0.579150579150578,1.2782694198623543,0.4355835995741454,0.0,0.4656486105867512,0.574445638754499,0.0,0.0,0.03567961165048539,0
2025-06-10 11:00:00+00:00,4.182,4.23,4.182,4.23,93.88,0.0263488296967516,2.669902912621369,1.805054151624552,4.367135455218363,1.4150097343252148,0.0,1.2230544797653966,0.7718354703481051,1.1347517727813834,0.0,-0.0004728132387707973,0
2025-06-10 12:00:00+00:00,4.239,4.305,4.188,4.305,404.28,0.0175751448215072,1.7730496453900455,4.111245465538094,7.0629196717234555,4.877527937325219,0.0,1.2777557577310004,0.8071137759642207,2.7177700342119,0.0,-0.008362369337978959,0
2025-06-10 13:00:00+00:00,4.263,4.263,4.222,4.227,25.07,-0.0182846162950411,-1.8118466898954575,2.6967930029154763,5.913304936106245,0.3013477709905028,0.8444757211249081,1.6012304977341474,0.892744169487999,0.9699550506340175,0.0,0.017979654601371964,0
2025-06-10 14:00:00+00:00,4.227,4.23,4.227,4.23,305.58,0.0007094714735337,0.0709723207948931,2.769679300291572,5.119284294234605,3.2671578890747206,0.0,1.5975580322555492,0.8845151182270703,0.0709219857988391,0.0,0.0009456264775413725,0
2025-06-10 15:00:00+00:00,4.23,4.23,4.23,4.23,0.0,0.0,0.0,2.149239314175322,4.832713754646845,0.0,0.0,1.6052794649817248,0.8853981945392473,0.0,0.0,0.00047281323877057524,0
2025-06-10 16:00:00+00:00,4.263,4.267,4.263,4.267,13.89,0.0087090111476763,0.8747044917257751,3.5679611650485388,5.749690210656766,0.1516327263944292,0.0,1.55498033799284,0.8947851786222745,0.0937426763314511,0.0,0.0042184204359034805,0
2025-06-10 17:00:00+00:00,4.228,4.228,4.228,4.228,12.08,-0.0091819361978719,-0.9139910944457652,-0.0472813238770797,4.2663378545006125,0.1318201658649954,0.0,1.267938334058262,0.922857126065226,0.0,0.0,0.0179754020813625,0
2025-06-10 18:00:00+00:00,4.271,4.271,4.224,4.269,19.61,0.0096505397678339,0.9697256385998276,-0.8362369337978959,4.529872673849189,0.2386854650544028,0.0468274408693866,1.0736528329434656,0.9306673876057304,1.100960412016634,0.0,0.0021082220660575413,0
2025-06-10 19:00:00+00:00,4.3,4.303,4.3,4.303,5.12,0.0079328460806374,0.7964394471773106,1.7979654601371964,6.246913580246916,0.0625464466403166,0.0,0.7263554836830457,0.9122247062305584,0.0697188008204258,0.0,-0.003253544039042544,0
2025-06-10 20:00:00+00:00,4.275,4.275,4.234,4.234,39.64,-0.0161652811437892,-1.6035324192423928,0.0945626477541372,3.901840490797537,0.4752498988358505,0.9590643272610462,1.0746024498603897,0.9845210047597956,0.9683514404892974,0.0,0.012990080302314633,0
2025-06-10 21:00:00+00:00,4.257,4.257,4.232,4.232,335.09,-0.0004724781566751,-0.0472366556447778,0.0472813238770575,2.9182879377432025,3.5802285566356997,0.5872680289905283,1.0749140442010992,0.9723213181568412,0.5907372399360136,0.0,0.011105860113421517,0
2025-06-10 22:00:00+00:00,4.292,4.309,4.272,4.285,36.57,0.0124458574937447,1.252362948960295,0.421842043590348,3.2530120481927716,0.4027108005259791,0.5569737756887974,1.143552756751799,0.9860987354005338,0.8634772460061878,0.3967327887055547,-0.013535589264877412,0
2025-06-10 23:00:00+00:00,4.308,4.308,4.266,4.304,72.38,0.0044242708097401,0.4434072345390838,1.7975402081362502,3.4864150036066466,0.9724954513515242,0.0928505106562454,1.0384371612640058,0.988002802084138,0.9758364310000336,0.0,-0.017890334572490674,0
2025-06-11 00:00:00+00:00,4.306,4.308,4.19,4.278,390.16,-0.0060592121992695,-0.6040892193308722,0.2108222066057541,2.1733938380702034,4.396416699482828,0.6963788299219233,1.0343287508416494,0.9926926394946473,2.7582982695749525,0.046750818128384,-0.011921458625525738,0
2025-06-11 01:00:00+00:00,4.262,4.3,4.226,4.289,532.23,0.0025679948745294,0.2571294997662399,-0.3253544039042544,3.026663463848167,5.049400919425078,0.2558139534288833,0.9772939432666726,0.9829580547177912,1.7253439026054185,0.2564700395764845,0.008160410352063385,0
2025-06-11 02:00:00+00:00,4.289,4.289,4.289,4.289,0.0,0.0,0.0,1.2990080302314633,3.001921229586934,0.0,0.0,0.6168350811694763,0.98307674760926,0.0,0.0,0.004896246211238076,0
2025-06-11 03:00:00+00:00,4.239,4.279,4.226,4.279,170.29,-0.0023342681000635,-0.2331545814875157,1.1105860113421515,2.984356197352578,1.5276756077731433,0.0,0.6370248178534569,0.9833390345027032,1.238607150914089,0.0,-0.007244683337228275,0
2025-06-11 04:00:00+00:00,4.263,4.263,4.227,4.227,11.7,-0.0122268158500268,-1.2152372049544224,-1.3535589264877412,2.0028957528957614,0.104999439104618,0.8444757211249081,0.6113473426509278,1.018547848151209,0.8516678493371873,0.0,0.004968062455642297,0
2025-06-11 05:00:00+00:00,4.227,4.227,4.227,4.227,0.0,0.0,0.0,-1.7890334572490674,1.7328519855595692,0.0,0.0,0.5365411820018189,1.017920306597289,0.0,0.0,-0.0016560208185475433,0
2025-06-11 06:00:00+00:00,4.227,4.227,4.227,4.227,0.0,0.0,0.0,-1.1921458625525738,2.2249093107618023,0.0,0.0,0.5245303934123587,1.0112438315335095,0.0,0.0,0.013011592145729667,0
2025-06-11 07:00:00+00:00,4.301,4.324,4.301,4.324,344.81,0.0226883781923088,2.294771705701426,0.8160410352063385,5.05344995140915,2.911406477554382,0.0,1.147778305923297,1.0963325665121015,0.5319148934939996,0.0,-0.00901942645698417,0
2025-06-11 08:00:00+00:00,4.31,4.31,4.31,4.31,37.57,-0.0032429956613054,-0.323774283071232,0.4896246211238075,4.71331389698737,0.3130844204294064,0.0,1.162968010863014,1.1009631341611914,0.0,0.0,0.006496519721577831,0
2025-06-11 09:00:00+00:00,4.282,4.284,4.248,4.248,55.07,-0.0144896201760185,-1.4385150812064815,-0.7244683337228275,2.583916928278196,0.4507422678265969,0.840336134257615,1.3235650907385994,1.1463402021415774,0.8474576269191385,0.0470809792732808,0.021186440677966045,0
2025-06-11 10:00:00+00:00,4.248,4.248,4.248,4.248,0.0,0.0,0.0,0.4968062455642297,3.106796116504862,0.0,0.0,1.2092438590143153,1.1391618795097311,0.0,0.0,0.017890772128060117,0
2025-06-11 11:00:00+00:00,4.252,4.252,4.22,4.22,136.32,-0.0066131558917173,-0.6591337099811745,-0.1656020818547543,-0.2364066193853542,1.109999796425858,0.7525870176969464,1.2478017663026335,1.0157303339387989,0.7582938386828695,0.0,0.007345971563981202,0
2025-06-11 12:00:00+00:00,4.214,4.303,4.214,4.282,164.67,0.0145850621195707,1.469194312796218,1.301159214572967,-0.5342624854819955,1.4594900012796026,0.4880316057429605,1.3884036762294358,0.9947262443017338,2.07846800511945,0.4904250349158257,-0.004437178888369919,0
2025-06-11 13:00:00+00:00,4.287,4.287,4.285,4.285,36.68,0.000700361882252,0.0700607192900548,-0.901942645698417,1.3721315353678598,0.3237113250396148,0.0466526708545195,0.9630501941167774,0.9173272240306828,0.0466744457300591,0.0,-0.01026837806301062,0
2025-06-11 14:00:00+00:00,4.268,4.338,4.266,4.338,134.77,0.0122928603549395,1.236872812135359,0.6496519721577831,2.5531914893616836,1.2690954034369342,0.0,1.1054620589875144,0.9480622777695776,1.6597510369617925,0.0,-0.02028584601198713,0
2025-06-11 15:00:00+00:00,4.338,4.338,4.338,4.338,0.73,0.0,0.0,2.1186440677966045,2.5531914893616836,0.006872259137451,0.0,0.8182990754315623,0.9480622777695776,0.0,0.0,-0.038266482249884826,0
2025-06-11 16:00:00+00:00,4.329,4.335,4.19,4.324,453.73,-0.0032325126277208,-0.3227293683725318,1.7890772128060115,1.3358331380360688,3.642930262714879,0.2537485581882961,0.8556919042522297,0.937396939242104,3.353376502462207,0.1387604069984418,-0.04024051803885276,0
2025-06-11 17:00:00+00:00,4.309,4.31,4.251,4.251,269.12,-0.0170266504003086,-1.6882516188714058,0.7345971563981202,0.5439924314096567,1.989637305684772,1.368909512443392,1.145213224754075,0.9852718786275904,1.3879087270317616,0.0235238767293391,-0.014584803575629302,0
2025-06-11 18:00:00+00:00,4.227,4.263,4.227,4.263,19.87,0.0028188884064202,0.2822865208186309,-0.4437178888369919,-0.1405481377371842,0.1468895925472428,0.0,0.9556264649374462,0.9665507253842132,0.8444757211249081,0.0,-0.02463054187192104,0
2025-06-11 19:00:00+00:00,4.229,4.262,4.227,4.241,64.98,-0.0051740472906196,-0.5160684963640638,-1.026837806301062,-1.440855217290271,0.4716699229939329,0.4927264194057402,0.9679171933063992,0.956409333657814,0.8252770571031947,0.4951662342619251,-0.0143834001414761,0
2025-06-11 20:00:00+00:00,4.222,4.25,4.212,4.25,67.47,0.0021198924438717,0.2122141004480049,-2.028584601198713,0.3778932451582451,0.4856562723968629,0.0,0.7342522678082756,0.8981175237985433,0.894117646848449,0.0,-0.02023529411764713,0
2025-06-11 21:00:00+00:00,4.233,4.263,4.172,4.172,731.67,-0.0185234457977995,-1.8352941176470683,-3.8266482249884826,-1.417769376181488,4.706799364179447,2.1346469617324355,0.9262315212078448,0.975840035748132,2.1812080531684592,0.7190795779676283,-0.0035953978906998474,0
2025-06-11 22:00:00+00:00,4.173,4.173,4.15,4.15,146.46,-0.0052872028959189,-0.527325023969305,-4.024051803885276,-3.1505250875145774,0.915212931037742,0.5511622332731384,0.9154572086838944,0.9392546010134636,0.5542168673363257,0.0,-0.005783132530120527,0
2025-06-11 23:00:00+00:00,4.177,4.189,4.176,4.189,64.4,0.0093537077222907,0.9397590361445608,-1.4584803575629302,-2.6719330855018653,0.4032666266575316,0.0,0.961039459740686,0.95760424789022,0.3103365957721779,0.0,-0.01671043208402967,0
2025-06-12 00:00:00+00:00,4.161,4.161,4.158,4.158,32.94,-0.0074278525290765,-0.7400334208641612,-2.463054187192104,-2.805049088359024,0.2274678605529425,0.0720980533352137,0.9395143269395968,0.9610695060033608,0.0721500721327014,0.0,-0.013708513708513781,0
2025-06-12 01:00:00+00:00,4.153,4.182,4.141,4.18,86.05,0.0052770571008435,0.5291005291005124,-1.43834001414761,-2.5413849382140308,0.6817416564828965,0.0478240076404215,1.0110348545646826,0.967240711637817,0.9808612437844918,0.0478468899407224,-0.02775119617224875,0
2025-06-12 02:00:00+00:00,4.164,4.164,4.164,4.164,172.69,-0.0038350957839425,-0.3827751196172291,-2.023529411764713,-2.9144322685940804,1.2943700636069866,0.0,0.9865506846963964,0.9685586917237448,0.0,0.0,-0.02473583093179632,0
2025-06-12 03:00:00+00:00,4.145,4.157,4.127,4.157,93.22,-0.0016824904822219,-0.1681075888568584,-0.3595397890699847,-2.8511334423930834,0.715947928261465,0.0,0.6539773215058333,0.9683276529734604,0.7216742841660694,0.0,-0.02309357709886939,0
2025-06-12 04:00:00+00:00,4.126,4.126,4.126,4.126,5.65,-0.0074852456214402,-0.7457300938176536,-0.5783132530120527,-2.3894014667612984,0.0434772850420045,0.0,0.6906132024311687,0.949517257986696,0.0,0.0,-0.017450315075133283,0
2025-06-12 05:00:00+00:00,4.125,4.126,4.119,4.119,641.25,-0.0016979991951165,-0.1696558410082538,-1.671043208402967,-2.5550035486160527,4.092954480150041,0.1696558409671353,0.4735854924646903,0.9493663726206748,0.1699441611629308,0.0242777373089962,-0.024763292061179776,0
2025-06-12 06:00:00+00:00,4.103,4.103,4.101,4.101,21.61,-0.0043795690440213,-0.4369992716678705,-1.370851370851378,-2.9808374733853893,0.1371435824336239,0.0487448208508976,0.4283069321172131,0.951410249561744,0.0487685930141939,0.0,-0.009997561570348812,0
2025-06-12 07:00:00+00:00,4.1,4.1,4.064,4.064,107.04,-0.0090631361337413,-0.9022189709826822,-2.775119617224875,-6.012950971322839,0.724884028031525,0.8780487802736368,0.3025297557505271,0.8148666249259368,0.885826771435564,0.0,0.0036909448818895907,0
2025-06-12 08:00:00+00:00,4.061,4.061,4.02,4.061,171.45,-0.00073846157202,-0.0738188976378007,-2.473583093179632,-5.777262180974474,1.1188088660662645,0.0,0.3436608237232275,0.8155892257486067,1.0096035456760486,0.0,0.009849790691947913,0
2025-06-12 09:00:00+00:00,4.061,4.061,4.061,4.061,0.0,0.0,0.0,-2.309357709886939,-4.4020715630885165,0.0,0.0,0.3736197774648761,0.77546203674333,0.0,0.0,-0.005663629647869928,0
2025-06-12 10:00:00+00:00,4.058,4.058,4.023,4.054,31.72,-0.0017252006743523,-0.1723713371090784,-1.7450315075133285,-4.566854990583802,0.208313608737471,0.0985707244705237,0.3348839153278651,0.7744465673235382,0.8633448443849702,0.0,0.004686729156388791,0
2025-06-12 11:00:00+00:00,4.02,4.02,4.017,4.017,114.3,-0.0091686926526631,-0.9126788357178062,-2.4763292061179776,-4.810426540284352,0.755188618207962,0.0746268656530586,0.4101573432234003,0.7828513874106655,0.0746825989358326,0.0,0.013940751804829565,0
2025-06-12 12:00:00+00:00,4.061,4.061,4.06,4.06,2.1,0.0106476182364959,1.0704505850136714,-0.9997561570348812,-5.184493227463816,0.0145249142625584,0.024624476723814,0.7297563345203881,0.7498970885943157,0.0246305418658627,0.0,-0.0027093596059111213,0
2025-06-12 13:00:00+00:00,4.092,4.092,4.078,4.079,50.2,0.00466888672178,0.4679802955664947,0.369094488188959,-4.807467911318564,0.3458669927805717,0.3176930595509035,0.6640703048226279,0.7609070278565793,0.3432213777045141,0.0,-0.025006128953174778,0
2025-06-12 14:00:00+00:00,4.101,4.101,4.101,4.101,0.6,0.0053789860745009,0.5393478793822126,0.9849790691947912,-5.463347164591981,0.004299470030573,0.0,0.6857596147079076,0.7159954273721616,0.0,0.0,-0.044867105584003975,0
2025-06-12 15:00:00+00:00,4.09,4.09,4.038,4.038,1098.97,-0.0154813265192764,-1.53621068032187,-0.5663629647869928,-6.915629322268324,5.930374211039862,1.271393642720921,0.9853323585576316,0.7622327552818056,1.2877662205825144,0.0,-0.020307082714214997,0
2025-06-12 16:00:00+00:00,4.073,4.073,4.073,4.073,9.82,0.0086303087756297,0.8667657256067329,0.4686729156388791,-5.804810360777046,0.0588673137538371,0.0,1.057051155884852,0.7981803565853162,0.0,0.0,-0.028725754971765438,0
2025-06-12 17:00:00+00:00,4.073,4.073,4.073,4.073,0.0,0.0,0.0,1.3940751804829563,-4.187250058809688,0.0,0.0,0.9447884018172946,0.7366717300898253,0.0,0.0,-0.0324085440707097,0
2025-06-12 18:00:00+00:00,4.08,4.08,4.049,4.049,64.64,-0.0059098916162515,-0.5892462558310885,-0.2709359605911121,-5.019939010086782,0.4104963180304316,0.7598039213823935,0.8928446140879209,0.7345119769425652,0.7656211408333782,0.0,-0.07261052111632516,0
2025-06-12 19:00:00+00:00,4.04,4.04,3.977,3.977,362.95,-0.0179421708244706,-1.778216843665115,-2.5006128953174778,-6.224946946474885,2.1364662022831173,1.559405940208072,1.0890826849034507,0.8006590022505135,1.5841086241930873,0.0,-0.06311289917022878,0
2025-06-12 20:00:00+00:00,3.971,3.977,3.917,3.917,233.63,-0.0152017115418593,-1.5086748805632433,-4.4867105584003975,-7.835294117647063,1.3213868255270085,1.50867488018389,1.0496530186050277,0.8329489518139341,1.531784528585198,0.1531784528585141,-0.0492724023487362,0
2025-06-12 21:00:00+00:00,3.97,3.97,3.955,3.956,28.73,0.0099073590767714,0.9956599438345703,-2.0307082714214997,-5.177372962607851,0.1947565543057959,0.3526448361832188,1.1750970781969905,0.8103729486705938,0.379170879580597,0.0,-0.04398382204246709,0
2025-06-12 22:00:00+00:00,3.956,3.956,3.956,3.956,0.0,0.0,0.0,-2.872575497176544,-4.674698795180731,0.0,0.0,1.043561715323733,0.8088434806256771,0.0,0.0,-0.047775530839231584,0
2025-06-12 23:00:00+00:00,3.941,3.941,3.941,3.941,12.66,-0.0037989155475991,-0.3791708796764492,-3.24085440707097,-5.920267366913345,0.0909096349126682,0.0,1.0194397841089446,0.7723432492657936,0.0,0.0,-0.04415123065211879,0
2025-06-13 00:00:00+00:00,3.901,3.901,3.718,3.755,744.33,-0.0483462129967686,-4.71961431108856,-7.261052111632516,-9.692159692159708,4.406916304206433,3.74263009388807,2.0277533330448745,1.2115938371427442,4.87350199603901,0.0,0.01704394141145138,0
2025-06-13 01:00:00+00:00,3.726,3.726,3.669,3.726,590.02,-0.0077530130367013,-0.7723035952063917,-6.311289917022878,-10.861244019138748,3.1070173205792178,0.0,2.0163340658890094,1.1961528698636208,1.5297906598148694,0.0,0.026570048309178862,0
2025-06-13 02:00:00+00:00,3.726,3.736,3.709,3.724,303.76,-0.0005369127645759,-0.0536768652710573,-4.92724023487362,-10.566762728146006,1.5548697386161654,0.3211991433829769,2.0419761617655876,1.199189206455532,0.725026852651715,0.2685284639450844,0.021482277121374738,0
2025-06-13 03:00:00+00:00,3.721,3.792,3.721,3.782,154.16,0.0154546108214451,1.5574650912996812,-4.398382204246709,-9.020928554245856,0.7789809225599061,0.2637130800992261,2.151196799908107,1.266764040967665,1.877313590196367,0.2644103648163851,-0.004494976203067158,0
2025-06-13 04:00:00+00:00,3.758,3.767,3.758,3.767,23.39,-0.0039740415263617,-0.3966155473294597,-4.777553083923158,-8.700920988851202,0.1177514457772325,0.0,2.1295069652537095,1.264516175575612,0.2389169099445375,0.0,0.016724183700557615,0
2025-06-13 05:00:00+00:00,3.767,3.767,3.767,3.767,0.0,0.0,0.0,-4.415123065211879,-8.545763534838546,0.0,0.0,2.1506065298417747,1.2662131140727293,0.0,0.0,0.016724183700557615,0
2025-06-13 06:00:00+00:00,3.722,3.819,3.722,3.819,248.3,0.0137096795334751,1.3804088133793524,1.704394141145138,-6.876371616678856,1.3690592427275374,0.0,0.9543451311404924,1.3150272110226084,2.5399319186855367,0.0,0.0070699135899450205,0
2025-06-13 07:00:00+00:00,3.825,3.825,3.825,3.825,4.3,0.00156985903512,0.157109190887672,2.657004830917886,-5.880905511811019,0.0242821815374049,0.0,0.8133101750814103,1.3115078934298574,0.0,0.0,-0.006013071895424882,0
2025-06-13 08:00:00+00:00,3.811,3.842,3.804,3.804,36.43,-0.0055053225953554,-0.5490196078431486,2.1482277121374738,-6.328490519576457,0.2124709295955297,0.989068193391712,0.894507722427804,1.3122933687107237,0.9989484750265712,0.8149316506795694,-0.000525762355415349,0
2025-06-13 09:00:00+00:00,3.765,3.765,3.765,3.765,12.1,-0.0103052834312869,-1.0252365930599303,-0.4494976203067158,-7.288845112041365,0.0703640077435084,0.0,0.8238173972491358,1.3198307824923343,0.0,0.0,0.021513944223107595,0
2025-06-13 10:00:00+00:00,3.831,3.852,3.83,3.83,59.82,0.0171169419406977,1.726427622841964,1.6724183700557615,-5.525407005426741,0.3455132231564007,0.5711318793948204,1.071511433867443,1.383214040527294,0.5744125324870932,0.5483028719195008,-0.0007832898172324132,0
2025-06-13 11:00:00+00:00,3.83,3.83,3.83,3.83,0.0,0.0,0.0,1.6724183700557615,-4.655215334826989,0.0,0.0,1.071511433867443,1.376259474098965,0.0,0.0,-0.0005221932114882755,0
2025-06-13 12:00:00+00:00,3.845,3.846,3.845,3.846,58.37,0.0041688439740333,0.4177545691905981,0.706991358994502,-5.270935960591117,0.3419132183579423,0.0,0.9392217701668722,1.3566148152555415,0.0260010400348382,0.0,-0.021320852834113446,0
2025-06-13 13:00:00+00:00,3.802,3.802,3.802,3.802,164.84,-0.0115064031003505,-1.14404576183047,-0.6013071895424882,-6.79088011767589,0.939299400253918,0.0,1.0707110799472206,1.36088776906933,0.0,0.0,-0.012098895318253589,0
2025-06-13 14:00:00+00:00,3.813,3.814,3.802,3.802,610.35,0.0,0.0,-0.0525762355415349,-7.290904657400632,3.0380975491234365,0.3146303093039776,1.047777691254035,1.3510018368103385,0.3156233560453387,0.0263019463371086,-0.008416622830089482,0
2025-06-13 15:00:00+00:00,3.813,3.846,3.813,3.846,329.14,0.0115064031003506,1.1572856391373063,2.1513944223107595,-4.754829123328386,1.9496216440228664,0.0,0.9996494109722704,1.3562428688785908,0.858034321149755,0.0,-0.009620384815392624,0
2025-06-13 16:00:00+00:00,3.846,3.846,3.827,3.827,6157.67,-0.0049524407230227,-0.4940197607904317,-0.0783289817232413,-6.039774122268604,14.489217703814788,0.4940197606619846,0.7830686004425991,1.3380426772812462,0.4964724325851947,0.0,-0.004703423046772848,0
2025-06-13 17:00:00+00:00,3.833,3.833,3.828,3.828,16.55,0.0002612671471426,0.0261301280376269,-0.0522193211488275,-6.015222194942316,0.0388796551338437,0.1304461257160416,0.783228374056701,1.3382736563906337,0.1306165098927422,0.0,-0.0005224660397074032,0
2025-06-13 18:00:00+00:00,3.764,3.764,3.764,3.764,5.65,-0.0168602518675746,-1.671891327063746,-2.1320852834113446,-7.03877500617438,0.0133502015821051,0.0,0.9962399217558016,1.3684297144118434,0.0,0.0,0.014877789585547196,0
2025-06-13 19:00:00+00:00,3.756,3.756,3.756,3.756,6.14,-0.0021276603771167,-0.2125398512221044,-1.2098895318253589,-5.5569524767412615,0.015036213029307,0.0,0.9177053698170629,1.3311245890077497,0.0,0.0,0.017039403620873195,0
2025-06-13 20:00:00+00:00,3.77,3.77,3.77,3.77,1.88,0.0037204401139029,0.3727369542066094,-0.8416622830089482,-3.7528720959918216,0.0047154282919308,0.0,0.9462792548980375,1.3077257829293054,0.0,0.0,0.007957559681697646,0
2025-06-13 21:00:00+00:00,3.811,3.811,3.808,3.809,3.81,0.0102916860365477,1.0344827586207028,-0.9620384815392624,-3.7158746208291182,0.0095812198032591,0.0524796641163732,0.9138658755649244,1.309218057820793,0.0787608295933973,0.0,0.0013126804935679193,0
2025-06-13 22:00:00+00:00,3.809,3.809,3.809,3.809,0.0,0.0,0.0,-0.4703423046772848,-3.7158746208291182,0.0,0.0,0.8999103513196947,1.309218057820793,0.0,0.0,0.0034129692832765013,0
2025-06-13 23:00:00+00:00,3.842,3.842,3.826,3.826,11.92,0.0044531835215941,0.4463113678130792,-0.0522466039707403,-2.918041106318192,0.0299782142381093,0.4164497656386131,0.9255709939310528,1.3139586923752076,0.4181913224207553,0.0,-0.001045478306325176,0
2025-06-14 00:00:00+00:00,3.838,3.838,3.82,3.82,2.56,-0.0015694483995773,-0.1568217459487764,1.4877789585547196,1.7310252996005415,0.0069808979725209,0.468994267725646,0.4695348058196645,0.849628635137984,0.4712041883583298,0.0,0.0005235602094242342,0
2025-06-14 01:00:00+00:00,3.82,3.82,3.82,3.82,0.0,0.0,0.0,1.7039403620873197,2.522812667740193,0.0,0.0,0.434686400022356,0.8305567355931918,0.0,0.0,0.0005235602094242342,0
2025-06-14 02:00:00+00:00,3.8,3.811,3.8,3.8,45.14,-0.0052493558861436,-0.5235602094240788,0.7957559681697646,2.0408163265305923,0.1362285162434964,0.2886381526400876,0.5390698136600665,0.8399593063973368,0.2894736841343522,0.2894736841343522,0.0057894736842105665,0
2025-06-14 03:00:00+00:00,3.814,3.814,3.814,3.814,10.53,0.0036774404458874,0.3684210526315956,0.1312680493567919,0.8461131676361644,0.0323631143477783,0.0,0.3552084047301344,0.7833733236228422,0.0,0.0,-0.006554798112218152,0
2025-06-14 04:00:00+00:00,3.829,3.829,3.822,3.822,7.83,0.002095338639854,0.2097535395909844,0.3412969283276501,1.4600477833820014,0.0241129273365071,0.1828153564422032,0.3628470015105905,0.7785858760419224,0.1831501831022662,0.0,-0.008634222919937207,0
2025-06-14 05:00:00+00:00,3.822,3.822,3.822,3.822,0.0,0.0,0.0,-0.1045478306325176,1.4600477833820014,0.0,0.0,0.3090325429267097,0.7785858760419224,0.0,0.0,-0.005232862375719516,0
2025-06-14 06:00:00+00:00,3.822,3.822,3.822,3.822,0.0,0.0,0.0,0.0523560209424234,0.078554595443836,0.0,0.0,0.3014103100220393,0.726822744396313,0.0,0.0,-0.008110936682365288,0
2025-06-14 07:00:00+00:00,3.822,3.822,3.822,3.822,0.0,0.0,0.0,0.0523560209424234,-0.0784313725490259,0.0,0.0,0.3014103100220393,0.7260852677755192,0.0,0.0,-0.007587650444793259,0
2025-06-14 08:00:00+00:00,3.822,3.822,3.822,3.822,0.0,0.0,0.0,0.5789473684210567,0.4731861198738141,0.0,0.0,0.1572249928388205,0.7166795745490953,0.0,0.0,-0.010989010989011061,0
2025-06-14 09:00:00+00:00,3.79,3.79,3.789,3.789,3.92,-0.0086717137816175,-0.8634222919937207,-0.6554798112218152,0.6374501992031822,0.0125504927882289,0.0263852242674416,0.3804758746405841,0.7069819626931738,0.0263921879054095,0.0,-0.0002639218791238296,0
2025-06-14 10:00:00+00:00,3.774,3.789,3.773,3.789,47.41,0.0,0.0,-0.8634222919937207,-1.0704960835509092,0.152042235735531,0.0,0.3540212326737247,0.6091548818545858,0.4222750064865997,0.0,-0.017154922143045592,0
2025-06-14 11:00:00+00:00,3.802,3.802,3.802,3.802,20.52,0.0034251120297736,0.3430984428609118,-0.5232862375719516,-0.7310704960835523,0.0656269863794719,0.0,0.4058132756241128,0.6142421176093417,0.0,0.0,-0.0028932140978432663,0
2025-06-14 12:00:00+00:00,3.793,3.793,3.791,3.791,55.25,-0.0028974075320396,-0.2893214097843266,-0.8110936682365288,-1.430057202288093,0.1767738374714885,0.0527287107691256,0.4105382682873412,0.608772547187407,0.0527565286065064,0.0,0.0,0
2025-06-14 13:00:00+00:00,3.813,3.813,3.793,3.793,57.12,0.0005274261725641,0.0527565286204234,-0.7587650444793259,-0.2367175170962632,0.1854196789288201,0.5245213741084397,0.4145707130331676,0.5628655868144509,0.5272871076911981,0.0,-0.008963880833113724,0
2025-06-14 14:00:00+00:00,3.78,3.78,3.78,3.78,56.43,-0.0034332530752656,-0.3427366200896453,-1.098901098901106,-0.5786428195686533,0.1980153432934493,0.0,0.4172303308440412,0.5669516766351305,0.0,0.0,-0.00978835978835979,0
2025-06-14 15:00:00+00:00,3.772,3.788,3.756,3.788,25.8,0.0021141656923355,0.2116402116402183,-0.0263921879123829,-1.5080603224129074,0.0947349578416779,0.0,0.2707391816977011,0.5120943150202771,0.8447729670420354,0.0,-0.0058078141499471325,0
2025-06-14 16:00:00+00:00,3.752,3.753,3.724,3.724,75.55,-0.0170398159090111,-1.68954593453009,-1.7154922143045592,-2.6914031878756184,3.993744630964406,0.7727151609984748,0.7444640571134769,0.6070556886202794,0.7787325454407247,0.0268528463945167,0.011278195488721776,0
2025-06-14 17:00:00+00:00,3.725,3.791,3.725,3.791,131.43,0.017831477119377,1.7991407089151368,-0.2893214097843266,-0.9665621734587182,5.544692295288945,0.0,1.1241421731837102,0.7200741560876082,1.7409654440145128,0.0,-0.006594566077552044,0
2025-06-14 18:00:00+00:00,3.791,3.791,3.791,3.791,0.0,0.0,0.0,0.0,0.7173219978745982,0.0,0.0,1.117901609349258,0.6290432623603179,0.0,0.0,-0.0015826958586124817,0
2025-06-14 19:00:00+00:00,3.759,3.759,3.759,3.759,10.57,-0.0084768719521568,-0.8441044579266643,-0.8963880833113724,0.0798722044728528,0.4468793488986116,0.0,1.1686901097942477,0.6525974929456821,0.0,0.0,0.005054535780792735,0
2025-06-14 20:00:00+00:00,3.742,3.743,3.735,3.743,89.14,-0.0042655356597489,-0.4256451183825449,-0.9788359788359792,-0.7161803713527926,3.2665475698496063,0.0,1.171932050017897,0.6533389665953908,0.2137323002367802,0.0,0.009350788137857391,0
2025-06-14 21:00:00+00:00,3.757,3.766,3.757,3.766,16.01,0.0061260013126686,0.6144803633449047,-0.5807814149947133,-1.1289052244683684,0.5759597079822179,0.0,1.2085051409799397,0.6290607585418944,0.238980350441054,0.0,0.0015932023366966863,0
2025-06-14 22:00:00+00:00,3.766,3.766,3.766,3.766,0.0,0.0,0.0,1.1278195488721776,-1.1289052244683684,0.0,0.0,0.9214973163094352,0.6290607585418944,0.0,0.0,0.0015932023366966863,0
2025-06-14 23:00:00+00:00,3.766,3.766,3.766,3.766,0.0,0.0,0.0,-0.6594566077552044,-1.5682174594877196,0.0,0.0,0.4904771267271073,0.6204065288721295,0.0,0.0,0.011417950079660066,0
2025-06-15 00:00:00+00:00,3.79,3.79,3.785,3.785,1.5,0.0050324566544514,0.5045140732873099,-0.1582695858612481,-0.9162303664921434,0.0550332492527389,0.1319261213372198,0.5522454439952104,0.6307422321973871,0.132100396266285,0.0,0.0007926023778070945,0
2025-06-15 01:00:00+00:00,3.78,3.796,3.778,3.778,15.03,-0.0018511178100943,-0.1849405548216665,0.5054535780792735,-1.09947643979057,0.5390477898129993,0.4741833507707576,0.4005953359066022,0.6313843405376378,0.4764425620761082,0.4235044996232124,-0.000264690312334559,0
2025-06-15 02:00:00+00:00,3.778,3.778,3.778,3.778,0.0,0.0,0.0,0.9350788137857392,-0.5789473684210455,0.0,0.0,0.3220011979548131,0.6231123105747991,0.0,0.0,-0.000264690312334559,0
2025-06-15 03:00:00+00:00,3.772,3.772,3.772,3.772,18.01,-0.0015894043081068,-0.1588141874007465,0.1593202336696686,-1.101206082852657,0.6844438814029221,0.0,0.2484193521143516,0.6179619384231003,0.0,0.0,-0.007953340402969244,0
2025-06-15 04:00:00+00:00,3.772,3.772,3.772,3.772,0.0,0.0,0.0,0.1593202336696686,-1.3082155939298843,0.0,0.0,0.2484193521143516,0.6156686446819396,0.0,0.0,0.0015906680805939377,0
2025-06-15 05:00:00+00:00,3.809,3.809,3.809,3.809,3.39,0.0097613227252559,0.9809119830328727,1.1417950079660066,-0.3401360544217691,0.1297442112599447,0.0,0.4584302406822984,0.6506970239343539,0.0,0.0,-0.006038330270412229,0
2025-06-15 06:00:00+00:00,3.805,3.805,3.788,3.788,132.31,-0.0055285121726352,-0.5513258072985083,0.0792602377807094,-0.8895866038723277,4.181566783733842,0.4467805517879775,0.513217480665841,0.6598934161427783,0.4487856387410901,0.0,-0.000527983104540608,0
2025-06-15 07:00:00+00:00,3.771,3.777,3.771,3.777,36.32,-0.0029081315935119,-0.2903907074973566,-0.0264690312334558,-1.1773940345368938,1.0954744818761972,0.0,0.5231053884084597,0.6618471429790492,0.1588562350651751,0.0,0.009531374106433788,0
2025-06-15 08:00:00+00:00,3.777,3.777,3.777,3.777,0.0,0.0,0.0,-0.0264690312334558,-1.1773940345368938,0.0,0.0,0.5231053884084597,0.6618471429790492,0.0,0.0,0.013767540375959841,0
2025-06-15 09:00:00+00:00,3.761,3.761,3.742,3.742,30.33,-0.009309815878422,-0.9266613714588368,-0.7953340402969244,-1.240432831881766,0.8854181871001191,0.5051847911445967,0.648614986939879,0.6653939870740742,0.5077498662459281,0.0,0.02137894174238375,0
2025-06-15 10:00:00+00:00,3.778,3.778,3.778,3.778,40.27,0.0095745412274199,0.9620523784072744,0.1590668080593937,-0.290314067036157,1.1858941323364238,0.0,0.790226011490384,0.6966173815351057,0.0,0.0,0.002117522498676472,0
2025-06-15 11:00:00+00:00,3.786,3.786,3.786,3.786,10.94,0.0021152837078132,0.2117522498676471,-0.6038330270412229,-0.4208311415044741,0.325999503342657,0.0,0.656851290290263,0.6942272799068361,0.0,0.0,0.0010565240359217132,0
2025-06-15 12:00:00+00:00,3.786,3.786,3.786,3.786,0.0,0.0,0.0,-0.0527983104540608,-0.1318913215510364,0.0,0.0,0.6184329880697549,0.6918035565052923,0.0,0.0,0.0002641310089803728,0
2025-06-15 13:00:00+00:00,3.813,3.813,3.813,3.813,1.3,0.0071062280882956,0.7131537242472286,0.9531374106433788,0.5272871078302099,0.0449354053532492,0.0,0.6607863472422882,0.7070767927598026,0.0,0.0,-0.010228166797797034,0
2025-06-15 14:00:00+00:00,3.778,3.829,3.741,3.829,201.82,0.0041873916197307,0.4196170993967962,1.376754037595984,1.2962962962963065,5.768208450270999,0.0,0.6628579166865189,0.7070729506674109,2.298250195273376,0.0,-0.022982501958735968,0
2025-06-15 15:00:00+00:00,3.822,3.822,3.822,3.822,0.52,-0.0018298266770762,-0.1828153564899515,2.137894174238375,0.8975712777191225,0.0153234124056188,0.0,0.4311565792723348,0.707829969452464,0.0,0.0,-0.013867085295656723,0
2025-06-15 16:00:00+00:00,3.789,3.789,3.786,3.786,45.14,-0.0094637930309502,-0.9419152276295196,0.2117522498676471,1.6648764769065405,1.38178386026917,0.0791765637162403,0.5738868495754026,0.640491881135583,0.0792393026732097,0.0,-0.00449022715266767,0
2025-06-15 17:00:00+00:00,3.79,3.79,3.79,3.79,13.02,0.0010559663072037,0.1056524035921713,0.1056524035921713,-0.0263782643102006,0.4694570475477495,0.0,0.5689878577303706,0.5266956373894189,0.0,0.0,-0.005540897097625286,0
2025-06-15 18:00:00+00:00,3.781,3.787,3.781,3.787,13.52,-0.0007918701746771,-0.0791556728232167,0.0264131008980372,-0.1055130572408358,0.4777807226617976,0.0,0.5703943708960736,0.5269364284188492,0.1584367572858573,0.0,-0.004753102719830982,0
2025-06-15 19:00:00+00:00,3.77,3.774,3.768,3.774,54.2,-0.0034387019732992,-0.3432796408766814,-1.0228166797797034,0.3990422984836428,1.7997426566636776,0.0,0.4612954863749335,0.5012920300102806,0.1589825118815687,0.0,0.016958134605193464,0
2025-06-15 20:00:00+00:00,3.743,3.743,3.74,3.741,35.35,-0.0087824915803493,-0.8744038155802825,-2.298250195873597,-0.0534330750734612,1.2681993482160352,0.0534330750591891,0.4324610715423065,0.5264986106186894,0.0801924618871356,0.0,0.028067361668003166,0
2025-06-15 21:00:00+00:00,3.754,3.769,3.752,3.769,147.07,0.0074567589189892,0.7484629778134133,-1.3867085295656725,0.0796601168348454,4.4118794058973485,0.0,0.6377555801903291,0.5339038566053429,0.4510480232287043,0.0,0.020164499867338925,0
2025-06-15 22:00:00+00:00,3.769,3.769,3.769,3.769,0.0,0.0,0.0,-0.4490227152667669,0.0796601168348454,0.0,0.0,0.5346525949421737,0.5339038566053429,0.0,0.0,0.02042982223401424,0
2025-06-15 23:00:00+00:00,3.769,3.769,3.769,3.769,0.0,0.0,0.0,-0.5540897097625286,0.0796601168348454,0.0,0.0,0.5292291017077023,0.5339038566053429,0.0,0.0,0.03130803926771031,0
2025-06-16 00:00:00+00:00,3.769,3.769,3.769,3.769,0.0,0.0,0.0,-0.4753102719830981,-0.4227212681638059,0.0,0.0,0.5306162020984281,0.5231907704394743,0.0,0.0,0.028654815600955175,0
2025-06-16 01:00:00+00:00,3.802,3.838,3.802,3.838,281.8,0.0181416833005097,1.8307243300610176,1.6958134605193464,1.5881418740074205,6.348574593167844,0.0,0.910743343569166,0.6412192363135674,0.9379885354512806,0.0,0.01641479937467416,0
2025-06-16 02:00:00+00:00,3.842,3.846,3.835,3.846,11273.06,0.0020822495810797,0.2084418968212542,2.806736166800317,1.7998941238750676,21.927810561644183,0.0,0.7229885754423141,0.641700815596915,0.2860114403832555,0.0,0.01716068642745716,0
2025-06-16 03:00:00+00:00,3.845,3.845,3.845,3.845,18.0,-0.0002600442089806,-0.026001040041601,2.0164499867338925,1.935312831389191,0.0350127569627697,0.0,0.7308870192614866,0.6401716641752071,0.0,0.0,0.017945383615084465,0
2025-06-16 04:00:00+00:00,3.846,3.846,3.846,3.846,28448.51,0.0002600442089806,0.0260078023406995,2.042982223401424,1.9618239660657455,16.73980474597826,0.0,0.7285928521133164,0.6400526031476026,0.0,0.0,0.012740509620384755,0
2025-06-16 05:00:00+00:00,3.846,3.887,3.846,3.887,20243.49,0.0106040047034981,1.0660426417056668,3.130803926771031,2.0477815699658564,7.961131938875696,0.0,0.7584760713456272,0.6453857809714559,1.0547980444932323,0.0,0.005402624131721101,0
2025-06-16 06:00:00+00:00,3.849,3.897,3.849,3.877,203.66,-0.002575993181294,-0.2572678157962471,2.8654815600955175,2.3495248152059167,0.0799995810031778,0.5132152936840612,0.7995543906425102,0.6354467756755446,1.238070672881581,0.5158627803673301,0.004126902244003139,0
2025-06-16 07:00:00+00:00,3.901,3.901,3.901,3.901,6.01,0.0061712718357273,0.6190353366004597,1.641479937467416,3.2830288588826972,0.0023619567757315,0.0,0.4846748934783572,0.6383893663534409,0.0,0.0,0.007946680338374756,0
2025-06-16 08:00:00+00:00,3.903,3.912,3.903,3.912,91.86,0.0028158216480513,0.2819789797487759,1.716068642745716,3.574265289912626,0.0360471662218892,0.0,0.4836880203184085,0.6383956838779996,0.2300613496344397,0.0,0.010736196319018454,0
2025-06-16 09:00:00+00:00,3.903,3.914,3.903,3.914,1.37,0.0005111168013135,0.0511247443762741,1.7945383615084465,4.596472474612501,0.000537862106093,0.0,0.4747583760627564,0.5964354488235689,0.2810424117830786,0.0,0.010219724067450198,0
2025-06-16 10:00:00+00:00,3.914,3.914,3.895,3.895,24.02,-0.0048661896511728,-0.4854368932038833,1.2740509620384757,3.096876654314462,0.0094327613047307,0.4854368930798609,0.5697761150710204,0.588140098551457,0.487804877923545,0.0,0.01309370988446723,0
2025-06-16 11:00:00+00:00,3.887,3.908,3.887,3.908,19.73,0.0033320548578246,0.3337612323491612,0.5402624131721101,3.222398309561547,0.0077469449123014,0.0,0.4070730851942222,0.5894227622475016,0.5373592629126488,0.0,0.01586489252814749,0
2025-06-16 12:00:00+00:00,3.873,3.893,3.873,3.893,15.34,-0.0038456655522176,-0.3838280450358278,0.4126902244003139,2.8262017960908548,0.0060217089674142,0.0,0.4313220129784948,0.5983313987513204,0.5137426148179334,0.0,0.020806575905471414,0
2025-06-16 13:00:00+00:00,3.906,3.939,3.906,3.932,127.27,0.0099681336566014,1.001798099152329,0.7946680338374756,3.120902176763707,0.0498570466937078,0.1777100786550651,0.541633444677929,0.6133579084228367,0.8392675481080174,0.1780264495986737,0.012207527975584886,0
2025-06-16 14:00:00+00:00,3.946,3.954,3.935,3.954,1984.18,0.005579522463505,0.5595116988809767,1.0736196319018454,3.2645599373204437,0.7553131689438292,0.0,0.5680154789994493,0.616874681794112,0.4805260494485298,0.0,0.006575619625695417,0
2025-06-16 15:00:00+00:00,3.954,3.954,3.954,3.954,363.37,0.0,0.0,1.0219724067450198,3.4536891679748827,0.1375316846861258,0.0,0.570675761726218,0.6139121971169827,0.0,0.0,0.008598887202832417,0
2025-06-16 16:00:00+00:00,3.954,3.967,3.929,3.946,30754.85,-0.0020253171480015,-0.2023267577137111,1.309370988446723,4.226096143687275,7.842317355943111,0.529367279927054,0.5143615465431416,0.5740886201392602,0.9630005065983336,0.3294475417310041,-0.009376583882412692,0
2025-06-16 17:00:00+00:00,3.946,3.97,3.849,3.97,1482.58,0.0060636870986755,0.608210846426771,1.586489252814749,4.74934036939314,0.3722377121106001,0.0,0.5382582198679726,0.5806157580734652,3.0478589412977684,0.0,-0.026700251889168802,0
2025-06-16 18:00:00+00:00,3.974,3.974,3.974,3.974,11.57,0.001007049430526,0.1007556675062915,2.0806575905471414,4.93794560337999,0.0029049887281031,0.0,0.450998874541904,0.5781003873213884,0.0,0.0,-0.024660291897332764,0
2025-06-16 19:00:00+00:00,3.98,3.98,3.98,3.98,0.6,0.0015086751667211,0.1509813789632552,1.2207527975584886,5.458399576046635,0.000150732165794,0.0,0.3186034757676016,0.5665379821641918,0.0,0.0,-0.026130653266331683,0
2025-06-16 20:00:00+00:00,3.98,3.98,3.98,3.98,0.0,0.0,0.0,0.6575619625695417,6.388666132050247,0.0,0.0,0.2720334570268435,0.5187684805613596,0.0,0.0,-0.031407035175879394,0
2025-06-16 21:00:00+00:00,3.988,3.988,3.988,3.988,0.43,0.0020080328032456,0.2010050251256334,0.8598887202832417,5.810559830193673,0.0001082308967747,0.0,0.2682324304434998,0.5083173699559285,0.0,0.0,-0.02783350050150457,0
2025-06-16 22:00:00+00:00,3.965,3.965,3.612,3.909,2255.54,-0.0200082652887742,-1.9809428284854655,-0.9376583882412692,3.7145131334571424,0.5545998432082158,1.412358133313404,0.9269621877488636,0.6827412017574128,9.03044256612165,0.0,-0.008186236889230036,0
2025-06-16 23:00:00+00:00,3.911,3.911,3.864,3.864,256.2,-0.0115786704605461,-1.151189562547961,-2.67002518891688,2.5205624834173435,0.0628304093949537,1.2017386854508505,0.9161325932013656,0.7330053147625286,1.2163561073456677,0.0,0.0007763975155279379,0
2025-06-17 00:00:00+00:00,3.843,3.876,3.78,3.876,428.1,0.0031007776782481,0.3105590062111751,-2.4660291897332764,2.838949323427964,0.1045298506870224,0.0,0.9448885315021434,0.7338298783690551,2.476780185119512,0.0,-0.0023219814241486336,0
2025-06-17 01:00:00+00:00,3.876,3.876,3.876,3.876,0.0,0.0,0.0,-2.6130653266331683,0.990099009900991,0.0,0.0,0.928649328683621,0.6386303028127952,0.0,0.0,-0.0023219814241486336,0
2025-06-17 02:00:00+00:00,3.855,3.855,3.855,3.855,53.11,-0.0054326870132269,-0.5417956656346701,-3.1407035175879394,0.2340093603744097,0.0146865201540371,0.0,0.9031508610337126,0.6484252178500632,0.0,0.0,-0.018158236057068677,0
2025-06-17 03:00:00+00:00,3.856,3.892,3.742,3.877,1303.97,0.0056906516734992,0.5706874189364441,-2.783350050150457,0.8322496749024522,0.3553222816356222,0.3854059608465073,0.9727317881338196,0.6583009992832712,3.86897085275497,0.3868970852755005,-0.02115037400051578,0
2025-06-17 04:00:00+00:00,3.877,3.877,3.877,3.877,0.0,0.0,0.0,-0.8186236889230036,0.8060322412896337,0.0,0.0,0.6234048980260221,0.6583370477694724,0.0,0.0,-0.02450348207376829,0
2025-06-17 05:00:00+00:00,3.867,3.867,3.867,3.867,0.7,-0.0025826460636319,-0.2579313902501878,0.0776397515527937,-0.5145356315924832,0.0004265641829287,0.0,0.3951761632016358,0.6229799847316854,0.0,0.0,-0.02663563485906395,0
2025-06-17 06:00:00+00:00,3.867,3.867,3.867,3.867,0.0,0.0,0.0,-0.2321981424148633,-0.2579313902501878,0.0,0.0,0.3678776283990524,0.6209510573909817,0.0,0.0,-0.02663563485906395,0
2025-06-17 07:00:00+00:00,3.867,3.867,3.867,3.867,0.0,0.0,0.0,-0.2321981424148633,-0.8715713919507762,0.0,0.0,0.3678776283990524,0.6064274778568408,0.0,0.0,-0.02663563485906395,0
2025-06-17 08:00:00+00:00,3.806,3.806,3.785,3.785,31.53,-0.0214331257357478,-2.1205068528575066,-1.8158236057068675,-3.246421267893651,0.0193462980186748,0.551760378205,0.9407062432294976,0.7387106765984977,0.5548216643184066,0.0,-0.0076618229854690245,0
2025-06-17 09:00:00+00:00,3.795,3.795,3.795,3.795,14.1,0.002638523958181,0.2642007926023648,-2.115037400051578,-3.0403679100664327,0.0086487171708418,0.0,0.8908942630431423,0.7423399651719103,0.0,0.0,-0.023188405797101463,0
2025-06-17 10:00:00+00:00,3.782,3.782,3.782,3.782,3.46,-0.0034314406113275,-0.3425559947299095,-2.450348207376829,-2.9011553273427415,0.0021234251071991,0.0,0.8743077593756643,0.7399055731047367,0.0,0.0,-0.02564780539397149,0
2025-06-17 11:00:00+00:00,3.764,3.764,3.764,3.764,5.65,-0.0047707485131325,-0.4759386567953494,-2.663563485906395,-3.684749232343909,0.00346869160492,0.0,0.8710963134949758,0.7366791066350653,0.0,0.0,-0.01461211477151958,0
2025-06-17 12:00:00+00:00,3.764,3.764,3.764,3.764,0.0,0.0,0.0,-2.663563485906395,-3.3136398664269207,0.0,0.0,0.8710963134949758,0.7356828639989679,0.0,0.0,-0.018065887353878707,0
2025-06-17 13:00:00+00:00,3.764,3.764,3.764,3.764,7155.92,0.0,0.0,-2.663563485906395,-4.272634791454733,3.7249512317937583,0.0,0.8710963134949758,0.6957421561056117,0.0,0.0,-0.0031880977683315104,0
2025-06-17 14:00:00+00:00,3.756,3.764,3.756,3.756,1063.02,-0.0021276603771167,-0.2125398512221044,-0.7661822985469025,-5.00758725341427,0.5646265218090736,0.2125398511656378,0.2689392445657149,0.6776580959488245,0.2129925452042087,0.2129925452042087,-0.0010649627263046302,0
2025-06-17 15:00:00+00:00,3.743,3.743,3.707,3.707,418.57,-0.0131316371774212,-1.304579339723111,-2.3188405797101463,-6.246838644410735,0.2220535412322898,0.9617953510655112,0.489410734427176,0.7117780021449623,0.9711356889746068,0.0,0.012139196115457329,0
2025-06-17 16:00:00+00:00,3.707,3.707,3.685,3.685,64.41,-0.0059523985272952,-0.5934718100890191,-2.564780539397149,-6.614292954891033,0.1062472421655133,0.5934718099289203,0.4952642770373724,0.7146970015362514,0.5970149252111167,0.0,0.0073270013568520476,0
2025-06-17 17:00:00+00:00,3.667,3.709,3.667,3.709,792.31,0.0064917728661537,0.6512890094979573,-1.461211477151958,-6.574307304785898,1.3720455524433293,0.0,0.6609512945757459,0.7170681713471594,1.132380695299985,0.0,-0.0016176867080076596,0
2025-06-17 18:00:00+00:00,3.681,3.697,3.678,3.696,104.21,-0.0035111447280159,-0.3504987867349651,-1.806588735387871,-6.995470558631101,0.1792625053484522,0.0270489586077738,0.6503442591731369,0.7124630962250794,0.5140692639301795,0.0270562770489536,0.0018939393939392257,0
2025-06-17 19:00:00+00:00,3.733,3.752,3.733,3.752,110.18,0.0150378773645405,1.5151515151515138,-0.318809776833151,-5.728643216080409,0.1880551096935148,0.0,0.9912693667543928,0.7982282460660739,0.5063965883511652,0.0,-0.013059701492537323,0
2025-06-17 20:00:00+00:00,3.752,3.752,3.752,3.752,0.0,0.0,0.0,-0.106496272630463,-5.728643216080409,0.0,0.0,0.98822135708187,0.7982282460660739,0.0,0.0,-0.00746268656716409,0
2025-06-17 21:00:00+00:00,3.752,3.752,3.752,3.752,0.0,0.0,0.0,1.213919611545733,-5.917753259779346,0.0,0.0,0.7639043131814507,0.7943866489417799,0.0,0.0,-0.00746268656716409,0
2025-06-17 22:00:00+00:00,3.712,3.712,3.712,3.712,53.86,-0.010718216220024,-1.0660980810234475,0.7327001356852048,-5.0396520849322,0.1089980015681687,0.0,0.8793256464077569,0.725196773601709,0.0,0.0,0.015894396551723977,0
2025-06-17 23:00:00+00:00,3.703,3.703,3.703,3.703,12.93,-0.0024275129924786,-0.2424568965517348,-0.1617686708007659,-4.1666666666666625,0.0267148070381497,0.0,0.847115119545193,0.6970017060511405,0.0,0.0,0.018363489062922067,0
2025-06-18 00:00:00+00:00,3.703,3.703,3.703,3.703,0.0,0.0,0.0,0.1893939393939225,-4.463364293085659,0.0,0.0,0.832242788847005,0.690416825877873,0.0,0.0,0.019983796921415165,0
2025-06-18 01:00:00+00:00,3.703,3.703,3.703,3.703,0.0,0.0,0.0,-1.3059701492537323,-4.463364293085659,0.0,0.0,0.4288852500294921,0.690416825877873,0.0,0.0,0.019983796921415165,0
2025-06-18 02:00:00+00:00,3.724,3.724,3.724,3.724,21.96,0.005655057483345,0.5671077504725952,-0.746268656716409,-3.398184176394292,0.0472394364681266,0.0,0.5355389053693627,0.7027541477719658,0.0,0.0,0.01423200859291085,0
2025-06-18 03:00:00+00:00,3.724,3.724,3.724,3.724,0.0,0.0,0.0,-0.746268656716409,-3.946350270827947,0.0,0.0,0.5355389053693627,0.6870725225477278,0.0,0.0,0.01423200859291085,0
2025-06-18 04:00:00+00:00,3.756,3.771,3.756,3.771,127.72,0.0125418588613994,1.262083780880774,1.5894396551723975,-2.734072736652049,0.3071259742711688,0.0,0.5544818082139559,0.7455909280650636,0.3977724740393105,0.0,-0.03394325112702201,0
2025-06-18 05:00:00+00:00,3.771,3.771,3.771,3.771,0.0,0.0,0.0,1.8363489062922067,-2.482544608223436,0.0,0.0,0.5178608656700384,0.7453046229147496,0.0,0.0,-0.02201007690267831,0
2025-06-18 06:00:00+00:00,3.777,3.777,3.777,3.777,1.85,0.0015898254540997,0.1591089896579189,1.9983796921415165,-2.3273855702094615,0.0044481490089737,0.0,0.5030962505220661,0.7469807084853403,0.0,0.0,-0.025152237225311125,0
2025-06-18 07:00:00+00:00,3.777,3.777,3.777,3.777,0.0,0.0,0.0,1.9983796921415165,-2.3273855702094615,0.0,0.0,0.5030962505220661,0.7469807084853403,0.0,0.0,-0.04077310034418846,0
2025-06-18 08:00:00+00:00,3.777,3.777,3.777,3.777,0.0,0.0,0.0,1.423200859291085,-0.2113606340819029,0.0,0.0,0.5030739211586,0.6068075454296907,0.0,0.0,-0.03415409054805396,0
2025-06-18 09:00:00+00:00,3.777,3.777,3.777,3.777,0.0,0.0,0.0,1.423200859291085,-0.4743083003952542,0.0,0.0,0.5030739211586,0.6040365322451593,0.0,0.0,-0.03415409054805396,0
2025-06-18 10:00:00+00:00,3.687,3.687,3.643,3.643,76.12,-0.0361225257038931,-3.547789250728095,-3.394325112702201,-3.6753040719196273,0.1825290172255584,1.1933821531886688,1.4890353770898626,0.9497731546778614,1.2077957723832575,0.0,-0.012901454844908011,0
2025-06-18 11:00:00+00:00,3.642,3.688,3.642,3.688,61.31,0.0122767876679208,1.235245676640151,-2.201007690267831,-2.019128586609975,0.1462028919839484,0.0,1.6586317550946277,0.9877082021723356,1.2472885029156011,0.0,-0.03416485900216926,0
2025-06-18 12:00:00+00:00,3.682,3.682,3.682,3.682,7.36,-0.0016282228834613,-0.1626898047722424,-2.5152237225311125,-2.1785334750265672,0.0175381985021023,0.0,1.6432003576004064,0.9876582281121278,0.0,0.0,-0.020369364475828267,0
2025-06-18 13:00:00+00:00,3.631,3.631,3.588,3.623,511.88,-0.0161536708979458,-1.6023900054318196,-4.077310034418846,-3.746014877789572,3.5840814075701037,0.2203249792838423,1.691353668981416,1.035037590619239,1.186861716481675,0.0,0.0019321004692243182,0
2025-06-18 14:00:00+00:00,3.63,3.682,3.63,3.648,507.84,0.0068766602991446,0.690035881865847,-3.415409054805396,-2.875399361022357,4.243034837093048,0.9234111893200896,1.7692740649968868,1.0492291898120645,1.4254385961004838,0.9320175436041566,0.004934210526315708,0
2025-06-18 15:00:00+00:00,3.648,3.648,3.648,3.648,0.0,0.0,0.0,-3.415409054805396,-1.591583490693271,0.0,0.0,1.7692740649968868,1.0181676403565263,0.0,0.0,0.006853070175438569,0
2025-06-18 16:00:00+00:00,3.628,3.628,3.596,3.596,42.29,-0.014356955602711,-1.4254385964912242,-1.2901454844908011,-2.415196743554948,0.4173664169181854,0.8820286656885266,1.1310339500371307,1.0510535991190042,0.8898776415767867,0.0,0.021412680756395908,0
2025-06-18 17:00:00+00:00,3.588,3.609,3.556,3.562,629.51,-0.0094999317419039,-0.9454949944382672,-3.4164859002169257,-3.963332434618505,6.658486923799778,1.302299805679611,0.900944711573186,1.0520601813882515,1.4879281298461724,0.5895564288069721,0.01656372824256036,0
2025-06-18 18:00:00+00:00,3.629,3.637,3.607,3.607,23.87,0.0125542170539322,1.2633352049410629,-2.0369364475828267,-2.4080086580086535,0.2617468062913341,0.8248556500344032,1.1761135766127646,1.090348387536598,0.8317161073380273,0.2217909619568089,0.0038813418353200735,0
2025-06-18 19:00:00+00:00,3.63,3.63,3.63,3.63,1.37,0.0063562463553572,0.6376490158025883,0.1932100469224318,-3.251599147121531,0.0158086803500317,0.0,1.0402390100158867,1.04836650916978,0.0,0.0,-0.011570247933884281,0
2025-06-18 20:00:00+00:00,3.603,3.666,3.603,3.666,40.8,0.0098685011407537,0.9917355371900748,0.4934210526315707,-2.292110874200426,0.4617408649101069,0.0,1.0841869011155882,1.0730656271409769,1.718494271216988,0.0,-0.01991271140207307,0
2025-06-18 21:00:00+00:00,3.651,3.673,3.651,3.673,64.66,0.001907617420017,0.1909438079650938,0.6853070175438569,-2.105543710021318,0.7101170074922115,0.0,1.0840971436050897,1.0745179192711107,0.5989654231965855,0.0,-0.02178056084944191,0
2025-06-18 22:00:00+00:00,3.673,3.673,3.673,3.673,0.0,0.0,0.0,2.1412680756395908,-1.0506465517241437,0.0,0.0,0.7930610287645872,1.0539562154223123,0.0,0.0,-0.02178056084944191,0
2025-06-18 23:00:00+00:00,3.642,3.642,3.613,3.621,32.36,-0.0142585360540261,-1.415736455213723,1.656372824256036,-2.2144207399405813,0.361076758562152,0.5766062601382165,0.9564123457179474,1.0906842722563754,0.8008837335540203,0.0,-0.003866335266500931,0
2025-06-19 00:00:00+00:00,3.621,3.621,3.621,3.621,0.0,0.0,0.0,0.3881341835320073,-2.2144207399405813,0.0,0.0,0.8273245378262267,1.0906842722563754,0.0,0.0,-0.012427506213753103,0
2025-06-19 01:00:00+00:00,3.588,3.588,3.588,3.588,6.14,-0.0091552865869544,-0.9113504556752304,-1.157024793388428,-3.105590062111796,0.0683158402247339,0.0,0.8550774808982942,1.103217476062788,0.0,0.0,-0.0022296544035674826,0
2025-06-19 02:00:00+00:00,3.593,3.593,3.593,3.593,0.35,0.0013925639348318,0.1393534002229524,-1.9912711402073069,-3.51772287862514,0.0039336339753143,0.0,0.6712330948273937,1.0949092755591148,0.0,0.0,-0.003618146395769517,0
2025-06-19 03:00:00+00:00,3.593,3.593,3.593,3.593,0.0,0.0,0.0,-2.178056084944191,-3.51772287862514,0.0,0.0,0.6453552789566935,1.0949092755591148,0.0,0.0,-0.010297801280267138,0
2025-06-19 04:00:00+00:00,3.593,3.593,3.593,3.593,0.0,0.0,0.0,-2.178056084944191,-4.7202333598515,0.0,0.0,0.6453552789566935,1.054188403401795,0.0,0.0,-0.010297801280267138,0
2025-06-19 05:00:00+00:00,3.607,3.607,3.607,3.607,424.12,0.0038888937900203,0.3896465349290334,-0.3866335266500931,-4.348979050649682,4.185687321852074,0.0,0.4435784260679138,1.0603903230292235,0.0,0.0,-0.014139173828666474,0
2025-06-19 06:00:00+00:00,3.629,3.629,3.576,3.576,27.31,-0.0086315446101342,-0.8594399778209083,-1.2427506213753103,-5.321683876092143,0.2667328642502909,1.4604574258857912,0.5464823933521952,1.0664718289586768,1.4821029078629449,0.0,-0.005592841163310935,0
2025-06-19 07:00:00+00:00,3.58,3.58,3.58,3.58,0.75,0.0011179431013412,0.1118568232662209,-0.2229654403567482,-5.215779719353986,0.0073229076824723,0.0,0.4289188207074347,1.0677536907935885,0.0,0.0,-0.004469273743016755,0
2025-06-19 08:00:00+00:00,3.58,3.58,3.58,3.58,0.0,0.0,0.0,-0.3618146395769517,-5.215779719353986,0.0,0.0,0.4211581722746845,1.0677536907935885,0.0,0.0,-0.010893854748603382,0
2025-06-19 09:00:00+00:00,3.556,3.556,3.556,3.556,3.41,-0.0067264827609507,-0.6703910614525133,-1.0297801280267138,-5.851204659782894,0.0332486948746478,0.0,0.4863426096626668,1.0704649568842957,0.0,0.0,-0.007311586051743646,0
2025-06-19 10:00:00+00:00,3.556,3.556,3.556,3.556,0.0,0.0,0.0,-1.0297801280267138,-2.388141641504249,0.0,0.0,0.4863426096626668,0.7961458122362893,0.0,0.0,-0.01462317210348707,0
2025-06-19 11:00:00+00:00,3.556,3.556,3.556,3.556,0.0,0.0,0.0,-1.4139173828666474,-3.579175704989157,0.0,0.0,0.4176176787438647,0.7448730662728876,0.0,0.0,0.0008436445444319762,0
2025-06-19 12:00:00+00:00,3.556,3.556,3.556,3.556,0.0,0.0,0.0,-0.5592841163310935,-3.422053231939159,0.0,0.0,0.2872376980561597,0.7455101598835181,0.0,0.0,-0.00028121484814391806,0
2025-06-19 13:00:00+00:00,3.575,3.575,3.564,3.564,30.49,0.0022471919569046,0.2249718785151788,-0.4469273743016755,-1.6284846812034235,0.398720624208116,0.3076923076062433,0.3064357496768553,0.6794179175153185,0.3086419752220454,0.0,-0.003928170594837299,0
2025-06-19 14:00:00+00:00,3.561,3.561,3.541,3.541,21.98,-0.0064743364787961,-0.6453423120089785,-1.0893854748603382,-2.933114035087725,0.3909264048662871,0.561639988609481,0.3800407427894453,0.6694040705183449,0.5648121997840129,0.0,0.002541654899745893,0
2025-06-19 15:00:00+00:00,3.536,3.536,3.53,3.53,142.4,-0.0031113021845613,-0.3106467099689425,-0.7311586051743646,-3.234649122807032,2.290908359606793,0.1696832578705711,0.3087770688968377,0.6699099309026028,0.1699716713399578,0.0,0.004815864022662986,0
2025-06-19 16:00:00+00:00,3.523,3.523,3.495,3.504,458.28,-0.0073926978710603,-0.7365439093484416,-1.462317210348707,-2.5583982202447175,5.76513261340896,0.5393130852854668,0.3876372467510068,0.6247726982988142,0.7990867577628183,0.0,0.014840182648401923,0
2025-06-19 17:00:00+00:00,3.504,3.559,3.504,3.559,380.04,0.0155744334539106,1.5696347031963542,0.0843644544431976,-0.0842223469960656,5.500087437282072,0.0,0.8411225146795206,0.684631229969856,1.5453779147104911,0.0,-0.006181511660578898,0
2025-06-19 18:00:00+00:00,3.56,3.575,3.555,3.555,90.04,-0.0011245432728513,-0.1123911211014294,-0.0281214848143918,-1.4416412531189415,1.253093650315988,0.559440559284073,0.8427496408841365,0.6300294717227759,0.5625879042018042,0.4219409281513562,-0.0011251758087200692,0
2025-06-19 19:00:00+00:00,3.55,3.55,3.55,3.55,11.35,-0.0014074597678798,-0.1406469760900197,-0.3928170594837299,-2.203856749311295,0.157049951568326,0.0,0.8360333020706543,0.6124178993635038,0.0,0.0,-0.004507042253521165,0
2025-06-19 20:00:00+00:00,3.55,3.55,3.55,3.55,0.0,0.0,0.0,0.2541654899745893,-3.1642116748499705,0.0,0.0,0.7862146818319813,0.5683141685438678,0.0,0.0,-0.006478873239436522,0
2025-06-19 21:00:00+00:00,3.56,3.56,3.544,3.547,2607.71,-0.0008454276958395,-0.0845070422535121,0.4815864022662985,-3.430438333787089,14.77201520975975,0.3651685392232644,0.7711398795808913,0.5642384431774191,0.4510854241750538,0.0,-0.007048209754722423,0
2025-06-19 22:00:00+00:00,3.565,3.566,3.556,3.556,224.7,0.0025341418601734,0.253735551170009,1.4840182648401925,-3.1854070242308685,1.208760419858876,0.2804262478181583,0.658448738845248,0.5694258610064119,0.2812148480648942,0.0281214848064869,-0.021653543307086576,0
2025-06-19 23:00:00+00:00,3.537,3.537,3.537,3.537,0.4,-0.0053574074283145,-0.5343082114735664,-0.6181511660578898,-2.319801159900581,0.0021673021828679,0.0,0.2556398720968182,0.5072829101174265,0.0,0.0,-0.02120441051738753,0
2025-06-20 00:00:00+00:00,3.551,3.551,3.551,3.551,281.49,0.0039503437376074,0.3958156629912501,-0.1125175808720069,-1.9331676332504768,1.4340516582534295,0.0,0.3262310679818357,0.5169115364869649,0.0,0.0,-0.01943114615601238,0
2025-06-20 01:00:00+00:00,3.53,3.534,3.53,3.534,4.85,-0.0047988800634462,-0.4787383835539338,-0.4507042253521165,-1.5050167224080369,0.0247151074277829,0.0,0.3770199171310191,0.4934617406294894,0.1131861912526356,0.0,-0.006225240520656428,0
2025-06-20 02:00:00+00:00,3.534,3.534,3.527,3.527,85.03,-0.0019827226435895,-0.1980758347481459,-0.6478873239436522,-1.8369050932368405,0.4256510267272483,0.1980758346921028,0.3777897000357914,0.4922495801266023,0.1984689537288058,0.0,0.005954068613552632,0
2025-06-20 03:00:00+00:00,3.575,3.575,3.522,3.522,32.64,-0.0014186411799006,-0.1417635384179272,-0.7048209754722423,-1.9760645699972268,0.1622874710732992,1.4825174821028029,0.3777925563849857,0.492133375415257,1.5048268025256135,0.0,-0.0005678591709254999,0
2025-06-20 04:00:00+00:00,3.495,3.495,3.479,3.479,2124.82,-0.0122841139042093,-1.220897217490058,-2.1653543307086576,-3.1728360701363756,7.33559749185089,0.4577968525156522,0.5372282142054127,0.5442306235389566,0.4599022706352685,0.0,0.011784995688416178,0
2025-06-20 05:00:00+00:00,3.469,3.469,3.462,3.462,69.09,-0.0048984394157873,-0.4886461626904204,-2.120441051738753,-4.019961186581645,0.251358996357915,0.2017872585177803,0.5346288748092471,0.5370099651778222,0.202195262795428,0.0,0.017619872905834777,0
2025-06-20 06:00:00+00:00,3.491,3.494,3.481,3.482,289.8,0.0057603845919798,0.5777007510109788,-1.943114615601238,-2.6286353467561474,1.013985453258971,0.3434459071713094,0.5880067959460795,0.536708894288572,0.3733486500938213,0.0861573807908828,0.024411257897759997,0
2025-06-20 07:00:00+00:00,3.512,3.512,3.512,3.512,1.41,0.0085788344268729,0.8615738081562352,-0.6225240520656428,-1.8994413407821265,0.0049329949430798,0.0,0.7498225790061158,0.5707047448417497,0.0,0.0,0.015091116173120644,0
2025-06-20 08:00:00+00:00,3.54,3.548,3.54,3.548,27.32,0.0101983886744627,1.025056947608194,0.5954068613552632,-0.893854748603351,0.0952020037021619,0.0,0.8738635682742499,0.6132913575532007,0.225479143115705,0.0,-0.019447576099210773,0
2025-06-20 09:00:00+00:00,3.52,3.52,3.52,3.52,52.59,-0.0079230748373273,-0.7891770011273946,-0.0567859170925499,-1.0123734533183382,0.1819610375936371,0.0,0.9469963735780528,0.6191386114503865,0.0,0.0,-0.014488636363636398,0
2025-06-20 10:00:00+00:00,3.52,3.52,3.52,3.52,0.0,0.0,0.0,1.1784995688416178,-1.0123734533183382,0.0,0.0,0.7411849679147627,0.6191386114503865,0.0,0.0,-0.023579545454545547,0
2025-06-20 11:00:00+00:00,3.524,3.524,3.523,3.523,4.97,0.0008519097490949,0.085227272727284,1.7619872905834777,-0.9280089988751404,0.0171838534012717,0.0283768444868365,0.6684913231234584,0.6196362568423793,0.0283848992255475,0.0,-0.03462957706500147,0
2025-06-20 12:00:00+00:00,3.555,3.567,3.554,3.567,29.13,0.0124120070176539,1.2489355662787416,2.4411257897759997,0.3093363329583765,0.1002965341225979,0.0,0.7722894166212371,0.6725568587178488,0.3644519202791091,0.0,-0.03924866834875251,0
2025-06-20 13:00:00+00:00,3.557,3.569,3.557,3.565,13.12,-0.0005608525104952,-0.0560695262125099,1.5091116173120644,0.0280583613916807,0.0452858844034817,0.1120762117926377,0.7543056436405166,0.6711522063903509,0.3366058905086662,0.1122019635028887,-0.03870967741935483,0
2025-06-20 14:00:00+00:00,3.543,3.543,3.479,3.479,106.44,-0.0244191576964542,-2.412342215988772,-1.9447576099210773,-1.7509178198249042,0.3629863504979363,1.8063787745395503,1.2246516073360878,0.828147369520821,1.839609082541074,0.0,-0.00833572865766019,0
2025-06-20 15:00:00+00:00,3.482,3.49,3.469,3.469,167.82,-0.0028785281821923,-0.2874389192296656,-1.4488636363636398,-1.7280453257790374,0.5702473722343796,0.6017191975353341,1.2034773901894384,0.8278706749565792,0.6053617755533796,0.2306140097346171,-0.009512827904295196,0
2025-06-20 16:00:00+00:00,3.47,3.47,3.426,3.437,286.88,-0.0092673701199157,-0.922456039204378,-2.3579545454545547,-1.9121004566210131,0.9990539262027645,0.9510086452590856,1.225287273815057,0.8352852163138971,1.2801862085306424,0.0,-0.008437590922315996,0
2025-06-20 17:00:00+00:00,3.442,3.442,3.341,3.401,1275.78,-0.0105294918426384,-1.0474250800116436,-3.462957706500147,-4.4394492835066135,3.931838436021566,1.191167925278579,1.2236763291809,0.7809222222518349,2.9697147888945263,0.0,0.0020582181711261693,0
2025-06-20 18:00:00+00:00,3.429,3.442,3.424,3.427,53.97,0.0076157368674134,0.7644810349897169,-3.9248668348752513,-3.6005625879043657,0.1671046571477581,0.4357931433946018,1.0885345770837485,0.8046758648801434,0.525240735183771,0.3793405309660618,-0.005544207761890907,0
2025-06-20 19:00:00+00:00,3.427,3.427,3.427,3.427,0.0,0.0,0.0,-3.870967741935482,-3.464788732394364,0.0,0.0,1.0950545464831232,0.8052801101675238,0.0,0.0,0.007878611030055493,0
2025-06-20 20:00:00+00:00,3.43,3.451,3.43,3.45,9.76,0.0066889881507967,0.6711409395973256,-0.8335728657660191,-2.81690140845069,0.0302256081509105,0.0289771080762132,0.7695508776393964,0.821988313187675,0.6086956519974768,0.028985507237972,0.001159420289855051,0
2025-06-20 21:00:00+00:00,3.44,3.44,3.432,3.436,25.5,-0.0040662269212594,-0.4057971014492789,-0.9512827904295196,-3.1294051310967075,0.1184322816979855,0.1162790697336399,0.7756332973721178,0.8240269996246518,0.2328288707122153,0.0,0.006402793946449492,0
2025-06-20 22:00:00+00:00,3.43,3.43,3.408,3.408,2.0,-0.0081823951549396,-0.8149010477299212,-0.8437590922315996,-4.161979752530942,0.009707147493992,0.6413994167226311,0.755157750737214,0.831211286084155,0.6455399059138744,0.0,0.011443661971830998,0
2025-06-20 23:00:00+00:00,3.408,3.408,3.408,3.408,0.0,0.0,0.0,0.2058218171126169,-3.647158608990675,0.0,0.0,0.609135796262063,0.8283507117432065,0.0,0.0,0.01760563380281699,0
2025-06-21 00:00:00+00:00,3.408,3.408,3.408,3.408,0.0,0.0,0.0,-0.5544207761890907,-4.027034638130111,0.0,0.0,0.4961386219546006,0.8208408065333384,0.0,0.0,0.022007042253521236,0
2025-06-21 01:00:00+00:00,3.449,3.459,3.449,3.454,19.72,0.0134073707574176,1.3497652582159736,0.7878611030055493,-2.2637238256932535,0.1011759826750605,0.1445504480645963,0.7716494662617429,0.8735167003952746,0.2895193977158377,0.1447596988579124,0.008396062536189852,0
2025-06-21 02:00:00+00:00,3.454,3.454,3.454,3.454,0.0,0.0,0.0,0.1159420289855051,-2.0697476609016108,0.0,0.0,0.7252855980773939,0.8734391186150312,0.0,0.0,0.011870295309785783,0
2025-06-21 03:00:00+00:00,3.454,3.458,3.454,3.458,85.23,0.0011574075366118,0.1158077591198569,0.6402793946449492,-1.8171493469619435,0.4403371113025779,0.0,0.6946360738524211,0.8743198280713795,0.1156737998508752,0.0,0.007518796992481036,0
2025-06-21 04:00:00+00:00,3.454,3.454,3.447,3.447,9.11,-0.0031860997263704,-0.3181029496818977,1.1443661971830998,-0.91980454153493,0.0864312708519494,0.2026635784010851,0.5825278705344318,0.8413001047499594,0.2030751377420761,0.0,0.01073397156948075,0
2025-06-21 05:00:00+00:00,3.473,3.473,3.464,3.468,9.84,0.006073771383567,0.6092254134029584,1.760563380281699,0.1733102253032914,0.0955962418880036,0.1439677511822694,0.5956080001178682,0.8455089580946549,0.2595155708594215,0.0,0.0046136101499423265,0
2025-06-21 06:00:00+00:00,3.472,3.486,3.472,3.483,10.2,0.0043159324655687,0.4325259515570945,2.2007042253521236,0.0287191269385367,0.1117405136947483,0.0860585197687759,0.5792914764185497,0.8417898007592378,0.4019523398214387,0.0861326442474529,0.00028710881424065526,0
2025-06-21 07:00:00+00:00,3.483,3.483,3.483,3.483,0.0,0.0,0.0,0.8396062536189852,-0.8257403189065982,0.0,0.0,0.3327392659265321,0.821807532083102,0.0,0.0,-0.022107378696526014,0
2025-06-21 08:00:00+00:00,3.495,3.495,3.495,3.495,26.32,0.0034393843019094,0.3445305770887197,1.1870295309785783,-1.4937993235625724,0.2886518794693203,0.0,0.3335563993541924,0.7952560315759227,0.0,0.0,-0.02403433476394856,0
2025-06-21 09:00:00+00:00,3.488,3.492,3.484,3.484,17.71,-0.0031523166955172,-0.3147353361945715,0.7518796992481036,-1.0227272727272751,0.1973717204528731,0.2290950743902937,0.3951809065047462,0.782079503545345,0.229621125077606,0.114810562538803,-0.02812858783008032,0
2025-06-21 10:00:00+00:00,3.484,3.484,3.484,3.484,0.0,0.0,0.0,1.073397156948075,-1.0227272727272751,0.0,0.0,0.3414250391325035,0.782079503545345,0.0,0.0,-0.02812858783008032,0
2025-06-21 11:00:00+00:00,3.484,3.484,3.484,3.484,0.0,0.0,0.0,0.4613610149942326,-1.1070110701107083,0.0,0.0,0.2715233680379211,0.7816663964050794,0.0,0.0,-0.029276693455797864,0
2025-06-21 12:00:00+00:00,3.484,3.484,3.484,3.484,0.0,0.0,0.0,0.0287108814240655,-2.326885337818896,0.0,0.0,0.2085796264736807,0.7322729293164011,0.0,0.0,-0.03157290470723306,0
2025-06-21 13:00:00+00:00,3.424,3.424,3.406,3.406,96.63,-0.0226424767497597,-2.238805970149249,-2.2107378696526014,-4.460028050490883,1.052752949496225,0.5257009344258992,0.9498991160053876,0.8551737992968877,0.5284791542781856,0.0,-0.018496770405167395,0
2025-06-21 14:00:00+00:00,3.404,3.411,3.395,3.411,121.31,0.0014669211960121,0.1467997651203756,-2.403433476394856,-1.9545846507617148,1.312772231676942,0.0,0.9231790909801464,0.7096843711941581,0.469070653629707,0.0,-0.012019935502785128,0
2025-06-21 15:00:00+00:00,3.386,3.386,3.386,3.386,2.85,-0.0073562197255651,-0.73292289651129,-2.812858783008032,-2.3926203516863587,0.0333201806300632,0.0,0.9308818897991084,0.7211182284260422,0.0,0.0,-0.028942705256940426,0
2025-06-21 16:00:00+00:00,3.386,3.386,3.386,3.386,0.0,0.0,0.0,-2.812858783008032,-1.4838521966831442,0.0,0.0,0.9308818897991084,0.6994613404706483,0.0,0.0,-0.020673360897814574,0
2025-06-21 17:00:00+00:00,3.382,3.382,3.382,3.382,5.64,-0.0011820332345549,-0.1181334908446518,-2.9276693455797864,-0.5586592178770888,0.2730188184381422,0.0,0.919992441610951,0.6671802169553964,0.0,0.0,-0.0162625665286813,0
2025-06-21 18:00:00+00:00,3.399,3.399,3.374,3.374,122.08,-0.0023682663526119,-0.2365464222353619,-3.1572904707233063,-1.546542165159026,5.195814860569748,0.7355104440319155,0.8993444426591536,0.6469300510023205,0.7409602843091377,0.0,-0.005038529934795477,0
2025-06-21 19:00:00+00:00,3.365,3.365,3.343,3.343,223.73,-0.009230376685815,-0.9187907528156568,-1.8496770405167395,-2.4511234315728103,6.817312697378668,0.6537890042633685,0.4251515222555312,0.6699297396446621,0.6580915343529562,0.0,-0.01017050553395149,0
2025-06-21 20:00:00+00:00,3.354,3.37,3.354,3.37,83.51,0.0080441369263088,0.8076577924020389,-1.2019935502785128,-2.3188405797101463,2.3267779608815498,0.0,0.6109916186932115,0.6772530985801537,0.4747774479303334,0.0,-0.029673590504451064,0
2025-06-21 21:00:00+00:00,3.352,3.352,3.211,3.288,2753.01,-0.0246332671703369,-2.4332344213649937,-2.894270525694042,-4.307334109429572,18.410215971946226,1.9093078753253871,1.1135057039936356,0.8307598549789392,4.288321166578978,0.0,-0.01338199513381988,0
2025-06-21 22:00:00+00:00,3.288,3.316,3.288,3.316,102.99,0.0084797600791149,0.8515815085158085,-2.0673360897814574,-2.699530516431925,0.6698754430994831,0.0,1.2352212135409046,0.844906366041238,0.8443908320734655,0.0,-0.008745476477683978,0
2025-06-21 23:00:00+00:00,3.316,3.329,3.313,3.327,285.44,0.0033117597632912,0.3317249698431945,-1.62625665286813,-2.3767605633802757,1.723272591881568,0.0600781015139514,1.265213361904422,0.8495412825448035,0.4809137359540389,0.0601142169942615,-0.012022843402464733,0
2025-06-22 00:00:00+00:00,3.339,3.357,3.335,3.357,455.29,0.0089767209615583,0.901713255184866,-0.5038529934795477,-1.4964788732394263,2.466242797253832,0.0,1.3534466364371294,0.8735671870254225,0.6553470358488761,0.0,-0.005659815311289895,0
2025-06-22 01:00:00+00:00,3.307,3.312,3.305,3.309,214.66,-0.0144016890584228,-1.429848078641649,-1.017050553395149,-4.19803126809496,1.1137789019626347,0.0905797101175686,1.4317495515634489,0.8636781095810061,0.2115442731303786,0.090661831341585,0.008763977032336001,0
2025-06-22 02:00:00+00:00,3.28,3.28,3.262,3.27,1823.82,-0.011856044030313,-1.1786038077969183,-2.9673590504451064,-5.327156919513609,6.786969890057026,0.3048780486875307,1.3906816860962965,0.8866149904185603,0.550458715427988,0.0,0.003669724770642313,0
2025-06-22 03:00:00+00:00,3.252,3.252,3.242,3.244,51.05,-0.0079828486559955,-0.7951070336391419,-1.338199513381988,-6.188548293811447,0.1909842109111991,0.2460024599489403,1.0439398849188173,0.8908243154718818,0.3082614055769782,0.0,0.010789149198520143,0
2025-06-22 04:00:00+00:00,3.274,3.287,3.274,3.287,96.0,0.0131681584289158,1.3255240443896366,-0.8745476477683978,-4.64171743545112,0.3543481470531729,0.0,1.1522068919272357,0.9473934111355776,0.3954974139350449,0.0,-0.00030422878004254805,0
2025-06-22 05:00:00+00:00,3.287,3.287,3.287,3.287,0.0,0.0,0.0,-1.2022843402464731,-5.219146482122261,0.0,0.0,1.1325174437264287,0.9329453909887924,0.0,0.0,0.0021296014602982805,0
2025-06-22 06:00:00+00:00,3.316,3.338,3.313,3.338,304.08,0.0153965305575609,1.5515667782172171,-0.5659815311289895,-4.1630778064886576,1.0754186486496238,0.0,1.278111542055032,0.9922956010621524,0.7489514677205031,0.0,-0.016776512881965244,0
2025-06-22 07:00:00+00:00,3.338,3.338,3.338,3.338,0.0,0.0,0.0,0.8763977032336001,-4.1630778064886576,0.0,0.0,1.0973197183624412,0.9922956010621524,0.0,0.0,-0.049430796884361916,0
2025-06-22 08:00:00+00:00,3.286,3.286,3.282,3.282,268.05,-0.0169188325717441,-1.6776512881965244,0.3669724770642313,-6.094420600858374,0.9153866402922696,0.1217285453068386,1.2314138596757354,1.0320315874355062,0.1218769042894952,0.0,-0.018586227909811126,0
2025-06-22 09:00:00+00:00,3.28,3.28,3.279,3.279,38.16,-0.000914494805388,-0.0914076782449813,1.0789149198520145,-5.884041331802525,0.1299377154770485,0.0304878048687503,1.1647686971758018,1.032540546043874,0.0304971027659322,0.0,-0.03385178408051226,0
2025-06-22 10:00:00+00:00,3.258,3.286,3.258,3.286,80.42,0.0021325217525652,0.213479719426668,-0.0304228780042548,-5.683122847301947,0.2707470625853591,0.0,1.0282689998459842,1.03572216231212,0.8520998171478704,0.0,-0.038953134510042675,0
2025-06-22 11:00:00+00:00,3.294,3.294,3.294,3.294,4.25,0.0024316121403721,0.2434570906877597,0.212960146029828,-5.453501722158438,0.0142997937744946,0.0,1.0332884163408744,1.039393516996571,0.0,0.0,-0.041287188828172505,0
2025-06-22 12:00:00+00:00,3.289,3.289,3.273,3.282,80.65,-0.0036496390875493,-0.3642987249544593,-1.6776512881965244,-5.797933409873712,0.2683257504544957,0.21283064754855,0.7254731318301791,1.0384957349997463,0.487507617157981,0.0,-0.03778184034125531,0
2025-06-22 13:00:00+00:00,3.242,3.242,3.135,3.173,1248.99,-0.0337754800668406,-3.321145642900669,-4.943079688436192,-6.840869054609511,3.58305422675096,2.1283158537543736,1.430613583884888,1.151183332129622,3.3722029614332865,0.0,-0.006618342262842747,0
2025-06-22 14:00:00+00:00,3.189,3.221,3.135,3.221,560.89,0.0150143577480032,1.512763945792628,-1.8586227909811128,-5.570214013485774,1.5287341179849212,0.0,1.6322789345360045,1.2057189338134824,2.669978266789833,0.0,-0.030735796336541554,0
2025-06-22 15:00:00+00:00,3.227,3.227,3.168,3.168,3609.61,-0.0165913963968823,-1.6454517230673704,-3.385178408051226,-6.438275251033665,6.979407556349858,1.8283235197309105,1.713245903939865,1.2366051102598563,1.862373736785858,0.0,-0.02840909090909105,0
2025-06-22 16:00:00+00:00,3.181,3.181,3.154,3.158,442.02,-0.0031615581187291,-0.3156565656565746,-3.895313451004267,-6.733608978145311,0.8252839118912515,0.7230430679902452,1.6778616158980926,1.2352059974137952,0.8549715006792407,0.0,-0.005383153894870096,0
2025-06-22 17:00:00+00:00,3.2,3.2,3.158,3.158,1084.5,0.0,0.0,-4.1287188828172505,-6.623299822590189,1.868056153644185,1.312499999589852,1.654392487820245,1.236157987980237,1.329955667723265,0.0,-0.004749841671944255,0
2025-06-22 18:00:00+00:00,3.158,3.158,3.158,3.158,0.0,0.0,0.0,-3.7781840341255313,-6.401896858328405,0.0,0.0,1.6758648657129356,1.2375082219987552,0.0,0.0,0.005383153894870096,0
2025-06-22 19:00:00+00:00,3.143,3.152,3.136,3.152,218.5,-0.0019017438378175,-0.1899936668777635,-0.6618342262842747,-5.71343104995512,0.3798378807879016,0.0,1.006944319996831,1.2298577724553563,0.5076142130369248,0.0,-0.0076142131979695105,0
2025-06-22 20:00:00+00:00,3.138,3.138,3.01,3.122,2824.51,-0.0095633499023924,-0.9517766497462056,-3.073579633654155,-7.359050445103865,4.096736002952921,0.509878903597872,0.6601763688081868,1.2169767218437084,4.099935937187724,0.0,0.014093529788597126,0
2025-06-22 21:00:00+00:00,3.12,3.13,3.071,3.078,74.03,-0.0141937866765528,-1.4093529788597017,-2.840909090909105,-6.386861313868608,0.1281173587077594,1.6613418525043653,0.5798224579556122,1.1540095921787057,1.9168291091888052,0.3248862896930125,0.031838856400260074,0
2025-06-22 22:00:00+00:00,3.105,3.141,3.103,3.141,123.45,0.0202611851398221,2.046783625731008,-0.5383153894870096,-5.277442702050661,0.2133295699923662,0.0,1.1850718476836066,1.2266286220327491,1.209805793947843,0.0,0.01464501751034697,0
2025-06-22 23:00:00+00:00,3.147,3.156,3.133,3.143,232.46,0.000636537258921,0.0636739891754167,-0.4749841671944255,-5.530507965133758,0.4032441441831651,0.4119138148251333,1.1863225277074858,1.2225548813383322,0.7317849186344983,0.2863506203352476,0.028316894686605254,0
2025-06-23 00:00:00+00:00,3.142,3.175,3.142,3.175,89.1,0.0101298745292243,1.018135539293663,0.5383153894870096,-5.421507298182915,0.1587622130487474,0.0,1.2690698793211612,1.2274253115045093,1.0393700784127944,0.0,0.017322834645669305,0
2025-06-23 01:00:00+00:00,3.149,3.149,3.128,3.128,9.54,-0.0149138096615902,-1.4803149606299135,-0.761421319796951,-5.469930492595953,0.0172616570466693,0.6668783738752342,1.427684364982823,1.2296590192719905,0.6713554985065969,0.0,0.032608695652173836,0
2025-06-23 02:00:00+00:00,3.151,3.17,3.15,3.166,246.97,0.0120751387757557,1.2148337595907943,1.4093529788597126,-3.180428134556579,0.5071586680494715,0.1261829652598793,1.4495416162233448,1.24609013757093,0.6317119391561243,0.1263423878312248,0.017056222362602735,0
2025-06-23 03:00:00+00:00,3.161,3.176,3.161,3.176,102.0,0.0031535819260688,0.3158559696778251,3.1838856400260074,-2.0961775585696674,0.208550218176497,0.0,1.2066362064412808,1.241028714834422,0.4722921912870655,0.0,0.00598236775818628,0
2025-06-23 04:00:00+00:00,3.183,3.202,3.183,3.187,249.92,0.0034574920503098,0.346347607052877,1.464501751034697,-3.0422878004259246,0.5043751734334468,0.4684572140948018,0.956995339555327,1.208634154030262,0.596171948353888,0.4706620644899122,-0.0012550988390336304,0
2025-06-23 05:00:00+00:00,3.204,3.235,3.204,3.232,249.24,0.0140211052236497,1.4119861939127842,2.8316894686605254,-1.6732582902342474,0.492677085065419,0.092735703217073,1.0577175647768673,1.2483608178420047,0.9591584155448052,0.0928217821494879,-0.017636138613861485,0
2025-06-23 06:00:00+00:00,3.238,3.239,3.23,3.23,50.46,-0.0006190034242838,-0.0618811881188174,1.7322834645669305,-3.2354703415218733,0.1018731935137734,0.2778635380432622,1.0372501908552505,1.200444263819963,0.278637770811564,0.0309597523123929,-0.0027863777089782715,0
2025-06-23 07:00:00+00:00,3.23,3.23,3.23,3.23,0.0,0.0,0.0,3.2608695652173836,-3.2354703415218733,0.0,0.0,0.6214062683442076,1.200444263819963,0.0,0.0,0.015479876160990669,0
2025-06-23 08:00:00+00:00,3.22,3.22,3.22,3.22,0.62,-0.0031007776782481,-0.3095975232198067,1.7056222362602735,-1.8890920170627656,0.0012805188166533,0.0,0.60136041519686,1.1549021351984297,0.0,0.0,0.008695652173912993,0
2025-06-23 09:00:00+00:00,3.195,3.195,3.195,3.195,36.56,-0.0077942717268189,-0.7763975155279601,0.598236775818628,-2.5617566331198605,0.0755197014463926,0.0,0.7394119335877831,1.1637170114177446,0.0,0.0,0.0046948356807512415,0
2025-06-23 10:00:00+00:00,3.183,3.183,3.183,3.183,2.67,-0.0037629395295423,-0.3755868544600971,-0.125509883903363,-3.1345100426049988,0.0055524073428911,0.0,0.7499825189699502,1.162860042656945,0.0,0.0,-0.01916431039899469,0
2025-06-23 11:00:00+00:00,3.175,3.175,3.175,3.175,9.44,-0.0025165159553007,-0.2513352183474704,-1.7636138613861485,-3.612629022465097,0.0196221591130126,0.0,0.2773916700350295,1.1602900844496118,0.0,0.0,0.018267716535433243,0
2025-06-23 12:00:00+00:00,3.21,3.221,3.21,3.221,44.76,0.0143842380044067,1.4488188976377936,-0.2786377708978271,-1.8586227909811128,0.0933290704622805,0.0,0.7700217726398599,1.2035743926637494,0.3415088480777719,0.0,0.015523129462899687,0
2025-06-23 13:00:00+00:00,3.228,3.287,3.228,3.28,237.02,0.0181515520469905,1.831729276622163,1.5479876160990669,3.372202962496051,0.5418492761175884,0.2129601459650294,1.0843569751678872,1.040336325915777,1.7987804872564608,0.2134146340812795,-0.0030487804878047697,0
2025-06-23 14:00:00+00:00,3.28,3.292,3.248,3.248,132.54,-0.0098040000966207,-0.9756097560975509,0.8695652173912993,0.8382489909965818,0.3158873158865629,1.336573511137116,1.1842745675788575,1.02212602824763,1.3546798025385711,0.3694581279650686,0.02155172413793105,0
2025-06-23 15:00:00+00:00,3.246,3.246,3.21,3.21,173.45,-0.011768485157507,-1.169950738916259,0.4694835680751241,1.325757575757569,0.6275174260125385,1.1090573009522322,1.2552585108561387,0.9916618428185106,1.1214953267534291,0.0,0.02928348909657319,0
2025-06-23 16:00:00+00:00,3.192,3.192,3.118,3.122,153.2,-0.0277971150486842,-2.7414330218068605,-1.9164310398994688,-1.1399620012666256,0.579485385202396,2.1929824554533353,1.7248811025755084,1.1470641295334665,2.3702754636866605,0.0,0.08071748878923768,0
2025-06-23 17:00:00+00:00,3.171,3.238,3.171,3.233,148.58,0.0349366766500557,3.5554131966688107,1.8267716535433245,2.3749208359721496,0.6592543566088082,0.1544163063142597,2.3279316243759665,1.356038453423938,2.072378595090516,0.1546551190366019,0.054747912155892475,0
2025-06-23 18:00:00+00:00,3.243,3.287,3.243,3.271,101.83,0.0116852498129508,1.1753789050417571,1.5523129462899687,3.5782140595313594,0.4434742371847092,0.4867660479200594,2.3040590134713934,1.3732431311303344,1.3451543866263678,0.4891470496823156,0.04830327117089572,0
2025-06-23 19:00:00+00:00,3.271,3.288,3.27,3.27,59.36,-0.0003057636470848,-0.0305716906144892,-0.304878048780477,3.7436548223350297,0.2662027650963169,0.5474452553079484,2.1739141116253413,1.3719277667089147,0.550458715427988,0.5198776756819916,0.0470948012232415,0
2025-06-23 20:00:00+00:00,3.286,3.354,3.286,3.318,603.29,0.0145722068590907,1.4678899082568808,2.155172413793105,6.278026905829592,4.625141750936429,1.0733452590717525,2.193152635358119,1.3755198551319483,2.049427365265394,1.0849909580816794,0.022603978300180794,0
2025-06-23 21:00:00+00:00,3.319,3.319,3.296,3.304,314.25,-0.0042283361095211,-0.4219409282700481,2.928348909657319,7.342430149447687,2.2375107914790333,0.4519433562964957,2.1077347539134,1.33733000105091,0.6961259077796269,0.0,0.026634382566586012,0
2025-06-23 22:00:00+00:00,3.311,3.407,3.311,3.374,607.63,0.020965128465045,2.1186440677966267,8.071748878923767,7.418019738936654,3.783018451864825,0.9685940707459342,1.430172682203129,1.341362454835914,2.8452874917471016,0.9780675752880628,-0.00889152341434507,0
2025-06-23 23:00:00+00:00,3.41,3.41,3.41,3.41,50.0,0.0106133071716488,1.0669828097213951,5.4747912155892475,8.495068405981554,0.3267591213425869,0.0,0.9439618418086584,1.34921543619877,0.0,0.0,0.014369501466275691,0
2025-06-24 00:00:00+00:00,3.417,3.429,3.417,3.429,32.1,0.0055563821853576,0.5571847507331196,4.830327117089572,8.000000000000007,0.2130866867827299,0.0,0.940736951986552,1.3425060216731497,0.349956255366009,0.0,0.015164771070282912,0
2025-06-24 01:00:00+00:00,3.409,3.424,3.409,3.424,60.14,-0.0014592152012875,-0.1458151064450241,4.70948012232415,9.462915601023012,0.3937119990808994,0.0,0.9617112977615628,1.29063793312346,0.4380841120215912,0.0,-0.0032126168224299034,0
2025-06-24 02:00:00+00:00,3.424,3.424,3.393,3.393,187.65,-0.0090949724774025,-0.905373831775702,2.2603978300180794,7.169930511686662,1.2486726129824766,0.9053738315112853,1.0977323005720714,1.3036672633885025,0.9136457409626784,0.0,-0.00029472443265543546,0
2025-06-24 03:00:00+00:00,3.392,3.392,3.392,3.392,2.94,-0.0002947678724364,-0.0294724432655435,2.6634382566586012,6.801007556675054,0.0201160321011267,0.0,1.0515029680522716,1.305257942046077,0.0,0.0,0.010908018867924474,0
2025-06-24 04:00:00+00:00,3.377,3.377,3.344,3.344,150.0,-0.0142520227072015,-1.4150943396226467,-0.889152341434507,4.926262943206772,1.0564217235446007,0.9771986967790328,0.914632047601628,1.350315131312829,0.9868421049680473,0.0,0.019437799043062087,0
2025-06-24 05:00:00+00:00,3.429,3.459,3.429,3.459,136.16,0.0338118347325765,3.4389952153110137,1.4369501466275691,7.023514851485135,0.9918625650603834,0.0,1.6901140437998396,1.4809997759909912,0.8673026883876038,0.0,-0.014455044810638973,0
2025-06-24 06:00:00+00:00,3.465,3.481,3.465,3.481,128.14,0.00634007887427,0.6360219716680993,1.5164771070282912,7.770897832817325,0.9119392230232836,0.0,1.6933614686087597,1.4807694924183692,0.4596380349153586,0.0,-0.021832806664751514,0
2025-06-24 07:00:00+00:00,3.45,3.45,3.413,3.413,21.25,-0.0197279389047318,-1.953461648951449,-0.3212616822429903,5.665634674922604,0.1502837711197003,1.0724637678050934,1.9270849548498217,1.5518807308511164,1.0840902428701864,0.0,0.005859947260474563,0
2025-06-24 08:00:00+00:00,3.401,3.401,3.392,3.392,103.65,-0.0061719519949133,-0.6152944623498358,-0.0294724432655435,5.341614906832293,0.711431929778535,0.2646280504955488,1.904685743615896,1.55777951772279,0.2653301886010199,0.0,0.01739386792452846,0
2025-06-24 09:00:00+00:00,3.398,3.429,3.398,3.429,12.28,0.0108489555511266,1.0908018867924474,1.0908018867924474,7.323943661971821,0.084876725425856,0.0,1.955466533256571,1.5524142953622453,0.9040536596955134,0.0,0.00408282298046081,0
2025-06-24 10:00:00+00:00,3.409,3.409,3.409,3.409,1.75,-0.0058496803250172,-0.5832604257801077,1.9437799043062087,7.100219918316064,0.0120988301582669,0.0,1.8443812968438744,1.5569125132891162,0.0,0.0,0.030214139043707844,0
2025-06-24 11:00:00+00:00,3.409,3.409,3.409,3.409,0.0,0.0,0.0,-1.4455044810638973,7.370078740157471,0.0,0.0,1.0808005268901963,1.5539800789220886,0.0,0.0,0.017013787034320993,0
2025-06-24 12:00:00+00:00,3.413,3.413,3.405,3.405,55.69,-0.0011740535542903,-0.1173364623056616,-2.1832806664751514,5.712511642347096,0.3848541564659973,0.2343978903503085,0.9993661919505906,1.536618004552439,0.234948604923657,0.0,0.012628487518355325,0
2025-06-24 13:00:00+00:00,3.436,3.436,3.433,3.433,43.12,0.0081895748740792,0.8223201174742956,0.5859947260474563,4.664634146341462,0.3156084171980556,0.0873108265170839,0.7110124061384443,1.5051103824520125,0.0873871249381369,0.0,-0.004078065831634059,0
2025-06-24 14:00:00+00:00,3.446,3.473,3.443,3.451,127.02,0.0052295296403113,0.5243227497815361,1.739386792452846,6.25,0.9312658088571326,0.633458105201993,0.6295283697253584,1.4854391907825373,0.8693132422864871,0.6374963776767555,-0.009562445667922304,0
2025-06-24 15:00:00+00:00,3.444,3.444,3.443,3.443,295.95,-0.0023208597594796,-0.2318168646769036,0.4082822980460809,7.258566978193159,2.0915317522334633,0.0290360046373266,0.5150412192065462,1.4581790672818684,0.0290444379816858,0.0,-0.007261109497531226,0
2025-06-24 16:00:00+00:00,3.477,3.512,3.477,3.512,324.84,0.0198424914164834,2.004066221318612,3.0214139043707844,12.491992312620129,2.1852551560837608,0.0,0.8333432369164694,1.3414389972442744,0.9965831432242116,0.0,-0.026765375854214124,0
2025-06-24 17:00:00+00:00,3.515,3.515,3.467,3.467,9.17,-0.0128960090699838,-1.2813211845102537,1.7013787034320993,7.237859573151861,0.0641967674087815,1.3655761020297092,1.1079501973217327,1.2262286973998129,1.3844822609216965,0.0,-0.01269108739544278,0
2025-06-24 18:00:00+00:00,3.448,3.448,3.448,3.448,33.36,-0.0054953139014397,-0.5480242284395809,1.2628487518355325,5.411189238764913,0.2383041544864423,0.0,1.1522027038485598,1.222927035440306,0.0,0.0,-0.008990719257540691,0
2025-06-24 19:00:00+00:00,3.435,3.435,3.419,3.419,266.91,-0.0084462421442823,-0.8410672853828238,-0.4078065831634059,4.556574923547396,1.795716075776541,0.46579330408565,1.1760274240303876,1.241317659506157,0.4679730914103622,0.0,0.0020473822755191495,0
2025-06-24 20:00:00+00:00,3.418,3.418,3.418,3.418,948.59,-0.000292525963765,-0.0292483182216973,-0.9562445667922304,3.013863773357439,5.818692988496196,0.0,1.141625048923959,1.2118482093249805,0.0,0.0,0.009947337624341746,0
2025-06-24 21:00:00+00:00,3.418,3.418,3.418,3.418,0.0,0.0,0.0,-0.7261109497531226,3.4503631961259273,0.0,0.0,1.1426312179173832,1.2066191374319637,0.0,0.0,0.003510825043885335,0
2025-06-24 22:00:00+00:00,3.418,3.418,3.418,3.418,0.0,0.0,0.0,-2.6765375854214124,1.304090100770594,0.0,0.0,0.5389925088119963,1.132533178710179,0.0,0.0,0.003510825043885335,0
2025-06-24 23:00:00+00:00,3.423,3.423,3.423,3.423,21.88,0.0014617748546491,0.1462843768285537,-1.269108739544278,0.3812316715542385,0.1772503113815091,0.0,0.3913341284821642,1.1123688344839189,0.0,0.0,-0.0011685655857435195,0
2025-06-25 00:00:00+00:00,3.417,3.417,3.417,3.417,26.91,-0.0017543864148935,-0.1752848378615334,-0.8990719257540691,-0.3499562554680646,0.2183810103451538,0.0,0.3550913462729514,1.106941311787501,0.0,0.0,0.0005853087503657761,0
2025-06-25 01:00:00+00:00,3.426,3.426,3.426,3.426,1.0,0.0026304267687734,0.2633889376646214,0.2047382275519149,0.0584112149532689,0.0082808305672373,0.0,0.151803639578754,1.1079792739751662,0.0,0.0,0.004378283712784592,0
2025-06-25 02:00:00+00:00,3.452,3.452,3.452,3.452,1.09,0.0075603733192533,0.7589025102159974,0.9947337624341746,1.738874152667269,0.0096470848544339,0.0,0.3254658951171907,1.1005124201392231,0.0,0.0,-0.0165121668597914,0
2025-06-25 03:00:00+00:00,3.451,3.451,3.43,3.43,235.23,-0.0063935120433329,-0.6373117033603659,0.3510825043885335,1.1202830188679291,1.9176423832805032,0.6085192696005424,0.4650224019742239,1.10995402958615,0.6122448977806839,0.0,-0.013994169096209874,0
2025-06-25 04:00:00+00:00,3.43,3.43,3.43,3.43,0.0,0.0,0.0,0.3510825043885335,2.571770334928236,0.0,0.0,0.4650224019742239,1.0650128629760556,0.0,0.0,-0.013994169096209874,0
2025-06-25 05:00:00+00:00,3.419,3.419,3.419,3.419,1.0,-0.0032121505206843,-0.3206997084548191,-0.1168565585743519,-1.1564035848511178,0.0090265267052738,0.0,0.4860520784019415,0.8067883491842913,0.0,0.0,-0.010821877742029806,0
2025-06-25 06:00:00+00:00,3.419,3.419,3.419,3.419,0.0,0.0,0.0,0.0585308750365776,-1.781097385808672,0.0,0.0,0.480033816741693,0.7937446504910874,0.0,0.0,-0.010821877742029806,0
2025-06-25 07:00:00+00:00,3.398,3.441,3.398,3.441,1.54,0.0064140161581791,0.6434630008774533,0.4378283712784592,0.8203926164664477,0.0147193526032253,0.0,0.5409487826876701,0.6952303675555941,1.249636733144532,0.0,-0.0034873583260680574,0
2025-06-25 08:00:00+00:00,3.395,3.395,3.395,3.395,3.46,-0.0134583658046838,-1.3368206916594016,-1.65121668597914,0.088443396226423,0.0344451403893218,0.0,0.6741784672583663,0.7394115395957858,0.0,0.0,0.0100147275405007,0
2025-06-25 09:00:00+00:00,3.402,3.402,3.382,3.382,51.37,-0.0038365105342708,-0.3829160530191444,-1.3994169096209874,-1.370662000583256,0.5032409750632358,0.5878894766055591,0.6545254449119497,0.7060584349111885,0.5913660554135528,0.0,-0.0050266114725014965,0
2025-06-25 10:00:00+00:00,3.382,3.382,3.382,3.382,0.0,0.0,0.0,-1.3994169096209874,-0.7920211205632022,0.0,0.0,0.6545254449119497,0.6970982918511601,0.0,0.0,-0.00798344175044352,0
2025-06-25 11:00:00+00:00,3.382,3.382,3.382,3.382,0.0,0.0,0.0,-1.0821877742029806,-0.7920211205632022,0.0,0.0,0.659171965591235,0.6970982918511601,0.0,0.0,0.002956830277941913,0
2025-06-25 12:00:00+00:00,3.382,3.382,3.382,3.382,0.0,0.0,0.0,-1.0821877742029806,-0.6754772393538833,0.0,0.0,0.659171965591235,0.6968931086956612,0.0,0.0,0.002956830277941913,0
2025-06-25 13:00:00+00:00,3.429,3.429,3.429,3.429,2.94,0.0138014230043945,1.3897102306327458,-0.3487358326068057,-0.1165161666181191,0.0299966840397234,0.0,0.8766888434616106,0.7349313968480046,0.0,0.0,-0.007582385535141345,0
2025-06-25 14:00:00+00:00,3.429,3.429,3.429,3.429,0.0,0.0,0.0,1.00147275405007,-0.6374963778615017,0.0,0.0,0.6142445386048306,0.726303930112151,0.0,0.0,-0.006124234470691103,0
2025-06-25 15:00:00+00:00,3.374,3.374,3.365,3.365,33.05,-0.018840710384092,-1.8664333624963447,-0.5026611472501497,-2.2654661632297346,0.4042112987506229,0.2667457023512875,1.0404030390583598,0.8189868396838152,0.2674591381077356,0.0,0.00326894502228825,0
2025-06-25 16:00:00+00:00,3.369,3.369,3.355,3.355,7.81,-0.0029761926730461,-0.2971768202080338,-0.7983441750443521,-4.470387243735763,0.1139238198256045,0.4155535766056604,1.0426901560910318,0.6892225814380178,0.4172876302780137,0.0,0.0,0
2025-06-25 17:00:00+00:00,3.392,3.392,3.392,3.392,9.61,0.0109679475060114,1.1028315946348677,0.2956830277941913,-2.1632535333141134,0.1401427920380592,0.0,1.1603037499161564,0.6958802150222827,0.0,0.0,-0.015035377358490476,0
2025-06-25 18:00:00+00:00,3.392,3.392,3.392,3.392,0.0,0.0,0.0,0.2956830277941913,-1.6241299303944357,0.0,0.0,1.1603037499161564,0.6891493719832745,0.0,0.0,-0.01385613207547165,0
2025-06-25 19:00:00+00:00,3.403,3.403,3.403,3.403,1.46,0.003237677589112,0.3242924528301882,-0.7582385535141345,-0.4679730915472357,0.0260145218045165,0.0,0.9848383223326352,0.6729980182166073,0.0,0.0,-0.0047017337643255885,0
2025-06-25 20:00:00+00:00,3.403,3.408,3.403,3.408,14.04,0.0014682134483005,0.1469291801351691,-0.6124234470691103,-0.2925687536571186,0.817090618056662,0.0,0.990428826044372,0.6738467538150641,0.1467136149804213,0.0,-0.012617370892018642,0
2025-06-25 21:00:00+00:00,3.376,3.376,3.376,3.376,2.56,-0.0094340322333586,-0.9389671361502372,0.326894502228825,-1.2287887653598673,0.1480660320434892,0.0,0.6767829352763224,0.7001083341928456,0.0,0.0,0.010367298578199069,0
2025-06-25 22:00:00+00:00,3.355,3.355,3.355,3.355,4.71,-0.0062398063100655,-0.6220379146919419,0.0,-1.843183148039795,0.2693609111984329,0.0,0.7223160338281498,0.7096332984519323,0.0,0.0,-0.004769001490313007,0
2025-06-25 23:00:00+00:00,3.349,3.349,3.336,3.341,23.63,-0.0041816070490255,-0.4172876304023742,-1.5035377358490476,-2.395559450774165,1.3457677795204115,0.2388772767277167,0.4895072846126883,0.7112468195414875,0.3891050582493054,0.0,-0.0005986231667166608,0
2025-06-26 00:00:00+00:00,3.358,3.358,3.345,3.345,7.53,0.0011965302055722,0.1197246333433099,-1.385613207547165,-2.1071115013169384,0.449518692608039,0.3871351994082355,0.5040715448502097,0.7124542067947683,0.3886397607208819,0.0,-0.0017937219730942422,0
2025-06-26 01:00:00+00:00,3.365,3.392,3.365,3.387,100.92,0.0124778802554428,1.255605381165914,-0.4701733764325588,-1.138353765323996,4.8253411692084365,0.1474056603338984,0.7758930777393581,0.7603412580413726,0.7971656330684392,0.1476232653830428,-0.01417183348095663,0
2025-06-26 02:00:00+00:00,3.365,3.365,3.365,3.365,8.44,-0.0065166107389435,-0.6495423678771761,-1.2617370892018642,-2.5202780996523733,0.3977223640103146,0.0,0.7976787303540838,0.7498675641287987,0.0,0.0,-0.007726597325408702,0
2025-06-26 03:00:00+00:00,3.419,3.42,3.411,3.411,5.73,0.0135775403398175,1.3670133729569045,1.036729857819907,-0.5539358600583077,0.4914939241894294,0.2631578946598923,0.9193872999979712,0.7974493925304591,0.263852242666707,0.0293169158518534,-0.023453532688361256,0
2025-06-26 04:00:00+00:00,3.344,3.344,3.339,3.339,43.58,-0.0213341424749911,-2.110817941952503,-0.4769001490313007,-2.6530612244898055,3.2343373119004393,0.1495215310557619,1.3059615239016171,0.9062427119095632,0.1497454327194501,0.0,-0.002395926924228853,0
2025-06-26 05:00:00+00:00,3.339,3.339,3.339,3.339,0.0,0.0,0.0,-0.059862316671666,-2.339865457736179,0.0,0.0,1.295400225278556,0.9053906764941564,0.0,0.0,-0.005989817310572021,0
2025-06-26 06:00:00+00:00,3.339,3.339,3.339,3.339,0.0,0.0,0.0,-0.1793721973094242,-2.339865457736179,0.0,0.0,1.2939256120911515,0.9053906764941564,0.0,0.0,-0.012878107217729862,0
2025-06-26 07:00:00+00:00,3.339,3.339,3.339,3.339,0.0,0.0,0.0,-1.417183348095663,-2.964254577157799,0.0,0.0,1.1384264151777188,0.8919629621094127,0.0,0.0,-0.017669961066187567,0
2025-06-26 08:00:00+00:00,3.348,3.348,3.339,3.339,1363.11,0.0,0.0,-0.7726597325408702,-1.6494845360824797,19.467322030796204,0.2688172042207803,1.122022956427686,0.8533688601979953,0.2695417788950128,0.0,-0.01048218029350112,0
2025-06-26 09:00:00+00:00,3.332,3.332,3.331,3.331,9.16,-0.0023988017499749,-0.2395926924228852,-2.3453532688361256,-1.507983441750449,0.1341895158317131,0.0300120047929102,0.8567665314596253,0.8515689791473012,0.0300210147012812,0.0,-0.009306514560192158,0
2025-06-26 10:00:00+00:00,3.331,3.331,3.331,3.331,0.0,0.0,0.0,-0.2395926924228852,-1.507983441750449,0.0,0.0,0.0979306713588815,0.8515689791473012,0.0,0.0,-0.008105673971780303,0
2025-06-26 11:00:00+00:00,3.35,3.35,3.319,3.319,62.21,-0.003609026473705,-0.3602521765235678,-0.5989817310572021,-1.862803075103492,0.8780057512710597,0.9253731340521316,0.1597726839150598,0.8535865240259719,0.9340162696794208,0.0,-0.0057246158481470966,0
2025-06-26 12:00:00+00:00,3.319,3.319,3.296,3.296,1475.97,-0.0069539206906123,-0.692979813196748,-1.2878107217729862,-2.542874039030163,11.151810505950747,0.6929798129879582,0.2797684009154179,0.8625665447484674,0.6978155337688706,0.0,0.0012135922330096527,0
2025-06-26 13:00:00+00:00,3.292,3.292,3.28,3.28,16.16,-0.0048661896511728,-0.4854368932038833,-1.7669961066187567,-4.345290172061822,0.1215921346332802,0.3645200484919444,0.275112962376403,0.8048384844886359,0.3658536584250449,0.0,0.0060975609756097615,0
2025-06-26 14:00:00+00:00,3.278,3.33,3.278,3.304,89.15,0.0072904332626792,0.7317073170731714,-1.048218029350112,-3.6453776611256927,0.6525498424695202,0.7807807805463194,0.500919256512731,0.8256184055188394,1.5738498784582795,0.7869249392291463,-0.001210653753026647,0
2025-06-26 15:00:00+00:00,3.325,3.325,3.3,3.3,1.12,-0.001211387186297,-0.1210653753026647,-0.9306514560192158,-1.93164933135217,0.0082786658042444,0.7518796990220017,0.5002180792045073,0.7389433560441466,0.7575757573462,0.0,0.0,0
2025-06-26 16:00:00+00:00,3.304,3.304,3.304,3.304,3.01,0.001211387186297,0.1212121212121219,-0.8105673971780303,-1.5201192250372642,0.0222818543534946,0.0,0.5101126787579731,0.7385566309359607,0.0,0.0,0.00030266343825680053,0
2025-06-26 17:00:00+00:00,3.3,3.3,3.3,3.3,1.0,-0.001211387186297,-0.1210653753026647,-0.5724615848147097,-2.7122641509434,0.0074223207740929,0.0,0.4981893323738411,0.6959559083961011,0.0,0.0,0.0015151515151516914,0
2025-06-26 18:00:00+00:00,3.3,3.3,3.3,3.3,0.0,0.0,0.0,0.1213592233009652,-2.7122641509434,0.0,0.0,0.4024609931561237,0.6959559083961011,0.0,0.0,0.0036363636363636598,0
2025-06-26 19:00:00+00:00,3.3,3.3,3.3,3.3,0.0,0.0,0.0,0.6097560975609762,-3.026741110784603,0.0,0.0,0.3206046174646379,0.6902039319786862,0.0,0.0,0.005454545454545601,0
2025-06-26 20:00:00+00:00,3.3,3.3,3.3,3.3,0.0,0.0,0.0,-0.1210653753026647,-3.169014084507049,0.0,0.0,0.0911899145686473,0.6883096666202599,0.0,0.0,0.013636363636363669,0
2025-06-26 21:00:00+00:00,3.3,3.3,3.3,3.3,0.0,0.0,0.0,0.0,-2.251184834123221,0.0,0.0,0.076614852740809,0.6666852584786297,0.0,0.0,0.013636363636363669,0
2025-06-26 22:00:00+00:00,3.306,3.313,3.3,3.305,127.45,0.0015140048312152,0.1515151515151691,0.03026634382568,-1.4903129657227954,0.9163104335543144,0.2414729851368933,0.0865379296905534,0.658669106099199,0.393343418943023,0.2118003025077795,0.015128593040847127,0
2025-06-26 23:00:00+00:00,3.305,3.305,3.305,3.305,0.0,0.0,0.0,0.1515151515151691,-1.0775217000897896,0.0,0.0,0.061808988409738,0.6543703928334453,0.0,0.0,0.003933434190620311,0
2025-06-27 00:00:00+00:00,3.316,3.316,3.312,3.312,56.95,0.0021157632193634,0.2118003025718406,0.363636363636366,-0.9865470852018056,0.4063068526350632,0.1206272617247808,0.0956325810504517,0.6556446735788378,0.1207729468234382,0.0,-0.0015096618357487435,0
2025-06-27 01:00:00+00:00,3.282,3.318,3.282,3.318,3.58,0.0018099552452396,0.1811594202898669,0.5454545454545601,-2.037201062887506,0.0263024165649413,0.0,0.1011220816301914,0.5980851873312689,1.0849909580816794,0.0,-0.007836045810729386,0
2025-06-27 02:00:00+00:00,3.345,3.345,3.345,3.345,2.98,0.0081045018119391,0.8137432188065175,1.3636363636363669,-0.5943536404160454,0.0219308466924264,0.0,0.300510276953205,0.6122343336253059,0.0,0.0,-0.01584454409566527,0
2025-06-27 03:00:00+00:00,3.345,3.345,3.345,3.345,0.0,0.0,0.0,1.3636363636363669,-1.9349164467897917,0.0,0.0,0.300510276953205,0.5370350321040328,0.0,0.0,-0.012855007473841606,0
2025-06-27 04:00:00+00:00,3.355,3.355,3.355,3.355,9.25,0.0029850768434532,0.2989536621823552,1.5128593040847127,0.4791853848457705,0.0689205550893625,0.0,0.2992306828215794,0.317637328563595,0.0,0.0,-0.015797317436661684,0
2025-06-27 05:00:00+00:00,3.367,3.367,3.318,3.318,80.41,-0.0110895786553923,-1.1028315946348677,0.3933434190620311,-0.6289308176100628,0.5845325320795542,1.4553014548692285,0.6367986116213981,0.3924988806097508,1.47679324850006,0.0,-0.00301386377335755,0
2025-06-27 06:00:00+00:00,3.308,3.308,3.307,3.307,113.3,-0.003320757768597,-0.3315250150693227,-0.1509661835748743,-0.95837076969153,0.7962961336006649,0.0302297460609913,0.6503773328951132,0.3973550457844975,0.0302388871998034,0.0,0.0,0
2025-06-27 07:00:00+00:00,3.292,3.292,3.292,3.292,3.46,-0.0045461511848323,-0.4535833081342644,-0.7836045810729386,-1.4076070679844288,0.0242929903136431,0.0,0.6617440615141714,0.4060988640831696,0.0,0.0,0.008809234507898056,0
2025-06-27 08:00:00+00:00,3.292,3.292,3.292,3.292,0.0,0.0,0.0,-1.584454409566527,-1.4076070679844288,0.0,0.0,0.4920772994069425,0.4060988640831696,0.0,0.0,0.011239368165249175,0
2025-06-27 09:00:00+00:00,3.307,3.307,3.302,3.302,9.71,0.0030330626831128,0.3037667071688954,-1.2855007473841606,-0.870609426598612,0.1133622933182593,0.1511944359990308,0.5383004526444201,0.4106940980699614,0.1514233797239751,0.0,0.016050878255602585,0
2025-06-27 10:00:00+00:00,3.302,3.302,3.302,3.302,0.0,0.0,0.0,-1.5797317436661684,-0.870609426598612,0.0,0.0,0.4931813118642937,0.4106940980699614,0.0,0.0,0.024833434282253153,0
2025-06-27 11:00:00+00:00,3.308,3.308,3.308,3.308,1.0,0.0018154316635085,0.1817080557237949,-0.301386377335755,-0.3314251280506219,0.0120330910001058,0.0,0.2921359717477862,0.4069705599982007,0.0,0.0,0.006045949214026569,0
2025-06-27 12:00:00+00:00,3.307,3.307,3.307,3.307,21.46,-0.0003023431617891,-0.0302297460701317,0.0,0.3337378640776656,0.95379544061391,0.0,0.257892083427907,0.380313736992183,0.0,0.0,-0.000907166616268551,0
2025-06-27 13:00:00+00:00,3.321,3.321,3.321,3.321,13.19,0.0042245083949537,0.423344420925309,0.8809234507898056,1.2500000000000178,0.5894752522920009,0.0,0.1876827057580228,0.3735074022188707,0.0,0.0,-0.005118940078289724,0
2025-06-27 14:00:00+00:00,3.326,3.329,3.326,3.329,55.35,0.0024060161982784,0.2408912978018706,1.1239368165249175,0.7566585956416683,2.6397996898705034,0.0,0.1755128350641305,0.3473932262006717,0.0901171522709204,0.0,0.0021027335536196734,0
2025-06-27 15:00:00+00:00,3.354,3.355,3.354,3.355,16.15,0.0077798118307571,0.7810153199158787,1.6050878255602583,1.6666666666666607,0.7479015918611625,0.0,0.3009611842047717,0.3774112538234406,0.0298062593055686,0.0,-0.0008941877794337305,0
2025-06-27 16:00:00+00:00,3.363,3.384,3.337,3.384,314.88,0.0086066713203317,0.8643815201192284,2.4833434282253153,2.421307506053272,9.103647665134533,0.0,0.3502434819835174,0.4105946295094116,1.3888888884784525,0.0,-0.006796690307328546,0
2025-06-27 17:00:00+00:00,3.367,3.367,3.328,3.328,5.87,-0.0166869187850147,-1.654846335697402,0.6045949214026569,0.848484848484854,0.1687205834751914,1.1583011579571467,0.928142983046108,0.5459786008132693,1.1718749996478786,0.0,0.009915865384615419,0
2025-06-27 18:00:00+00:00,3.318,3.318,3.304,3.304,4.12,-0.0072376673002305,-0.7211538461538436,-0.0907166616268551,0.1212121212121219,0.1178391390844721,0.421940928142882,0.9888735529641504,0.5675692553367361,0.4237288134310819,0.0,0.013317191283293006,0
2025-06-27 19:00:00+00:00,3.304,3.304,3.304,3.304,0.0,0.0,0.0,-0.5118940078289724,0.1212121212121219,0.0,0.0,0.966267607577728,0.5675692553367361,0.0,0.0,0.013317191283293006,0
2025-06-27 20:00:00+00:00,3.328,3.345,3.328,3.336,84.04,0.0096386288377687,0.9685230024213176,0.2102733553619673,1.090909090909098,2.1848670313032064,0.2690582958836998,1.0560351769882992,0.6003511177080755,0.5095923259863436,0.2697841725810102,0.003597122302158251,0
2025-06-27 21:00:00+00:00,3.339,3.352,3.335,3.352,272.3,0.0047846981233362,0.4796163069544334,-0.089418777943373,1.575757575757586,5.466728010262894,0.0,1.020367579339257,0.6066954843248133,0.5071599043833027,0.0,0.005369928400954738,0
2025-06-27 22:00:00+00:00,3.36,3.361,3.36,3.361,65.66,0.002681366123132,0.2684964200477369,-0.6796690307328546,1.6944024205748809,1.3900463983616194,0.0,0.9445332067770904,0.6078838672970521,0.0297530496787504,0.0,0.002677774471883332,0
2025-06-27 23:00:00+00:00,3.361,3.361,3.361,3.361,0.0,0.0,0.0,0.991586538461542,1.6944024205748809,0.0,0.0,0.5641696339490833,0.6078838672970521,0.0,0.0,-0.0038678964593872323,0
2025-06-28 00:00:00+00:00,3.36,3.36,3.348,3.348,38.56,-0.0038753961157398,-0.3867896459387232,1.3317191283293006,1.0869565217391353,0.8297900956540406,0.3571428570365649,0.4665530444235622,0.6140874277315188,0.3584229389610448,0.0,0.0,0
2025-06-28 01:00:00+00:00,3.348,3.348,3.348,3.348,0.0,0.0,0.0,1.3317191283293006,0.9041591320072316,0.0,0.0,0.4665530444235622,0.613456323257137,0.0,0.0,0.0,0
2025-06-28 02:00:00+00:00,3.348,3.348,3.348,3.348,0.0,0.0,0.0,0.3597122302158251,0.0896860986546954,0.0,0.0,0.2930970460471729,0.5909517766552517,0.0,0.0,0.0,0
2025-06-28 03:00:00+00:00,3.37,3.37,3.37,3.37,3.08,0.0065495917370415,0.657108721624855,0.5369928400954738,0.7473841554558991,0.0664873762116983,0.0,0.3473477536869512,0.6057103947198479,0.0,0.0,-0.005341246290801238,0
2025-06-28 04:00:00+00:00,3.37,3.37,3.37,3.37,0.0,0.0,0.0,0.2677774471883332,0.447093889716843,0.0,0.0,0.3368203079951706,0.6030379538807983,0.0,0.0,-0.005341246290801238,0
2025-06-28 05:00:00+00:00,3.348,3.348,3.348,3.348,3.0,-0.0065495917370414,-0.6528189910979254,-0.3867896459387232,0.9041591320072316,0.0702349945844079,0.0,0.443418274443937,0.5724766313667105,0.0,0.0,0.0011947431302270495,0
2025-06-28 06:00:00+00:00,3.348,3.348,3.348,3.348,0.0,0.0,0.0,0.0,1.239794375566983,0.0,0.0,0.4142325526653908,0.5671439094413917,0.0,0.0,0.0011947431302270495,0
2025-06-28 07:00:00+00:00,3.348,3.348,3.348,3.348,0.0,0.0,0.0,0.0,1.7010935601458057,0.0,0.0,0.4142325526653908,0.5570119908251471,0.0,0.0,0.0011947431302270495,0
2025-06-28 08:00:00+00:00,3.348,3.348,3.348,3.348,0.0,0.0,0.0,0.0,1.7010935601458057,0.0,0.0,0.4142325526653908,0.5570119908251471,0.0,0.0,0.0011947431302270495,0
2025-06-28 09:00:00+00:00,3.332,3.352,3.332,3.352,22.76,0.0011940299926077,0.1194743130227049,-0.5341246290801238,1.51423379769835,0.5928241192786894,0.0,0.2812206225679774,0.5549280369412289,0.5966587110391836,0.0,0.0,0
2025-06-28 10:00:00+00:00,3.352,3.352,3.352,3.352,0.0,0.0,0.0,-0.5341246290801238,1.51423379769835,0.0,0.0,0.2812206225679774,0.5549280369412289,0.0,0.0,0.005668257756563211,0
2025-06-28 11:00:00+00:00,3.352,3.352,3.352,3.352,0.0,0.0,0.0,0.1194743130227049,1.330108827085863,0.0,0.0,0.0487460703244327,0.5544736343191063,0.0,0.0,0.013126491646778149,0
2025-06-28 12:00:00+00:00,3.352,3.352,3.352,3.352,0.0,0.0,0.0,0.1194743130227049,1.360749924402782,0.0,0.0,0.0487460703244327,0.5543057507523032,0.0,0.0,0.013126491646778149,0
2025-06-28 13:00:00+00:00,3.352,3.352,3.352,3.352,0.0,0.0,0.0,0.1194743130227049,0.9334537789822184,0.0,0.0,0.0487460703244327,0.548854234315641,0.0,0.0,0.011634844868735117,0
2025-06-28 14:00:00+00:00,3.352,3.352,3.352,3.352,0.0,0.0,0.0,0.1194743130227049,0.6908981676178927,0.0,0.0,0.0487460703244327,0.5472011869596581,0.0,0.0,0.011634844868735117,0
2025-06-28 15:00:00+00:00,3.352,3.352,3.352,3.352,0.0,0.0,0.0,0.0,-0.089418777943373,0.0,0.0,0.0,0.5234100002400311,0.0,0.0,0.017303102625298328,0
2025-06-28 16:00:00+00:00,3.373,3.373,3.371,3.371,464.92,0.005652253632087,0.5668257756563211,0.5668257756563211,-0.384160756501184,11.571050802876927,0.0592943966619412,0.2307522882567691,0.5053594094616751,0.0593295757759397,0.0,0.01038267576386831,0
2025-06-28 17:00:00+00:00,3.368,3.396,3.368,3.396,44.78,0.0073888321971772,0.7416196974191713,1.312649164677815,2.043269230769229,1.0712705089355132,0.0,0.3411680693102594,0.388477997291157,0.8244994108290646,0.0,0.002944640753828054,0
2025-06-28 18:00:00+00:00,3.396,3.396,3.396,3.396,0.0,0.0,0.0,1.312649164677815,2.784503631961255,0.0,0.0,0.3411680693102594,0.3491223964750668,0.0,0.0,0.005300353356890497,0
2025-06-28 19:00:00+00:00,3.399,3.41,3.391,3.391,161.54,-0.0014734053055993,-0.1472320376914027,1.1634844868735117,2.6331719128329434,3.3403639370690468,0.5571847505697443,0.3644498962485515,0.3525012994807819,0.5603066940252746,0.324388086014634,0.006782659982306205,0
2025-06-28 20:00:00+00:00,3.391,3.391,3.391,3.391,0.0,0.0,0.0,1.1634844868735117,1.6486810551558762,0.0,0.0,0.3644498962485515,0.3020896957574262,0.0,0.0,0.006782659982306205,0
2025-06-28 21:00:00+00:00,3.41,3.41,3.41,3.41,50.0,0.0055874281519239,0.5603066941905155,1.7303102625298328,1.7303102625298328,1.4046587849306835,0.0,0.3765194903191272,0.3072310512154926,0.0,0.0,0.001173020527859281,0
2025-06-28 22:00:00+00:00,3.419,3.419,3.359,3.406,68.73,-0.0011737090549289,-0.117302052785928,1.038267576386831,1.338887235941688,1.9239301584541313,0.380228136770916,0.3783671090064192,0.3065792574880444,1.761597180927307,0.0,0.0023487962419259656,0
2025-06-28 23:00:00+00:00,3.406,3.406,3.406,3.406,0.0,0.0,0.0,0.2944640753828054,1.338887235941688,0.0,0.0,0.2581742123494301,0.3065792574880444,0.0,0.0,0.0023487962419259656,0
2025-06-29 00:00:00+00:00,3.414,3.414,3.414,3.414,28.98,0.0023460421317522,0.2348796241925965,0.5300353356890497,1.971326164874565,0.8203918422962143,0.0,0.2668864553302001,0.2935213096538816,0.0,0.0,0.0,0
2025-06-29 01:00:00+00:00,3.414,3.414,3.414,3.414,0.0,0.0,0.0,0.6782659982306205,1.971326164874565,0.0,0.0,0.2469215719111863,0.2935213096538816,0.0,0.0,-0.012302284710017597,0
2025-06-29 02:00:00+00:00,3.414,3.414,3.414,3.414,0.0,0.0,0.0,0.6782659982306205,1.971326164874565,0.0,0.0,0.2469215719111863,0.2935213096538816,0.0,0.0,0.003222026947861556,0
2025-06-29 03:00:00+00:00,3.414,3.414,3.414,3.414,0.0,0.0,0.0,0.117302052785928,1.3056379821958508,0.0,0.0,0.1153468319669851,0.2671314761722135,0.0,0.0,-0.0011716461628588082,0
2025-06-29 04:00:00+00:00,3.414,3.414,3.414,3.414,0.0,0.0,0.0,0.2348796241925965,1.3056379821958508,0.0,0.0,0.0957767689644068,0.2671314761722135,0.0,0.0,0.004393673110720364,0
2025-06-29 05:00:00+00:00,3.414,3.414,3.414,3.414,0.0,0.0,0.0,0.2348796241925965,1.971326164874565,0.0,0.0,0.0957767689644068,0.2210268942560512,0.0,0.0,0.004393673110720364,0
2025-06-29 06:00:00+00:00,3.414,3.414,3.414,3.414,0.0,0.0,0.0,0.0,1.971326164874565,0.0,0.0,0.0,0.2210268942560512,0.0,0.0,0.007029876977152849,0
2025-06-29 07:00:00+00:00,3.41,3.41,3.372,3.372,20.19,-0.0123785842326398,-1.2302284710017597,-1.2302284710017597,0.7168458781362075,0.56219979114341,1.1143695011394883,0.5053535851338156,0.3485022502248273,1.1269276390489615,0.0,0.01868327402135228,0
2025-06-29 08:00:00+00:00,3.414,3.425,3.414,3.425,61.86,0.0155954315745796,1.5717674970344042,0.3222026947861556,2.2998805256869703,1.6071706936449095,0.0,0.8885067800886286,0.467716084436877,0.3211678831178977,0.0,-0.004379562043795526,0
2025-06-29 09:00:00+00:00,3.41,3.41,3.41,3.41,4.18,-0.004389180418763,-0.4379562043795526,-0.1171646162858808,1.7303102625298328,0.1108287854320021,0.0,0.9115730113855278,0.4801557389938007,0.0,0.0,0.0,0
2025-06-29 10:00:00+00:00,3.429,3.429,3.429,3.429,4.77,0.0055563821853576,0.5571847507331196,0.4393673110720364,2.297136038186154,0.125809110387362,0.0,0.9416812697608063,0.4898569257977927,0.0,0.0,-0.007874015748031371,0
2025-06-29 11:00:00+00:00,3.429,3.429,3.429,3.429,0.0,0.0,0.0,0.4393673110720364,2.297136038186154,0.0,0.0,0.9416812697608063,0.4898569257977927,0.0,0.0,-0.00962379702537175,0
2025-06-29 12:00:00+00:00,3.438,3.438,3.438,3.438,0.87,0.0026212334798742,0.2624671916010568,0.7029876977152849,2.5656324582338907,0.022924397794789,0.0,0.9436916752191252,0.4905769126984819,0.0,0.0,-0.01221640488656206,0
2025-06-29 13:00:00+00:00,3.435,3.435,3.435,3.435,1.33,-0.0008729812863448,-0.0872600349040131,1.868327402135228,2.4761336515513266,0.0349942443667817,0.0,0.6983980543187589,0.4917158888194399,0.0,0.0,-0.005822416302765698,0
2025-06-29 14:00:00+00:00,3.411,3.411,3.41,3.41,2.24,-0.0073046343788872,-0.727802037845704,-0.4379562043795526,1.7303102625298328,0.0587932938883722,0.0293169158518534,0.4645817796075978,0.5200869305118613,0.0293255131878778,0.0,0.0008797653958942941,0
2025-06-29 15:00:00+00:00,3.41,3.41,3.41,3.41,0.0,0.0,0.0,0.0,1.7303102625298328,0.0,0.0,0.4286351074779189,0.5200869305118613,0.0,0.0,0.005278592375366431,0
2025-06-29 16:00:00+00:00,3.402,3.402,3.402,3.402,5.87,-0.0023487973217553,-0.234604105571845,-0.7874015748031371,0.9196084247997672,0.3093951772138914,0.0,0.3349393468782516,0.5126519741189838,0.0,0.0,0.04850088183421519,0
2025-06-29 17:00:00+00:00,3.396,3.396,3.396,3.396,5.45,-0.0017652255245691,-0.1763668430335152,-0.962379702537175,0.0,0.3144155188395779,0.0,0.3287472964350821,0.4918821081890829,0.0,0.0,0.05300353356890475,0
2025-06-29 18:00:00+00:00,3.396,3.396,3.396,3.396,0.0,0.0,0.0,-1.221640488656206,0.0,0.0,0.0,0.274123768385772,0.4918821081890829,0.0,0.0,0.05300353356890475,0
2025-06-29 19:00:00+00:00,3.434,3.434,3.415,3.415,81.16,0.0055792245736525,0.5594817432273302,-0.5822416302765698,0.7077558242406301,5.803533652714872,0.5532906230188473,0.4181749346427384,0.5036237208327508,0.5563689603056058,0.0,0.028696925329428913,0
2025-06-29 20:00:00+00:00,3.413,3.413,3.413,3.413,24.55,-0.0005858230981834,-0.0585651537335363,0.0879765395894294,0.6487761722205887,1.6358487421864991,0.0,0.2827540312521002,0.5039142217622395,0.0,0.0,0.024025783767946285,0
2025-06-29 21:00:00+00:00,3.366,3.428,3.365,3.428,120.7,0.0043853308109632,0.4394960445355922,0.5278592375366431,0.5278592375366431,6.7229855176351245,0.0,0.330803277786099,0.4989716915575673,1.8378063005140504,0.0,0.01487747957993002,0
2025-06-29 22:00:00+00:00,3.442,3.567,3.442,3.567,523.33,0.0397479056412212,4.054842473745635,4.850088183421519,4.726952436876108,14.184306816257312,0.0,1.5873648110925065,0.9471761827618648,3.5043453872990336,0.0,-0.02691337258200166,0
2025-06-29 23:00:00+00:00,3.577,3.58,3.575,3.576,150.72,0.0025199509345131,0.2523128679562614,5.300353356890475,4.991192014092771,3.490909090828223,0.111731843544209,1.5442710430879862,0.9463464947143406,0.1398210290436712,0.0838926174262077,-0.02936241610738255,0
2025-06-30 00:00:00+00:00,3.576,3.576,3.576,3.576,0.0,0.0,0.0,5.300353356890475,4.7451669595782064,0.0,0.0,1.5442710430879862,0.9472164912305464,0.0,0.0,-0.044463087248322264,0
2025-06-30 01:00:00+00:00,3.524,3.524,3.513,3.513,58.81,-0.0177744840275777,-1.7617449664429574,2.8696925329428913,2.899824253075556,1.3240152715854323,0.3121452893552403,1.8912103218854663,1.0289381242008404,0.3131226870728407,0.0,-0.027327070879590076,0
2025-06-30 02:00:00+00:00,3.505,3.505,3.495,3.495,31.26,-0.0051369975979163,-0.5123825789923098,2.4025783767946285,2.3725834797891032,0.6837208030544233,0.2853067046261546,1.9255407257476456,1.0368362656708063,0.2861230328222763,0.0,-0.008583690987124526,0
2025-06-30 03:00:00+00:00,3.488,3.488,3.479,3.479,17.75,-0.0045884795159686,-0.4577968526466414,1.487747957993002,1.90392501464558,0.3820490744644402,0.2580275228618011,1.9561558581491385,1.042928731709333,0.2586950272323353,0.0,-0.004024144869215318,0
2025-06-30 04:00:00+00:00,3.478,3.478,3.469,3.471,49.49,-0.0023021592901557,-0.2299511353837324,-2.691337258200166,1.6695957820738183,1.019947961817658,0.2012650948242514,0.7084807206046193,1.0447400688814226,0.2592912704525332,0.0,-0.016421780466724267,0
2025-06-30 05:00:00+00:00,3.471,3.471,3.471,3.471,0.0,0.0,0.0,-2.936241610738255,1.6695957820738183,0.0,0.0,0.6643002003058779,1.0447400688814226,0.0,0.0,-0.02131950446557196,0
2025-06-30 06:00:00+00:00,3.448,3.448,3.417,3.417,87.98,-0.0156797637464945,-1.5557476231633616,-4.446308724832226,0.0878734622143939,1.6858308516175788,0.8990719254933126,0.7345245194645753,1.0969631612410211,0.9072285628015176,0.0,-0.006438396254023981,0
2025-06-30 07:00:00+00:00,3.417,3.417,3.417,3.417,0.0,0.0,0.0,-2.7327070879590076,1.334519572953741,0.0,0.0,0.5842051237061915,1.0646768940593316,0.0,0.0,0.0008779631255486642,0
2025-06-30 08:00:00+00:00,3.459,3.465,3.459,3.465,68.08,0.0139496595087118,1.4047410008779735,-0.8583690987124526,1.167883211678844,1.3192307070973353,0.0,0.9533266716599116,1.0550531944385595,0.1731601731101928,0.0,-0.017316017316017285,0
2025-06-30 09:00:00+00:00,3.465,3.465,3.465,3.465,0.0,0.0,0.0,-0.4024144869215318,1.6129032258064502,0.0,0.0,0.9413161751069689,1.0500312817956472,0.0,0.0,-0.018181818181818077,0
2025-06-30 10:00:00+00:00,3.414,3.414,3.414,3.414,7.32,-0.0148280082696176,-1.4718614718614689,-1.6421780466724267,-0.4374453193350724,0.1420313523187545,0.0,1.1087133436232366,1.090425491896764,0.0,0.0,-0.0035149384885764245,0
2025-06-30 11:00:00+00:00,3.397,3.397,3.397,3.397,4.52,-0.0049919351938021,-0.4979496192150101,-2.131950446557196,-0.9332166812481836,0.0873830985217873,0.0,1.1025756014506818,1.0948140997557911,0.0,0.0,0.0014718869590817363,0
2025-06-30 12:00:00+00:00,3.405,3.406,3.395,3.395,193.61,-0.0005889281677873,-0.0588754783632516,-0.6438396254023981,-1.2507271669575326,3.2399506334132138,0.3229594831700095,0.9303499479352354,1.092933744072225,0.3240058909207676,0.0294550809928065,-0.000589101620029564,0
2025-06-30 13:00:00+00:00,3.466,3.466,3.42,3.42,61.77,0.0073367900638543,0.7363770250368162,0.0877963125548664,-0.4366812227074246,0.9918841704365629,1.3271783031370017,0.9934074836500784,1.1045810566485987,1.345029239372806,0.0,0.009064327485380108,0
2025-06-30 14:00:00+00:00,3.386,3.405,3.365,3.405,84.78,-0.0043956114730381,-0.4385964912280715,-1.7316017316017285,-0.1466275659824156,1.2901245918073942,0.0,0.7313447722023755,1.0980022264451308,1.174743024618272,0.0,0.015859030837004573,0
2025-06-30 15:00:00+00:00,3.391,3.415,3.359,3.402,210.17,-0.0008814456278055,-0.088105726872234,-1.8181818181818077,-0.234604105571845,2.822147125267024,0.3806734991564616,0.7251865544213474,1.098128296220346,1.6460905344955656,0.3821281597936102,0.0017636684303350414,0
2025-06-30 16:00:00+00:00,3.378,3.402,3.378,3.402,59.74,0.0,0.0,-0.3514938488576424,0.0,0.7787137666299012,0.0,0.4407418637019203,1.0970811583175366,0.705467371926671,0.0,0.007642563198118735,0
2025-06-30 17:00:00+00:00,3.402,3.402,3.402,3.402,0.0,0.0,0.0,0.1471886959081736,0.1766784452296832,0.0,0.0,0.384481799275227,1.0964377896038209,0.0,0.0,-0.0038212815990594784,0
2025-06-30 18:00:00+00:00,3.393,3.393,3.393,3.393,1.0,-0.002649008171577,-0.2645502645502784,-0.0589101620029564,-0.0883392226148416,0.0130666289184568,0.0,0.402209410976248,1.0978474857914555,0.0,0.0,0.003831417624521105,0
2025-06-30 19:00:00+00:00,3.391,3.451,3.39,3.451,232.11,0.0169495583137734,1.7094017094017255,0.9064327485380108,1.0541727672035206,2.802569817191175,0.0,0.775670737917251,1.1465883742343776,1.7676035926492004,0.0,-0.009852216748768572,0
2025-06-30 20:00:00+00:00,3.459,3.459,3.459,3.459,5.53,0.0023154858391652,0.2318168646769036,1.5859030837004573,1.3477878699091894,0.0674160727792782,0.0,0.7199726431731561,1.14699255693757,0.0,0.0,-0.022260769008383918,0
2025-06-30 21:00:00+00:00,3.434,3.434,3.408,3.408,26.96,-0.0148539209879624,-1.4744145706851786,0.1763668430335041,-0.5834305717619559,0.3451008837619091,0.7571345367626353,1.0195957105684268,1.185659011740026,0.7629107978982141,0.0,-0.008215962441314506,0
2025-06-30 22:00:00+00:00,3.449,3.449,3.398,3.428,59.55,0.005851391768464,0.5868544600938996,0.7642563198118735,-3.896832071768997,1.0127909860579591,0.6088721366747227,1.0439186617155456,0.8400960531494935,1.4877479575589916,0.0,-0.024795799299883292,0
2025-06-30 23:00:00+00:00,3.402,3.402,3.389,3.389,32.49,-0.011442108110619,-1.1376896149358218,-0.3821281599059478,-5.229306487695762,0.603099959769764,0.3821281597936232,1.1687795403539167,0.8580700057341141,0.3835939804120509,0.0,-0.01711419297727934,0
2025-07-01 00:00:00+00:00,3.396,3.406,3.394,3.406,42.36,0.0050036896155824,0.5016228976099324,0.3831417624521105,-4.753914988814312,0.7613684021191992,0.0,1.1841015313200205,0.8697433107444438,0.3523194361854614,0.0,-0.022019964768056455,0
2025-07-01 01:00:00+00:00,3.406,3.417,3.406,3.417,10.34,0.0032243908926581,0.3229594832648175,-0.9852216748768572,-2.7327070879590076,0.1928489831407673,0.0,0.9058213278508954,0.8078865823865535,0.3219198126069791,0.0,-0.017266608135791506,0
2025-07-01 02:00:00+00:00,3.394,3.396,3.382,3.382,55.56,-0.0102957226567661,-1.0242903131401748,-2.226076900838392,-3.233190271816877,1.0170313703469482,0.4122497054145257,0.941029205244782,0.8256114333900846,0.4139562387894804,0.0591366055413487,-0.014488468361915974,0
2025-07-01 03:00:00+00:00,3.382,3.382,3.38,3.38,29.94,-0.0005915409814612,-0.0591366055588515,-0.8215962441314506,-2.845645300373678,0.5430061210511341,0.0591366055413618,0.7688986698500789,0.8228624137891521,0.0591715976156363,0.0,-0.018934911242603603,0
2025-07-01 04:00:00+00:00,3.375,3.375,3.343,3.343,48.67,-0.0110071020569658,-1.0946745562130156,-2.479579929988329,-3.6876980697205464,0.8832496521526214,0.9481481478672162,0.7599890308842263,0.8467566874887147,0.9572240499679264,0.0,-0.0056835177983847185,0
2025-07-01 05:00:00+00:00,3.331,3.331,3.331,3.331,5.65,-0.0035960482264189,-0.3589590188453506,-1.711419297727934,-4.033419763756852,0.102098439156972,0.0,0.6726196521298877,0.8470474871334029,0.0,0.0,-0.002101471029720803,0
2025-07-01 06:00:00+00:00,3.331,3.331,3.331,3.331,0.0,0.0,0.0,-2.2019964768056455,-2.516827626573015,0.0,0.0,0.5800122136725405,0.7934299957381499,0.0,0.0,-0.002101471029720803,0
2025-07-01 07:00:00+00:00,3.342,3.364,3.318,3.358,121.53,0.0080729994438064,0.8105673971780192,-1.7266608135791506,-1.7266608135791506,2.1420010574794253,0.1783590962608856,0.7142155834219918,0.8149494792339207,1.3698630132906846,0.1786777843422574,-0.01310303752233477,0
2025-07-01 08:00:00+00:00,3.333,3.333,3.333,3.333,1.2,-0.0074727593297463,-0.7444907683144653,-1.4488468361915974,-3.809523809523796,0.0222428174231279,0.0,0.6632549493116073,0.7628784083326527,0.0,0.0,-0.005700570057005749,0
2025-07-01 09:00:00+00:00,3.316,3.316,3.316,3.316,12.25,-0.0051135620525541,-0.5100510051005203,-1.8934911242603605,-4.300144300144304,0.2249340117016186,0.0,0.6638452265242962,0.7652990725669376,0.0,0.0,0.009047044632086942,0
2025-07-01 10:00:00+00:00,3.324,3.324,3.324,3.324,1.0,0.0024096397201533,0.2412545235223273,-0.5683517798384718,-2.6362038664323517,0.0184511774154183,0.0,0.5665463925502499,0.7174119402680357,0.0,0.0,0.001203369434416457,0
2025-07-01 11:00:00+00:00,3.324,3.324,3.324,3.324,0.0,0.0,0.0,-0.2101471029720802,-2.148954960259053,0.0,0.0,0.551783929910334,0.7128996613040148,0.0,0.0,-0.0072202166064981865,0
2025-07-01 12:00:00+00:00,3.324,3.324,3.324,3.324,0.0,0.0,0.0,-0.2101471029720802,-2.091310751104569,0.0,0.0,0.551783929910334,0.7131145683529753,0.0,0.0,-0.006919374247894017,0
2025-07-01 13:00:00+00:00,3.316,3.316,3.314,3.314,162.08,-0.0030129579888304,-0.3008423586040809,-1.310303752233477,-3.0994152046783574,3.233758136454413,0.0603136308623837,0.3684575849002381,0.692249736587226,0.0603500301567978,0.0,-0.007242003621001802,0
2025-07-01 14:00:00+00:00,3.314,3.314,3.314,3.314,0.0,0.0,0.0,-0.5700570057005749,-2.6725403817914772,0.0,0.0,0.2667795951249156,0.6895457538234027,0.0,0.0,-0.012070006035003078,0
2025-07-01 15:00:00+00:00,3.35,3.35,3.346,3.346,68.35,0.0096096835602609,0.9656004828002328,0.9047044632086942,-1.6460905349794277,1.680204033513606,0.1194029850389842,0.4329230761328718,0.7235944833352206,0.119545726204559,0.0,-0.021518230723251652,0
2025-07-01 16:00:00+00:00,3.328,3.328,3.328,3.328,97.88,-0.0053940796056701,-0.5379557680812996,0.1203369434416457,-2.175191064079962,2.315658731277456,0.0,0.5104487617968225,0.7297043894422683,0.0,0.0,-0.016225961538461453,0
2025-07-01 17:00:00+00:00,3.332,3.332,3.292,3.3,14780.65,-0.0084490544865276,-0.8413461538461564,-0.7220216606498187,-2.9982363315696703,22.45858525741913,0.9603841533732348,0.6215381099677141,0.7453056985680354,1.2121212117539035,0.0,-0.006969696969696848,0
2025-07-01 18:00:00+00:00,3.301,3.301,3.301,3.301,30.28,0.0003029843986215,0.0303030303030471,-0.6919374247894017,-2.711464780430284,0.045924074118474,0.0,0.6228373146634192,0.7453640133278229,0.0,0.0,-0.007270524083611063,0
2025-07-01 19:00:00+00:00,3.298,3.298,3.29,3.29,107.5,-0.0033378880937755,-0.3332323538321802,-0.7242003621001802,-4.665314401622722,0.1643336176259942,0.2425712552326954,0.6249113573101415,0.6386250645488375,0.243161094151015,0.0,-0.0012158054711246535,0
2025-07-01 20:00:00+00:00,3.282,3.282,3.267,3.274,129.96,-0.0048750858283373,-0.4863221884498503,-1.2070006035003078,-5.348366579936403,0.1971056988659944,0.2437538085789905,0.6375754128671727,0.6343976357715461,0.4581551617415569,0.0,-0.0006108735491754391,0
2025-07-01 21:00:00+00:00,3.277,3.277,3.274,3.274,8.24,0.0,0.0,-2.1518230723251652,-3.931924882629101,0.0125121160508696,0.0915471467526592,0.3364995601029625,0.5762948579525257,0.091631032348314,0.0,0.0064141722663408895,0
2025-07-01 22:00:00+00:00,3.274,3.274,3.274,3.274,1.59,0.0,0.0,-1.6225961538461453,-4.4924154025670955,0.0024232387067895,0.0,0.3515202029340257,0.5550718914139061,0.0,0.0,0.014050091631032213,0
2025-07-01 23:00:00+00:00,3.264,3.277,3.259,3.277,203.27,0.0009158907677344,0.0916310323763047,-0.6969696969696848,-3.30480967837119,0.3064699119876271,0.0,0.2353113312340653,0.5190000929584245,0.5492828805159417,0.0,0.013121757705218062,0
2025-07-02 00:00:00+00:00,3.277,3.277,3.277,3.277,0.0,0.0,0.0,-0.7270524083611063,-3.7874339401057,0.0,0.0,0.2318285755969711,0.5019255777063729,0.0,0.0,0.013121757705218062,0
2025-07-02 01:00:00+00:00,3.259,3.286,3.259,3.286,87.14,0.0027426498983987,0.2746414403417718,-0.1215805471124653,-3.8337723148961,0.131097228438303,0.0,0.252510524567395,0.5000013515930274,0.8216676808211643,0.0,0.009738283627510613,0
2025-07-02 02:00:00+00:00,3.276,3.276,3.272,3.272,129.67,-0.0042696008745757,-0.4260499087035962,-0.0610873549175439,-3.25251330573626,0.1941791431251517,0.1221001220628511,0.2303399381872919,0.4687396044834654,0.122249388715694,0.0,0.014058679706601573,0
2025-07-02 03:00:00+00:00,3.295,3.295,3.295,3.295,6.06,0.0070047492139699,0.7029339853300787,0.641417226634089,-2.51479289940828,0.0090883129818891,0.0,0.3710627378018413,0.4989521293170025,0.0,0.0,0.004248861911988033,0
2025-07-02 04:00:00+00:00,3.318,3.337,3.318,3.32,266.5,0.0075586149739266,0.7587253414264028,1.405009163103221,-0.6880047861202554,0.3943085421181776,0.5094396162692822,0.4479847842891221,0.4816691550190063,0.5722891564541336,0.5120481926168634,-0.0033132530120481007,0
2025-07-02 05:00:00+00:00,3.32,3.32,3.32,3.32,0.0,0.0,0.0,1.3121757705218062,-0.3302311618132769,0.0,0.0,0.4552496320267883,0.4764955395204857,0.0,0.0,-0.0033132530120481007,0
2025-07-02 06:00:00+00:00,3.32,3.32,3.32,3.32,0.0,0.0,0.0,1.3121757705218062,-0.3302311618132769,0.0,0.0,0.4552496320267883,0.4764955395204857,0.0,0.0,-0.0033132530120481007,0
2025-07-02 07:00:00+00:00,3.329,3.329,3.318,3.318,152.63,-0.0006025911601443,-0.0602409638554179,0.9738283627510612,-1.19118522930316,0.2254748018770231,0.3304295583266994,0.4672015482110327,0.4432452980648408,0.3315250149694053,0.0,0.00994575045207946,0
2025-07-02 08:00:00+00:00,3.318,3.318,3.318,3.318,0.0,0.0,0.0,1.4058679706601571,-0.4500450045004545,0.0,0.0,0.3849114808859208,0.4176363201982592,0.0,0.0,0.02169981916817365,0
2025-07-02 09:00:00+00:00,3.3,3.314,3.3,3.309,682.47,-0.0027161628287775,-0.2712477396021651,0.4248861911988033,-0.2110977080820197,0.9683132459592284,0.1508750753920079,0.3517875687042525,0.4081010681106513,0.4230885462607842,0.1511030522359885,0.03626473254759732,0
2025-07-02 10:00:00+00:00,3.309,3.309,3.309,3.309,0.0,0.0,0.0,-0.3313253012048101,-0.4512635379061325,0.0,0.0,0.1086735350692149,0.4046384717568124,0.0,0.0,0.06255666364460555,0
2025-07-02 11:00:00+00:00,3.309,3.309,3.309,3.309,0.0,0.0,0.0,-0.3313253012048101,-0.4512635379061325,0.0,0.0,0.1086735350692149,0.4046384717568124,0.0,0.0,0.06890299184043513,0
2025-07-02 12:00:00+00:00,3.309,3.309,3.309,3.309,0.0,0.0,0.0,-0.3313253012048101,-0.4512635379061325,0.0,0.0,0.1086735350692149,0.4046384717568124,0.0,0.0,0.07555152614082794,0
2025-07-02 13:00:00+00:00,3.339,3.359,3.339,3.351,90.42,0.012612779815698,1.2692656391658952,0.994575045207946,1.1164755582377728,0.1288446386870507,0.2381661207984027,0.5479706510889314,0.4765384644998068,0.5968367649666264,0.2387347059866505,0.06893464637421665,0
2025-07-02 14:00:00+00:00,3.367,3.39,3.367,3.39,53.12,0.0115711126371854,1.1638316920322245,2.169981916817365,2.2933011466505837,0.0754557512459176,0.0,0.668640162795897,0.5274674083307999,0.6784660764960315,0.0,0.05604719764011801,0
2025-07-02 15:00:00+00:00,3.392,3.429,3.344,3.429,280.21,0.0114387520884243,1.150442477876101,3.626473254759732,2.480573819485943,0.39310271055073,0.0,0.6516478256380792,0.5416616560400138,2.4788568088425604,0.0,0.04695246427529898,0
2025-07-02 16:00:00+00:00,3.431,3.559,3.43,3.516,729.25,0.0250553063421472,2.5371828521434825,6.255666364460555,5.649038461538458,0.9866418324398002,1.20820455150093,0.9358960059876584,0.7140451262322128,3.6689419784786854,1.2229806594928994,0.019340159271899804,0
2025-07-02 17:00:00+00:00,3.559,3.584,3.537,3.537,300.5,0.005954930400413,0.5972696245733822,6.8902991840435135,7.181818181818178,2.2130777799095003,1.3113839282055333,0.8331354499196512,0.6795611475824286,1.3288097253806066,0.7068136837130837,0.0016963528413911355,0
2025-07-02 18:00:00+00:00,3.577,3.583,3.55,3.559,244.14,0.0062006963047122,0.6219960418433867,7.555152614082794,7.815813389881865,1.687278088606029,0.6698297514178543,0.6948013350487072,0.6804628315527854,0.927226748826302,0.1685866816047867,-0.007024445068839702,0
2025-07-02 19:00:00+00:00,3.563,3.588,3.563,3.582,9.69,0.0064416971104642,0.6462489463332277,6.893464637421665,8.875379939209726,0.0689095251353673,0.1672240802209583,0.7311105633983697,0.6692005771337372,0.6979341148246948,0.1675041875579337,-0.008096035734226681,0
2025-07-02 20:00:00+00:00,3.597,3.597,3.579,3.58,82.56,-0.000558503225911,-0.0558347292015537,5.604719764011801,9.3463653023824,0.5954812379369568,0.4726160688149498,0.8702775355633283,0.6511490888467414,0.5027932959489346,0.0,-0.006983240223463638,0
2025-07-02 21:00:00+00:00,3.572,3.603,3.572,3.59,910.64,0.0027894020875785,0.2793296089385499,4.695246427529898,9.651802076970071,5.1669227822849875,0.3608104356478557,0.8948556519863574,0.6466891869264784,0.8635097490630931,0.3621169915425953,-0.013370473537604455,0
2025-07-02 22:00:00+00:00,3.61,3.614,3.584,3.584,159.98,-0.0016727073875033,-0.1671309192200487,1.9340159271899804,9.468540012217463,0.8749547085920351,0.8301051464222122,0.3609440527129303,0.6518871652935101,0.8370535711950131,0.1116071428260025,-0.011439732142857095,0
2025-07-02 23:00:00+00:00,3.596,3.596,3.543,3.543,259.49,-0.011505669229349,-1.1439732142857095,0.1696352841391135,8.11718034787916,1.4012379428742603,1.4738598438615498,0.6674374438943237,0.7211580486692798,1.495907422665562,0.0,0.018628281117696766,0
2025-07-03 00:00:00+00:00,3.578,3.578,3.534,3.534,225.37,-0.0025434519858303,-0.2540220152413286,-0.7024445068839702,7.842538907537366,1.1582580987725912,1.2297372830548536,0.6049028470195696,0.7279811913418266,1.2450481037789916,0.0,0.03169213355970579,0
2025-07-03 01:00:00+00:00,3.554,3.554,3.553,3.553,30.39,0.0053619431413853,0.5376344086021501,-0.8096035734226681,8.125380401704208,0.1581066053331292,0.0281373100652368,0.5787525251408465,0.7293125113950757,0.0281452293756948,0.0,0.029552490852800428,0
2025-07-03 02:00:00+00:00,3.543,3.555,3.543,3.555,57.9,0.0005627462163142,0.0562904587672496,-0.6983240223463638,8.64914425427874,0.305990328801462,0.0,0.5836277477536944,0.714148202726321,0.3375527425210825,0.0,0.02587904360056248,0
2025-07-03 03:00:00+00:00,3.559,3.559,3.542,3.542,97.28,-0.0036635238945624,-0.3656821378340447,-1.3370473537604457,7.4962063732928685,0.5039826963151753,0.4776622645468875,0.5548653985950559,0.724232130829585,0.4799548276454206,0.0,0.025974025974025983,0
2025-07-03 04:00:00+00:00,3.535,3.553,3.525,3.543,109.37,0.0002822865226933,0.0282326369283048,-1.1439732142857095,6.716867469879517,0.5865116268645602,0.2814522937569733,0.564542963666304,0.7195862357900903,0.7902907138610532,0.2822466835217985,0.02116850127010994,0
2025-07-03 05:00:00+00:00,3.557,3.609,3.557,3.609,378.52,0.0184568997773164,1.8628281117696768,1.8628281117696768,8.704819277108445,1.8715721075407097,0.0,0.8159881327464209,0.7850295828435195,1.4408423381987148,0.0,-0.007481296758104827,0
2025-07-03 06:00:00+00:00,3.614,3.646,3.613,3.646,803.66,0.0101999505958198,1.025214740925473,3.1692133559705793,9.819277108433733,3.4091972023278756,0.0,0.8062520791426587,0.7929533820716842,0.9051014808269036,0.0,-0.02084476138233682,0
2025-07-03 07:00:00+00:00,3.65,3.658,3.65,3.658,122.77,0.0032858737122026,0.3291278113000562,2.955249085280043,10.247136829415314,0.5235645633296964,0.0,0.8098650833554065,0.7873000415406715,0.2186987424224445,0.0,-0.03007107709130674,0
2025-07-03 08:00:00+00:00,3.647,3.647,3.647,3.647,2.82,-0.0030116381421308,-0.3007107709130707,2.587904360056248,9.915611814345992,0.0120201401283553,0.0,0.859377725918724,0.7964077961143186,0.0,0.0,-0.017822868110775936,0
2025-07-03 09:00:00+00:00,3.622,3.634,3.622,3.634,46.81,-0.0035709418525636,-0.356457362215512,2.5974025974025983,9.821698398307642,0.2249178660580315,0.0,0.8576774941675112,0.7996978881009303,0.3302146394248174,0.0,-0.03549807374793612,0
2025-07-03 10:00:00+00:00,3.622,3.622,3.618,3.618,24.42,-0.004412583000876,-0.4402861860209106,2.116850127010994,9.338168631006338,0.1167650533633501,0.1104362230506803,0.9204913909622764,0.8140074042263489,0.1105583194829856,0.0,-0.029021558872305175,0
2025-07-03 11:00:00+00:00,3.582,3.582,3.582,3.582,0.63,-0.0100000833345833,-0.995024875621886,-0.7481296758104827,8.25022665457842,0.0030119881910795,0.0,0.70246926453816,0.8582667586654322,0.0,0.0,-0.013679508654383055,0
2025-07-03 12:00:00+00:00,3.576,3.576,3.556,3.57,62.67,-0.0033557078469723,-0.335008375209378,-2.084476138233682,7.887579329102445,0.2959266990764384,0.1677852348524154,0.4228371258366963,0.866575093898555,0.5602240894789293,0.0,-0.008403361344537785,0
2025-07-03 13:00:00+00:00,3.58,3.58,3.548,3.548,4.07,-0.0061815313442146,-0.6162464985994376,-3.007107709130674,5.878842136675622,0.0195506238665583,0.8938547483536726,0.2660606635600936,0.8623795512283625,0.9019165724628202,0.0,0.0,0
2025-07-03 14:00:00+00:00,3.622,3.632,3.582,3.582,108.46,0.0095372391911868,0.9582863585118284,-1.7822868110775936,5.663716814159292,0.5152902050810894,1.3766519819998275,0.6614431548458536,0.8539128811922141,1.3958682296494025,0.2791736459298853,-0.009491903964265691,0
2025-07-03 15:00:00+00:00,3.549,3.549,3.502,3.505,123.91,-0.0217307831519666,-2.149637074260191,-3.549807374793612,2.2163896179644205,0.6074888157999342,1.2397858548211378,1.0143034108832127,0.961182169817908,1.3409415117429595,0.0,0.014835948644793095,0
2025-07-03 16:00:00+00:00,3.513,3.513,3.513,3.513,9.0,0.0022798527971365,0.2282453637660442,-2.9021558872305175,-0.085324232081918,0.0517359073541055,0.0,1.0707912964603954,0.813560694831838,0.0,0.0,0.0076857386848847575,0
2025-07-03 17:00:00+00:00,3.535,3.535,3.516,3.533,55.01,0.0056769950933182,0.5693139766581368,-1.3679508654383057,-0.1130901894260683,0.3359765469904863,0.056577086264058,1.112172432077178,0.8126902178766408,0.5377865834877515,0.0,0.0019813189923578722,0
2025-07-03 18:00:00+00:00,3.543,3.545,3.54,3.54,348.28,0.001979358768675,0.1981318992357872,-0.8403361344537785,-0.5338578252318094,2.0722215335672605,0.1410437235145121,1.1232737660471073,0.8030916037484326,0.1412429378132051,0.056497175125277,0.0,0
2025-07-03 19:00:00+00:00,3.546,3.548,3.544,3.548,185.27,0.00225733730165,0.225988700564983,0.0,-0.9491903964265692,1.056351680091285,0.0,1.1041968145964116,0.7924653683335494,0.1127395715578525,0.0,-0.0022547914317925244,0
2025-07-03 20:00:00+00:00,3.548,3.548,3.548,3.548,0.0,0.0,0.0,-0.9491903964265692,-0.893854748603351,0.0,0.0,1.0035004229139142,0.7924980007726172,0.0,0.0,-0.0033821871476887866,0
2025-07-03 21:00:00+00:00,3.557,3.557,3.557,3.557,0.56,0.0025334285189849,0.2536640360766506,1.4835948644793095,-0.9192200557103014,0.0041782729804702,0.0,0.182813613017397,0.7920708483317419,0.0,0.0,0.0005622715771718134,0
2025-07-03 22:00:00+00:00,3.53,3.54,3.53,3.54,56.88,-0.004790765820635,-0.4779308405960081,0.7685738684884758,-1.2276785714285698,0.4384462701585577,0.0,0.348830744775763,0.7968181800279411,0.2824858756264229,0.0,-0.013276836158192085,0
2025-07-03 23:00:00+00:00,3.54,3.54,3.54,3.54,0.0,0.0,0.0,0.1981318992357872,-0.0846740050804428,0.0,0.0,0.2747003938172219,0.7616520423771552,0.0,0.0,-0.007627118644067843,0
2025-07-04 00:00:00+00:00,3.54,3.54,3.54,3.54,0.0,0.0,0.0,0.0,0.1697792869270076,0.0,0.0,0.2625462584094196,0.759777618443382,0.0,0.0,-0.018926553672316437,0
2025-07-04 01:00:00+00:00,3.54,3.54,3.54,3.54,0.0,0.0,0.0,-0.2254791431792524,-0.3658879819870453,0.0,0.0,0.2388323062739565,0.751379102470633,0.0,0.0,-0.02429378531073445,0
2025-07-04 02:00:00+00:00,3.536,3.536,3.536,3.536,1.54,-0.0011305823702861,-0.1129943502824915,-0.3382187147688786,-0.5344585091420551,0.0145401328910123,0.0,0.239728653916847,0.7514730703969096,0.0,0.0,-0.033653846153846256,0
2025-07-04 03:00:00+00:00,3.508,3.559,3.503,3.559,423.31,0.0064834617526585,0.6504524886877805,0.0562271577171813,0.4799548277809151,3.542392501957827,0.0,0.3639018219235497,0.7597746529561304,1.5734756949779514,0.0,-0.03427929193593715,0
2025-07-04 04:00:00+00:00,3.501,3.507,3.493,3.493,19.96,-0.0187186407033607,-1.8544534981736471,-1.3276836158192085,-1.4112334180073405,0.1724064709995723,0.3992015966925639,0.8531436846089856,0.8522447263189853,0.4008016030916753,0.1717721156107216,-0.01603206412825653,0
2025-07-04 05:00:00+00:00,3.513,3.513,3.513,3.513,18.3,0.005709407458995,0.5725737188662983,-0.7627118644067843,-2.6600166251039115,0.1816129312358696,0.0,0.9127194278986877,0.7634617060610274,0.0,0.0,-0.006262453743239305,0
2025-07-04 06:00:00+00:00,3.487,3.491,3.473,3.473,26.85,-0.0114515995217529,-1.138627953316251,-1.8926553672316435,-4.7449259462424624,0.3925629903934018,0.5156115724676059,0.9965793033798902,0.7516742104820643,0.5182839042561878,0.115174200945818,0.005182839044054255,0
2025-07-04 07:00:00+00:00,3.469,3.469,3.448,3.454,63.5,-0.0054857940374499,-0.5470774546501467,-2.429378531073445,-5.576817933296874,0.96318533732146,0.4324012682523974,0.986633334696194,0.746029946152051,0.6079907352032425,0.0,-0.015055008685581961,0
2025-07-04 08:00:00+00:00,3.435,3.435,3.417,3.417,107.03,-0.0107700065913321,-1.0712217718587214,-3.3653846153846256,-6.306553331505349,1.5231431519060272,0.5240174670963628,1.0069040563065232,0.7653940136705769,0.5267778751750793,0.0,0.007316359379572868,0
2025-07-04 09:00:00+00:00,3.457,3.457,3.437,3.437,332.55,0.005836024734542,0.5853087503658205,-3.427929193593715,-5.421023665382496,4.046851232077305,0.5785363029856713,0.9914575073116204,0.7846601297965404,0.5819028220593829,0.0,-0.02094850160023265,0
2025-07-04 10:00:00+00:00,3.437,3.437,3.437,3.437,0.0,0.0,0.0,-1.603206412825653,-5.002763957987844,0.0,0.0,0.7750454954385362,0.784718979831462,0.0,0.0,-0.035205120744835616,0
2025-07-04 11:00:00+00:00,3.45,3.491,3.45,3.491,85.42,0.0155892302552021,1.5711376200174598,-0.6262453743239305,-2.540480178671123,1.0086147094445896,0.0,1.046644004890835,0.8448008606076727,1.1744485817317514,0.0,-0.04583213978802636,0
2025-07-04 12:00:00+00:00,3.491,3.491,3.491,3.491,0.0,0.0,0.0,0.5182839044054255,-2.212885154061617,0.0,0.0,0.9151135300630332,0.8436333479363949,0.0,0.0,-0.0481237467774277,0
2025-07-04 13:00:00+00:00,3.402,3.402,3.402,3.402,5.95,-0.025824734149229,-2.54941277570897,-1.505500868558196,-4.1149943630214185,0.0724218726218247,0.0,1.4294341567092563,0.9808930292355392,0.0,0.0,-0.02410346854791312,0
2025-07-04 14:00:00+00:00,3.397,3.446,3.367,3.442,389.8,0.0116892038156777,1.175778953556739,0.7316359379572868,-3.908431044109428,4.15210907537119,0.1160766105292872,1.4640908328703677,0.9925743369982152,2.295177221878222,0.1162115049052262,-0.021789657176060517,0
2025-07-04 15:00:00+00:00,3.365,3.365,3.365,3.365,26.91,-0.0226247346926565,-2.2370714700755356,-2.094850160023265,-3.99429386590584,0.2995380591028375,0.0,1.7226462090089358,1.0005687749356258,0.0,0.0,-0.012184249628529042,0
2025-07-04 16:00:00+00:00,3.35,3.35,3.316,3.316,296.99,-0.0146687258236426,-1.4561664190193224,-3.5205120744835616,-5.6077426700825495,2.9163008211291626,1.0149253728313732,1.766095812969689,1.0306286986556203,1.0253317246606437,0.0,0.015078407720144904,0
2025-07-04 17:00:00+00:00,3.331,3.331,3.331,3.331,8.09,0.0045133219384939,0.452352231604336,-4.583213978802636,-5.717520520803854,0.0809948314476765,0.0,1.5389138552534998,1.0269284413396444,0.0,0.0,-0.0009006304413089472,0
2025-07-04 18:00:00+00:00,3.335,3.335,3.323,3.323,145.87,-0.0024045698390854,-0.2401681176823822,-4.8123746777427705,-6.129943502824863,1.5950938134855026,0.3598200898471307,1.5174598662830412,1.0225912066753615,0.3611194702494377,0.0,0.012639181462533955,0
2025-07-04 19:00:00+00:00,3.32,3.32,3.32,3.32,83.77,-0.00090320644406,-0.0902798675895266,-2.410346854791312,-6.426155580608794,0.960444852087129,0.0,1.2581249957883784,1.0180408261188796,0.0,0.0,0.013554216867470048,0
2025-07-04 20:00:00+00:00,3.375,3.375,3.367,3.367,377.87,0.0140573572505403,1.4156626506024228,-2.1789657176060517,-5.101465614430667,3.6699026768556777,0.237037036966804,1.319648689270094,1.073579665830692,0.2376002375296704,0.0,-0.0029700029700029384,0
2025-07-04 21:00:00+00:00,3.343,3.343,3.324,3.324,6.69,-0.0128532631857356,-1.277101277101278,-1.2184249628529042,-6.550463874051172,0.0648130207317881,0.5683517796684597,1.076947041944933,1.090014434423935,0.571600481175816,0.0,0.01564380264741283,0
2025-07-04 22:00:00+00:00,3.365,3.366,3.365,3.366,68.68,0.0125562187754126,1.263537906137202,1.5078407720144904,-4.915254237288136,0.6622205794848315,0.0,1.0100620015501094,1.1330619358019436,0.0297088532294355,0.0,-0.002673796791443861,0
2025-07-04 23:00:00+00:00,3.328,3.328,3.328,3.328,135.38,-0.0113535728096521,-1.1289364230540722,-0.0900630441308947,-5.988700564971761,1.2380146772937226,0.0,1.1452862871859542,1.1475216372122163,0.0,0.0,0.008713942307692513,0
2025-07-05 00:00:00+00:00,3.366,3.366,3.365,3.365,157.92,0.011056440137729,1.1117788461538547,1.2639181462533955,-4.943502824858747,1.362171953495677,0.0297088532294355,1.22159437344159,1.1800339555952115,0.0297176820119676,0.0,0.005349182763744409,0
2025-07-05 01:00:00+00:00,3.365,3.365,3.365,3.365,0.0,0.0,0.0,1.3554216867470048,-4.943502824858747,0.0,0.0,1.21771363192096,1.1800339555952115,0.0,0.0,0.005349182763744409,0
2025-07-05 02:00:00+00:00,3.344,3.357,3.344,3.357,8.82,-0.0023802450987932,-0.2377414561664181,-0.2970002970002938,-5.062217194570129,0.0758802147925476,0.0,1.0753646116856297,1.1798575629766306,0.3872505211834328,0.0,0.007745010425975529,0
2025-07-05 03:00:00+00:00,3.368,3.376,3.368,3.376,3194.67,0.0056438587358126,0.5659815311289673,1.564380264741283,-5.1418937903905615,13.78741310041486,0.0,0.9012954982916788,1.1773036105207408,0.2369668245743583,0.0,0.0020734597156397694,0
2025-07-05 04:00:00+00:00,3.376,3.376,3.357,3.357,2892.91,-0.0056438587358126,-0.5627962085307914,-0.2673796791443861,-3.893501288290857,8.232165872039191,0.5627962083640913,0.7991565658434537,1.1267034324121037,0.5659815309603774,0.0,0.0008936550491509543,0
2025-07-05 05:00:00+00:00,3.357,3.357,3.357,3.357,0.0,0.0,0.0,0.8713942307692513,-4.440649017933385,0.0,0.0,0.5984490923214623,1.1164596518584655,0.0,0.0,-0.002680965147453196,0
2025-07-05 06:00:00+00:00,3.378,3.383,3.378,3.383,177.39,0.0077151718006735,0.7745010425975529,0.5349182763744409,-2.591419522027061,0.4969945868695805,0.0,0.4983014181893979,1.1136577589714105,0.147797812548682,0.0,-0.010345846881466225,0
2025-07-05 07:00:00+00:00,3.383,3.383,3.383,3.383,0.0,0.0,0.0,0.5349182763744409,-2.055587724377539,0.0,0.0,0.4983014181893979,1.109875101384194,0.0,0.0,-0.010345846881466225,0
2025-07-05 08:00:00+00:00,3.383,3.383,3.383,3.383,0.0,0.0,0.0,0.7745010425975529,-0.995024875621886,0.0,0.0,0.476045192787144,1.0896763351267118,0.0,0.0,-0.010937038131835664,0
2025-07-05 09:00:00+00:00,3.383,3.383,3.383,3.383,0.0,0.0,0.0,0.2073459715639769,-1.5711376200174487,0.0,0.0,0.425821467381828,1.08159818814945,0.0,0.0,-0.010937038131835664,0
2025-07-05 10:00:00+00:00,3.36,3.36,3.36,3.36,64.04,-0.0068219158234586,-0.6798699379249262,0.0893655049150954,-2.2403258655804503,0.1891137997599977,0.0,0.4602812771399502,1.0887292926006942,0.0,0.0,-0.008035714285714146,0
2025-07-05 11:00:00+00:00,3.348,3.348,3.348,3.348,29.11,-0.0035778213478839,-0.3571428571428559,-0.2680965147453196,-4.096247493554861,0.0865632658722765,0.0,0.4851021922758237,1.030943244474905,0.0,0.0,-0.0044802867383512135,0
2025-07-05 12:00:00+00:00,3.348,3.348,3.348,3.348,0.0,0.0,0.0,-1.0345846881466223,-4.096247493554861,0.0,0.0,0.2874494235892497,1.030943244474905,0.0,0.0,-0.010155316606929476,0
2025-07-05 13:00:00+00:00,3.348,3.348,3.348,3.348,0.0,0.0,0.0,-1.0345846881466223,-1.5873015873015928,0.0,0.0,0.2874494235892497,0.8943897997961777,0.0,0.0,-0.010155316606929476,0
2025-07-05 14:00:00+00:00,3.346,3.346,3.346,3.346,0.29,-0.0005975500625965,-0.0597371565113413,-1.0937038131835664,-2.7890761185357382,0.0009067931312997,0.0,0.281210547784914,0.854881856658734,0.0,0.0,0.006276150627614996,0
2025-07-05 15:00:00+00:00,3.346,3.346,3.346,3.346,0.0,0.0,0.0,-1.0937038131835664,-0.5646359583952543,0.0,0.0,0.281210547784914,0.7226215300194118,0.0,0.0,0.006276150627614996,0
2025-07-05 16:00:00+00:00,3.334,3.334,3.333,3.333,87.04,-0.0038928032390296,-0.3885236102809331,-0.8035714285714146,0.512665862484929,0.2808293025235139,0.0299940011907603,0.1868825747360286,0.6597915093965667,0.0300030002910248,0.0,0.010201020102010183,0
2025-07-05 17:00:00+00:00,3.333,3.333,3.333,3.333,0.0,0.0,0.0,-0.4480286738351213,0.0600420294206038,0.0,0.0,0.1558873803286947,0.6534029840872884,0.0,0.0,0.010201020102010183,0
2025-07-05 18:00:00+00:00,3.317,3.317,3.314,3.314,120.58,-0.0057168803212315,-0.5700570057005749,-1.0155316606929476,-0.27083960276858,0.3907977680415574,0.0904431715132855,0.2483106953145347,0.6621968910257388,0.0905250452352101,0.0,0.015992757996379003,0
2025-07-05 19:00:00+00:00,3.314,3.314,3.314,3.314,9.73,0.0,0.0,-1.0155316606929476,-0.1807228915662539,0.0318532502536086,0.0,0.2483106953145347,0.6619849002855757,0.0,0.0,0.00965600482800233,0
2025-07-05 20:00:00+00:00,3.34,3.367,3.334,3.367,91.15,0.0158662211745662,1.5992757996379003,0.6276150627614996,0.0,0.3105445460213142,0.0,0.7655711178009131,0.6795712309426506,0.9801009798098872,0.0,-0.010395010395010451,0
2025-07-05 21:00:00+00:00,3.367,3.367,3.367,3.367,0.0,0.0,0.0,0.6276150627614996,1.2936221419975968,0.0,0.0,0.7655711178009131,0.6220894873999396,0.0,0.0,-0.010395010395010451,0
2025-07-05 22:00:00+00:00,3.367,3.367,3.367,3.367,0.0,0.0,0.0,1.0201020102010183,0.0297088532382527,0.0,0.0,0.7310971321805944,0.5669562333753353,0.0,0.0,-0.0032670032670033544,0
2025-07-05 23:00:00+00:00,3.367,3.367,3.367,3.367,0.0,0.0,0.0,1.0201020102010183,1.171875,0.0,0.0,0.7310971321805944,0.5127737486604379,0.0,0.0,-0.009207009207009231,0
2025-07-06 00:00:00+00:00,3.367,3.367,3.367,3.367,0.0,0.0,0.0,1.5992757996379003,0.0594353640416045,0.0,0.0,0.6477357670638231,0.4606946713290896,0.0,0.0,-0.010395010395010451,0
2025-07-06 01:00:00+00:00,3.37,3.37,3.319,3.346,79.26,-0.0062565376143051,-0.6237006237006182,0.9656004828002328,-0.5646359583952543,0.2816051541146975,0.7121661718955002,0.7422805861102371,0.4782095580947515,1.5242080091081311,0.0,-0.004184100418410108,0
2025-07-06 02:00:00+00:00,3.332,3.332,3.332,3.332,55.53,-0.004192878260036,-0.4184100418410108,-1.039501039501045,-0.7447125409592026,0.1959392504808058,0.0,0.277582812881284,0.4831493251418091,0.0,0.0,0.0036014405762305746,0
2025-07-06 03:00:00+00:00,3.332,3.332,3.332,3.332,0.0,0.0,0.0,-1.039501039501045,-1.3033175355450233,0.0,0.0,0.277582812881284,0.4663458855943275,0.0,0.0,0.0030012004801922565,0
2025-07-06 04:00:00+00:00,3.35,3.356,3.35,3.356,22.0,0.0071770643003634,0.7202881152460927,-0.3267003267003354,-0.0297885016383725,0.7172743574183323,0.0,0.4614109423430786,0.4786870356810958,0.1787842669312258,0.0,-0.004171632896305066,0
2025-07-06 05:00:00+00:00,3.32,3.336,3.31,3.336,439.25,-0.0059773041084594,-0.5959475566150174,-0.9207009207009232,-0.6255585344057346,8.96909058405839,0.0,0.5093202378830995,0.4939266049023427,0.7793764985673272,0.0,0.008393285371702586,0
2025-07-06 06:00:00+00:00,3.332,3.332,3.332,3.332,29.93,-0.001199760191904,-0.1199040767386083,-1.039501039501045,-1.5075376884422176,0.6988160441898862,0.0,0.5043886396384786,0.4639425271115504,0.0,0.0,0.0033013205282113045,0
2025-07-06 07:00:00+00:00,3.332,3.332,3.332,3.332,0.0,0.0,0.0,-0.4184100418410108,-1.5075376884422176,0.0,0.0,0.4545943927961955,0.4639425271115504,0.0,0.0,0.026110444177671166,0
2025-07-06 08:00:00+00:00,3.344,3.344,3.344,3.344,39.9,0.003594970917859,0.3601440576230574,0.3601440576230574,-1.1528229382205213,0.8967887545335537,0.0,0.4459768771543623,0.471811561792371,0.0,0.0,0.01614832535885169,0
2025-07-06 09:00:00+00:00,3.344,3.344,3.342,3.342,15.79,-0.0005982650492531,-0.0598086124401819,0.3001200480192256,-1.2119420632574651,0.3497231450642353,0.0598086124222994,0.4482474097792177,0.4717032362117008,0.0598444045302613,0.0,0.016756433273488858,0
2025-07-06 10:00:00+00:00,3.342,3.342,3.342,3.342,0.0,0.0,0.0,-0.4171632896305066,-0.5357142857142838,0.0,0.0,0.3083399415888233,0.4521510540862912,0.0,0.0,0.016756433273488858,0
2025-07-06 11:00:00+00:00,3.364,3.364,3.364,3.364,1.49,0.0065613119374995,0.6582884500299091,0.8393285371702586,0.4778972520907976,0.0360505675737793,0.0,0.3037385853145298,0.4665872777150586,0.0,0.0,0.01010701545778847,0
2025-07-06 12:00:00+00:00,3.344,3.344,3.342,3.343,480.84,-0.00626213467274,-0.6242568370986912,0.3301320528211304,-0.14934289127837,7.835630576061541,0.0299043062111497,0.4329813106789952,0.4848965925627568,0.0598265031229887,0.0,0.012862698175291731,0
2025-07-06 13:00:00+00:00,3.376,3.419,3.376,3.419,59.95,0.0224795032192025,2.273407119353865,2.6110444177671166,2.120669056152935,0.9387171908799772,0.0,0.9900974935310488,0.6685023075607476,1.2576776831653516,0.0,-0.010236911377595859,0
2025-07-06 14:00:00+00:00,3.403,3.403,3.398,3.398,146.95,-0.0061610874074239,-0.6142146826557449,1.614832535885169,1.5540944411237323,2.1000482317684344,0.1469291800919953,1.0799447368758854,0.6833105835538357,0.1471453795917728,0.0,-0.007945850500294283,0
2025-07-06 15:00:00+00:00,3.398,3.398,3.398,3.398,0.0,0.0,0.0,1.6756433273488858,1.5540944411237323,0.0,0.0,1.0765947625872947,0.6833105835538357,0.0,0.0,0.0005885815185402432,0
2025-07-06 16:00:00+00:00,3.398,3.398,3.398,3.398,0.0,0.0,0.0,1.6756433273488858,1.9501950195019544,0.0,0.0,1.0765947625872947,0.6766646687248083,0.0,0.0,0.0,0
2025-07-06 17:00:00+00:00,3.398,3.398,3.398,3.398,0.0,0.0,0.0,1.010701545778847,1.9501950195019544,0.0,0.0,1.0636226730305822,0.6766646687248083,0.0,0.0,0.004708652148322612,0
2025-07-06 18:00:00+00:00,3.376,3.415,3.376,3.386,9.13,-0.0035377395387967,-0.3531489111241903,1.2862698175291731,2.172601086300552,0.1479640758973923,0.8491947288874954,1.0281812905021137,0.6689512629446456,1.1518015353952191,0.8564678083707984,0.008269344359125741,0
2025-07-06 19:00:00+00:00,3.386,3.389,3.379,3.384,194.12,-0.0005908419669667,-0.0590667454223314,-1.023691137759586,2.1122510561255137,2.7976388496495184,0.1475361463123202,0.2575945609895919,0.6694037372243148,0.295508274144347,0.0886524822432962,-0.0011820330969266601,0
2025-07-06 20:00:00+00:00,3.406,3.407,3.347,3.371,170.22,-0.0038490054920531,-0.384160756501184,-0.7945850500294283,0.1188001188001219,2.3419936251368885,1.0566480771773863,0.1847839612495005,0.5941223264218782,1.779887273277994,0.0296647878879632,0.015425689706318524,0
2025-07-06 21:00:00+00:00,3.399,3.4,3.399,3.4,29.98,0.008565995370192,0.8602788490062352,0.0588581518540243,0.980100980100973,0.4055141630072399,0.0,0.4494398984636825,0.6190204323019645,0.0294117646972285,0.0,0.004411764705882337,0
2025-07-06 22:00:00+00:00,3.442,3.442,3.398,3.398,173.2,-0.0005884083723753,-0.0588235294117556,0.0,0.9207009207009342,2.1343849163297115,1.278326553957489,0.4503377391402686,0.6193048422249717,1.2948793404076293,0.0,0.005002942907592622,0
2025-07-06 23:00:00+00:00,3.409,3.414,3.409,3.414,9.86,0.0046976011225086,0.4708652148322612,0.4708652148322612,1.3959013959014,0.1208950648805037,0.0,0.4894723415450825,0.6254385429664062,0.1464557703144633,0.0,0.00029291154071464653,0
2025-07-07 00:00:00+00:00,3.414,3.414,3.414,3.414,0.0,0.0,0.0,0.8269344359125741,1.3959013959014,0.0,0.0,0.4464312316005415,0.6254385429664062,0.0,0.0,-0.005272407732864748,0
2025-07-07 01:00:00+00:00,3.38,3.38,3.38,3.38,28.74,-0.0100089148773214,-0.995899238429998,-0.118203309692666,1.0161386730424438,0.3617217653923253,0.0,0.6489222374134849,0.6475643192421207,0.0,0.0,0.004733727810650956,0
2025-07-07 02:00:00+00:00,3.423,3.423,3.423,3.423,20.24,0.012641650053121,1.2721893491124403,1.5425689706318524,2.7310924369748024,0.259544024061771,0.0,0.7958947558750838,0.6854767994400238,0.0,0.0,-0.007887817703768674,0
2025-07-07 03:00:00+00:00,3.415,3.415,3.415,3.415,1.41,-0.0023398665252949,-0.2337131171487039,0.4411764705882337,2.490996398559431,0.0180672717563087,0.0,0.7545179366981494,0.6887989463284947,0.0,0.0,-0.008491947291361601,0
2025-07-07 04:00:00+00:00,3.415,3.415,3.415,3.415,0.0,0.0,0.0,0.5002942907592622,1.7580452920143097,0.0,0.0,0.7528364054120561,0.6763972639388924,0.0,0.0,-0.007906295754026349,0
2025-07-07 05:00:00+00:00,3.415,3.415,3.415,3.415,1.0,0.0,0.0,0.0292911540714646,2.3681055155875264,0.0169881436910934,0.0,0.7286293613383464,0.6614814619102896,0.0,0.0,-0.01024890190336758,0
2025-07-07 06:00:00+00:00,3.396,3.396,3.396,3.396,6.05,-0.0055792245736525,-0.5563689604685229,-0.5272407732864748,1.9207683073229287,0.1045454218159298,0.0,0.7641136330792508,0.6736705805362322,0.0,0.0,-0.004711425206124886,0
2025-07-07 07:00:00+00:00,3.396,3.396,3.396,3.396,0.0,0.0,0.0,0.4733727810650956,1.9207683073229287,0.0,0.0,0.6208010058288852,0.6736705805362322,0.0,0.0,-0.004711425206124886,0
2025-07-07 08:00:00+00:00,3.396,3.396,3.396,3.396,0.0,0.0,0.0,-0.7887817703768674,1.555023923444976,0.0,0.0,0.2286950876627633,0.6711609342025877,0.0,0.0,0.010306242638398189,0
2025-07-07 09:00:00+00:00,3.387,3.387,3.386,3.386,8.05,-0.0029489847381572,-0.2944640753827943,-0.8491947291361601,1.3165769000598404,0.1440468823367672,0.0295246530766059,0.2353828037536288,0.6747567000789404,0.0295333727024381,0.0,0.0005906674542233148,0
2025-07-07 10:00:00+00:00,3.388,3.388,3.388,3.388,29.45,0.0005904930788644,0.0590667454223314,-0.7906295754026349,1.376421304608022,0.5156564624767432,0.0,0.2436050768745414,0.6746569863724732,0.0,0.0,0.003837072018890275,0
2025-07-07 11:00:00+00:00,3.38,3.38,3.38,3.38,16.6,-0.0023640672948805,-0.2361275088547776,-1.024890190336758,0.4756242568370927,0.2874894464479461,0.0,0.2369555377604807,0.6647193585707878,0.0,0.0,-0.0011834319526626835,0
2025-07-07 12:00:00+00:00,3.38,3.38,3.38,3.38,0.0,0.0,0.0,-0.4711425206124886,1.1067903081064978,0.0,0.0,0.1477627381368834,0.6503961343116437,0.0,0.0,-0.010650887573964485,0
2025-07-07 13:00:00+00:00,3.38,3.38,3.38,3.38,0.0,0.0,0.0,-0.4711425206124886,-1.1406844106463976,0.0,0.0,0.1477627381368834,0.4506859105854585,0.0,0.0,0.002958579881656931,0
2025-07-07 14:00:00+00:00,3.431,3.431,3.431,3.431,0.29,0.0149760543813853,1.508875739644977,1.0306242638398189,0.9711595055915234,0.0099664919663212,0.0,0.6654229491960164,0.5336853641425282,0.0,0.0,-0.022442436607403082,0
2025-07-07 15:00:00+00:00,3.4,3.4,3.388,3.388,50.0,-0.0126119870865047,-1.2532789274264156,0.0590667454223314,-0.294290759270166,1.6035491888199336,0.3529411763667823,0.8822967819004219,0.5962485672246651,0.3541912631776298,0.0,-0.016824085005903155,0
2025-07-07 16:00:00+00:00,3.401,3.401,3.401,3.401,10.84,0.0038297292352505,0.3837072018890275,0.3837072018890275,0.0882872277810475,0.342685529112693,0.0,0.8957182506702374,0.6016913547234114,0.0,0.0,-0.02058218171126136,0
2025-07-07 17:00:00+00:00,3.376,3.376,3.376,3.376,22.08,-0.0073779292913476,-0.7350779182593303,-0.1183431952662683,-0.6474396703943563,0.678288917881011,0.0,0.9510114559581306,0.6204427091108171,0.0,0.0,-0.002665876777251164,0
2025-07-07 18:00:00+00:00,3.371,3.372,3.344,3.344,5976.52,-0.0095238815112554,-0.9478672985781976,-1.0650887573964485,-1.2404016538688831,21.254099708755056,0.8303677340360719,1.0237569508221722,0.6456673238451701,0.8373205739122853,0.0299043062111497,0.007775119617224879,0
2025-07-07 19:00:00+00:00,3.369,3.39,3.368,3.39,440.69,0.0136622261699038,1.3755980861244188,0.2958579881656931,0.1773049645390045,1.5119696020945317,0.0,1.2069393285359336,0.7075697231180349,0.6489675514309902,0.0,0.0002949852507374562,0
2025-07-07 20:00:00+00:00,3.354,3.354,3.354,3.354,14.87,-0.0106762579913417,-1.0619469026548645,-2.244243660740308,-0.5043013942450325,0.0521764302536082,0.0,1.0330913012619791,0.7371330073964075,0.0,0.0,0.0011926058437685683,0
2025-07-07 21:00:00+00:00,3.343,3.343,3.331,3.331,9.11,-0.0068811041894745,-0.6857483601669712,-1.6824085005903155,-2.0294117647058796,0.0320633523975994,0.3589590187379725,0.9589707090843748,0.7244976344867717,0.3602521764154154,0.0,0.012008405884119,0
2025-07-07 22:00:00+00:00,3.331,3.331,3.331,3.331,0.0,0.0,0.0,-2.058218171126136,-1.97174808711007,0.0,0.0,0.9176504385544206,0.7246910524699678,0.0,0.0,0.0012008405884118556,0
2025-07-07 23:00:00+00:00,3.351,3.37,3.349,3.367,286.83,0.0107495809673947,1.0807565295706922,-0.2665876777251164,-1.3766842413591165,0.9943880845349664,0.0890207714869408,1.051721127400272,0.7546697539371549,0.6237006235153817,0.0891000890736297,-0.009504009504009536,0
2025-07-08 00:00:00+00:00,3.367,3.37,3.367,3.37,141.82,0.000890604185333,0.0891000891001025,0.7775119617224879,-1.2888107791447,0.481794414111567,0.0,0.9532445008877336,0.7551849083368857,0.0890207714869408,0.0,-0.010385756676557945,0
2025-07-08 01:00:00+00:00,3.391,3.391,3.391,3.391,2.94,0.0062121187792312,0.6231454005934722,0.0294985250737456,0.3254437869822491,0.0100244502250755,0.0,0.7953045550497636,0.7391779127229692,0.0,0.0,-0.016514302565614924,0
2025-07-08 02:00:00+00:00,3.358,3.358,3.358,3.358,2.97,-0.0097793044881524,-0.973164258330872,0.1192605843768568,-1.8989190768331832,0.0101516480761653,0.0,0.7716018514825365,0.7155513562627486,0.0,0.0,-0.0074449076831446526,0
2025-07-08 03:00:00+00:00,3.354,3.389,3.354,3.371,149.74,0.0038638775965744,0.3871351995235139,1.2008405884119,-1.2884333821376326,0.5012322433506933,0.5311301267243581,0.6953463318719649,0.7209275411949906,1.0382675760788198,0.5339661819833916,-0.011865915158706608,0
2025-07-08 04:00:00+00:00,3.349,3.349,3.335,3.335,52.81,-0.0107367568843366,-1.067932364283597,0.1200840588411855,-2.342606149341142,0.1754810554554399,0.4180352342735109,0.8723982269567276,0.7501494893567425,0.4197901048216592,0.0,-0.0011994002998501063,0
2025-07-08 05:00:00+00:00,3.335,3.335,3.335,3.335,0.0,0.0,0.0,-0.9504009504009536,-2.342606149341142,0.0,0.0,0.707145232595045,0.7501494893567425,0.0,0.0,0.01769115442278868,0
2025-07-08 06:00:00+00:00,3.335,3.335,3.335,3.335,0.0,0.0,0.0,-1.0385756676557945,-1.7962308598351018,0.0,0.0,0.7018075067777124,0.7439209459974285,0.0,0.0,0.020389805097451363,0
2025-07-08 07:00:00+00:00,3.335,3.335,3.335,3.335,0.0,0.0,0.0,-1.6514302565614924,-1.7962308598351018,0.0,0.0,0.5993770499368837,0.7439209459974285,0.0,0.0,0.02158920539730147,0
2025-07-08 08:00:00+00:00,3.333,3.333,3.333,3.333,12.38,-0.0005998800419843,-0.0599700149924942,-0.7444907683144653,-1.855123674911652,0.0411068637337646,0.0,0.4924638718512862,0.7437569214163883,0.0,0.0,0.013501350135013412,0
2025-07-08 09:00:00+00:00,3.332,3.332,3.331,3.331,60.69,-0.00060024011406,-0.0600060006000657,-1.1865915158706608,-1.6243354991140049,0.2000596102253785,0.0300120047929102,0.4295344465964352,0.7423230442495125,0.0300210147012812,0.0,0.010807565295706922,0
2025-07-08 10:00:00+00:00,3.331,3.331,3.331,3.331,0.0,0.0,0.0,-0.1199400299850106,-1.6824085005903155,0.0,0.0,0.0309869712774398,0.7419805992677111,0.0,0.0,0.018312818973281297,0
2025-07-08 11:00:00+00:00,3.391,3.396,3.391,3.394,5.27,0.018736607600492,1.8913239267487336,1.769115442278868,0.4142011834319614,0.0174699752066107,0.0588928150592123,0.7752752758247489,0.8400274342335489,0.1473187978352005,0.0589275191340749,0.019151443724219286,0
2025-07-08 12:00:00+00:00,3.398,3.403,3.398,3.403,1.18,0.0026482287067341,0.2651738361814981,2.0389805097451363,0.6804733727810763,0.0039110458042441,0.0,0.7627449502509421,0.8415293310987232,0.1469291800919953,0.0,0.00969732588892147,0
2025-07-08 13:00:00+00:00,3.407,3.407,3.407,3.407,5.53,0.0011747431600608,0.1175433441081397,2.158920539730147,0.7988165680473447,0.0183148969993431,0.0,0.7538381723747135,0.841699455911047,0.0,0.0,0.0085118872908716,0
2025-07-08 14:00:00+00:00,3.374,3.413,3.332,3.378,391.49,-0.0085483202932211,-0.8511887290871711,1.3501350135013412,-1.5447391431069657,1.2301721970800956,1.02549077028259,0.8976767389309082,0.7996695627336428,2.3978685605690133,1.036116044690306,0.013025458851391392,0
2025-07-08 15:00:00+00:00,3.367,3.367,3.367,3.367,46.36,-0.0032616782066709,-0.3256364712847848,1.0807565295706922,-0.619834710743794,0.1457456786108289,0.0,0.9207681690274012,0.7606770864118798,0.0,0.0,0.028809028809028803,0
2025-07-08 16:00:00+00:00,3.38,3.392,3.38,3.392,50.13,0.007397577750719,0.7425007425007291,1.8312818973281295,-0.2646280505733567,0.156790787928214,0.0,0.9412794703990202,0.7724111637642137,0.3537735848013643,0.0,0.023879716981132004,0
2025-07-08 17:00:00+00:00,3.413,3.459,3.413,3.459,88.01,0.0195598120253751,1.975235849056611,1.9151443724219288,2.458530805687209,0.2729224972663624,0.0,0.9689548507724476,0.8536594666442836,1.3298641221943226,0.0,-0.0028910089621277946,0
2025-07-08 18:00:00+00:00,3.436,3.436,3.436,3.436,1.66,-0.0066715258330227,-0.6649320612893916,0.9697325888921472,2.7511961722488154,0.0225788900976253,0.0,1.0501329740903815,0.8402334301438682,0.0,0.0,0.0037834691501745787,0
2025-07-08 19:00:00+00:00,3.436,3.436,3.436,3.436,0.0,0.0,0.0,0.85118872908716,1.3569321533923209,0.0,0.0,1.0521963714480176,0.7968001434260784,0.0,0.0,0.0093131548311991,0
2025-07-08 20:00:00+00:00,3.426,3.453,3.391,3.422,260.98,-0.0040828286520071,-0.4074505238649495,1.3025458851391392,2.027429934406677,3.98975730932176,0.8977700547646104,0.9810347333108967,0.7671851795493085,1.8118059608966033,0.7890122732936753,-0.004675628287551192,0
2025-07-08 21:00:00+00:00,3.464,3.464,3.464,3.464,4.92,0.012198815230187,1.2273524254821755,2.8809028809028803,3.992794956469536,0.0754162648243862,0.0,1.0127744638400735,0.7824425485851093,0.0,0.0,-0.015300230946882154,0
2025-07-08 22:00:00+00:00,3.473,3.473,3.473,3.473,3.39,0.0025947830617483,0.2598152424942324,2.3879716981132004,4.2629840888622095,0.0518513797710505,0.0,1.006468823169015,0.7818829442649571,0.0,0.0,-0.013245033112582738,0
2025-07-08 23:00:00+00:00,3.411,3.449,3.41,3.449,301.75,-0.0069344398072331,-0.6910452058738858,-0.2891008962127794,2.435402435402434,4.571911970739168,0.0,0.7258266565696514,0.776588696724021,1.130762539538767,0.0,0.009278051609162175,0
2025-07-09 00:00:00+00:00,3.449,3.449,3.449,3.449,0.0,0.0,0.0,0.3783469150174579,2.344213649851623,0.0,0.0,0.6601865790295214,0.7768572719682091,0.0,0.0,0.009278051609162175,0
2025-07-09 01:00:00+00:00,3.441,3.468,3.433,3.468,199.0,0.0054937249635915,0.5508843142939979,0.93131548311991,2.2707166027720493,2.91528817155398,0.0,0.687253420586804,0.7748836918960895,1.0092272200088774,0.0,0.004325259515570945,0
2025-07-09 02:00:00+00:00,3.429,3.435,3.406,3.406,205.03,-0.0180394766777987,-1.7877739331026432,-0.4675628287551192,1.429422275163783,2.6738393322551612,0.8442503636552375,1.054109565177371,0.8401406417829801,0.8514386374481951,0.1761597180927372,0.02613035819142695,0
2025-07-09 03:00:00+00:00,3.405,3.411,3.405,3.411,217.2,0.0014669211960121,0.1467997651203756,-1.5300230946882154,1.1865915158706608,2.7323905271752573,0.0,0.8636588681194806,0.8375018251207657,0.1759014951111466,0.0,0.02462620932277937,0
2025-07-09 04:00:00+00:00,3.426,3.427,3.426,3.427,102.59,0.004679739455963,0.4690706537672229,-1.3245033112582738,2.758620689655178,1.257769876769963,0.0,0.8923132855909818,0.8061734813689696,0.0291800408435392,0.0,0.021301429822001783,0
2025-07-09 05:00:00+00:00,3.454,3.481,3.439,3.481,56.87,0.0156343659368299,1.5757222060110765,0.9278051609162176,4.377811094452766,0.6775514661634984,0.0,1.1044219301220484,0.8581072390107383,1.2065498416528102,0.0,0.012640045963803415,0
2025-07-09 06:00:00+00:00,3.481,3.481,3.481,3.481,287.14,0.0,0.0,0.9278051609162176,4.377811094452766,2.994199611538266,0.0,1.1044219301220484,0.8581072390107383,0.0,0.0,0.021545532892846886,0
2025-07-09 07:00:00+00:00,3.483,3.483,3.483,3.483,3.08,0.0005743825545622,0.0574547543809256,0.4325259515570945,4.437781109445282,0.0320742845981949,0.0,1.087320841368965,0.8576676585559304,0.0,0.0,0.016939420040195108,0
2025-07-09 08:00:00+00:00,3.481,3.495,3.481,3.495,38.61,0.0034393843019094,0.3445305770887197,2.613035819142695,4.860486048604851,0.3975494233896456,0.0,0.5826650306402575,0.8566973012348875,0.400572245951202,0.0,0.006866952789699621,0
2025-07-09 09:00:00+00:00,3.495,3.495,3.495,3.495,0.0,0.0,0.0,2.462620932277937,4.923446412488741,0.0,0.0,0.5997528568027368,0.8559993734724292,0.0,0.0,0.010300429184549431,0
2025-07-09 10:00:00+00:00,3.496,3.5,3.477,3.5,183.34,0.0014295928095943,0.1430615164520698,2.1301429822001783,5.073551486040229,1.7933997138640865,0.0,0.6076040280390888,0.8550421541771822,0.6571428569551058,0.0,0.010571428571428454,0
2025-07-09 11:00:00+00:00,3.504,3.525,3.504,3.525,168.1,0.0071174677688639,0.7142857142857117,1.2640045963803417,3.859752504419567,1.5419896344398274,0.0,0.2777251582491331,0.7866869609032342,0.5957446806820557,0.0,-0.005390070921985846,0
2025-07-09 12:00:00+00:00,3.526,3.556,3.505,3.556,131.21,0.0087558813874261,0.8794326241134742,2.1545532892846886,4.496032912136361,1.1466106415958686,0.0,0.3627482389713947,0.8000647570481849,1.4341957251309954,0.0,-0.0019685039370078705,0
2025-07-09 13:00:00+00:00,3.559,3.564,3.503,3.542,112.98,-0.0039447782910164,-0.3937007874015852,1.6939420040195108,3.962430290578211,0.9501303506774008,0.6172839504440909,0.4684696625870446,0.8086731197599746,1.7221908521394138,0.1411631846015884,0.022586109542631405,0
2025-07-09 14:00:00+00:00,3.534,3.547,3.502,3.519,75.07,-0.0065146810211936,-0.649350649350644,0.6866952789699621,4.174067495559508,0.710044060495683,0.7893994923063441,0.5992734668147018,0.7985583646322663,1.2787723781532436,0.3694231314664993,0.023017902813299296,0
2025-07-09 15:00:00+00:00,3.515,3.531,3.515,3.531,163.23,0.0034042586068011,0.3410059676044241,1.0300429184549431,4.870804870804868,1.4759201142168237,0.0,0.6024220497142354,0.7921030562983054,0.4531294249637134,0.0,0.01585952987822159,0
2025-07-09 16:00:00+00:00,3.532,3.537,3.532,3.537,40.15,0.001697793277094,0.1699235344094996,1.0571428571428454,4.274764150943389,0.364405081095353,0.0,0.6022736772498571,0.7836583763017771,0.1413627367426142,0.0,0.0330788804071247,0
2025-07-09 17:00:00+00:00,3.506,3.506,3.506,3.506,2.08,-0.0088031237243008,-0.8764489680520238,-0.5390070921985846,1.3587742122000537,0.0195123476573189,0.0,0.6659818259415167,0.7140832485589275,0.0,0.0,0.04221334854535086,0
2025-07-09 18:00:00+00:00,3.537,3.549,3.537,3.549,58.55,0.0121900871653166,1.226468910439249,-0.196850393700787,3.2887077997671765,0.5373058995771383,0.0,0.7719066360630509,0.7345085381864596,0.3381234149512194,0.0,0.009298393913778513,0
2025-07-09 19:00:00+00:00,3.547,3.622,3.524,3.622,731.87,0.0203604857968622,2.056917441532824,2.2586109542631405,5.413271245634466,5.247727910955034,0.0,1.1085255464940909,0.8296754434868769,2.7056874647416618,0.0,-0.00524572059635553,0
2025-07-09 20:00:00+00:00,3.622,3.622,3.589,3.6,348.34,-0.0060925139991573,-0.6073992269464368,2.3017902813299296,5.201636469900639,2.4341709127796105,0.6073992267787357,1.1008354911685,0.8372680678004089,0.9166666664120348,0.0,0.010000000000000009,0
2025-07-09 21:00:00+00:00,3.622,3.658,3.587,3.587,184.6,-0.0036176469119188,-0.361111111111112,1.585952987822159,3.550808314087761,1.2258382260901712,1.9409513389991857,1.1423359635370316,0.8164157835917124,1.9793699464791197,1.0036241982147696,0.013660440479509317,0
2025-07-09 22:00:00+00:00,3.657,3.657,3.654,3.654,111.49,0.0185062594056692,1.8678561471981991,3.30788804071247,5.211632594298887,0.7188497372531742,0.0820344544484487,1.3090581176180236,0.8875868884180879,0.0821018062172713,0.0,-0.0013683634373289344,0
2025-07-09 23:00:00+00:00,3.623,3.654,3.623,3.654,38.4,0.0,0.0,4.221334854535086,5.943751812119458,0.2664407779265855,0.0,1.158370234501075,0.8679100665721579,0.8483853309117636,0.0,-0.0010946907498631253,0
2025-07-10 00:00:00+00:00,3.632,3.632,3.582,3.582,503.88,-0.0199011543172949,-1.970443349753692,0.9298393913778512,3.856190200057985,3.0516527413443364,1.3766519819998275,1.5420868291008016,0.9797569251011196,1.3958682296494025,0.0,0.019821328866554966,0
2025-07-10 01:00:00+00:00,3.616,3.624,3.603,3.603,16.28,0.0058455281274361,0.5862646566164198,-0.524572059635553,3.8927335640138505,0.1033626183497004,0.5794701985155961,1.2792993682890563,0.9803945786545788,0.5828476268157489,0.2220371911679055,0.020815986677768405,0
2025-07-10 02:00:00+00:00,3.636,3.636,3.636,3.636,114.97,0.0091173445492762,0.915903413821817,1.0000000000000009,6.752789195537279,0.7477662783180762,0.0,1.3056949155406137,0.8971572719957391,0.0,0.0,0.007700770077007757,0
2025-07-10 03:00:00+00:00,3.636,3.636,3.636,3.636,0.0,0.0,0.0,1.3660440479509317,6.596306068601576,0.0,0.0,1.2846416472806148,0.8985486471097928,0.0,0.0,0.012376237623762387,0
2025-07-10 04:00:00+00:00,3.641,3.649,3.641,3.649,46.91,0.0035689811390781,0.3575357535753554,-0.1368363437328934,6.477969069156697,0.329467538736108,0.0,1.025453307508613,0.8977496782585412,0.2192381473775726,0.0,0.01288024116196218,0
2025-07-10 05:00:00+00:00,3.649,3.65,3.648,3.65,509.84,0.0002740101400895,0.0274047684297062,-0.1094690749863125,4.854926745188171,3.161700412370704,0.0,1.0256362691633432,0.8546168566003216,0.0547945205329269,0.0,0.012602739726027545,0
2025-07-10 06:00:00+00:00,3.65,3.653,3.65,3.653,85.12,0.0008215802187452,0.0821917808219163,1.9821328866554968,4.941108876759559,0.5569313813654567,0.0,0.3649048603805105,0.8539555137010376,0.0821242813900594,0.0,0.011771147002463733,0
2025-07-10 07:00:00+00:00,3.657,3.678,3.656,3.678,239.47,0.0068203783689837,0.6843690117711354,2.0815986677768405,5.598621877691645,1.47196688939264,0.0,0.3804965497215661,0.8588948715878478,0.5981511689510137,0.0,-0.01794453507340943,0
2025-07-10 08:00:00+00:00,3.656,3.664,3.654,3.664,29.85,-0.0038136793702454,-0.3806416530723111,0.7700770077007757,4.835479256080122,0.1838936476592541,0.0,0.3598370415807873,0.8673196391594856,0.2729257641176575,0.0,-0.011189956331877693,0
2025-07-10 09:00:00+00:00,3.681,3.681,3.681,3.681,0.67,0.0046290075850002,0.4639737991266379,1.2376237623762387,5.321888412017173,0.0041268863566114,0.0,0.3761940576172589,0.867900682061103,0.0,0.0,-0.015756587883727247,0
2025-07-10 10:00:00+00:00,3.681,3.696,3.681,3.696,54.86,0.0040666993825536,0.4074979625101838,1.288024116196218,5.600000000000005,0.3494341705746439,0.0,0.3807346157493447,0.8686041965111237,0.4058441557343528,0.0,-0.0029761904761904656,0
2025-07-10 11:00:00+00:00,3.696,3.696,3.696,3.696,0.0,0.0,0.0,1.2602739726027543,4.851063829787239,0.0,0.0,0.3835642204043226,0.8634706314283284,0.0,0.0,0.011904761904761862,0
2025-07-10 12:00:00+00:00,3.696,3.696,3.696,3.696,0.0,0.0,0.0,1.177114700246373,3.937007874015741,0.0,0.0,0.390392321368827,0.8519905169932187,0.0,0.0,0.0037878787878786735,0
2025-07-10 13:00:00+00:00,3.688,3.688,3.612,3.612,273.28,-0.0229895182246987,-2.2727272727272707,-1.7944535073409429,1.976284584980248,1.8073526210230115,2.060737526556201,1.0260418940400742,0.9843714049247652,2.1040974523521343,0.0,0.029900332225913706,0
2025-07-10 14:00:00+00:00,3.637,3.66,3.623,3.623,58.11,0.0030407763582011,0.3045404208194879,-1.1189956331877693,2.9553850525717573,0.3861183017457971,1.0109289614724215,1.0532092781097795,0.9726895954651216,1.0212531048795856,0.634833011141369,0.0300855644493514,0
2025-07-10 15:00:00+00:00,3.623,3.623,3.623,3.623,0.0,0.0,0.0,-1.5756587883727249,2.6054941942792453,0.0,0.0,1.0121881584192856,0.9718378686282284,0.0,0.0,0.06265525807341987,0
2025-07-10 16:00:00+00:00,3.672,3.688,3.64,3.685,181.15,0.0169681137283597,1.7112889870273262,-0.2976190476190465,4.184337008764483,1.2111251016711413,0.0813449023640635,1.2839006674037712,1.0246665926819465,1.3025780186424494,0.0814111261651561,0.05318860244233381,0
2025-07-10 17:00:00+00:00,3.701,3.74,3.639,3.74,395.61,0.0148150857851406,1.49253731343284,1.1904761904761862,6.674272675413584,2.383641498761761,0.0,1.4295632349899934,1.0327119174892925,2.700534758636232,0.0,0.039572192513368964,0
2025-07-10 18:00:00+00:00,3.69,3.759,3.69,3.71,264.43,-0.0080537348070968,-0.8021390374331583,0.3787878787878673,4.536489151873768,1.514949404760329,1.3035381746997752,1.4883872163262195,1.0344334097355377,1.8598382744313091,1.3207547166251317,0.043665768194069976,0
2025-07-10 19:00:00+00:00,3.724,3.739,3.704,3.72,141.43,0.0026917916657115,0.269541778975757,2.9900332225913706,2.705687465488693,0.9432098902593332,0.508157261163897,0.9424328048136787,0.956927501513503,0.9408602148008358,0.4032258063432102,0.04946236559139772,0
2025-07-10 20:00:00+00:00,3.732,3.732,3.732,3.732,13.45,0.0032206147000421,0.3225806451612856,3.00855644493514,3.6666666666666625,0.0989031190629407,0.0,0.94174764061716,0.9452521257394232,0.0,0.0,0.05278670953912101,0
2025-07-10 21:00:00+00:00,3.761,3.85,3.761,3.85,263.81,0.0311288653145953,3.1618435155412516,6.265525807341987,7.332032339001948,1.8939339098460788,0.0,1.373591582936193,1.1144110863850814,2.311688311087872,0.0,0.018701298701298663,0
2025-07-10 22:00:00+00:00,3.853,3.886,3.834,3.881,1038.86,0.0080197040870762,0.8051948051947866,5.318860244233381,6.212370005473455,5.83850617506167,0.128667009745591,1.3324392397263738,1.0704494867386738,1.339860860257703,0.1288327750247876,0.018551919608348344,0
2025-07-10 23:00:00+00:00,3.887,3.888,3.873,3.888,252.14,0.0018020342114234,0.1803658850811684,3.957219251336896,6.403940886699511,1.3495089337412038,0.0,1.317591243584744,1.0692427398280595,0.3858024690365652,0.0,0.03163580246913589,0
2025-07-11 00:00:00+00:00,3.854,3.872,3.821,3.872,76.85,-0.004123717183862,-0.4115226337448541,4.366576819406998,8.096035734226682,0.4546115565563218,0.0,1.2383466316923482,0.9687529450797014,1.3171487599903984,0.0,0.014721074380165344,0
2025-07-11 01:00:00+00:00,3.876,3.904,3.824,3.904,217.02,0.0082304991365154,0.8264462809917328,4.946236559139772,8.354149320011084,1.2232710089342782,0.0,1.2192020917538382,0.972752852648236,2.049180327343962,0.0,0.014856557377049162,0
2025-07-11 02:00:00+00:00,3.906,3.929,3.892,3.929,2423.96,0.0063832720254766,0.6403688524590168,5.278670953912101,8.058305830583045,8.858936288764937,0.0,1.2008647015224,0.967282171642336,0.9417154489840358,0.0,0.008399083736319701,0
2025-07-11 03:00:00+00:00,3.927,3.927,3.916,3.922,42.59,-0.0017832128021681,-0.1781623822855627,1.8701298701298663,7.865786578657863,0.1546522306826612,0.1273236567029961,0.527289497621331,0.9705498418116564,0.280469148322168,0.0,0.017593064762876143,0
2025-07-11 04:00:00+00:00,3.915,3.953,3.915,3.953,225.23,0.0078730565403939,0.7904130545639987,1.8551919608348344,8.331049602630847,0.7963663846353471,0.0,0.5245733735500467,0.9753130527888944,0.9612952185779624,0.0,0.010118897040222619,0
2025-07-11 05:00:00+00:00,3.953,4.011,3.953,4.011,844.79,0.0145658024733673,1.4672400708322764,3.1635802469135887,9.890410958904106,2.846535292885778,0.0,0.694469605806354,0.999154920280349,1.4460234351917238,0.0,-0.01695337820992271,0
2025-07-11 06:00:00+00:00,3.981,3.998,3.917,3.929,180.04,-0.0206556462115931,-2.0443779606083345,1.4721074380165344,7.555433889953456,0.5986699179762843,1.7258629310340612,1.2464964894904036,1.1173872062926056,2.0615932802083092,0.432680071154837,0.016289132094680525,0
2025-07-11 07:00:00+00:00,3.904,3.97,3.895,3.962,723.39,0.0083640077000365,0.8399083736319701,1.4856557377049162,7.721587819467102,2.254277077764635,0.2015113349618361,1.2477491195253383,1.120101903098378,1.8929833412688124,0.201918223068673,0.025492175668853978,0
2025-07-11 08:00:00+00:00,3.962,3.962,3.962,3.962,0.0,0.0,0.0,0.8399083736319701,8.133187772925755,0.0,0.0,1.2347310449132414,1.1125482837826646,0.0,0.0,0.02271580010095886,0
2025-07-11 09:00:00+00:00,3.977,3.992,3.977,3.991,104.27,0.0072928777902376,0.7319535588086845,1.7593064762876145,8.421624558543872,0.3218512025939002,0.0250501001941229,1.2435861004325368,1.115300903267758,0.3758456526244467,0.0250563768416268,-0.005011275369581569,0
2025-07-11 10:00:00+00:00,3.972,3.993,3.971,3.993,135.35,0.0005010020144874,0.050112753695819,1.011889704022262,8.03571428571428,0.4135055042402102,0.0,1.2209158574766543,1.1167052311359615,0.5509641871898361,0.0,0.0007513148009015147,0
2025-07-11 11:00:00+00:00,3.923,3.965,3.923,3.943,317.36,-0.0126009731855941,-1.2521913348359617,-1.695337820992271,6.682900432900429,0.9319133941478446,0.554854980944546,1.1490049328665712,1.1612402193317175,1.0651787975994933,0.5579507987425891,0.01902104996195786,0
2025-07-11 12:00:00+00:00,3.98,3.993,3.956,3.993,279.87,0.012600973185594,1.26806999746385,1.6289132094680523,8.03571428571428,0.794615869648601,0.0,0.891571485225386,1.1769044453315902,0.9266215875465492,0.0,0.0167793638868019,0
2025-07-11 13:00:00+00:00,3.997,4.063,3.944,4.063,592.26,0.0173787889245053,1.7530678687703416,2.549217566885398,12.486157253599096,1.6204159384905676,0.0,1.0652867056217616,1.069606295965619,2.9288702921661596,0.0,0.004184100418410219,0
2025-07-11 14:00:00+00:00,4.059,4.082,4.009,4.052,729.01,-0.0027110306191527,-0.2707359094265338,2.271580010095886,11.841015732818082,1.85285194013637,0.7349338557729277,1.0920536436754964,1.080348957268328,1.8015794664852844,0.5676209277967295,-0.0009871668311943749,0
2025-07-11 15:00:00+00:00,4.066,4.102,3.971,3.971,417.94,-0.0201926342373223,-1.9990128331687895,-0.5011275369581569,9.605299475572714,1.0172146101563242,3.193564114287289,1.4357771212039108,1.1911844994430432,3.2989171485019155,0.9065726514967198,-0.007806597834298712,0
2025-07-11 16:00:00+00:00,3.966,4.022,3.962,3.996,72.3,0.0062759086371926,0.6295643414756968,0.0751314800901514,8.439620081411125,0.1779334615806185,0.6464445547870661,1.465589669900302,1.159449638515015,1.5015015011257518,0.6506506504878313,-0.02902902902902904,0
2025-07-11 17:00:00+00:00,4.018,4.037,4.018,4.018,62.12,0.0054904056064356,0.5505505505505548,1.902104996195786,7.433155080213893,0.1582932259694197,0.4706465195762612,1.331358578250384,1.134812487115699,0.4728720755418468,0.4728720755418468,-0.022399203583872485,0
2025-07-11 18:00:00+00:00,4.053,4.078,4.053,4.06,215.72,0.0103987072208985,1.0452961672473782,1.67793638868019,9.433962264150942,0.552552039752004,0.4413928395190473,1.3027893842548266,1.1191554615566364,0.6157635466463725,0.4433497535853987,-0.0325123152709359,0
2025-07-11 19:00:00+00:00,4.064,4.08,4.064,4.08,30.93,0.0049140148024291,0.4926108374384341,0.4184100418410219,9.6774193548387,0.0801705535861478,0.0,1.108150512954855,1.1191557302294826,0.3921568626489815,0.0,-0.026960784313725505,0
2025-07-11 20:00:00+00:00,4.041,4.068,4.04,4.048,148.65,-0.0078740564309058,-0.7843137254901933,-0.0987166831194374,8.467309753483377,0.3797557283751152,0.4916420844415721,1.1587863491947186,1.1444907441439194,0.6916996045721983,0.4940711461229956,-0.00988142292490124,0
2025-07-11 21:00:00+00:00,3.986,3.986,3.933,3.94,1326.72,-0.027042208675322,-2.667984189723327,-0.7806597834298712,2.3376623376623273,3.044865009072732,1.1540391366899114,1.4034650156145188,1.1473905028446096,1.3451776646332132,0.0,0.01802030456852788,0
2025-07-11 22:00:00+00:00,3.92,3.92,3.839,3.88,396.64,-0.0153455696746604,-1.5228426395939132,-2.902902902902904,-0.025766555011597,0.9698639348330612,1.0204081630049988,1.446760260666312,1.18346907971869,2.087628865441332,0.0,0.014690721649484484,0
2025-07-11 23:00:00+00:00,3.926,3.929,3.926,3.928,49.61,0.0122952368570373,1.2371134020618513,-2.2399203583872485,1.028806584362152,0.1238621728516291,0.0254517688914576,1.5663261541064826,1.209552720486245,0.0763747453980631,0.025458248466021,0.007892057026476662,0
2025-07-12 00:00:00+00:00,3.928,3.928,3.928,3.928,0.0,0.0,0.0,-3.25123152709359,1.446280991735538,0.0,0.0,1.429692161998056,1.2057308725595903,0.0,0.0,0.017820773930753653,0
2025-07-12 01:00:00+00:00,3.904,3.97,3.904,3.97,129.54,0.0106357042068797,1.069246435845228,-2.6960784313725505,1.6905737704918211,0.3290500185739537,0.0,1.5287662246457243,1.213325994472617,1.6624685134351531,0.0,0.00025188916876572875,0
2025-07-12 02:00:00+00:00,3.99,4.008,3.99,4.008,132.4,0.0095262690834645,0.9571788413098136,-0.988142292490124,2.010689742937144,0.4440016599745055,0.0,1.6157799255298133,1.2213978252854778,0.4491017962951291,0.0,-0.009231536926147643,0
2025-07-12 03:00:00+00:00,4.006,4.011,3.992,4.011,117.18,0.0007482230053521,0.0748502994011968,1.802030456852788,2.2692503824579324,0.388908249115053,0.0,1.0372316504945474,1.2201358694796138,0.4736973322179794,0.0,-0.0024931438544003592,0
2025-07-12 04:00:00+00:00,4.012,4.061,3.937,3.937,278.44,-0.0186215748263154,-1.8449264522563016,1.4690721649484484,-0.4047558816089092,0.9173632341383698,3.0534351137519273,1.154916091088662,1.2733308684150986,3.149606298412599,1.2446024888888585,0.01625603251206509,0
2025-07-12 05:00:00+00:00,3.933,3.984,3.917,3.959,124.71,0.0055724561623932,0.5588011176022478,0.7892057026476662,-1.2964348042882046,0.4559468043764604,0.6275100400031328,1.0695267527253465,1.240903339440902,1.6923465517321723,0.6314725939299112,0.010608739580702187,0
2025-07-12 06:00:00+00:00,3.998,3.998,3.998,3.998,8.7,0.0098027679542147,0.9850972467794872,1.7820773930753653,1.7561720539577497,0.0326601607041355,0.0,1.1192278711114294,1.180556162442994,0.0,0.0,-0.024262131065532877,0
2025-07-12 07:00:00+00:00,4.007,4.018,3.971,3.971,32.11,-0.0067762839290939,-0.6753376688344193,0.0251889168765728,0.2271580010095863,0.1351566076148808,1.169736186866659,1.1055556688225678,1.178413621662316,1.1835809616762505,0.2770083101795527,-0.028456308234701577,0
2025-07-12 08:00:00+00:00,3.971,3.971,3.971,3.971,0.0,0.0,0.0,-0.9231536926147644,0.2271580010095863,0.0,0.0,1.006033451352751,1.178413621662316,0.0,0.0,-0.026945353815159945,0
2025-07-12 09:00:00+00:00,3.964,4.019,3.964,4.001,86.81,0.0075263777259836,0.7554772097708495,-0.2493143854400359,0.2505637684790729,0.3665208281641064,0.4478726050142091,1.0727864764783843,1.1790432375787685,1.3746563355724466,0.4498875280055215,-0.047238190452386974,0
2025-07-12 10:00:00+00:00,4.001,4.001,4.001,4.001,0.0,0.0,0.0,1.6256032512065088,0.2003506135737742,0.0,0.0,0.6105297150933107,1.1790142930617562,0.0,0.0,-0.03324168957760576,0
2025-07-12 11:00:00+00:00,4.001,4.001,4.001,4.001,0.0,0.0,0.0,1.060873958070219,1.4709611970580738,0.0,0.0,0.600163583150027,1.1477140855800765,0.0,0.0,-0.023494126468383003,0
2025-07-12 12:00:00+00:00,3.964,3.964,3.901,3.901,38.71,-0.0253113993505786,-2.499375156210959,-2.4262131065532877,-2.304032056098171,0.1861617072428677,1.589303733201492,1.1337445634381167,1.2331996175824989,1.6149705199654054,0.0,-0.0012817226352217492,0
2025-07-12 13:00:00+00:00,3.91,3.91,3.858,3.858,151.1,-0.011084016040982,-1.1022814662906888,-2.8456308234701577,-5.04553285749445,0.7971266161642934,1.3299232733171562,1.1672747357835866,1.184975850913297,1.3478486258818445,0.0,0.0010368066355623817,0
2025-07-12 14:00:00+00:00,3.913,3.913,3.864,3.864,99.39,0.001554001866734,0.1555209953343572,-2.6945353815159945,-4.6396841066140055,0.6085536721973489,1.252236135637045,1.1817205834786326,1.1873049832320006,1.2681159417007963,0.0,0.0012939958592133038,0
2025-07-12 15:00:00+00:00,3.857,3.857,3.812,3.812,339.73,-0.0135489305583159,-1.345755693581785,-4.723819045238697,-4.004029211785454,2.122477879778798,1.166709877841153,1.0575820437926142,1.150158467113047,1.1804826859442694,0.0,0.019674711437565717,0
2025-07-12 16:00:00+00:00,3.868,3.868,3.868,3.868,7.73,0.0145835917990922,1.4690451206715638,-3.324168957760576,-3.2032032032032087,0.0491191281828202,0.0,1.3940654141900677,1.1871224146823576,0.0,0.0,0.004136504653567741,0
2025-07-12 17:00:00+00:00,3.851,3.907,3.851,3.907,222.73,0.0100322384818857,1.008273009307148,-2.3494126468383003,-2.7625684420109486,1.3575751418946842,0.0,1.5288120643529273,1.2020383029202866,1.433324801271226,0.0,-0.005119017148707439,0
2025-07-12 18:00:00+00:00,3.906,3.906,3.891,3.896,20.66,-0.0028194302926449,-0.281545943178918,-0.1281722635221749,-4.039408866995064,0.1324893319679731,0.2560163849831046,1.1223598754982294,1.1767565704752925,0.385010266841633,0.0,0.0017967145790553918,0
2025-07-12 19:00:00+00:00,3.836,3.906,3.823,3.862,24.35,-0.0087652017739659,-0.8726899383983522,0.1036806635562381,-5.343137254901964,0.1564277512028515,1.1264720939256354,1.0806612543765086,1.1763652412058183,2.1491455198992417,1.1393060587417652,0.013982392542724043,0
2025-07-12 20:00:00+00:00,3.857,3.897,3.857,3.869,171.06,0.0018108917120531,0.1812532366649355,0.1293995859213303,-4.421936758893274,1.0923604163492675,0.7185014111576743,1.081368619766973,1.1729764046371938,1.0338588779958904,0.7237012145971198,0.010855518221762672,0
2025-07-12 21:00:00+00:00,3.845,3.887,3.814,3.887,401.67,0.00464157615171,0.4652364952183907,1.9674711437565715,-1.3451776649746172,3.4024572313681114,0.0,0.848126867896887,1.049297515983032,1.878055054829416,0.0,0.004116285052739865,0
2025-07-12 22:00:00+00:00,3.838,3.887,3.66,3.884,1381.05,-0.0007721014410077,-0.0771803447388808,0.4136504653567741,0.1030927835051542,8.682026780608012,0.07718034471902,0.6449859382121601,1.001100658111154,5.844490214767121,0.0772399587854715,0.01596292481977346,0
2025-07-12 23:00:00+00:00,3.887,3.887,3.784,3.887,1352.15,0.0007721014410076,0.0772399588053529,-0.5119017148707439,-1.0437881873727073,6.337930792006568,0.0,0.4613110381970953,0.9668294091349452,2.649858502019594,0.0,0.01749421147414454,0
2025-07-13 00:00:00+00:00,3.901,3.904,3.687,3.903,1186.99,0.0041078363283917,0.4116285052739865,0.1796714579055391,-0.6364562118126305,4.516697557222859,0.0256147540917966,0.4882250612696552,0.9712629694472744,5.5598257736203385,0.0256213169291231,0.02126569305662307,0
2025-07-13 01:00:00+00:00,3.898,3.916,3.898,3.916,202.86,0.0033252364697859,0.3330771201639715,1.3982392542724045,-1.360201511335024,0.7630463300041979,0.0,0.208866701688426,0.9467407533593958,0.4596527067263347,0.0,0.02170582226762008,0
2025-07-13 02:00:00+00:00,3.875,3.914,3.874,3.911,46.84,-0.0012776288948868,-0.1276813074565841,1.0855518221762672,-2.4201596806387227,0.1785806763170775,0.0766479304862962,0.2564023761138796,0.9220063818456896,1.0227563280432748,0.0767067246032484,0.024546151879314637,0
2025-07-13 03:00:00+00:00,3.913,3.915,3.903,3.903,27.71,-0.0020476075748991,-0.2045512656609571,0.4116285052739865,-2.692595362752437,0.107169446458372,0.306513409883394,0.2535209812814527,0.9214401412081838,0.307455803149512,0.0512426338582576,0.01460415065334364,0
2025-07-13 04:00:00+00:00,3.911,3.946,3.908,3.946,58.37,0.0109569194019458,1.1017166282347055,1.596292481977346,0.2286004572009226,0.2340483474026732,0.0,0.4745645691783092,0.874005232353573,0.9630005065983336,0.0,0.009883426254434724,0
2025-07-13 05:00:00+00:00,3.946,3.955,3.946,3.955,8.29,0.0022781936191934,0.2280790674100252,1.749421147414454,-0.1010356150543012,0.0339000955866809,0.0,0.4666286521676301,0.8675924717514174,0.2275600505113602,0.0,0.007585335018963191,0
2025-07-13 06:00:00+00:00,3.962,3.986,3.962,3.986,67.31,0.0078076205709857,0.7838179519595423,2.126569305662307,-0.3001500750375196,0.2725275911737693,0.0,0.5084997116552238,0.8586590037076942,0.6021073756642987,0.0,0.005268439538384184,0
2025-07-13 07:00:00+00:00,3.99,4.001,3.99,4.001,228.15,0.0037561080844949,0.3763171098845941,2.170582226762008,0.7554772097708495,0.8941711329463976,0.0,0.5084957190527756,0.8500602839888771,0.2749312671144915,0.0,0.0002499375156208572,0
2025-07-13 08:00:00+00:00,4.007,4.007,4.007,4.007,26.32,0.0014985017789094,0.1499625093726475,2.4546151879314637,0.9065726517250016,0.1027125291460353,0.0,0.4663506374370069,0.8503702022434797,0.0,0.0,-0.00024956326428737796,0
2025-07-13 09:00:00+00:00,3.972,3.972,3.96,3.96,3.97,-0.0117988063876182,-1.1729473421512315,1.460415065334364,-1.0247438140465026,0.0157042692272838,0.3021148035493168,0.7832423372611123,0.8709655521012559,0.3030303029537805,0.0,0.016919191919192,0
2025-07-13 10:00:00+00:00,3.97,3.985,3.961,3.985,894.47,0.0062932869757891,0.631313131313127,0.9883426254434724,-0.3999000249937601,3.0836659910460344,0.0,0.7002847453013529,0.8817209986933358,0.6022584691085932,0.0,0.0015056461731492998,0
2025-07-13 11:00:00+00:00,3.985,3.985,3.985,3.985,0.0,0.0,0.0,0.7585335018963191,-0.3999000249937601,0.0,0.0,0.7023001837628616,0.8817209986933358,0.0,0.0,0.007026348808030214,0
2025-07-13 12:00:00+00:00,3.958,4.012,3.838,4.007,832.81,0.005505519411829,0.5520702634880692,0.5268439538384184,2.7172519866700773,2.577125756370227,0.1246261216040287,0.6646503920817409,0.7066323829015763,4.342400797518729,0.1247816321126048,0.003743448964312668,0
2025-07-13 13:00:00+00:00,3.983,4.012,3.983,4.002,54.95,-0.0012485954924657,-0.1247816321437444,0.0249937515620857,3.732503888024885,0.172176991889334,0.2492522432080574,0.6525674318454766,0.6597616474011099,0.7246376809783382,0.2498750624063227,0.006996501749125583,0
2025-07-13 14:00:00+00:00,4.0,4.053,3.993,4.006,430.82,0.000999001082085,0.0999500249875273,-0.0249563264287377,3.674948240165632,1.293917274326328,1.1596348381051902,0.6506529767810659,0.6598489905141787,1.497753369571206,1.1732401394974363,0.008237643534697803,0
2025-07-13 15:00:00+00:00,3.974,4.059,3.974,4.027,553.56,0.0052284446256904,0.5242136794807672,1.6919191919192,5.64008394543547,1.6192238220900803,0.7883715198846097,0.3252533530724247,0.5801124333062447,2.110752420633038,0.7946362054147917,-0.014899428855227215,0
2025-07-13 16:00:00+00:00,4.045,4.045,3.991,3.991,10.63,-0.0089798558027202,-0.8939657313136284,0.1505646173149299,3.179937952430212,0.031082931678865,1.3349814582608162,0.5300281520701007,0.5620541385755634,1.3530443494479925,0.0,-0.012027060886995788,0
2025-07-13 17:00:00+00:00,3.982,4.015,3.98,4.013,68.45,0.0054972652181827,0.5512402906539648,0.7026348808030214,2.7130790888149514,0.2039873644051614,0.0498132004857197,0.5707736642258018,0.5385684298132876,0.8721654620303524,0.0498380264017293,-0.01245950660353845,0
2025-07-13 18:00:00+00:00,3.996,4.053,3.995,4.022,95.65,0.0022402000656806,0.2242711188636947,0.3743448964312668,3.234086242299794,0.2824161615457378,0.7648655315161865,0.5356174070052039,0.5323632525585901,1.4420686222172834,0.7707608153230254,-0.007707608155146706,0
2025-07-13 19:00:00+00:00,4.037,4.048,3.756,4.03,1640.86,0.0019870846081313,0.1989060169070189,0.6996501749125583,4.350077679958564,4.041137246602133,0.4446640315107004,0.5292590748681727,0.4870619934912509,7.245657566440289,0.2729528535302876,0.0027295285359800747,0
2025-07-13 20:00:00+00:00,4.002,4.039,3.66,4.039,1835.13,0.002230760622684,0.2233250620347293,0.8237643534697803,4.393900232618231,3.860380523805952,0.0,0.5308866836907655,0.487151136646283,9.383510767669335,0.0,0.01163654369893563,0
2025-07-13 21:00:00+00:00,3.981,3.981,3.963,3.967,68.47,-0.0179869950490826,-1.7826194602624357,-1.4899428855227217,2.058142526369955,0.1483665754465306,0.3516704344758374,0.9063942813810104,0.6281675540653828,0.4537433827946145,0.0,0.03957650617595143,0
2025-07-13 22:00:00+00:00,3.944,3.944,3.943,3.943,38.84,-0.0060682866367029,-0.6049911772119998,-1.2027060886995788,1.5190525231719931,0.0957672392534829,0.0253549695676049,0.8719148612330829,0.643231616139387,0.0253613999428424,0.0,0.0613745878772507,0
2025-07-13 23:00:00+00:00,3.949,3.989,3.948,3.963,30.35,0.0050594593128078,0.5072279989855488,-1.245950660353845,1.9552354000514471,0.0865926436669822,0.6517924290168432,0.8645209166532414,0.6495709396241625,1.0345697701149186,0.6560686347070178,0.0416351249053748,0
2025-07-14 00:00:00+00:00,3.99,4.022,3.99,3.991,294.31,0.0070405118582987,0.7065354529396828,-0.7707608155146706,2.2546758903407627,0.9393971634948574,0.7707608153230365,0.9321692615165372,0.6587443209390761,0.8018040589321471,0.7767476820905203,0.03132047105988467,0
2025-07-14 01:00:00+00:00,4.024,4.041,4.011,4.041,63.95,0.0124503600297397,1.2528188423953868,0.2729528535980074,3.1920326864147253,0.2079615620686956,0.0,1.0902040607523025,0.698321409942127,0.7423904972179248,0.0,0.02796337540212801,0
2025-07-14 02:00:00+00:00,4.034,4.098,3.7,4.086,2033.88,0.0110743102990937,1.1135857461024523,1.163654369893563,4.474558936333417,5.211040593543988,0.2928257685961764,1.1754713906215752,0.7234907334403908,9.740577579603372,0.2936857561689355,0.0034263338228093243,0
2025-07-14 03:00:00+00:00,4.067,4.149,4.036,4.124,436.41,0.0092570697592829,0.9300048947625816,3.957650617595143,5.662311042787582,1.071388458408061,0.6025548323445362,0.6697101920198564,0.7339139099748883,2.740058195261878,0.6062075653234307,0.008001939864209495,0
2025-07-14 04:00:00+00:00,4.128,4.19,4.111,4.185,1161.26,0.0146831377867252,1.4791464597478263,6.13745878772507,6.0567663456664755,2.561876082370777,0.1193317422149752,0.354339059988161,0.7566250350137074,1.887694145307615,0.1194743129941705,-0.012903225806451424,0
2025-07-14 05:00:00+00:00,4.191,4.191,4.077,4.128,219.15,-0.0137136757621768,-1.3620071684587676,4.16351249053748,4.3742098609355295,0.4742779335769783,1.503221187901873,1.0385047693215066,0.8254885546731242,2.761627906307742,0.0,-0.009205426356589164,0
2025-07-14 06:00:00+00:00,4.105,4.116,4.105,4.116,41.85,-0.0029112102074585,-0.2906976744186162,3.132047105988467,3.2614149523331415,0.0907789418882653,0.0,1.1108215160497594,0.8204618779485059,0.2672497569807273,0.0,-0.007288629737609131,0
2025-07-14 07:00:00+00:00,4.157,4.157,4.154,4.154,23.77,0.0091899074821174,0.923226433430524,2.796337540212801,3.8240439890027345,0.0525310639362513,0.072167428416609,1.0753146886768148,0.8347991101506439,0.0722195474067866,0.0,-0.015647568608569973,0
2025-07-14 08:00:00+00:00,4.1,4.1,4.1,4.1,225.46,-0.0130847517436585,-1.2999518536350618,0.3426333822809324,2.3209383578737253,0.4892883624186867,0.0,1.2260041656703249,0.8867517304536576,0.0,0.0,-0.015121951219512098,0
2025-07-14 09:00:00+00:00,4.088,4.157,4.086,4.157,125.23,0.0138066865602382,1.3902439024390256,0.8001939864209495,4.974747474747487,0.2688238019503614,0.0,1.30218066168976,0.8806352011145527,1.7079624725263438,0.0,-0.04450324753427959,0
2025-07-14 10:00:00+00:00,4.116,4.131,4.116,4.131,82.01,-0.0062741518558728,-0.6254510464277052,-1.2903225806451424,3.663739021329993,0.1898416250309075,0.0,1.143751321613632,0.8914366198062504,0.3631082061575765,0.0,-0.038489469862018955,0
2025-07-14 11:00:00+00:00,4.136,4.136,4.09,4.09,153.74,-0.0099745383599171,-0.9924957637375996,-0.9205426356589164,2.634880803011286,0.3506863063764033,1.1121856863848745,1.0764449205843245,0.9214759013536208,1.1246943762531374,0.0,-0.021515892420537863,0
2025-07-14 12:00:00+00:00,4.077,4.086,4.072,4.086,109.72,-0.00097847365928,-0.0977995110024387,-0.7288629737609131,1.971549787871241,0.2687445463306491,0.0,1.074415693209426,0.917444163397452,0.3426333821971096,0.0,-0.032794909446891896,0
2025-07-14 13:00:00+00:00,4.071,4.089,4.071,4.089,117.96,0.000733944987075,0.0734214390602172,-1.5647568608569973,2.1739130434782705,0.2870812232664442,0.0,0.9599294120287504,0.9163986935898564,0.440205429092654,0.0,-0.03619466862313536,0
2025-07-14 14:00:00+00:00,4.071,4.071,4.023,4.038,365.7,-0.0125509214918595,-1.247248716067506,-1.5121951219512098,0.7988017973040495,0.8959264378307096,0.8106116431317456,0.9484788247855632,0.9565951082521468,1.1887072805377157,0.0,-0.01956414066369494,0
2025-07-14 15:00:00+00:00,4.014,4.068,3.972,3.972,879.22,-0.0164797737077196,-1.634472511144136,-4.450324753427958,-1.3657809783958363,2.0846947243578304,2.3598820053195877,0.6694125719270129,1.009449860924841,2.4169184283945233,1.3595166159719088,-0.0030211480362537513,0
2025-07-14 16:00:00+00:00,3.972,3.972,3.972,3.972,0.0,0.0,0.0,-3.848946986201895,-0.4760711601102474,0.0,0.0,0.7393764498788251,0.9934498297180824,0.0,0.0,-0.005287009063444037,0
2025-07-14 17:00:00+00:00,4.007,4.018,4.001,4.002,35.35,0.0075244899786155,0.7552870090634434,-2.1515892420537863,-0.2741091452778454,0.0841811144172541,0.3982080636141845,0.9037406003068308,0.9993478004356408,0.4247876060907442,0.2748625686469639,-0.012743628185907019,0
2025-07-14 18:00:00+00:00,4.032,4.032,3.952,3.952,139.66,-0.0125724562759202,-1.2493753123438256,-3.2794909446891896,-1.74042764793636,0.3311348826541107,1.984126983634891,0.9581442132840088,1.0294613453656003,2.0242914974634907,0.0,-0.0063259109311740724,0
2025-07-14 19:00:00+00:00,3.941,3.941,3.941,3.941,5.65,-0.0027872816727547,-0.2783400809716618,-3.619466862313536,-2.2084367245657655,0.0159772453861717,0.0,0.9220041462229112,1.0285920479303408,0.0,0.0,-0.006851053032225218,0
2025-07-14 20:00:00+00:00,3.936,3.959,3.907,3.959,101.58,0.0045569699111269,0.4567368688150219,-1.956414066369494,-1.980688289180477,0.3609850862944561,0.0,0.9484081681053088,1.0327879001322542,1.3134629953742212,0.0,-0.02045971204849706,0
2025-07-14 21:00:00+00:00,3.959,3.96,3.959,3.96,617.77,0.0002525571423955,0.0252589037635697,-0.3021148036253751,-0.1764557600201666,2.030240372890372,0.0,0.695352391345737,0.966026125240412,0.0252525252461455,0.0,-0.03686868686868683,0
2025-07-14 22:00:00+00:00,3.931,3.951,3.931,3.951,81.56,-0.0022753138371354,-0.2272727272727204,-0.5287009063444037,0.2028911995942239,0.2664800681765539,0.0,0.6982504756892022,0.9588685892893852,0.5062009616537081,0.0,-0.0346747658820552,0
2025-07-14 23:00:00+00:00,3.951,3.951,3.951,3.951,0.0,0.0,0.0,-1.274362818590702,-0.3028009084027228,0.0,0.0,0.5734574580478178,0.952999038230302,0.0,0.0,-0.01746393318147299,0
2025-07-15 00:00:00+00:00,3.917,3.953,3.911,3.927,212.01,-0.006092935833381,-0.6074411541381886,-0.6325910931174072,-1.6036081182660975,0.7034864348805406,0.6577283074480779,0.3582950108237848,0.9477491693627056,1.0695187163051854,0.6620830148555887,-0.013496307613954706,0
2025-07-15 01:00:00+00:00,3.901,3.929,3.801,3.914,993.19,-0.003315906621988,-0.3310415075120976,-0.6851053032225218,-3.142786439000256,2.920384752500867,0.3817765333718991,0.3640031928571093,0.9065731320440404,3.2703117007485063,0.3832396524314584,-0.006642820643842695,0
2025-07-15 02:00:00+00:00,3.898,3.899,3.877,3.878,281.26,-0.0092403121534243,-0.9197751660705134,-2.045971204849706,-5.090553108174256,1.053160069954602,0.5385996407954324,0.3674833089151411,0.8801685242819657,0.5673027332214341,0.0257864878736984,0.002578648788035043,0
2025-07-15 03:00:00+00:00,3.864,3.864,3.814,3.814,179.52,-0.0166410496422327,-1.6503352243424474,-3.686868686868683,-7.516973811833161,0.7002675283022828,1.2939958588783609,0.6006818911906955,0.89256079153238,1.310959622099901,0.0,0.014682747771368687,0
2025-07-15 04:00:00+00:00,3.814,3.814,3.814,3.814,0.0,0.0,0.0,-3.4674765882055203,-8.864994026284334,0.0,0.0,0.6369624578213339,0.8108324850345612,0.0,0.0,0.014682747771368687,0
2025-07-15 05:00:00+00:00,3.885,3.885,3.882,3.882,54.15,0.0176719775685912,1.7829050865233451,-1.746393318147299,-5.959302325581395,0.2692712520395363,0.0772200772001922,1.1584404559256432,0.8939683521304121,0.0772797526848756,0.0,0.001803194229778482,0
2025-07-15 06:00:00+00:00,3.87,3.874,3.87,3.874,52.93,-0.0020629197620143,-0.2060793405461058,-1.3496307613954706,-5.879494655004846,0.2626017066865318,0.0,1.1481152582743908,0.8939911949669477,0.1032524522190882,0.0,0.009034589571502272,0
2025-07-15 07:00:00+00:00,3.888,3.888,3.888,3.888,8.46,0.0036073216133884,0.3613835828600864,-0.6642820643842695,-6.4034665382763585,0.0421058743748072,0.0,1.17001832056453,0.8691017407564979,0.0,0.0,0.014917695473251058,0
2025-07-15 08:00:00+00:00,3.888,3.888,3.888,3.888,0.0,0.0,0.0,0.2578648788035043,-5.170731707317067,0.0,0.0,1.100351166040157,0.8421224409427229,0.0,0.0,-0.0043724279835390956,0
2025-07-15 09:00:00+00:00,3.859,3.871,3.857,3.87,117.66,-0.0046403795565021,-0.4629629629629539,1.4682747771368687,-6.90401732018282,0.6153363404556949,0.0258331180506731,0.7945946875946834,0.7707153568479906,0.3617571058496697,0.0258397932749739,0.02273901808785528,0
2025-07-15 10:00:00+00:00,3.87,3.87,3.87,3.87,0.0,0.0,0.0,1.4682747771368687,-6.318082788671031,0.0,0.0,0.7945946875946834,0.769698908134919,0.0,0.0,0.03669250645994815,0
2025-07-15 11:00:00+00:00,3.87,3.889,3.835,3.889,83.37,0.0048975481319197,0.4909560723514117,0.1803194229778482,-4.914425427872859,0.4509818063770477,0.0,0.3528358389752607,0.7686148115375362,1.3885317558784909,0.0,0.03214193880174854,0
2025-07-15 12:00:00+00:00,3.89,3.909,3.856,3.909,42.31,0.0051295316372074,0.5142710208279722,0.9034589571502272,-4.331864904552141,0.232402827905189,0.0,0.3777880165858581,0.782476082957207,1.355845484431862,0.0,0.03121002814018925,0
2025-07-15 13:00:00+00:00,3.926,3.946,3.926,3.946,42.43,0.0094208207896059,0.9465336403172264,1.4917695473251058,-3.497187576424554,0.2371616617512558,0.0,0.498074852998234,0.8143670147081972,0.506842371893857,0.0,0.0012671059300557452,0
2025-07-15 14:00:00+00:00,3.961,3.962,3.858,3.871,122.09,-0.0191895360049125,-1.900658895083629,-0.4372427983539095,-4.135710747895005,0.723465928586364,2.296819787406158,1.0253009400201218,0.8633927648525941,2.6866442772703087,0.0258331180506846,0.01730818909842413,0
2025-07-15 15:00:00+00:00,3.856,3.958,3.856,3.958,142.32,0.022225975584863,2.2474812709894154,2.273901808785528,-0.3524672708962728,1.030909041513446,0.0,1.354270746743216,0.9350076576693772,2.5770591201169712,0.0,0.018443658413339836,0
2025-07-15 16:00:00+00:00,3.962,4.012,3.962,4.012,78.89,0.0135510229193148,1.364325416877188,3.669250645994815,1.0070493454179097,0.5581576340699149,0.0,1.3917527630248994,0.975953641342984,1.2462612160402984,0.0,0.004486540378863646,0
2025-07-15 17:00:00+00:00,4.017,4.085,4.014,4.014,471.96,0.0004983802744575,0.0498504486540651,3.2141938801748537,0.2998500749625377,2.958401784366517,1.7380660950457545,1.4102245962113784,0.9641750371039698,1.76880916747164,1.6940707519446665,0.020428500249128012,0
2025-07-15 18:00:00+00:00,4.091,4.094,3.994,4.031,149.76,0.0042262337608821,0.4235176880916569,3.121002814018925,1.9989878542510109,0.9362755185712268,1.5388373225357164,1.4108900082349467,0.928299518476756,2.480774000873043,0.074423220026194,0.021086579012651985,0
2025-07-15 19:00:00+00:00,4.022,4.034,3.951,3.951,592.98,-0.0200457727057749,-1.9846192011907624,0.1267105930055745,0.2537427048972418,3.2152907685876877,2.057511154670913,1.712038369186035,1.019829786755683,2.10073399086288,0.3037205769922136,0.03290306251581887,0
2025-07-15 20:00:00+00:00,3.941,3.941,3.938,3.938,15.82,-0.0032957312123198,-0.3290306251581887,1.7308189098424132,-0.5304369790351093,0.0874750025338215,0.0761228114498462,1.4555756756948508,1.0175217746499263,0.0761808024184322,0.0,0.01980700863382423,0
2025-07-15 21:00:00+00:00,3.971,4.031,3.971,4.031,103.7,0.0233415039180949,2.361604875571355,1.8443658413339836,1.7929292929292906,0.6504337008664576,0.0,1.4856606781250936,1.125608825616854,1.4884644005238146,0.0,-0.0037211610022326314,0
2025-07-15 22:00:00+00:00,4.04,4.04,3.942,4.03,295.99,-0.000248108176437,-0.024807740014876,0.4486540378863646,1.999493799038232,1.7580083151746688,0.2475247524139737,1.394526295439828,1.1240068595445896,2.431761785997078,0.0,-0.0017369727047147343,0
2025-07-15 23:00:00+00:00,4.03,4.096,4.03,4.096,211.83,0.016244511778615,1.6377171215880892,2.042850024912801,3.6699569729182535,1.1954766814821192,0.0,1.5304693712466024,1.166915103145259,1.6113281246066051,0.0,-0.00390625,0
2025-07-16 00:00:00+00:00,4.086,4.116,4.086,4.116,66.19,0.0048709302345965,0.48828125,2.1086579012651985,4.8128342245989275,0.3868111746077162,0.0,1.5314163799923337,1.1573117907731898,0.7288629735838371,0.0,-0.008017492711370089,0
2025-07-16 01:00:00+00:00,4.116,4.117,4.081,4.081,80.33,-0.0085397615481343,-0.8503401360544061,3.290306251581887,4.266734798160465,0.6036162118960883,0.8744231234213106,1.2178789876418836,1.172476073426146,0.8821367309771677,0.0245037980827075,0.014702278853222062,0
2025-07-16 02:00:00+00:00,4.072,4.072,4.016,4.016,59.95,-0.0160556740342406,-1.5927468757657492,1.980700863382423,3.558535327488399,0.4840142095875659,1.3752455792300489,1.4826297080734452,1.2079458502500064,1.3944223104097566,0.0,0.027888446215139417,0
2025-07-16 03:00:00+00:00,4.016,4.016,4.016,4.016,0.0,0.0,0.0,-0.3721161002232631,5.296276874672268,0.0,0.0,1.1100156943319417,1.1457013917799888,0.0,0.0,0.02664342629482075,0
2025-07-16 04:00:00+00:00,4.033,4.034,4.023,4.023,97.59,0.0017415105782229,0.1743027888446047,-0.1736972704714734,5.479811221814357,0.8102369314045863,0.2726822012214501,1.114317242839236,1.1448314312165375,0.2734277901383505,0.024857071830745,0.02485707183693764,0
2025-07-16 05:00:00+00:00,4.08,4.08,4.08,4.08,10.77,0.0140690954484192,1.4168530947054505,-0.390625,5.1004636785162205,0.0907797831645158,0.0,1.0515297065303346,1.1258981213386592,0.0,0.0,0.010539215686274472,0
2025-07-16 06:00:00+00:00,4.083,4.083,4.083,4.083,800.04,0.0007350239213683,0.0735294117647056,-0.8017492711370089,5.394940629839962,5.341850190814641,0.0,1.0212001438145095,1.1228741412625156,0.0,0.0,0.011511143766838039,0
2025-07-16 07:00:00+00:00,4.111,4.141,4.092,4.141,558.63,0.0141052922259913,1.4205241244183098,1.4702278853222062,6.507201646090532,3.2348327104172294,0.0,1.116022364256182,1.1487864286924867,1.1832890603276378,0.0,-0.012798840859695737,0
2025-07-16 08:00:00+00:00,4.129,4.129,4.128,4.128,10.38,-0.0031442763841685,-0.3139338324076313,2.7888446215139417,6.172839506172845,0.059956823000431,0.0242189392045835,0.7539969694747313,1.153694763751103,0.0242248061956685,0.0,0.007994186046511587,0
2025-07-16 09:00:00+00:00,4.123,4.123,4.115,4.123,36.42,-0.0012119744544985,-0.1211240310077466,2.664342629482075,6.537467700258404,0.2145639766786989,0.0,0.7701846974104029,1.146575199930746,0.1940334707266474,0.0,-0.0002425418384671696,0
2025-07-16 10:00:00+00:00,4.123,4.123,4.123,4.123,0.0,0.0,0.0,2.485707183693764,6.537467700258404,0.0,0.0,0.7852618007772496,1.146575199930746,0.0,0.0,0.01309725927722516,0
2025-07-16 11:00:00+00:00,4.123,4.123,4.123,4.123,0.0,0.0,0.0,1.0539215686274472,6.016970943687339,0.0,0.0,0.6205410769715535,1.146738246230616,0.0,0.0,0.018190637885035166,0
2025-07-16 12:00:00+00:00,4.13,4.14,4.094,4.13,117.43,0.0016963532481783,0.1697792869269854,1.151114376683804,5.65361985162447,0.6932283851883804,0.2415458936614572,0.6186427015995895,1.1453707639800954,1.113801452514803,0.2421307505466944,0.015012106537530379,0
2025-07-16 13:00:00+00:00,4.088,4.088,4.088,4.088,0.94,-0.010221554071538,-1.016949152542368,-1.2798840859695737,3.5985808413583342,0.0056063478967163,0.0,0.4267501342742014,1.162266094130985,0.0,0.0,0.014432485322896316,0
2025-07-16 14:00:00+00:00,4.14,4.161,4.137,4.161,213.66,0.0176995770994008,1.7857142857142794,0.7994186046511587,7.491604236631355,1.245958042358572,0.0,0.9072321126312616,1.1202950656912305,0.5767844266818596,0.0,0.009132420091324311,0
2025-07-16 15:00:00+00:00,4.172,4.18,4.09,4.122,449.97,-0.0094169475325368,-0.9372746935832676,-0.0242541838467169,4.143506821627074,2.4414918509644306,1.387559808280484,1.009259040589439,1.0693562992596566,2.1834061130074187,0.1940805433784377,0.027899078117418874,0
2025-07-16 16:00:00+00:00,4.114,4.177,4.108,4.177,586.29,0.0132548030467709,1.3343037360504573,1.309725927722516,4.112662013958124,2.8537854188879517,0.0,1.1461080403605506,1.0679441414078807,1.6519032794704556,0.0,0.0014364376346660546,0
2025-07-16 17:00:00+00:00,4.18,4.198,4.165,4.198,393.14,0.0050149358834031,0.5027531721331302,1.8190637885035168,4.583956153462876,1.9447092940476485,0.0,1.1454151814741105,1.069750606771398,0.7860886134382914,0.0,-0.002858504049547461,0
2025-07-16 18:00:00+00:00,4.18,4.224,4.147,4.192,417.84,-0.0014302743797002,-0.142925202477373,1.501210653753038,3.9940461423964457,1.9586670807288795,0.7575757573964079,1.1595816655564866,1.0705588009858704,1.8368320606305255,0.7633587784438559,-0.0023854961832060484,0
2025-07-16 19:00:00+00:00,4.175,4.175,4.147,4.147,192.94,-0.0107927657544967,-1.0734732824427495,1.4432485322896316,4.960769425461908,0.981082025906851,0.6706586824740837,1.172263779982277,1.0036685290589396,0.6751868819206104,0.0,-0.01326259946949615,0
2025-07-16 20:00:00+00:00,4.194,4.234,4.194,4.199,478.21,0.0124612204378118,1.25391849529779,0.9132420091324313,6.627729812087346,2.2146870851112337,0.8266414735884206,1.0483849334801902,1.0188242647913426,0.95260776352641,0.8335317930856114,-0.025958561562276716,0
2025-07-16 21:00:00+00:00,4.235,4.267,4.205,4.237,2132.41,0.0090090699423659,0.9049773755656076,2.7899078117418874,5.110394443066246,7.097239614728939,0.7030700724858108,0.9269485102155464,0.930598646056727,1.463299504020941,0.7080481471069098,-0.03209818267642206,0
2025-07-16 22:00:00+00:00,4.262,4.262,4.183,4.183,169.82,-0.0128267791843608,-1.274486665093233,0.1436437634666054,3.7965260545905544,0.5752726266710034,1.8535898634787389,1.0433669352324793,0.9784522746970196,1.8885967004808455,0.0,-0.02127659574468077,0
2025-07-16 23:00:00+00:00,4.177,4.186,4.145,4.186,111.75,0.0007169315637466,0.0717188620607212,-0.2858504049547461,2.197265625,0.3839821323737288,0.0,1.018478615009093,0.927068369753174,0.9794553270474394,0.0,-0.0219780219780219,0
2025-07-17 00:00:00+00:00,4.169,4.241,4.14,4.182,803.57,-0.000956023017366,-0.0955566172957333,-0.2385496183206048,1.6034985422740622,2.4974721836525977,1.3911813248311122,1.017774714102349,0.9238566349334324,2.4151123858404793,1.410808225391946,0.00789096126255373,0
2025-07-17 01:00:00+00:00,4.174,4.174,4.07,4.092,331.06,-0.0217557529170619,-2.152080344332874,-1.326259946949615,0.2695417789757126,0.9965670823682088,1.9645424048959104,1.3007710737952642,1.015896028828566,2.5415444764072497,0.0,0.030058651026392935,0
2025-07-17 02:00:00+00:00,4.126,4.133,4.09,4.09,78.8,-0.0004888780346696,-0.0488758553274681,-2.5958561562276716,1.8426294820717004,0.2366467041884064,1.0404064841421747,1.1003409883170974,0.95611725597999,1.0513447430192346,0.171149144212425,0.03251833740831289,0
2025-07-17 03:00:00+00:00,4.11,4.11,4.101,4.101,35.12,0.0026858763552118,0.2689486552567288,-3.209818267642206,2.1165338645418252,0.1050084840991629,0.2189781021365099,0.9688401227128326,0.9567597343699364,0.2194586685639052,0.0,0.0407217751767861,0
2025-07-17 04:00:00+00:00,4.094,4.094,4.094,4.094,2.18,-0.0017083591708242,-0.1706900755913065,-2.127659574468077,1.764852100422587,0.0065965905007384,0.0,0.903356005808922,0.9579884208692978,0.0,0.0,0.04152418172936012,0
2025-07-17 05:00:00+00:00,4.094,4.094,4.094,4.094,0.0,0.0,0.0,-2.19780219780219,0.3431372549019595,0.0,0.0,0.8969803656239888,0.9148842508788444,0.0,0.0,0.026868588177821007,0
2025-07-17 06:00:00+00:00,4.178,4.215,4.114,4.215,72.73,0.0291271042147208,2.9555446995603196,0.7890961262553731,3.2329169728140927,0.2426594784853906,0.0,1.625900264183587,1.0897318384583023,2.3962040326462146,0.0,0.011862396204033177,0
2025-07-17 07:00:00+00:00,4.215,4.215,4.215,4.215,0.0,0.0,0.0,3.0058651026392935,1.7870079690895937,0.0,0.0,1.1937986279229034,1.055304623798584,0.0,0.0,-0.004033214709371125,0
2025-07-17 08:00:00+00:00,4.22,4.223,4.22,4.223,25.24,0.0018961844979877,0.1897983392645352,3.251833740831289,2.3013565891472743,0.0910983048397197,0.0,1.1759599274014754,1.0522536188020268,0.0710395453300904,0.0,0.00047359696897930625,0
2025-07-17 09:00:00+00:00,4.237,4.268,4.218,4.268,196.74,0.0105995574877004,1.06559318020365,4.07217751767861,3.5168566577734595,0.693373118896091,0.0,1.1846730461226376,1.0691971763417791,1.1715089031931756,0.0,-0.02600749765698218,0
2025-07-17 10:00:00+00:00,4.264,4.264,4.264,4.264,2.91,-0.0009376465759633,-0.0937207122774008,4.152418172936012,3.419839922386614,0.0102513669222786,0.0,1.174165749976215,1.0699173656557344,0.0,0.0,-0.03400562851782374,0
2025-07-17 11:00:00+00:00,4.214,4.214,4.204,4.204,169.59,-0.0141712338488387,-1.40712945590995,2.6868588177821007,1.964588891583796,0.5829220576462916,0.2373042239588901,1.448359293059266,1.1160938101203666,0.2378686964229778,0.0,-0.016412940057088488,0
2025-07-17 12:00:00+00:00,4.239,4.265,4.188,4.265,301.64,0.0144057279289377,1.4509990485252144,1.1862396204033177,3.2687651331719136,1.0101597002708071,0.0,1.001994664492143,1.1501118940335346,1.805392731112451,0.0,-0.01758499413833514,0
2025-07-17 13:00:00+00:00,4.223,4.225,4.148,4.198,808.43,-0.0158339595452009,-1.570926143024598,-0.4033214709371124,2.6908023483366073,2.433185687548795,0.6390532542865969,1.243516260078323,1.179960771756449,1.8342067646893256,0.0476417341477694,-0.012863268222963353,0
2025-07-17 14:00:00+00:00,4.219,4.225,4.219,4.225,457.1,0.0064110394106956,0.6431634111481399,0.0473596968979306,1.5380918048546022,1.3350078126101863,0.0,1.275426989325852,1.1324851393026862,0.1420118342858987,0.0,-0.022958579881656727,0
2025-07-17 15:00:00+00:00,4.185,4.185,4.157,4.157,9.32,-0.0162256005386367,-1.609467455621294,-2.600749765698218,0.8491023774866546,0.0287623620420286,0.6690561527672407,1.3027499744556326,1.1667722307035298,0.6735626652216491,0.0,0.007697859032956389,0
2025-07-17 16:00:00+00:00,4.153,4.153,4.119,4.119,84.94,-0.0091832448165567,-0.9141207601635836,-3.400562851782374,-1.3885563801771528,0.2801959458335772,0.818685287546664,1.3025140822278378,1.1486469066369498,0.825443068505593,0.0,0.02549162418062645,0
2025-07-17 17:00:00+00:00,4.135,4.135,4.135,4.135,36.28,0.0038769130217108,0.3884437970381071,-1.6412940057088488,-1.5007146260124005,0.1258516871857363,0.0,1.2777540169978754,1.1464685263893195,0.0,0.0,0.03264812575574361,0
2025-07-17 18:00:00+00:00,4.196,4.207,4.16,4.19,557.58,0.0132134054583918,1.330108827085863,-1.7584994138335142,-0.0477099236641187,1.8958964971968693,0.4040884239590819,1.2462604175089838,1.1804867868215363,1.1217183768205852,0.2625298328729074,0.03699284009546533,0
2025-07-17 19:00:00+00:00,4.204,4.204,4.144,4.144,548.78,-0.0110392289768644,-1.0978520286396232,-1.286326822296335,-0.0723414516518028,1.7764182244823934,1.4272121785377614,1.15953128019909,1.1814749947410426,1.4478764475270474,0.0,0.06780888030888033,0
2025-07-17 20:00:00+00:00,4.118,4.153,4.074,4.128,962.75,-0.0038684767779203,-0.3861003861003853,-2.2958579881656727,-1.6908787806620529,2.9252766896909868,0.6019744761372435,1.0808761987771158,1.1530901387189094,1.9137596894588695,0.6056201548920365,0.06346899224806202,0
2025-07-17 21:00:00+00:00,4.178,4.224,4.154,4.189,334.84,0.0146690137856361,1.4777131782945707,0.7697859032956389,-1.1328770356384243,1.3171506448711283,0.8285984846523237,1.1101040478617892,1.1793225871516255,1.6710432080040547,0.8355216040020274,0.05538314633564112,0
2025-07-17 22:00:00+00:00,4.225,4.287,4.204,4.224,1224.5,0.0083205044390625,0.8355216042014835,2.549162418062645,0.980157781496538,4.106849640490148,1.4695591319175212,1.0052452014378432,1.1618937463438703,1.9649621207469357,1.4678030299555456,0.06534090909090895,0
2025-07-17 23:00:00+00:00,4.27,4.3,4.27,4.27,322.61,0.0108312808365727,1.089015151515138,3.2648125755743607,2.006688963210701,1.0510309215341411,0.6976744184424071,1.0403196846183471,1.181250677099091,0.7025761122476462,0.7025761122476462,0.07939110070257627,0
2025-07-18 00:00:00+00:00,4.259,4.345,4.236,4.345,2498.21,0.0174119314768223,1.756440281030458,3.699284009546533,3.8976566236250454,6.616788889055293,0.0,1.1151811930009636,1.2277771637185853,2.508630609319072,0.0,0.04741081703107031,0
2025-07-18 01:00:00+00:00,4.347,4.425,4.28,4.425,1925.78,0.0182445197425374,1.8411967779056404,6.780888030888033,8.137829912023475,4.337313850218316,0.0,0.8189161719493064,1.1670348843395584,3.276836157451553,0.0,0.013559322033898313,0
2025-07-18 02:00:00+00:00,4.417,4.417,4.375,4.39,102.68,-0.0079410513728129,-0.7909604519774072,6.346899224806202,7.334963325183375,0.2307426532890567,0.6112746206449489,0.9692350214634616,1.187182500129646,0.956719817549718,0.0,0.010706150341685872,0
2025-07-18 03:00:00+00:00,4.417,4.429,4.417,4.421,24.26,0.0070366877570263,0.7061503416856629,5.538314633564112,7.802974884174607,0.0545726017869087,0.1806276811513598,0.9496202574395632,1.1900810157964103,0.2714318026981709,0.1809545351321072,-0.00429767021035965,0
2025-07-18 04:00:00+00:00,4.402,4.501,4.402,4.5,1096.1,0.0177114819321679,1.7869260348337468,6.534090909090895,9.91695163654127,2.236366372207991,0.0222172850428385,1.011849810400292,1.2213579837656807,2.1999999995111157,0.0222222222172913,-0.01577777777777767,0
2025-07-18 05:00:00+00:00,4.5,4.609,4.498,4.609,870.93,0.023933516962097,2.4222222222222145,7.939110070257627,12.57938446507083,1.6544577542682877,0.0,1.1509739227284044,1.2838978188915025,2.4083315247540997,0.0,-0.048817530917769525,0
2025-07-18 06:00:00+00:00,4.573,4.615,4.494,4.551,430.02,-0.0126639247038662,-1.2584074636580511,4.741081703107031,7.971530249110326,0.7944190042036767,1.3867822315521612,1.5064615435489894,1.223531555463498,2.6587563167086983,0.922874093403012,-0.02834541858932116,0
2025-07-18 07:00:00+00:00,4.561,4.568,4.485,4.485,167.9,-0.0146084935237453,-1.4502307185233931,1.3559322033898311,6.4056939501779375,0.3062208519858569,1.8169877404078243,1.6386799716566578,1.2753607004116014,1.8506131545483424,0.1560758082149144,-0.007357859531772704,0
2025-07-18 08:00:00+00:00,4.583,4.586,4.425,4.437,848.61,-0.010760023113987,-1.070234113712376,1.0706150341685872,5.067487568079576,1.4565807259048835,3.2490187520172222,1.6773102869809675,1.304181554273558,3.6285778671109914,0.0676132521821947,-0.02546765832769904,0
2025-07-18 09:00:00+00:00,4.429,4.44,4.402,4.402,560.46,-0.0079194892925025,-0.7888212756366975,-0.429767021035965,3.139643861293351,0.93760168183518,0.8558558556631011,1.6945192216354474,1.306241040512152,0.86324397981299,0.2498864152090244,-0.024761472058155376,0
2025-07-18 10:00:00+00:00,4.401,4.429,4.385,4.429,126.54,0.0061148418367912,0.6133575647432998,-1.5777777777777668,3.869606003752346,0.2098819269028333,0.0,1.4968834771064192,1.30894623047431,0.9934522463324892,0.0,-0.020546398735606264,0
2025-07-18 11:00:00+00:00,4.44,4.441,4.384,4.384,130.11,-0.0102122752953467,-1.016030706705806,-4.881753091776952,4.281636536631783,0.2163936198444534,1.2834947081099877,0.7436014116758255,1.2905965337576824,1.3001824814552387,0.0228102189728864,-0.008439781021897796,0
2025-07-18 12:00:00+00:00,4.412,4.422,4.412,4.422,11.43,0.0086305327895399,0.8667883211678662,-2.834541858932116,3.681125439624844,0.0194000633655866,0.0,0.9698092621478586,1.2712060654771795,0.2261420171356483,0.0,-0.028493894165535827,0
2025-07-18 13:00:00+00:00,4.436,4.488,4.436,4.452,605.41,0.0067613509780439,0.6784260515603879,-0.7357859531772704,6.050500238208656,1.0425266589827595,0.8021390372544358,0.9287522508328931,1.2198324455596798,1.1680143752991992,0.8086253367456026,-0.04088050314465419,0
2025-07-18 14:00:00+00:00,4.458,4.472,4.324,4.324,573.87,-0.0291725336363366,-2.875112309074579,-2.546765832769904,2.343195266272202,0.9800034296488648,3.3094812157179283,1.4592598977436448,1.3758403190516482,3.422756705961448,0.3237742829963573,-0.02451433857539309,0
2025-07-18 15:00:00+00:00,4.353,4.387,4.257,4.293,542.69,-0.0071951105345382,-0.7169287696577209,-2.4761472058155376,3.271590089006504,0.8928710492962754,2.142694323651071,1.455961982084928,1.3386277301032754,3.028185417417145,0.7919869553244802,-0.00931749359422318,0
2025-07-18 16:00:00+00:00,4.309,4.357,4.309,4.338,91.7,0.0104276231622591,1.048218029350112,-2.0546398735606264,5.316824471959225,0.1508012860041757,0.4360798713711115,1.52591070144289,1.331425346692388,1.1065006913078614,0.4379898569760311,-0.0338865836791149,0
2025-07-18 17:00:00+00:00,4.36,4.36,4.279,4.347,96.38,0.0020725396019723,0.207468879668049,-0.8439781021897796,5.126964933494582,0.15784754342433,0.2981651375462901,1.4993774821391663,1.3309221357060408,1.863354036838437,0.0,-0.040257648953301306,0
2025-07-18 18:00:00+00:00,4.32,4.32,4.296,4.296,86.41,-0.0118015948000915,-1.1732229123533555,-2.8493894165535827,2.5298329355608606,0.146220431968515,0.5555555554269551,1.4570892149356116,1.3379007745482836,0.5586592177470537,0.0,-0.028864059590316682,0
2025-07-18 19:00:00+00:00,4.271,4.3,4.228,4.27,169.71,-0.0060705299660305,-0.6052141527002064,-4.088050314465419,3.040540540540526,0.2950644383103991,0.6976744184424071,1.3428330247907525,1.3221464640854506,1.6861826693943385,0.6791569085060503,-0.01779859484777513,0
2025-07-18 20:00:00+00:00,4.227,4.246,4.148,4.218,1557.11,-0.0122527451839502,-1.2177985948477632,-2.451433857539309,2.1802325581395277,2.595496955877842,0.6594441826049463,0.8813495795026524,1.3470946094430496,2.3233760070357277,0.450450450343661,0.002844950213371389,0
2025-07-18 21:00:00+00:00,4.224,4.259,4.224,4.253,90.11,0.0082635342149136,0.8297771455666236,-0.931749359422318,1.5278109333970002,0.15279863044741,0.1408781403754742,0.9929453373425086,1.3247864786526804,0.8229485067427852,0.1410768868701965,0.005172819186456623,0
2025-07-18 22:00:00+00:00,4.227,4.227,4.17,4.191,264.75,-0.0146852473285621,-1.457794498001419,-3.38865836791149,-0.7812500000000111,0.4815905676757109,0.8516678493372083,0.9126007161516524,1.3497307401929872,1.3600572652445673,0.0,0.02982581722739197,0
2025-07-18 23:00:00+00:00,4.172,4.172,4.172,4.172,28.68,-0.0045438318044084,-0.4533524218563567,-4.025764895330131,-2.2950819672131084,0.0533587599854819,0.0,0.8359951360143848,1.3308233685131825,0.0,0.0,0.030201342281879207,0
2025-07-19 00:00:00+00:00,4.233,4.233,4.172,4.172,41.93,0.0,0.0,-2.886405959031668,-3.981588032220939,0.0963578546414384,1.4410583507108283,0.834982031028798,1.272452554361703,1.4621284752008308,0.0,0.03211888782358585,0
2025-07-19 01:00:00+00:00,4.163,4.194,4.138,4.194,315.21,0.0052593953412022,0.5273250239693272,-1.7798594847775129,-5.220338983050842,0.8564519415803739,0.0,0.9258793096458202,1.2100699096572984,1.3352408199009929,0.0,0.026704816404387266,0
2025-07-19 02:00:00+00:00,4.194,4.23,4.194,4.23,66.9,0.0085470605784585,0.8583690987124637,0.2844950213371389,-3.6446469248291424,0.1825122027180881,0.0,0.8988406409991785,1.2229955476059229,0.8510638295860481,0.0,0.017966903073285856,0
2025-07-19 03:00:00+00:00,4.243,4.285,4.223,4.275,1118.32,0.010582109330537,1.0638297872340496,0.5172819186456623,-3.302420266907935,2.713468833147466,0.2333722286503165,0.9429323434610696,1.2358878647093698,1.450292397321575,0.233918128600248,-0.0014035087719298511,0
2025-07-19 04:00:00+00:00,4.308,4.326,4.3,4.316,103.0,0.0095449450071644,0.9590643274853594,2.982581722739197,-4.0888888888888975,0.2778096194944732,0.2311604252817425,0.6008128457884678,1.1914258689244044,0.6024096384146364,0.2316960147748569,-0.0108897126969415,0
2025-07-19 05:00:00+00:00,4.309,4.309,4.272,4.298,41.14,-0.0041792491755694,-0.4170528266913775,3.0201342281879207,-6.747667606856145,0.1223738564939303,0.2552796471907014,0.5894301404086012,1.058866769697558,0.8608655186456785,0.0,-0.0067473243369008395,0
2025-07-19 06:00:00+00:00,4.269,4.306,4.269,4.306,51.12,0.0018596007218526,0.1861330851558928,3.211888782358585,-5.383432212700512,0.1595528442063349,0.0,0.562409149616806,1.0420723617419674,0.8592661400698387,0.0,-0.021830004644681877,0
2025-07-19 07:00:00+00:00,4.306,4.306,4.306,4.306,140.0,0.0,0.0,2.6704816404387266,-3.9910813823857305,0.438551266772233,0.0,0.6021691551404491,1.0092335746206245,0.0,0.0,-0.017649790989317182,0
2025-07-19 08:00:00+00:00,4.306,4.306,4.306,4.306,0.0,0.0,0.0,1.7966903073285856,-2.9524453459544797,0.0,0.0,0.5850822749037714,0.9909566865511994,0.0,0.0,-0.03111936832326989,0
2025-07-19 09:00:00+00:00,4.269,4.269,4.269,4.269,15.88,-0.0086297911663462,-0.859266140269388,-0.1403508771929851,-3.0213539300318004,0.0608002041986058,0.0,0.6102044604247778,0.9931392683174688,0.0,0.0,-0.008432888264230609,0
2025-07-19 10:00:00+00:00,4.269,4.269,4.269,4.269,0.0,0.0,0.0,-1.08897126969415,-3.6125536238428624,0.0,0.0,0.3883705174840007,0.9811187800523248,0.0,0.0,0.0009369875849143394,0
2025-07-19 11:00:00+00:00,4.269,4.269,4.269,4.269,0.0,0.0,0.0,-0.674732433690084,-2.6231751824817517,0.0,0.0,0.3749457666836975,0.9638336170776572,0.0,0.0,-0.008432888264230609,0
2025-07-19 12:00:00+00:00,4.231,4.231,4.212,4.212,71.34,-0.013442013504096,-1.3352073085031724,-2.1830004644681877,-4.7489823609226605,0.2819920746539219,0.4490664144530717,0.5898591849767041,0.9721447684023322,0.4510921176516905,0.0,0.017331433998100776,0
2025-07-19 13:00:00+00:00,4.246,4.246,4.223,4.23,151.08,0.0042643987864577,0.427350427350448,-1.7649790989317182,-4.986522911051205,0.6454881589624442,0.3768252472028205,0.6640715356689089,0.9636290081530204,0.5437352244577593,0.0,0.035933806146571934,0
2025-07-19 14:00:00+00:00,4.213,4.213,4.172,4.172,377.93,-0.0138064559196607,-1.3711583924350013,-3.111936832326989,-3.5152636447733587,1.6730617055699446,0.9731782575425726,0.7712219330394208,0.8158695191521017,0.9827420898890928,0.0,0.06591562799616502,0
2025-07-19 15:00:00+00:00,4.233,4.233,4.233,4.233,21.54,0.0145154244002606,1.4621284755512942,-0.8432888264230609,-1.3976240391334829,0.1054968736219996,0.0,1.0846525709068724,0.868534699232844,0.0,0.0,0.024332624616111742,0
2025-07-19 16:00:00+00:00,4.217,4.273,4.217,4.273,130.57,0.0094051951231012,0.9449562957713152,0.0936987584914339,-1.4983863531581432,0.6344624841286731,0.0,1.1734565204015046,0.8631314097964132,1.3105546451414585,0.0,0.018956236835946827,0
2025-07-19 17:00:00+00:00,4.26,4.26,4.233,4.233,5.11,-0.0094051951231012,-0.9361104610344008,-0.8432888264230609,-2.6224982746722025,0.0252978646158686,0.6338028167526316,1.2370537501617769,0.8791605170960739,0.6378454994949606,0.0,0.042523033309709524,0
2025-07-19 18:00:00+00:00,4.279,4.285,4.279,4.285,11.54,0.0122095905109565,1.2284431845027255,1.7331433998100776,-0.2560521415270078,0.0580267632100363,0.0,1.180068940621786,0.8887392708585844,0.1400233371901982,0.0,0.029171528588098017,0
2025-07-19 19:00:00+00:00,4.293,4.397,4.293,4.382,258.34,0.0223846891235315,2.263710618436398,3.5933806146571934,2.622950819672143,1.2753332236237838,0.341141687436642,1.428747480052545,0.9897819686534866,2.3733455037943094,0.3423094476626534,0.006617982656321297,0
2025-07-19 20:00:00+00:00,4.364,4.449,4.364,4.447,852.46,0.0147244703552847,1.483340940209965,6.591562799616502,5.429113323850165,4.921646880496966,0.0449539222196053,1.072788641156076,0.984971237607379,1.9114009440271185,0.0449741398594566,-0.00809534517652366,0
2025-07-19 21:00:00+00:00,4.421,4.421,4.314,4.336,143.26,-0.0252774473912142,-2.496064762761407,2.433262461611174,1.9515636021631757,0.816664687294933,1.9226419357786368,1.7812874371998273,1.1234550316695042,2.467712176552654,0.0,0.01868081180811787,0
2025-07-19 22:00:00+00:00,4.361,4.401,4.353,4.354,73.5,0.0041426986750106,0.4151291512915156,1.8956236835946827,3.8892865664519327,0.4389315351380281,1.0679391045062558,1.7622448764787069,1.075287174629142,1.102434542695813,0.9186954522465108,0.00711988975654565,0
2025-07-19 23:00:00+00:00,4.364,4.413,4.364,4.413,259.28,0.0134597674750545,1.355075792374838,4.252303330970952,5.7766059443912,1.4643589170280509,0.0,1.6823799580701075,1.093285130593347,1.1103557668002906,0.0,-0.012689780194878764,0
2025-07-20 00:00:00+00:00,4.41,4.41,4.41,4.41,0.45,-0.0006800408286555,-0.0679809653297058,2.9171528588098017,5.704697986577201,0.0025665582216456,0.0,1.683937860878567,1.0940058418268743,0.0,0.0,-0.0013605442176871652,0
2025-07-20 01:00:00+00:00,4.414,4.414,4.411,4.411,23.26,0.0002267316640479,0.0226757369614416,0.6617982656321297,5.174058178350016,0.1425528980946415,0.067965564098787,1.4473071070845782,1.092932706393431,0.0680117886946269,0.0,0.006347766946270816,0
2025-07-20 02:00:00+00:00,4.411,4.411,4.411,4.411,0.0,0.0,0.0,-0.8095345176523661,4.278959810874694,0.0,0.0,1.2859074497797105,1.084914152036829,0.0,0.0,0.012242121967807718,0
2025-07-20 03:00:00+00:00,4.417,4.417,4.417,4.417,5.53,0.0013593114915867,0.1360235774200857,1.868081180811787,3.32163742690057,0.0485029217962876,0.0,0.5359010774526636,1.0684637629235616,0.0,0.0,0.0153950645234322,0
2025-07-20 04:00:00+00:00,4.392,4.392,4.385,4.385,1.59,-0.007271106790243,-0.7244736246321049,0.711988975654565,1.598702502316951,0.0144824131281603,0.1593806921313013,0.6752879154895722,1.0676030847044788,0.1596351196899477,0.0,0.023261117445838142,0
2025-07-20 05:00:00+00:00,4.357,4.357,4.357,4.357,45.74,-0.0064058786888411,-0.6385404789053473,-1.2689780194878764,1.37273150302466,0.4158937988687401,0.0,0.3717065091170503,1.072946197044688,0.0,0.0,0.019967867798944106,0
2025-07-20 06:00:00+00:00,4.416,4.416,4.404,4.404,51.43,0.0107294717251283,1.0787238925866305,-0.1360544217687165,2.275894101254061,0.467575563573706,0.2717391303732577,0.6490239448770623,1.0926829509251392,0.2724795639708369,0.0,0.009082652134423164,0
2025-07-20 07:00:00+00:00,4.425,4.439,4.422,4.439,84.19,0.0079159069914646,0.7947320617620379,0.6347766946270816,3.088713423130507,0.7819444121876884,0.0,0.7305639501150358,1.1016400245702191,0.3829691371067956,0.0,0.01306600585717499,0
2025-07-20 08:00:00+00:00,4.442,4.465,4.426,4.465,618.25,0.005840088476564,0.5857175039423179,1.2242121967807718,3.6925220622387345,4.633588048443379,0.0,0.7522844124732245,1.1051629317016591,0.8734602461649519,0.0,0.01164613661814129,0
2025-07-20 09:00:00+00:00,4.466,4.485,4.439,4.485,118.59,0.0044692811822972,0.4479283314669846,1.53950645234322,5.059732958538299,0.8611731387116802,0.0,0.7574521202602414,1.085067957966824,1.025641025412349,0.0,0.012486064659977814,0
2025-07-20 10:00:00+00:00,4.487,4.487,4.487,4.487,4.45,0.0004458314830867,0.0445930880713429,2.326111744583814,5.106582337784027,0.0322714183406886,0.0,0.6082306391578948,1.0847386702844872,0.0,0.0,0.018943614887452664,0
2025-07-20 11:00:00+00:00,4.458,4.501,4.444,4.444,165.31,-0.0096294552164627,-0.9583240472476052,1.9967867798944103,4.09932068400094,1.1417947817599572,1.2663852474413804,0.7206106668284282,1.1102569608591208,1.282628262537671,0.96759675945824,0.013051305130513002,0
2025-07-20 12:00:00+00:00,4.444,4.444,4.444,4.444,0.0,0.0,0.0,0.9082652134423164,5.508072174738854,0.0,0.0,0.6261670971289726,1.0636121340497988,0.0,0.0,0.008775877587758663,0
2025-07-20 13:00:00+00:00,4.497,4.54,4.492,4.497,760.64,0.0118556360111868,1.1926192619261975,1.306600585717499,6.312056737588634,4.549100913014534,0.9471365636680348,0.7203837036512756,1.081057092757419,1.0673782519307595,0.9561930173546414,0.016010673782521634,0
2025-07-20 14:00:00+00:00,4.49,4.517,4.483,4.517,308.94,0.0044375488838968,0.4447409384033873,1.164613661814129,8.269415148609793,1.8799737320402727,0.0,0.7082410061823798,1.023659667518281,0.7527119768092445,0.0,0.005756032765109609,0
2025-07-20 15:00:00+00:00,4.497,4.541,4.497,4.541,118.96,0.0052991954433469,0.5313261013947246,1.2486064659977814,7.276163477439179,0.7064500085324709,0.0,0.7149709333067646,0.9967311403653194,0.9689495703658,0.0,-0.0022021581149528346,0
2025-07-20 16:00:00+00:00,4.546,4.572,4.489,4.572,1914.0,0.00680349381675,0.6826690156353177,1.8943614887452664,6.997425696232162,7.886252279007885,0.0,0.7330033291284397,0.9907755943776346,1.8153980748435303,0.0,-0.01640419947506566,0
2025-07-20 17:00:00+00:00,4.513,4.574,4.502,4.502,130.47,-0.0154290034480237,-1.531058617672798,1.3051305130513002,6.354831089062141,0.5262496260596097,1.5741145602155429,0.9430247121518232,1.0299428958758243,1.5992892044426297,1.3549533537638918,-0.012661039537983032,0
2025-07-20 18:00:00+00:00,4.507,4.507,4.48,4.483,292.23,-0.0042292773112381,-0.4220346512661121,0.8775877587758663,4.620770128354712,1.1256084623773217,0.532504992116152,0.9775823478055322,1.017617260063585,0.6022752619669083,0.0,-0.01293776488958287,0
2025-07-20 19:00:00+00:00,4.549,4.569,4.549,4.569,65.91,0.0190018974078321,1.918358242248508,1.6010673782521634,4.267457781834794,0.2619616987158458,0.0,1.1567405982201655,0.9899512873595524,0.4377325453189373,0.0,-0.025607353906762942,0
2025-07-20 20:00:00+00:00,4.567,4.567,4.479,4.543,676.69,-0.0057067758038681,-0.5690523090391753,0.5756032765109609,2.158758713739606,2.770164447245625,0.5255090868128953,1.1987151137546477,0.9608697578641756,1.9370460044162363,0.0,-0.0070438036539731685,0
2025-07-20 21:00:00+00:00,4.492,4.565,4.476,4.531,134.82,-0.0026449210922651,-0.2641426370240007,-0.2202158114952834,4.497232472324719,0.5527080418751456,0.7447973711402567,1.184950151940233,0.7884889218015435,1.9642463028108132,0.7503862280400979,0.0028691238137277253,0
2025-07-20 22:00:00+00:00,4.473,4.497,4.395,4.497,247.15,-0.0075321578964307,-0.7503862282056906,-1.6404199475065662,3.2843362425355904,0.9840275519712368,0.0,1.1556061263818342,0.8093568706518379,2.268178785352869,0.0,0.010229041583277754,0
2025-07-20 23:00:00+00:00,4.445,4.445,4.445,4.445,136.56,-0.0116306388227023,-1.156326439848776,-1.2661039537983032,0.7251302968502182,0.5550129039664764,0.0,1.0802478677349918,0.8081320999948514,0.0,0.0,0.01777277840269953,0
2025-07-21 00:00:00+00:00,4.426,4.505,4.39,4.425,167.72,-0.0045095905059751,-0.4499437570303799,-1.293776488958287,0.340136054421758,0.662877958244737,1.775804661093053,1.0814006474540787,0.8139134854793528,2.5988700559098645,1.7853107340598109,0.030282485875706255,0
2025-07-21 01:00:00+00:00,4.46,4.46,4.434,4.452,122.12,0.0060831549534056,0.6101694915254363,-2.560735390676294,0.9294944457039378,0.4749217748620792,0.1793721972691992,0.5945652855060627,0.8229094729127352,0.5840071876495896,0.0,0.027628032345013542,0
2025-07-21 02:00:00+00:00,4.434,4.511,4.434,4.511,148.4,0.0131654250129605,1.3252470799640648,-0.7043803653973169,2.26705962366811,0.5635719473560368,0.0,0.9179788080260332,0.863126229793115,1.706938594168268,0.0,0.021946353358457182,0
2025-07-21 03:00:00+00:00,4.52,4.544,4.517,4.544,130.03,0.0072888229925911,0.7315451119485505,0.2869123813727725,2.8752546977586446,0.4842687754377781,0.0,0.9740981948273864,0.872828250473704,0.5941901407142902,0.0,0.00044014084507049134,0
2025-07-21 04:00:00+00:00,4.519,4.549,4.518,4.543,240.57,-0.0002200946415839,-0.0220070422535134,1.0229041583277754,3.603192702394531,0.8639133824187119,0.1318971202172182,0.8964982789271267,0.8548223177304437,0.6823684788284591,0.13207131848293,0.00726392251815966,0
2025-07-21 05:00:00+00:00,4.524,4.524,4.524,4.524,10.84,-0.0041910285233922,-0.4182258419546558,1.777277840269953,3.8329125545099703,0.0391319847116709,0.0,0.7066612700080883,0.8471051360573081,0.0,0.0,0.019672855879752538,0
2025-07-21 06:00:00+00:00,4.551,4.559,4.551,4.559,21.33,0.0077067429774303,0.7736516357206069,3.0282485875706255,3.5195277020890092,0.0773506875764967,0.0,0.6198908049300473,0.8350517871015196,0.1754770782681561,0.0,0.004825619653432867,0
2025-07-21 07:00:00+00:00,4.579,4.596,4.575,4.575,140.28,0.0035033974961803,0.3509541566133034,2.7628032345013542,3.063753097544497,0.504433450298294,0.4569190599528006,0.6195903825590989,0.8249733750251266,0.4590163933422895,0.3715846993723388,0.011584699453552005,0
2025-07-21 08:00:00+00:00,4.605,4.61,4.55,4.61,183.66,0.0076211582810725,0.7650273224043769,2.1946353358457182,3.2474804031355164,0.7064219742363046,0.0,0.4938482911306662,0.8300604153657153,1.3015184378955598,0.0,0.012147505422993587,0
2025-07-21 09:00:00+00:00,4.572,4.596,4.527,4.546,82.41,-0.0139801315782056,-1.388286334056399,0.0440140845070491,1.3600891861761388,0.3188269828745346,1.0879025236971451,0.8279791089618791,0.8834523666344798,1.5178178615226965,0.527936647486156,0.008139023317201843,0
2025-07-21 10:00:00+00:00,4.54,4.576,4.533,4.576,258.96,0.0065775286471452,0.6599208095028564,0.726392251815966,1.9835079117450416,0.9623784453355372,0.0,0.868667691377957,0.891924705349701,0.939685314479948,0.0,-0.006118881118881037,0
2025-07-21 11:00:00+00:00,4.586,4.613,4.586,4.613,45.41,0.0080531504981869,0.80856643356646,1.9672855879752535,3.802880288028821,0.1719505845593904,0.0,0.8602951515128028,0.874736006316609,0.5853024061163474,0.0,-0.018209408194233778,0
2025-07-21 12:00:00+00:00,4.6,4.6,4.581,4.581,565.35,-0.0069610896710784,-0.6936917407327159,0.4825619653432866,3.0828082808280977,1.9654520565735711,0.413043478171061,0.9148894549144412,0.8914969973097869,0.4147566032711564,0.0,-0.02182929491377439,0
2025-07-21 13:00:00+00:00,4.619,4.635,4.567,4.628,708.16,0.010207494426825,1.0259768609473865,1.1584699453552003,2.913053146542155,2.4807932307308964,0.1510248111863953,0.992151011800028,0.8835840183422603,1.4693171993367855,0.1512532411081923,-0.041918755401901486,0
2025-07-21 14:00:00+00:00,4.575,4.666,4.575,4.666,370.63,0.0081773642678081,0.8210890233362189,1.2147505422993587,3.2986495461589493,1.2867868519454324,0.0,0.9987812637309148,0.8927981144876846,1.950278610812203,0.0,-0.04972138876982435,0
2025-07-21 15:00:00+00:00,4.657,4.657,4.583,4.583,80.66,-0.0179483680722512,-1.778825546506646,0.8139023317201843,0.9249064082801128,0.2816029419456124,1.5890057973826452,1.1303350019672755,0.9708177811239008,1.6146628842211044,0.0,-0.024874536329914876,0
2025-07-21 16:00:00+00:00,4.578,4.578,4.464,4.548,459.79,-0.0076662296386974,-0.7636919048658153,-0.6118881118881037,-0.5249343832021025,2.035914135208644,0.6553079946143986,1.1480493969644403,0.9741398686314598,2.5065963055174563,0.0,-0.008795074758135457,0
2025-07-21 17:00:00+00:00,4.579,4.579,4.527,4.529,426.6,-0.0041864113142128,-0.4177660510114367,-1.8209408194233776,0.5997334517992003,1.79109490786963,1.091941471698633,1.0598800620134303,0.923537123529962,1.1481563256462362,0.0,-0.012364760432766575,0
2025-07-21 18:00:00+00:00,4.555,4.556,4.481,4.481,168.2,-0.0106549287700708,-1.0598366085228572,-2.182929491377439,-0.0446129823778673,0.72185614019092,1.6461808600425454,1.0971253470002815,0.9461225297869622,1.67373354124666,0.0223164472166295,0.004016960499888311,0
2025-07-21 19:00:00+00:00,4.489,4.489,4.434,4.434,47.01,-0.0105441246098861,-1.048873019415297,-4.191875540190148,-2.9546946815495634,0.2024348013304638,1.225217197321175,0.8767962260198622,0.8776138993508233,1.2404149749119433,0.0,0.020748759585024645,0
2025-07-21 20:00:00+00:00,4.463,4.463,4.434,4.434,997.35,0.0,0.0,-4.972138876982434,-2.3992956196346005,4.061140038768601,0.6497871385503482,0.6158669385808083,0.8727301374859725,0.6540369867717533,0.0,-0.0024808299503834563,0
2025-07-21 21:00:00+00:00,4.473,4.479,4.469,4.469,56.06,0.0078625587571948,0.7893549842129088,-2.4874536329914876,-1.3683513573162551,0.2313640858079096,0.2232641214058304,0.7170415038910618,0.8903594798729317,0.2237637054768885,0.134258223286141,-0.00559409263817412,0
2025-07-21 22:00:00+00:00,4.505,4.508,4.505,4.508,8.07,0.0086889262262152,0.8726784515551422,-0.8795074758135457,0.244607516121853,0.034733517808669,0.0,0.8562042359497273,0.8967882461604756,0.0665483584590645,0.0,-0.043034605146406335,0
2025-07-21 23:00:00+00:00,4.491,4.492,4.473,4.473,28.18,-0.0077942717268187,-0.776397515527949,-1.2364760432766575,0.6299212598425141,0.1236916560433065,0.4229741762192873,0.8910377255776541,0.8781927316657815,0.4247708472110981,0.0223563603795387,-0.017214397496087663,0
2025-07-22 00:00:00+00:00,4.5,4.5,4.499,4.499,12.37,0.0057958254083241,0.5812653699977632,0.4016960499888311,1.6723163841807942,0.0558839252770212,0.0222222222172913,0.8248145628712612,0.8790432321389634,0.0222271615865317,0.0,-0.022893976439208652,0
2025-07-22 01:00:00+00:00,4.426,4.526,4.373,4.526,664.69,0.0059833973523104,0.6001333629695571,2.0748759585024645,1.6621743036837389,2.7245999579735307,0.0,0.6279645047042876,0.8787794985877126,3.380468404025517,0.0,-0.021652673442333126,0
2025-07-22 02:00:00+00:00,4.425,4.426,4.423,4.423,73.63,-0.0230203483251558,-2.275740167918683,-0.2480829950383456,-1.950786965196194,0.3057174096564609,0.0677812923479959,1.2620370125991631,0.9618692510200382,0.067827266545825,0.022609088848615,-0.027809179290074648,0
2025-07-22 03:00:00+00:00,4.442,4.444,4.381,4.444,242.26,0.0047366728911938,0.4747908659280986,-0.559409263817412,-2.2007042253521014,0.9867237338461315,0.0,1.2270030817020368,0.9538914494310172,1.41764176385741,0.0,-0.03757875787578757,0
2025-07-22 04:00:00+00:00,4.393,4.393,4.314,4.314,299.88,-0.0296893238104188,-2.925292529252921,-4.3034605146406335,-5.04072198987453,1.2092382446883072,1.7983155015255312,1.5757413275268135,1.1196593808613111,1.8312471020326209,0.0,0.018776077885952702,0
2025-07-22 05:00:00+00:00,4.312,4.417,4.312,4.396,71.93,0.0188294885744102,1.900788131664344,-1.7214397496087663,-2.8293545534924913,0.2871041615722789,0.4754358160571779,1.9013246166763784,1.197368790704096,2.3885350313037805,0.4777070062607561,0.0036396724294813776,0
2025-07-22 06:00:00+00:00,4.396,4.396,4.396,4.396,0.0,0.0,0.0,-2.289397643920865,-3.575345470497926,0.0,0.0,1.8626758518027704,1.182699579258495,0.0,0.0,0.004777070063694211,0
2025-07-22 07:00:00+00:00,4.428,4.428,4.428,4.428,1.81,0.0072529783050155,0.7279344858962755,-2.165267344233313,-3.2131147540983673,0.0074217461947015,0.0,1.8767620459040248,1.1920593220278366,0.0,0.0,-0.013098464317976455,0
2025-07-22 08:00:00+00:00,4.339,4.339,4.3,4.3,55.39,-0.0293329921468737,-2.890695573622404,-2.780917929007465,-6.724511930585697,0.2322107322516814,0.898824613759215,2.019357285433867,1.3043708538779553,0.9069767439751356,0.0,0.034651162790697576,0
2025-07-22 09:00:00+00:00,4.292,4.308,4.277,4.277,118.72,-0.005363193454745,-0.5348837209302237,-3.757875787578757,-5.91728992520898,0.4945713586423673,0.7195914575859744,1.9663565514418673,1.2842516093141183,0.7248071076163578,0.3740939910278015,0.04839841010053769,0
2025-07-22 10:00:00+00:00,4.304,4.395,4.304,4.395,94.32,0.0272157018923686,2.7589431844750933,1.8776077885952704,-3.955419580419583,0.4044835405157699,0.0,1.9896561209275063,1.410824919835984,2.0705346980499195,0.0,0.010693970420933008,0
2025-07-22 11:00:00+00:00,4.406,4.412,4.406,4.412,39.42,0.0038605702541157,0.3868031854380005,0.3639672429481377,-4.357251246477356,0.1692305490755602,0.0,1.8412998336837705,1.4008072378059742,0.1359927470226722,0.0,-0.002266545784224805,0
2025-07-22 12:00:00+00:00,4.413,4.417,4.413,4.417,11.54,0.0011326312231332,0.1133272892112291,0.4777070063694211,-3.580004365858991,0.0549887127802059,0.0,1.841135487920469,1.3977224991064263,0.0905592030585005,0.0,-0.0076975322617161,0
2025-07-22 13:00:00+00:00,4.423,4.444,4.37,4.37,972.25,-0.0106977235068905,-1.0640706361783936,-1.3098464317976457,-5.574762316335347,4.402010277751556,1.6651665162769618,1.8609335203052697,1.3865616839681427,1.6933638440060916,0.4805491989747006,-0.0018306636155606126,0
2025-07-22 14:00:00+00:00,4.361,4.449,4.259,4.449,1408.84,0.0179163427164058,1.8077803203661256,3.4651162790697576,-4.6506643806258126,5.334014832042424,0.0,1.4336563985007238,1.4323286661870769,4.270622610862964,0.0,-0.0044953922229713505,0
2025-07-22 15:00:00+00:00,4.45,4.491,4.45,4.484,88.4,0.0078361533860086,0.7866936390199974,4.839841010053769,-2.1601571023347144,0.3342834318870685,0.1558672901011133,1.327715355410579,1.4037972927238134,0.9143621764240824,0.1561106154870331,0.0,0
2025-07-22 16:00:00+00:00,4.442,4.442,4.442,4.442,2.54,-0.0094107797376776,-0.9366636931311234,1.0693970420933008,-2.3306948109058867,0.0103506942911152,0.0,1.0795677270795745,1.4078935519797608,0.0,0.0,0.00900495272399815,0
2025-07-22 17:00:00+00:00,4.384,4.402,4.38,4.402,70.1,-0.0090457423679658,-0.9004952723998261,-0.2266545784224805,-2.804151026716706,0.304068708248876,0.0,1.1555560207653888,1.4161711361740013,0.4997728304180489,0.0,0.026578827805542993,0
2025-07-22 18:00:00+00:00,4.393,4.4,4.383,4.383,370.67,-0.0043255616675978,-0.4316219900045492,-0.76975322617161,-2.1870118277170225,1.5510746360713616,0.3863636362758343,1.1627456719133855,1.4036070154162632,0.3878621947552298,0.1597079625462806,0.022587268993839782,0
2025-07-22 19:00:00+00:00,4.444,4.451,4.362,4.362,624.08,-0.0048027536572347,-0.4791238877481119,-0.1830663615560612,-1.6238159675236783,2.372739801971176,1.999550662323164,1.0899598284230332,1.3913323818279004,2.0403484635395697,0.1604768454469258,0.029573590096285907,0
2025-07-22 20:00:00+00:00,4.364,4.429,4.358,4.429,236.62,0.0152431571616238,1.5359926639156418,-0.449539222297135,-0.1127649977446965,1.0228954009217686,0.0,1.0025377812518148,1.4288672623897487,1.6030706702183315,0.0,0.013547076089410526,0
2025-07-22 21:00:00+00:00,4.458,4.484,4.444,4.484,145.45,0.0123416802688523,1.2418153081959815,0.0,0.3356455582904427,0.6188088974581728,0.0,1.0925530365190677,1.4425075164154182,0.8920606599259463,0.0,-0.002676181980374559,0
2025-07-22 22:00:00+00:00,4.481,4.484,4.481,4.482,44.44,-0.0004461298311781,-0.0446030330062408,0.900495272399815,-0.5767524401064761,0.1878563389353276,0.0446030329962923,0.9950659951658308,1.4309740723369169,0.0669344042688703,0.0446229361792403,0.011155734047300303,0
2025-07-22 23:00:00+00:00,4.428,4.549,4.428,4.519,673.95,0.0082213550504074,0.825524319500226,2.6578827805542993,1.028392577688364,2.5579681495324595,0.6594856010860715,0.8712674154547705,1.4315622283658285,2.677583535588064,0.6638636865094404,-0.0026554547466254297,0
2025-07-23 00:00:00+00:00,4.528,4.543,4.479,4.482,133.22,-0.0082213550504073,-0.8187652135428158,2.258726899383978,-0.3778617470548862,0.4961523241991715,1.3427250712430705,0.959133572147575,1.4372854250441518,1.427933957735848,0.3346720213443517,-0.00825524319500226,0
2025-07-23 01:00:00+00:00,4.457,4.508,4.45,4.491,172.14,0.0020060187268655,0.2008032128513859,2.9573590096285907,-0.773309765797614,0.6941595537306502,0.3771073646013592,0.8746499117131422,1.43218057149112,1.2914718322664245,0.3785348473884435,-0.013805388554887443,0
2025-07-23 02:00:00+00:00,4.489,4.489,4.489,4.489,9.38,-0.0004454343058058,-0.0445335114673706,1.3547076089410526,1.492199864345456,0.0382379168894463,0.0,0.723522019999139,1.3483091889574137,0.0,0.0,-0.014257072844731544,0
2025-07-23 03:00:00+00:00,4.481,4.489,4.472,4.472,333.57,-0.0037942239469969,-0.3787034974381709,-0.2676181980374559,0.6300630063006407,1.3390425279189413,0.3787034973538076,0.5528149548171064,1.348221721331858,0.3801431126162349,0.1788908765252928,-0.023479427549195075,0
2025-07-23 04:00:00+00:00,4.538,4.538,4.532,4.532,335.14,0.0133276073129617,1.341681574239706,1.1155734047300303,5.0533147890588825,1.3374570995237542,0.1322168355812705,0.7885587432207322,1.211765813785871,0.1323918799354878,0.0,-0.043689320388349606,0
2025-07-23 05:00:00+00:00,4.506,4.507,4.506,4.507,319.74,-0.0055315994572487,-0.5516328331862441,-0.2655454746625429,2.525022747952677,1.225501578632516,0.0,0.7658389882022812,1.1663145278363105,0.0221877080048273,0.0,-0.03084091413356982,0
2025-07-23 06:00:00+00:00,4.462,4.483,4.445,4.445,64.16,-0.0138518747426431,-1.375637896605264,-0.825524319500226,1.1146496815286788,0.2434187126229126,0.8476466649904729,0.9025122144122132,1.2053018216375455,0.854893138165364,0.4724409447756016,-0.044319460067491545,0
2025-07-23 07:00:00+00:00,4.474,4.474,4.428,4.429,156.91,-0.0036060440248068,-0.3599550056243017,-1.3805388554887443,0.0225835591689316,0.5810593751858979,1.00581135426781,0.889367535027009,1.19906597183353,1.0386091666203243,0.0,-0.06796116504854377,0
2025-07-23 08:00:00+00:00,4.425,4.425,4.425,4.425,13.71,-0.0009035464811683,-0.090313840596079,-1.4257072844731544,2.9069767441860517,0.0510986425562325,0.0,0.887634482068315,1.024276367433156,0.0,0.0,-0.049265536723163805,0
2025-07-23 09:00:00+00:00,4.419,4.419,4.367,4.367,810.89,-0.0131940039564688,-1.3107344632768303,-2.3479427549195075,2.1042787000233876,2.7289370509255435,1.1767368180183806,0.9938958691434592,1.0579901159706768,1.1907487975290156,0.0,-0.029310739638195638,0
2025-07-23 10:00:00+00:00,4.359,4.359,4.334,4.334,124.66,-0.0075853713892567,-0.7556675062972418,-4.368932038834961,-1.3879408418657535,0.4177485611185387,0.5735260379505642,0.5202078283715764,0.9091950973193732,0.576834333046424,0.0,-0.04245500692201187,0
2025-07-23 11:00:00+00:00,4.372,4.372,4.368,4.368,234.61,0.0078143353284368,0.7844946931241603,-3.084091413356982,-0.9972801450589208,0.7653435295020163,0.0914913083047723,0.8183147288797028,0.9210994570835764,0.0915750915541164,0.0,-0.05654761904761907,0
2025-07-23 12:00:00+00:00,4.318,4.318,4.248,4.248,183.34,-0.0278569545029662,-2.7472527472527486,-4.431946006749154,-3.8261263300882864,0.5844429597753127,1.621120888925155,1.2165699321529204,1.0768054645626512,1.6478342745649963,0.0,-0.016478342749529307,0
2025-07-23 13:00:00+00:00,4.233,4.336,4.128,4.128,807.39,-0.0286552557603761,-2.824858757062154,-6.796116504854377,-5.537757437070933,2.6313812559749645,4.797047969373378,1.4594912381514609,1.198139578087528,5.038759688701855,2.495155038155259,0.0067829457364338985,0
2025-07-23 14:00:00+00:00,4.193,4.278,4.193,4.207,623.71,0.018956776429122,1.9137596899224671,-4.9265536723163805,-5.439424589795461,2.2753381305379055,1.6596540435578118,1.909863883056233,1.2059628700607845,2.0204421197954727,1.687663417711507,-0.04278583313525075,0
2025-07-23 15:00:00+00:00,4.199,4.277,4.18,4.239,1206.53,0.0075775877621162,0.7606370335155654,-2.931073963819564,-5.463871543264942,3.762103170724728,0.8884732286910338,1.9924934981713944,1.205026330278243,2.288275536143374,0.8964378389015305,-0.03373437131398915,0
2025-07-23 16:00:00+00:00,4.2,4.2,4.148,4.15,69.85,-0.021219058127893,-2.099551781080433,-4.245500692201187,-6.57361548851868,0.2159123986052524,1.1904761901927396,2.1031169835397865,1.2580849640208145,1.2530120478908522,0.0,-0.004819277108433884,0
2025-07-23 17:00:00+00:00,4.126,4.126,4.081,4.121,251.31,-0.0070124818859266,-0.6987951807228887,-5.654761904761907,-6.383462062698763,0.7591042443029524,0.1211827435479414,1.974139828398448,1.2543987430969654,1.0919679686745996,0.0,-0.005095850521718237,0
2025-07-23 18:00:00+00:00,4.178,4.178,4.178,4.178,3.39,0.0137368107776936,1.3831594273234549,-1.6478342749529309,-4.677161761350678,0.0107360728616915,0.0,1.9390786727149536,1.2979533377664385,0.0,0.0,0.0,0
2025-07-23 19:00:00+00:00,4.165,4.165,4.154,4.156,282.46,-0.0052795898973931,-0.5265677357587428,0.6782945736433899,-4.722604309949574,0.9367752954752752,0.2160864345219562,1.5001068032252884,1.2984380827032196,0.2646775745272701,0.0,0.00120307988450441,0
2025-07-23 20:00:00+00:00,4.085,4.092,4.027,4.027,222.41,-0.0315313913676637,-3.10394610202116,-4.2785833135250755,-9.076540979905168,0.7390714392500871,1.5884652977545175,1.702324525282048,1.3767967499760694,1.614104792248782,0.1738266699344774,0.02508070523963246,0
2025-07-23 21:00:00+00:00,4.053,4.12,4.008,4.096,439.61,0.0169892058678896,1.713434318351137,-3.3734371313989153,-8.652988403211415,1.4036602044518354,0.5825242717032714,1.8987304771469504,1.40373372753923,2.73437499933243,0.5859374998569493,0.013671875,0
2025-07-23 22:00:00+00:00,4.115,4.13,4.115,4.13,40.59,0.0082665192357347,0.830078125,-0.4819277108433883,-7.853636769299421,0.1296689459269324,0.0,1.7961383002747224,1.4238285646989786,0.3631961258200416,0.0,-0.015980629539951496,0
2025-07-23 23:00:00+00:00,4.13,4.136,4.1,4.1,325.36,-0.0072904332626793,-0.7263922518159882,-0.5095850521718237,-9.271962823633562,1.0899710779295928,0.8704061893446907,1.798094240035365,1.403809673518018,0.8780487802736584,0.1463414633789466,-0.034878048780487725,0
2025-07-24 00:00:00+00:00,4.09,4.178,4.09,4.178,124.52,0.0188456894241119,1.9024390243902456,0.0,-6.7826863007586,0.4176549673099087,0.0,1.8907044160256288,1.475758915294805,2.1062709425308133,0.0,-0.06653901388224026,0
2025-07-24 01:00:00+00:00,4.177,4.187,4.124,4.161,125.62,-0.0040772331335698,-0.4068932503590305,0.120307988450441,-7.3480293921175726,0.4241017547102939,0.6209696678717695,1.8846168901392024,1.4721383788542015,1.514059120039895,0.2403268444507908,-0.037010334054313865,0
2025-07-24 02:00:00+00:00,4.152,4.172,4.128,4.128,368.59,-0.0079624018215424,-0.7930785868781376,2.508070523963246,-8.041880151481395,1.184530943064482,1.0546500476858365,1.219042758163926,1.4740626215797432,1.065891472609997,0.4844961239136292,-0.023498062015503973,0
2025-07-24 03:00:00+00:00,4.194,4.197,4.152,4.152,104.74,0.0057971176843259,0.5813953488372103,1.3671875,-7.155635062611809,0.3472408705874739,1.0721944243335235,1.0578689001929615,1.4861631112438278,1.083815028640698,0.072254335242716,-0.04407514450867056,0
2025-07-24 04:00:00+00:00,4.116,4.186,4.064,4.064,232.35,-0.0214224355874067,-2.119460500963388,-1.5980629539951496,-10.326566637246248,0.7813969130283606,2.914476826824059,1.3693850433580967,1.488498383408952,3.0019685031983316,1.7224409444580675,-0.03617125984251979,0
2025-07-24 05:00:00+00:00,4.058,4.058,3.957,3.957,1225.64,-0.0266815478728935,-2.6328740157480324,-3.4878048780487725,-12.203239405369429,3.6575578033674496,2.4889107928809975,1.690896053728351,1.5557057435763852,2.5524387155540964,0.0,0.018701036138488725,0
2025-07-24 06:00:00+00:00,3.955,4.038,3.9,3.9,608.02,-0.0145096092676865,-1.4404852160727843,-6.6539013882240265,-12.260967379077623,1.6995251688415731,3.4175334315459382,1.1872579922125472,1.557312302059045,3.5384615375542494,2.1282051276594394,0.022820512820512784,0
2025-07-24 07:00:00+00:00,3.92,4.007,3.92,4.007,130.31,0.0270662785184067,2.743589743589747,-3.7010334054313865,-9.52811018288554,0.365371786797673,0.0,1.986909329182469,1.6930454581979557,2.1712003987593644,0.0,-0.004492138757174913,0
2025-07-24 08:00:00+00:00,4.023,4.031,4.023,4.031,11.54,0.0059716524810212,0.5989518342899958,-2.3498062015503973,-8.903954802259895,0.0323648193851459,0.0,2.0440003023400446,1.704593515396028,0.1984619200698434,0.0,0.015628876209377474,0
2025-07-24 09:00:00+00:00,3.995,3.995,3.969,3.969,74.83,-0.0155003103341004,-1.538079880922849,-4.4075144508670565,-9.113808106251431,0.2296167683956652,0.6508135167332192,2.0254469374612483,1.7107083503857825,0.6550768453879939,0.0,0.02519526329050148,0
2025-07-24 10:00:00+00:00,3.992,3.992,3.917,3.917,62.53,-0.0131881191172341,-1.3101536911060752,-3.6171259842519783,-9.62159667743424,0.1934104455965921,1.878757514559434,1.9383735446789987,1.7196392679251038,1.9147306607315,0.0,0.019657901455195415,0
2025-07-24 11:00:00+00:00,3.995,4.031,3.995,4.031,112.26,0.0286884294513345,2.910390605054891,1.8701036138488725,-7.715201465201482,0.3527923633924147,0.0,2.0778683629847574,1.8322295822763408,0.8930786403142843,0.0,0.015628876209377474,0
2025-07-24 12:00:00+00:00,3.989,3.989,3.989,3.989,45.94,-0.0104739112117591,-1.04192508062515,2.2820512820512784,-6.096986817325812,0.1470178011862752,0.0,2.0150946089221007,1.7642168692842195,0.0,0.0,0.02306342441714726,0
2025-07-24 13:00:00+00:00,3.989,3.994,3.989,3.989,1721.59,0.0,0.0,-0.4492138757174913,-3.3672480620155043,4.910819259051562,0.1251877816411732,1.6608414440683117,1.67507861141883,0.1253446978878638,0.1253446978878638,0.017798947104537444,0
2025-07-24 14:00:00+00:00,3.958,4.094,3.958,4.094,111.97,0.0259819143158282,2.6322386563048417,1.5628876209377474,-2.6859995246018453,0.3400776516195775,0.0,1.9909252881824528,1.717839860573659,3.3219345375373903,0.0,-0.006106497313141279,0
2025-07-24 15:00:00+00:00,4.113,4.13,4.044,4.069,567.33,-0.0061252182195449,-0.6106497313141279,2.519526329050148,-4.01037980655815,1.8747583563211505,1.476997578334866,1.8525866879124788,1.7103805403301524,2.1135414101465932,0.4177930694475676,-0.008355861391005082,0
2025-07-24 16:00:00+00:00,4.054,4.054,3.994,3.994,82.68,-0.0186040340259293,-1.8432047186040743,1.9657901455195417,-3.759036144578321,0.2727366440375905,1.4800197332313727,1.9637999901769456,1.6981985115264115,1.5022533796939788,0.0,0.015523284927390968,0
2025-07-24 17:00:00+00:00,4.072,4.094,4.072,4.094,291.06,0.0247292522454743,2.5037556334501776,1.5628876209377474,-0.6551807813637511,0.9549029846838396,0.0,1.8653921613266744,1.776005419650973,0.5373717634251716,0.0,-0.025647288715193062,0
2025-07-24 18:00:00+00:00,4.083,4.084,4.067,4.081,317.77,-0.003180430815429,-0.3175378602833345,2.306342441714726,-2.3216850167544156,0.9995753448325766,0.0734573946930619,1.7853223986788636,1.751381144610048,0.4165645674058763,0.0245037980826858,-0.030384709629992734,0
2025-07-24 19:00:00+00:00,4.073,4.073,4.06,4.06,458.37,-0.0051590828100275,-0.5145797598627988,1.7798947104537444,-2.3099133782483183,1.4093519677420234,0.3191750551634922,1.8193843612622589,1.7512542041150696,0.3201970442561285,0.0,-0.020935960591132896,0
2025-07-24 20:00:00+00:00,4.068,4.074,4.06,4.069,685.26,0.0022142954059117,0.2216748768472998,-0.6106497313141279,1.0429600198659017,1.98902821316037,0.1227295041426754,1.4356501154154542,1.6262514407272322,0.344064880721543,0.1228803145434035,-0.03293192430572622,0
2025-07-24 21:00:00+00:00,4.058,4.061,4.01,4.035,6591.25,-0.0083909672976407,-0.8355861391005082,-0.8355861391005082,-1.4892578125,10.97008901449757,0.640236394818947,1.4546160927019391,1.5961469418496077,1.2639405201328562,0.0743494423607588,-0.026765799256505574,0
2025-07-24 22:00:00+00:00,4.033,4.056,4.013,4.056,2545.79,0.0051909645669698,0.5204460966542701,1.5523284927390968,-1.7917675544794176,3.609914613130703,0.0,1.1924574443941007,1.5899202421299097,1.0601577906656452,0.0,-0.03328402366863914,0
2025-07-24 23:00:00+00:00,4.005,4.005,3.989,3.989,296.21,-0.0166566933656124,-1.6518737672583828,-2.564728871519306,-2.707317073170723,0.4207486075240662,0.3995006241199753,0.7796464331642998,1.6179125649615564,0.4011030332411378,0.0,-0.015041363750313397,0
2025-07-25 00:00:00+00:00,3.982,3.982,3.941,3.957,82.05,-0.0080544105199822,-0.8022060666833752,-3.0384709629992734,-5.2896122546673086,0.1168408124030447,0.6278252133029157,0.7905841068204988,1.5657490808984085,1.0361384884922664,0.0,-0.008086934546373548,0
2025-07-25 01:00:00+00:00,3.953,4.017,3.933,3.975,100.11,0.004538585703008,0.4548900682335155,-2.0935960591132896,-4.4700793078586765,0.1427747131448226,1.045556385101934,0.8838139184816697,1.5712793606622293,2.1132075466381997,1.0566037733190998,-0.017358490566037776,0
2025-07-25 02:00:00+00:00,3.975,4.01,3.924,3.935,242.66,-0.0101138662369286,-1.0062893081761004,-3.2931924305726223,-4.675387596899228,0.3486857467188051,1.8703241890597628,0.8668019047887813,1.575493282801883,2.185514611896943,0.8894536211208427,0.0025412960609909607,0
2025-07-25 03:00:00+00:00,3.935,3.945,3.873,3.927,859.74,-0.0020351062734939,-0.2033036848792857,-2.676579925650558,-5.419075144508668,1.1819586807993712,0.4562737641428911,0.8644283766472224,1.5667383753125486,1.8334606565231732,0.2546473134059922,0.02291825821237592,0
2025-07-25 04:00:00+00:00,3.928,3.928,3.891,3.921,94.12,-0.001529052285678,-0.1527883880825142,-3.328402366863914,-3.518700787401585,0.1304276278750524,0.17820773926217,0.7492811598510952,1.512991436494411,0.9436368270993,0.0,0.03162458556490688,0
2025-07-25 05:00:00+00:00,3.962,3.962,3.929,3.929,47.01,0.0020382172661282,0.2040295842897332,-1.5041363750313397,-0.7076067728076785,0.0699016133428119,0.8329126701582845,0.565887566019665,1.4155413143578068,0.8399083734182052,0.0,0.03156019343344374,0
2025-07-25 06:00:00+00:00,3.9,3.925,3.9,3.925,89.65,-0.0010185893419509,-0.1018070755917532,-0.8086934546373548,0.6410256410256387,0.1377285794481699,0.0,0.4971358107810392,1.3830574608303077,0.636942674996955,0.0,0.028789808917197623,0
2025-07-25 07:00:00+00:00,3.97,3.97,3.906,3.906,7.33,-0.0048525187798844,-0.4840764331210057,-1.7358490566037776,-2.520588969303706,0.0113503730873651,1.6120906796946888,0.4157003245489757,1.2623407500471375,1.6385048638918331,0.0,0.026881720430107503,0
2025-07-25 08:00:00+00:00,3.965,3.965,3.945,3.945,8.33,0.0099351218433502,0.9984639016896946,0.2541296060990961,-2.1334656412800745,0.0129015271195166,0.5044136190405014,0.5154637942362552,1.274479093427023,0.5069708490476631,0.0,0.006590621039290312,0
2025-07-25 09:00:00+00:00,3.957,4.017,3.957,4.017,74.79,0.0180864010793076,1.8250950570342317,2.291825821237592,1.2093726379440728,0.1158352585860181,0.0,0.8617717222939837,1.2914599243950815,1.493651978717052,0.0,-0.017176997759522084,0
2025-07-25 10:00:00+00:00,4.023,4.045,4.023,4.045,73.86,0.0069461951333098,0.6970375902414672,3.162458556490688,3.267806995149347,0.1143112877751883,0.0,0.8261356528513684,1.2637693971541333,0.5438813348470068,0.0,-0.02323856613102593,0
2025-07-25 11:00:00+00:00,4.016,4.053,4.016,4.053,129.49,0.0019757971357164,0.1977750309023473,3.156019343344374,0.5457702803274733,0.2001860302128522,0.0,0.8266155903436492,1.1221264478826158,0.9129040214870684,0.0,-0.00962250185048108,0
2025-07-25 12:00:00+00:00,4.065,4.068,4.038,4.038,136.27,-0.0037078277555257,-0.3700962250185013,2.8789808917197623,1.228378039608935,0.2094489227768833,0.7374631266623582,0.8729324134288394,1.1023994835825974,0.7429420503360559,0.074294205033588,-0.005943536404160454,0
2025-07-25 13:00:00+00:00,4.027,4.028,4.011,4.011,1173.03,-0.00670893310273,-0.6686478454680622,2.6881720430107503,0.5515166708448316,1.868609921722111,0.4220456801335403,0.915923146695031,1.1122079012073274,0.4238344551423862,0.0249314385377744,0.0007479431563202077,0
2025-07-25 14:00:00+00:00,3.977,3.977,3.933,3.971,42.41,-0.0100226346388014,-0.997257541760166,0.6590621039290312,-3.0043966780654685,0.0678715199541209,0.1508674880183834,1.0308155264991723,0.9853263789590598,1.1080332407181996,0.0,0.024427096449257002,0
2025-07-25 15:00:00+00:00,3.921,3.948,3.917,3.948,344.59,-0.0058088305778792,-0.5791991941576424,-1.7176997759522084,-2.9737036126812444,0.559784429629051,0.0,0.6246180048567952,0.9846696385137096,0.7852076999024331,0.0,0.010131712259371817,0
2025-07-25 16:00:00+00:00,3.951,3.951,3.951,3.951,17.0,0.0007595898580185,0.0759878419452908,-2.323856613102593,-1.0766149223835786,0.0277397225347398,0.0,0.4588942622386881,0.9130878154756048,0.0,0.0,0.03619336876740076,0
2025-07-25 17:00:00+00:00,4.007,4.014,4.007,4.014,27.56,0.0158195389448928,1.5945330296127658,-0.962250185048108,-1.9540791402051785,0.0457913483538127,0.0,0.9254257074439144,0.8195849549352893,0.1743896362296129,0.0,0.01519681116093663,0
2025-07-25 18:00:00+00:00,4.014,4.014,4.014,4.014,0.0,0.0,0.0,-0.5943536404160454,-1.6417544719431576,0.0,0.0,0.920996744079273,0.8181762654586219,0.0,0.0,0.01519681116093663,0
2025-07-25 19:00:00+00:00,4.014,4.014,4.014,4.014,0.0,0.0,0.0,0.0747943156320207,-1.1330049261083608,0.0,0.0,0.8774250283191519,0.8126821544030837,0.0,0.0,0.01519681116093663,0
2025-07-25 20:00:00+00:00,4.023,4.068,4.023,4.068,43.03,0.0133632278121669,1.3452914798206097,2.4427096449257,-0.0245760629147273,0.0792797329704333,0.0,0.8556657987700605,0.8592515645796859,1.106194689993559,0.0,0.012045231071779794,0
2025-07-25 21:00:00+00:00,4.068,4.082,3.988,3.988,209.08,-0.0198616260867214,-1.9665683382497412,1.0131712259371817,-1.1648079306071923,0.7552433659258911,2.3027927480884847,1.270399923556177,0.9363386265038768,2.357071213049878,0.3510531593904138,0.03234704112337017,0
2025-07-25 22:00:00+00:00,4.085,4.094,4.079,4.094,112.91,0.0262326351395059,2.6579739217653,3.619336876740076,0.9368836291913318,0.6434794584918312,0.0,1.6129417295347364,1.079408163955984,0.3663898386989904,0.0,0.003663898387884723,0
2025-07-25 23:00:00+00:00,4.076,4.076,4.075,4.075,375.85,-0.0046517405462718,-0.4640937957987368,1.519681116093663,2.155928804211582,2.102231016075887,0.024533856716244,1.5779329953922097,1.0233448559698055,0.0245398772945778,0.0,0.008343558282208452,0
2025-07-26 00:00:00+00:00,4.075,4.075,4.075,4.075,0.0,0.0,0.0,1.519681116093663,2.982057113975234,0.0,0.0,1.5779329953922097,1.005797622675378,0.0,0.0,0.008343558282208452,0
2025-07-26 01:00:00+00:00,4.075,4.075,4.075,4.075,0.0,0.0,0.0,1.519681116093663,2.515723270440251,0.0,0.0,1.5779329953922097,1.0035595421227566,0.0,0.0,0.00785276073619623,0
2025-07-26 02:00:00+00:00,4.081,4.117,4.081,4.117,42.59,0.0102539960949415,1.0306748466257565,1.2045231071779794,4.625158831003806,0.2615129559114482,0.0,1.5398216037320758,0.9912223713230086,0.8744231234213106,0.0,-0.0019431624969638017,0
2025-07-26 03:00:00+00:00,4.117,4.117,4.117,4.117,0.0,0.0,0.0,3.234704112337017,4.838298955946008,0.0,0.0,1.1366830940938046,0.9885909980700948,0.0,0.0,-0.008501335924216646,0
2025-07-26 04:00:00+00:00,4.123,4.124,4.109,4.109,62.57,-0.0019450528864949,-0.1943162496963801,0.3663898387884723,4.794695230808466,0.4976817405962365,0.3637245391940454,0.5066303745417017,0.9892671765291065,0.3650523240776139,0.0243368216051612,0.0,0
2025-07-26 05:00:00+00:00,4.109,4.109,4.109,4.109,0.0,0.0,0.0,0.8343558282208452,4.58131840162892,0.0,0.0,0.4414096595517767,0.9900639367040288,0.0,0.0,-0.0034071550255536653,0
2025-07-26 06:00:00+00:00,4.109,4.109,4.109,4.109,0.0,0.0,0.0,0.8343558282208452,4.687898089171982,0.0,0.0,0.4414096595517767,0.988991171296299,0.0,0.0,0.0009734728644439361,0
2025-07-26 07:00:00+00:00,4.106,4.107,4.106,4.107,48.52,-0.000486854926851,-0.0486736432221857,0.7852760736196229,5.145929339477728,0.3985379276323579,0.0,0.4448981535556792,0.9799882345859154,0.0243486729914011,0.0,0.0014609203798392478,0
2025-07-26 08:00:00+00:00,4.109,4.109,4.109,4.109,204.62,0.0004868549268511,0.0486973459946415,-0.1943162496963801,4.1571609632446105,1.57492375334321,0.0,0.0851674552355779,0.9659837266021434,0.0,0.0,0.0038938914577755224,0
2025-07-26 09:00:00+00:00,4.094,4.094,4.082,4.082,125.39,-0.0065926255136197,-0.6570941834996402,-0.8501335924216646,1.6181229773462702,0.9496934141566618,0.2931118709591923,0.266725846478095,0.9138833225941696,0.2939735423091797,0.0,0.009309162175404229,0
2025-07-26 10:00:00+00:00,4.085,4.109,4.085,4.109,91.0,0.0065926255136197,0.6614404703576771,0.0,1.582200247218779,0.6855184233024617,0.0,0.4180896501116946,0.9128553145198508,0.5840837185241953,0.0,0.010221465076660996,0
2025-07-26 11:00:00+00:00,4.109,4.109,4.095,4.095,14.94,-0.0034129725962399,-0.3407155025553665,-0.3407155025553665,1.0362694300518172,0.1167430714723112,0.3407155024724526,0.4406959557733589,0.916084585421627,0.3418803417968603,0.0,0.003907203907203893,0
2025-07-26 12:00:00+00:00,4.096,4.113,4.054,4.113,27.42,0.0043859719432544,0.4395604395604602,0.0973472864443936,1.857355126300142,0.2221359590329376,0.0,0.4860593001683605,0.9150887162168296,1.434476051195123,0.0,0.012399708242158747,0
2025-07-26 13:00:00+00:00,4.113,4.113,4.113,4.113,0.0,0.0,0.0,0.1460920379839247,2.5430067314884175,0.0,0.0,0.4851646856996228,0.901403960730256,0.0,0.0,0.01969365426695835,0
2025-07-26 14:00:00+00:00,4.128,4.146,4.113,4.125,57.96,0.002913330538357,0.2917578409919574,0.3893891457775522,3.878116343490312,0.7706464712395376,0.5065123008908535,0.4975556028923069,0.8704841183399673,0.7999999998060479,0.4363636362578462,-0.0002424242424243772,0
2025-07-26 15:00:00+00:00,4.117,4.12,4.117,4.12,1103.86,-0.0012128564252092,-0.1212121212121219,0.9309162175404228,4.35663627152989,10.331334087178572,0.0,0.3741557434040181,0.8584829989003756,0.0728155339629116,0.0,0.0009708737864075889,0
2025-07-26 16:00:00+00:00,4.149,4.151,4.149,4.151,7.0,0.0074961057094666,0.7524271844660202,1.0221465076660996,5.062009617818264,0.0657714442306781,0.0,0.3994959943642439,0.8659923800107057,0.0481811611543716,0.0,-0.0065044567574078505,0
2025-07-26 17:00:00+00:00,4.121,4.132,4.11,4.111,113.1,-0.0096829611551604,-0.9636232233196872,0.3907203907203893,2.4165421026407508,1.0282441359988934,0.5082284606708041,0.5943267369703348,0.8460175965615017,0.5351495985076102,0.2675747992537943,0.0031622476283141854,0
2025-07-26 18:00:00+00:00,4.113,4.164,4.113,4.164,98.34,0.0128098428369811,1.2892240330819815,1.239970824215875,3.7369207772795177,0.8619447954405157,0.0,0.7729044477467435,0.8792241316793672,1.224783861377316,0.0,-0.009606147934678178,0
2025-07-26 19:00:00+00:00,4.164,4.194,4.164,4.194,147.44,0.0071787817270057,0.7204610951008661,1.969365426695835,4.484304932735417,1.2262737297255235,0.0,0.7901230939832641,0.8859827311575762,0.7153075820898229,0.0,-0.007868383404864177,0
2025-07-26 20:00:00+00:00,4.184,4.184,4.124,4.124,11.41,-0.0168313663250147,-1.669051025274204,-0.0242424242424377,1.37659783677484,0.0959495444981418,1.4340344164832732,1.140468705325199,0.9284230310779428,1.454898156776225,0.0,0.011881668283220348,0
2025-07-26 21:00:00+00:00,4.124,4.124,4.124,4.124,0.0,0.0,0.0,0.0970873786407588,3.4102306920762215,0.0,0.0,1.139048957304852,0.820651717768537,0.0,0.0,0.010426770126091167,0
2025-07-26 22:00:00+00:00,4.124,4.124,4.124,4.124,0.0,0.0,0.0,-0.650445675740785,0.7327796775769224,0.0,0.0,1.0822052885347389,0.6274384152451646,0.0,0.0,0.012851600387972839,0
2025-07-26 23:00:00+00:00,4.124,4.124,4.124,4.124,0.0,0.0,0.0,0.3162247628314185,1.2024539877300455,0.0,0.0,0.9972567302633076,0.6185857256896184,0.0,0.0,0.016973811833171704,0
2025-07-27 00:00:00+00:00,4.124,4.124,4.124,4.124,0.0,0.0,0.0,-0.9606147934678178,1.2024539877300455,0.0,0.0,0.7991258572722414,0.6185857256896184,0.0,0.0,0.016973811833171704,0
2025-07-27 01:00:00+00:00,4.156,4.161,4.156,4.161,20.29,0.0089318638460907,0.8971871968962208,-0.7868383404864177,2.1104294478527352,0.2237404948400513,0.0,0.8398484715266888,0.6418886684482923,0.1201634222253847,0.0,0.007930785868781598,0
2025-07-27 02:00:00+00:00,4.104,4.173,4.104,4.173,20.54,0.0028797716086113,0.2883922134102379,1.1881668283220348,1.3602137478746723,0.228815447453819,0.0,0.3600522765666293,0.6119694940925168,1.6534866998194362,0.0,0.005032350826743359,0
2025-07-27 03:00:00+00:00,4.167,4.167,4.167,4.167,25.0,-0.0014388491690991,-0.1437814521926705,1.0426770126091167,1.2144765606023844,0.2753051298492208,0.0,0.3800239834356623,0.6132484092240504,0.0,0.0,-0.011279097672186156,0
2025-07-27 04:00:00+00:00,4.177,4.177,4.177,4.177,68.05,0.0023969330747217,0.2399808015358662,1.285160038797284,1.6549038695546248,0.7475010069120767,0.0,0.3706999576173149,0.6121160489454458,0.0,0.0,-0.0011970313622217121,0
2025-07-27 05:00:00+00:00,4.194,4.194,4.194,4.194,30.38,0.0040616469646901,0.4069906631553932,1.6973811833171704,2.068629836943292,0.3291351805170047,0.0,0.3610208084038482,0.6157469888346242,0.0,0.0,-0.005245588936576118,0
2025-07-27 06:00:00+00:00,4.194,4.194,4.194,4.194,0.0,0.0,0.0,1.6973811833171704,2.068629836943292,0.0,0.0,0.3610208084038482,0.6157469888346242,0.0,0.0,-0.005245588936576118,0
2025-07-27 07:00:00+00:00,4.194,4.194,4.194,4.194,0.0,0.0,0.0,0.7930785868781598,2.118334550766976,0.0,0.0,0.2107381271178358,0.6153664178357637,0.0,0.0,-0.006914639961850266,0
2025-07-27 08:00:00+00:00,4.194,4.194,4.194,4.194,0.0,0.0,0.0,0.5032350826743359,2.068629836943292,0.0,0.0,0.2005638792346659,0.615579599400607,0.0,0.0,-0.008345255126371076,0
2025-07-27 09:00:00+00:00,4.12,4.12,4.12,4.12,244.15,-0.0178017691182931,-1.764425369575584,-1.1279097672186156,0.9309162175404228,2.815924032107767,0.0,0.7971205574544938,0.7098342904049127,0.0,0.0,0.009466019417475602,0
2025-07-27 10:00:00+00:00,4.127,4.172,4.127,4.172,29.15,0.0125423737770908,1.2621359223300876,-0.1197031362221712,1.5332197614991383,0.3465030237250972,0.0,0.9904261704695402,0.7421086463041691,1.078619366951432,0.0,-0.003355704697986406,0
2025-07-27 11:00:00+00:00,4.172,4.172,4.172,4.172,0.0,0.0,0.0,-0.5245588936576118,1.8803418803418737,0.0,0.0,0.969127357106484,0.737270737164008,0.0,0.0,0.0023969319271335277,0
2025-07-27 12:00:00+00:00,4.172,4.172,4.172,4.172,0.0,0.0,0.0,-0.5245588936576118,1.434476051543876,0.0,0.0,0.969127357106484,0.7333595211442497,0.0,0.0,-0.0011984659635666528,0
2025-07-27 13:00:00+00:00,4.154,4.165,4.152,4.165,31.57,-0.0016792615197199,-0.1677852348993203,-0.6914639961850266,1.264283977631897,0.3772855833918974,0.0,0.9685142054899872,0.73475011294799,0.3121248498650336,0.0,-0.004801920768307433,0
2025-07-27 14:00:00+00:00,4.159,4.159,4.159,4.159,10.14,-0.0014416148580314,-0.1440576230492207,-0.8345255126371076,0.8242424242424162,0.1241366645907613,0.0,0.9668582840056784,0.7339685991873828,0.0,0.0,0.005049290694878472,0
2025-07-27 15:00:00+00:00,4.159,4.159,4.159,4.159,0.0,0.0,0.0,0.9466019417475602,0.9466019417475602,0.0,0.0,0.5429828918246702,0.7332686822202202,0.0,0.0,0.0028853089685021427,0
2025-07-27 16:00:00+00:00,4.176,4.217,4.156,4.158,81.18,-0.0002404713249533,-0.0240442414041752,-0.3355704697986406,0.1686340640809636,2.0933021036484467,1.3990988851318067,0.0783950174295413,0.7175190559778652,1.4670514666986392,0.986050985813828,0.02164502164502169,0
2025-07-27 17:00:00+00:00,4.183,4.183,4.182,4.182,225.71,0.0057554115706207,0.5772005772005873,0.2396931927133527,1.727073704694737,5.191968179302611,0.0239062873478456,0.2724903832746898,0.6951332747734253,0.0239120038201895,0.0,0.010521281683405048,0
2025-07-27 18:00:00+00:00,4.2,4.2,4.165,4.167,747.21,-0.0035932485661256,-0.3586800573888271,-0.1198465963566652,0.0720461095100821,10.597345498661896,0.7857142855272194,0.3185985647292352,0.6502167983639492,0.8399328051740056,0.0,0.015598752099832192,0
2025-07-27 19:00:00+00:00,4.18,4.182,4.145,4.145,97.43,-0.0052935638530582,-0.527957763378939,-0.4801920768307433,-1.1683357176919484,1.4238861046795617,0.8847441413475219,0.380348487998783,0.6403640794962455,0.8926417368172351,0.0482509046928385,0.012303980699638117,0
2025-07-27 20:00:00+00:00,4.198,4.215,4.18,4.18,139.65,0.0084084579494066,0.8443908323281013,0.5049290694878472,1.3579049466537318,1.8930780309834003,0.8303677340853254,0.5302643517536365,0.5628862864788251,0.8373205739623669,0.4066985644959923,0.01291866028708144,0
2025-07-27 21:00:00+00:00,4.18,4.18,4.16,4.171,845.32,-0.0021554313218566,-0.2153110047846795,0.2885308968502142,1.139670223084388,7.755911261240032,0.215311004733166,0.544206547373164,0.565535216884982,0.4795013185136552,0.0,0.01750179812994479,0
2025-07-27 22:00:00+00:00,4.219,4.248,4.208,4.248,147.13,0.0182924687248294,1.8460800767202024,2.164502164502169,3.0067895247332777,1.2780484273659285,0.0,0.9028767763332026,0.6721176025425791,0.9416195854657212,0.0,0.005885122410546062,0
2025-07-27 23:00:00+00:00,4.226,4.226,4.226,4.226,6.92,-0.0051923647457728,-0.5178907721280712,1.0521281683405048,2.4733268671193187,0.0599605750548991,0.0,0.9587482086170084,0.684506354754868,0.0,0.0,0.018930430667297715,0
2025-07-28 00:00:00+00:00,4.236,4.258,4.197,4.232,322.88,0.0014187753621334,0.1419782300047467,1.5598752099832192,2.6188166828322146,2.505616451624749,0.6106153122098086,0.924151512460782,0.6842015237221323,1.4413988654439025,0.5198487711437088,0.01205103969754262,0
2025-07-28 01:00:00+00:00,4.219,4.219,4.196,4.196,8.32,-0.0085430040219475,-0.8506616257088928,1.2303980699638115,0.841143955779855,0.0648158066427256,0.5451528797001433,0.9869089256346688,0.689936771750014,0.5481410866186646,0.0,0.016920877025738967,0
2025-07-28 02:00:00+00:00,4.19,4.262,4.19,4.234,141.29,0.0090154821786227,0.9056244041944828,1.291866028708144,1.4617780972921102,1.0591851268708774,0.6569685592076465,0.9950231567618928,0.710775349838941,1.7005196028104388,0.6613131788707238,0.0025980160604628377,0
2025-07-28 03:00:00+00:00,4.241,4.261,4.241,4.244,144.53,0.0023590480390632,0.2361832782239004,1.750179812994479,1.8478521718262584,1.044477433062511,0.3989673784560121,0.972874266761722,0.7102554899980565,0.471253534290479,0.4005655041469061,0.007540056550424223,0
2025-07-28 04:00:00+00:00,4.249,4.275,4.187,4.273,129.38,0.0068099359101511,0.6833176248821848,0.5885122410546062,2.298300215465643,0.918038990751363,0.0467836257200662,0.6774025265925344,0.7203108083944006,2.05944301379372,0.0468055230407819,0.0007020828457757755,0
2025-07-28 05:00:00+00:00,4.277,4.306,4.269,4.306,232.29,0.0076932422802835,0.7722911303533975,1.8930430667297715,2.6704816404387266,1.5554048964114295,0.0,0.6461974485393283,0.7308757137984998,0.8592661400698387,0.0,-0.01904319554110545,0
2025-07-28 06:00:00+00:00,4.303,4.303,4.251,4.283,340.99,-0.0053557003089372,-0.534138411518803,1.205103969754262,2.12207916070577,2.084906910137968,0.4647920054694783,0.735058615601425,0.7424586090993363,1.2141022644842066,0.0,-0.015176278309596114,0
2025-07-28 07:00:00+00:00,4.261,4.267,4.261,4.267,53.52,-0.003742694427371,-0.3735699276208315,1.6920877025738967,1.7405817835002502,0.3228342498648451,0.0,0.613469298237758,0.7482839624871273,0.1406140144971663,0.0,-0.02788844621513964,0
2025-07-28 08:00:00+00:00,4.255,4.255,4.245,4.245,15.15,-0.0051691844425523,-0.5155847199437624,0.2598016060462838,1.2160228898426384,0.0910386062775112,0.2350176262667358,0.5990259334811906,0.7578220729246318,0.2355712602507438,0.0,-0.03863368669022371,0
2025-07-28 09:00:00+00:00,4.26,4.276,4.235,4.276,162.07,0.0072761733994881,0.7302709069493485,0.7540056550424223,3.786407766990285,0.9943376884926322,0.0,0.6610767039821431,0.6611757545082303,0.958840037193898,0.0,-0.05144995322731516,0
2025-07-28 10:00:00+00:00,4.276,4.276,4.276,4.276,0.0,0.0,0.0,0.0702082845775775,2.4928092042185934,0.0,0.0,0.6024256560835445,0.6187053798762712,0.0,0.0,-0.04864359214218905,0
2025-07-28 11:00:00+00:00,4.224,4.224,4.224,4.224,14.06,-0.0122354467588382,-1.2160898035547096,-1.904319554110545,1.246404602109319,0.0865954618470622,0.0,0.6487659600868709,0.675343893593507,0.0,0.0,-0.03977272727272729,0
2025-07-28 12:00:00+00:00,4.224,4.296,4.218,4.218,175.89,-0.0014214643473775,-0.1420454545454585,-1.5176278309596114,1.1025886864813206,1.0365193990063228,1.81564245767793,0.6425267206423523,0.6764386408550346,1.8492176382529188,1.7069701276180742,-0.05310573731626356,0
2025-07-28 13:00:00+00:00,4.202,4.202,4.148,4.148,334.28,-0.016734791689302,-1.6595542911332473,-2.788844621513964,-0.4081632653061273,1.8336220727888548,1.2851023319169264,0.8696040847983989,0.7615646670807064,1.301832207979314,0.0,-0.04001928640308572,0
2025-07-28 14:00:00+00:00,4.153,4.153,4.081,4.081,1023.99,-0.016284233943612,-1.61523625843778,-3.863368669022371,-1.875450829526315,4.560195502457798,1.7336864912752783,0.9911361027594964,0.8295665661584237,1.7642734619543354,0.0,-0.027934329821122317,0
2025-07-28 15:00:00+00:00,4.097,4.169,4.056,4.056,218.92,-0.0061447901347866,-0.6125949522176044,-5.144995322731516,-2.476556864630919,0.9368717803284016,2.710482129357034,0.7344519419443896,0.8364796883830324,2.7859960545399307,1.775147928556403,-0.024161735700197196,0
2025-07-28 16:00:00+00:00,4.039,4.075,4.038,4.068,567.73,0.0029542118974313,0.2958579881656709,-4.864359214218905,-2.16450216450218,2.235648912317724,0.1717791410621538,0.811168507828075,0.8403484020228258,0.9095378562169258,0.1720747295545677,-0.03121927236971478,0
2025-07-28 17:00:00+00:00,4.068,4.07,4.047,4.056,242.92,-0.0029542118974314,-0.2949852507374562,-3.9772727272727297,-3.0129124820660103,0.9538946345352738,0.3439803438958336,0.8098589715574107,0.8290344999098037,0.5670611438444271,0.0493096646821393,-0.028353057199211107,0
2025-07-28 18:00:00+00:00,4.025,4.025,3.994,3.994,99.07,-0.0154040312952584,-1.5285996055226736,-5.310573731626356,-4.151667866570663,0.4351752374274633,0.7701863352123794,0.8263799380219656,0.8770594108846345,0.7761642461752252,0.0,-0.01126690035052591,0
2025-07-28 19:00:00+00:00,4.01,4.066,3.982,3.982,46.7,-0.0030090293516189,-0.3004506760140191,-4.001928640308572,-3.93244873341374,0.2070570847949437,2.065912444154956,0.7598884748880084,0.8743007083595553,2.1094927166977575,1.4063284777985123,-0.008287292817679703,0
2025-07-28 20:00:00+00:00,3.982,3.982,3.967,3.967,60.49,-0.0037740641098114,-0.3766951280763431,-2.7934329821122317,-5.095693779904298,0.2721791429801919,0.3766951279817471,0.6033444772653435,0.848208512883394,0.3781194856621863,0.0,-0.009831106629694997,0
2025-07-28 21:00:00+00:00,3.962,3.962,3.958,3.958,39.86,-0.0022712943518191,-0.2268716914544999,-2.4161735700197196,-5.106689043394875,0.2112543558612416,0.1009591115343365,0.6057939155252824,0.8482103977058051,0.1010611419653711,0.0,-0.002273875694795424,0
2025-07-28 22:00:00+00:00,3.982,3.983,3.941,3.941,1301.14,-0.0043043489675074,-0.4295098534613517,-3.121927236971478,-7.226930320150671,5.49546229665125,1.0544815463081958,0.5006684077340029,0.7279192002679585,1.0657193602979718,0.025374270483282,0.007358538442019835,0
2025-07-28 23:00:00+00:00,3.953,3.955,3.941,3.941,158.53,0.0,0.0,-2.8353057199211107,-6.7439659252248045,0.6521631813480195,0.3539823007954591,0.5410829718076298,0.7292243840991406,0.3552397867659944,0.0507485409665754,0.022836843440751098,0
2025-07-29 00:00:00+00:00,3.933,3.949,3.91,3.949,343.21,0.0020278840916456,0.2029941639177801,-1.126690035052591,-6.68714555765596,1.4069996054144926,0.0,0.2437141456268796,0.7309002390318324,0.9875917951411444,0.0,0.026335781210433007,0
2025-07-29 01:00:00+00:00,3.949,3.949,3.949,3.949,44.68,0.0,0.0,-0.8287292817679703,-5.88655862726406,0.1820363998098068,0.0,0.2469815698281975,0.7229000820554762,0.0,0.0,0.030134211192706983,0
2025-07-29 02:00:00+00:00,3.949,3.986,3.928,3.928,128.24,-0.0053319918122929,-0.5317801975183611,-0.9831106629694996,-7.22720831365139,0.5236387393558353,1.455092824522061,0.282702677290307,0.6814246392774587,1.4765784110293914,0.9419551932428925,0.035641547861507084,0
2025-07-29 03:00:00+00:00,3.949,3.949,3.949,3.949,39.57,0.0053319918122929,0.534623217922614,-0.2273875694795424,-6.950989632422244,0.1645128432540953,0.0,0.3965760756965711,0.6944070847862647,0.0,0.0,0.030134211192706983,0
2025-07-29 04:00:00+00:00,3.983,3.983,3.97,3.97,30.07,0.0053037123945867,0.5317801975183611,0.7358538442019835,-7.091036742335588,0.1272048182996961,0.3263871452858656,0.4003579263281112,0.6857809016001565,0.3274559193129809,0.0,0.0017632241813601013,0
2025-07-29 05:00:00+00:00,3.985,4.031,3.985,4.031,39.43,0.0152483894359294,1.536523929471012,2.28368434407511,-6.386437529029266,0.1726700617270756,0.0,0.687952574104673,0.7515015052592353,1.141156040401594,0.0,-0.008930786405358382,0
2025-07-29 06:00:00+00:00,4.037,4.053,4.037,4.053,63.13,0.0054428635111428,0.5457702803274733,2.6335781210433007,-5.370067709549387,0.2912208201576138,0.0,0.6848426752798519,0.7673799108312878,0.3947693065890036,0.0,-0.006415001233654016,0
2025-07-29 07:00:00+00:00,4.067,4.068,4.067,4.068,29.46,0.0036941305401418,0.3700962250184902,3.0134211192706983,-4.663698148582163,0.1365313724385832,0.0,0.6540142407150712,0.7762638989186712,0.0245821042220655,0.0,-0.02015732546705984,0
2025-07-29 08:00:00+00:00,4.068,4.068,4.068,4.068,0.0,0.0,0.0,3.5641547861507084,-4.169611307420507,0.0,0.0,0.5058289869305421,0.7742278911330001,0.0,0.0,-0.04080629301868233,0
2025-07-29 09:00:00+00:00,4.068,4.068,4.068,4.068,0.0,0.0,0.0,3.0134211192706983,-4.864359214218905,0.0,0.0,0.5603695926017717,0.7511478458908735,0.0,0.0,-0.042035398230088505,0
2025-07-29 10:00:00+00:00,4.012,4.012,3.977,3.977,128.15,-0.0226237119607598,-2.236971484759087,0.1763224181360101,-6.992516370439661,0.5995882655659025,0.8723828512282122,1.2546711434958158,0.8582604469429209,0.8800603467739275,0.0,-0.03218506411868238,0
2025-07-29 11:00:00+00:00,3.977,3.995,3.977,3.995,20.42,0.0045158129926845,0.452602464168983,-0.8930786405358382,-5.421401515151514,0.0954227902516627,0.0,1.0602673414560926,0.8481159990500216,0.4505632038922304,0.0,-0.028535669586983836,0
2025-07-29 12:00:00+00:00,4.005,4.027,4.005,4.027,75.25,0.0079781026510791,0.8010012515644593,-0.6415001233654016,-4.528212422949263,0.358672079184188,0.0,1.0978330169582848,0.8737724639844671,0.5463123912226748,0.0,-0.020859200397318145,0
2025-07-29 13:00:00+00:00,4.017,4.017,3.976,3.986,155.2,-0.0102334600787141,-1.018127638440525,-2.015732546705984,-3.905496624879446,0.7670257981577191,0.7717201890038072,1.1238223778301275,0.8351035078134441,1.0286001000931853,0.0,-0.031108881083793283,0
2025-07-29 14:00:00+00:00,3.962,3.97,3.902,3.902,250.49,-0.0212989795896835,-2.1073758153537403,-4.080629301868233,-4.3861798578779805,1.472510569081103,1.7128463471756068,1.3152603929565447,0.8784347211467748,1.7426960528593822,0.2050230650422802,-0.02050230650948237,0
2025-07-29 15:00:00+00:00,3.901,3.901,3.897,3.897,31.96,-0.0012822158443473,-0.1281394156842696,-4.2035398230088505,-3.920118343195278,0.1968940113446297,0.1025378107914541,1.3027036159484209,0.8737388021323647,0.1026430587368122,0.0,0.0010264305876315216,0
2025-07-29 16:00:00+00:00,3.91,3.91,3.849,3.849,269.53,-0.012393652054963,-1.2317167051578035,-3.2185064118682383,-5.383480825958687,1.7981153578754243,1.5601023013912767,1.1129130315340845,0.8943732672867558,1.584827227439638,0.0,0.009353078721745733,0
2025-07-29 17:00:00+00:00,3.881,3.881,3.881,3.881,10.0,0.0082794780851601,0.8313847752662973,-2.8535669586983836,-4.314595660749509,0.0713313400181561,0.0,1.1883821277160471,0.919864506784412,0.0,0.0,0.0010306622004638832,0
2025-07-29 18:00:00+00:00,3.943,3.943,3.943,3.943,6.05,0.0158490025087208,1.5975264107188858,-2.0859200397318145,-1.276915373059595,0.0443824964233988,0.0,1.3851337209706869,0.9404489504008272,0.0,0.0,-0.019528277960943474,0
2025-07-29 19:00:00+00:00,3.883,3.928,3.862,3.862,27.55,-0.0207566708891673,-2.0542733958914483,-3.1108881083793283,-3.013561024610756,0.2032954024846561,1.6802443987575713,1.544677687013656,1.0265763977088422,1.7089590881126424,1.1651993782586207,0.0010357327809424888,0
2025-07-29 20:00:00+00:00,3.841,3.841,3.822,3.822,51.49,-0.0104113381882414,-1.035732780942522,-2.050230650948237,-3.6551550289891654,0.3810064099176036,0.4946628480878287,1.3730997060203107,1.042419482311702,0.497121925563289,0.0,0.025379382522239702,0
2025-07-29 21:00:00+00:00,3.846,3.901,3.843,3.901,219.66,0.020459084706438,2.0669806384091993,0.1026430587631521,-1.4401212733703983,1.5400282191168628,0.0,1.6917312624722405,1.1347646069859316,1.486798256476079,0.0,0.0012817226352217492,0
2025-07-29 22:00:00+00:00,3.902,3.902,3.885,3.885,65.77,-0.0041099467049087,-0.410151243270962,0.9353078721745732,-1.4209591474245165,0.7214787187283725,0.4356740132148541,1.5999981194997404,1.1344959245155724,0.4375804374678133,0.0,-0.005662805662805637,0
2025-07-29 23:00:00+00:00,3.885,3.885,3.885,3.885,0.0,0.0,0.0,0.1030662200463883,-1.4209591474245165,0.0,0.0,1.5657044273681813,1.1344959245155724,0.0,0.0,-0.010810810810810811,0
2025-07-30 00:00:00+00:00,3.866,3.866,3.866,3.866,2.06,-0.0049026030334714,-0.4890604890604777,-1.9528277960943472,-2.1017979235249395,0.029286323570809,0.0,1.3666849804372474,1.1363447711617605,0.0,0.0,-0.005949301603724866,0
2025-07-30 01:00:00+00:00,3.866,3.866,3.866,3.866,0.0,0.0,0.0,0.1035732780942488,-2.1017979235249395,0.0,0.0,1.0655690338224435,1.1363447711617605,0.0,0.0,-0.005949301603724866,0
2025-07-30 02:00:00+00:00,3.863,3.919,3.863,3.919,179.1,0.0136161384313552,1.3709260217278807,2.53793825222397,-0.2291242362525425,2.5369170296039205,0.0,1.0394334529672955,1.1694468216561575,1.428935952684631,0.0,-0.017606532278642506,0
2025-07-30 03:00:00+00:00,3.902,3.914,3.902,3.906,32.42,-0.0033226867630071,-0.3317172748150021,0.1281722635221749,-1.088883261585205,0.4611691629211474,0.2043944812967823,0.6886119370185045,1.1653191833403214,0.3072196619797187,0.2048131079864791,-0.021505376344086002,0
2025-07-30 04:00:00+00:00,3.863,3.863,3.863,3.863,10.0,-0.0110697487703429,-1.1008704557091686,-0.5662805662805637,-2.695214105793453,0.1439608426487262,0.0,0.8217534216431434,1.1779918394184918,0.0,0.0,-0.01320217447579608,0
2025-07-30 05:00:00+00:00,3.843,3.843,3.843,3.843,6.7,-0.0051907721014373,-0.5177323323841576,-1.0810810810810811,-4.66385512279831,0.098385330305275,0.0,0.8369788687519513,1.127158121819755,0.0,0.0,-0.02888368462138946,0
2025-07-30 06:00:00+00:00,3.843,3.843,3.843,3.843,0.0,0.0,0.0,-0.5949301603724866,-5.181347150259064,0.0,0.0,0.8246073087331188,1.116982393636931,0.0,0.0,-0.0184751496226907,0
2025-07-30 07:00:00+00:00,3.843,3.843,3.843,3.843,0.0,0.0,0.0,-0.5949301603724866,-5.530973451327426,0.0,0.0,0.8246073087331188,1.1110121653070462,0.0,0.0,-0.017174082747853148,0
2025-07-30 08:00:00+00:00,3.849,3.85,3.849,3.85,84.13,0.0018198367169858,0.1821493624772241,-1.7606532278642506,-5.358898721730565,1.2418246787808778,0.0,0.4716904665602044,1.1133191790457266,0.0259740259672766,0.0,-0.0002597402597401821,0
2025-07-30 09:00:00+00:00,3.827,3.827,3.822,3.822,8.33,-0.0072993024816116,-0.727272727272732,-2.1505376344086,-6.047197640117985,0.1223305961089812,0.1306506401539949,0.5045867723532549,1.1167421774468709,0.1308215593587566,0.0,-0.014652014652014711,0
2025-07-30 10:00:00+00:00,3.823,3.823,3.812,3.812,21.47,-0.0026198600261256,-0.2616431187859813,-1.320217447579608,-4.148855921548911,0.3373178491417166,0.287732147452859,0.3491750858698584,1.032241353862562,0.2885624343419333,0.0,0.003672612801679076,0
2025-07-30 11:00:00+00:00,3.8,3.8,3.732,3.732,437.26,-0.0212097028068581,-2.09863588667365,-2.888368462138946,-6.583229036295368,5.397105563546176,1.789473683739602,0.860391681213127,1.0957912193846189,1.822079313552487,0.0,0.02518756698821001,0
2025-07-30 12:00:00+00:00,3.767,3.774,3.767,3.772,3.57,0.0106610817861136,1.0718113612004254,-1.84751496226907,-6.332257263471575,0.0457511453799789,0.0529941706271934,1.0667781339864115,1.10859854177704,0.1855779426867534,0.0530222693390774,-0.007688229056203588,0
2025-07-30 13:00:00+00:00,3.769,3.781,3.769,3.777,364.93,0.0013246789591089,0.1325556733828392,-1.7174082747853148,-5.243351731058709,4.205736457139382,0.1057921184591928,1.0758292489550658,1.0996345323348593,0.3177124701303385,0.1059041567101128,-0.016679904686259017,0
2025-07-30 14:00:00+00:00,3.805,3.859,3.805,3.849,122.31,0.0188833305712892,1.9062748212867353,-0.0259740259740182,-1.3582778062532053,1.5020493375926536,0.2591344907335693,1.4014116754194337,1.102793770766657,1.4029618078973811,0.259807742203214,-0.016108080020784676,0
2025-07-30 15:00:00+00:00,3.766,3.766,3.766,3.766,72.38,-0.0217999440666484,-2.156404260846978,-1.465201465201471,-3.3615601744931944,0.870863433771875,0.0,1.6538649817820683,1.1850195476712473,0.0,0.0,0.004779607010090281,0
2025-07-30 16:00:00+00:00,3.789,3.842,3.549,3.826,3777.23,0.0158064407831003,1.593202336696753,0.3672612801679076,-0.5975578072226595,16.47523903155246,0.4164497656386131,1.8136628416576823,1.2110514675918953,7.65812859183008,0.4181913224207553,-0.010977522216414126,0
2025-07-30 17:00:00+00:00,3.826,3.826,3.826,3.826,0.0,0.0,0.0,2.518756698821001,-1.417160525637717,0.0,0.0,1.479149934388355,1.1974145621906582,0.0,0.0,-0.010977522216414126,0
2025-07-30 18:00:00+00:00,3.846,3.85,3.743,3.743,100.7,-0.0219324420957692,-2.1693674856246736,-0.7688229056203588,-5.072279989855444,0.432570976504569,2.779220778498909,1.7632471976465578,1.219973361663125,2.8586695156669384,0.1068661501183901,0.02644937216136789,0
2025-07-30 19:00:00+00:00,3.744,3.779,3.632,3.714,859.64,-0.0077779659917778,-0.7747795885653219,-1.6679904686259015,-3.832211289487319,3.214033010589074,1.7200317539772327,1.775406856572866,1.161354003519502,3.9579967679165273,0.9423801828372615,0.03284868066774371,0
2025-07-30 20:00:00+00:00,3.784,3.806,3.773,3.787,58.4,0.0194646859891437,1.9655358104469611,-1.6108080020784676,-0.9157509157509236,0.2181118757052945,0.4992117707569103,1.789710496112254,1.22166709251031,0.8714021650722443,0.5017163980719029,0.01663585951940849,0
2025-07-30 21:00:00+00:00,3.784,3.784,3.784,3.784,0.79,-0.0007924977300259,-0.0792183786638478,0.4779607010090281,-2.9992309664188643,0.0030545222556304,0.0,1.5277991183043809,1.1381957062865469,0.0,0.0,0.022198731501057,0
2025-07-30 22:00:00+00:00,3.784,3.784,3.784,3.784,0.0,0.0,0.0,-1.0977522216414126,-2.599742599742594,0.0,0.0,1.3421801481655151,1.136826191856174,0.0,0.0,0.022198731501057,0
2025-07-30 23:00:00+00:00,3.784,3.784,3.784,3.784,0.0,0.0,0.0,-1.0977522216414126,-2.599742599742594,0.0,0.0,1.3421801481655151,1.136826191856174,0.0,0.0,0.022198731501057,0
2025-07-31 00:00:00+00:00,3.809,3.842,3.809,3.842,48.36,0.015211413156733,1.532769556025371,2.644937216136789,-0.6207966890843242,0.187571512608117,0.0,1.0562214398692311,1.1808446784792952,0.8589276416296368,0.0,0.015877147319104612,0
2025-07-31 01:00:00+00:00,3.838,3.838,3.829,3.836,38.55,-0.0015629073251731,-0.1561686621551317,3.2848680667743713,-0.7759958613554163,0.1485961900136732,0.0521104741917435,0.93725906602474,1.1811262858009528,0.2346193951421716,0.0,0.017466110531803913,0
2025-07-31 02:00:00+00:00,3.825,3.85,3.767,3.85,31.91,0.0036429912785012,0.3649635036496512,1.6635859519408491,-1.7606532278642506,0.1259795890162617,0.0,0.6361756217935087,1.1469979372624628,2.155844155284201,0.0,0.013246753246753062,0
2025-07-31 03:00:00+00:00,3.859,3.868,3.859,3.868,23.75,0.0046644292913549,0.467532467532461,2.2198731501057,-0.9728622631848484,0.0938981057288957,0.0,0.6140265003680754,1.1507599683643217,0.2326783867030277,0.0,0.003877973112719868,0
2025-07-31 04:00:00+00:00,3.868,3.868,3.868,3.868,0.0,0.0,0.0,2.2198731501057,0.129433083096031,0.0,0.0,0.6140265003680754,1.1281274997077244,0.0,0.0,0.013185108583247285,0
2025-07-31 05:00:00+00:00,3.868,3.868,3.868,3.868,0.0,0.0,0.0,2.2198731501057,0.6505334374186766,0.0,0.0,0.6140265003680754,1.122597628574097,0.0,0.0,0.013185108583247285,0
2025-07-31 06:00:00+00:00,3.887,3.903,3.887,3.903,39.12,0.0090079106074301,0.9048603929679544,1.5877147319104612,1.5612802498048417,0.1540958799106985,0.0,0.3930825426931339,1.136625927139736,0.4099410708660159,0.0,-0.012810658467845237,0
2025-07-31 07:00:00+00:00,3.903,3.903,3.903,3.903,0.0,0.0,0.0,1.7466110531803911,1.5612802498048417,0.0,0.0,0.3638698227412924,1.136625927139736,0.0,0.0,-0.029208301306687168,0
2025-07-31 08:00:00+00:00,3.901,3.901,3.901,3.901,0.77,-0.0005125576739584,-0.0512426338713845,1.3246753246753062,1.3246753246753062,0.0030751463939292,0.0,0.3854834837633413,1.136575317772352,0.0,0.0,-0.03383747756985378,0
2025-07-31 09:00:00+00:00,3.88,3.883,3.879,3.883,30.05,-0.0046248797749891,-0.4614201486798253,0.3877973112719868,1.596023024594451,0.1195783916602079,0.0,0.4478792725767438,1.129837755566385,0.103013134148078,0.0,-0.027556013391707546,0
2025-07-31 10:00:00+00:00,3.901,3.919,3.901,3.919,1520.72,0.0092284684679642,0.9271182075714756,1.3185108583247285,2.8069254984260272,4.8466331316475095,0.0,0.5645569356390187,1.1407176076434131,0.4593008419343513,0.0,-0.017606532278642506,0
2025-07-31 11:00:00+00:00,3.919,3.919,3.919,3.919,0.0,0.0,0.0,1.3185108583247285,5.0107181136120005,0.0,0.0,0.5645569356390187,1.0374133429038377,0.0,0.0,-0.03189589180913499,0
2025-07-31 12:00:00+00:00,3.853,3.853,3.853,3.853,31.14,-0.0169844535734738,-1.6841030875223262,-1.2810658467845235,2.147401908801716,0.1049552364564801,0.0,0.8574168152786691,1.089660232717627,0.0,0.0,-0.006488450558006842,0
2025-07-31 13:00:00+00:00,3.822,3.822,3.789,3.789,120.13,-0.0167499336075568,-1.6610433428497329,-2.9208301306687168,0.3177124702144596,0.4193049687664883,0.8634222917678099,1.0289742823370247,1.1474209606731316,0.870942200878609,0.0,-0.01214040643969394,0
2025-07-31 14:00:00+00:00,3.783,3.783,3.756,3.769,21.96,-0.0052924177514653,-0.5278437582475592,-3.383747756985378,-2.0784619381657543,0.0777849932106578,0.3700766586386207,1.0060842892338488,1.0797724282972545,0.7163703898338134,0.0,-0.01193950650039799,0
2025-07-31 15:00:00+00:00,3.776,3.776,3.776,3.776,107.22,0.0018555339982558,0.1857256566728526,-2.7556013391707546,0.2655337227827958,0.3778434286170836,0.0,1.054054925616073,0.9841976179702312,0.0,0.0,-0.020921610169491456,0
2025-07-31 16:00:00+00:00,3.8,3.85,3.797,3.85,1211.54,0.0194079000164386,1.959745762711873,-1.7606532278642506,0.6272869837950834,6.850099534680623,0.0,1.3598247360910962,1.011535658826589,1.3766233762658104,0.0,-0.044415584415584464,0
2025-07-31 17:00:00+00:00,3.797,3.797,3.794,3.794,74.82,-0.0146522767868703,-1.4545454545454528,-3.189589180913499,-0.8363826450601186,0.4157080450114297,0.0790097445143538,1.4259813415259,1.0563985829127591,0.0790722192727831,0.0,-0.03189246178176064,0
2025-07-31 18:00:00+00:00,3.764,3.828,3.756,3.828,36.07,0.0089216020778852,0.8961518186610284,-0.6488450558006842,2.270905690622494,0.2034529276547064,0.0,1.397069278791939,0.9662212470193112,1.8808777424553629,0.0,-0.0433646812957158,0
2025-07-31 19:00:00+00:00,3.756,3.756,3.743,3.743,32.13,-0.0224550446684159,-2.2204806687565304,-1.214040643969394,0.7808292945611139,0.22498490122179,0.3461128859568363,1.5373782940430143,1.065152197079388,0.3473149878847649,0.0,-0.028586695164306675,0
2025-07-31 20:00:00+00:00,3.724,3.724,3.724,3.724,3.46,-0.0050890695074711,-0.50761421319796,-1.193950650039799,-1.663585951940838,0.0246227564794584,0.0,1.5365389722911824,0.9884732106855773,0.0,0.0,-0.004027926960257777,0
2025-07-31 21:00:00+00:00,3.724,3.724,3.697,3.697,73.0,-0.0072766794603257,-0.7250268528463999,-2.0921610169491456,-2.299154334038045,0.508607425897115,0.725026852651715,1.5359167240393403,0.9975595750094663,0.7303218824099788,0.0,0.0064917500676224815,0
2025-07-31 22:00:00+00:00,3.692,3.711,3.679,3.679,66.02,-0.0048807038318576,-0.4868812550716916,-4.441558441558446,-2.774841437632136,0.4513262236775268,0.8623012662726224,1.0556225467428964,1.0004685947416758,0.8698015762789348,0.5164446859156085,0.0019026909486272725,0
2025-07-31 23:00:00+00:00,3.696,3.696,3.673,3.673,18.06,-0.001632209285107,-0.1630877955966281,-3.189246178176064,-2.933403805496826,0.1228299865667601,0.6222943721260061,1.0139697522588098,1.0001916166283624,0.6261911242509726,0.0,-0.011162537435338904,0
2025-08-01 00:00:00+00:00,3.667,3.685,3.596,3.662,225.07,-0.0029993205852113,-0.2994827116798326,-4.33646812957158,-4.685059864653828,1.457750526911423,0.6241519672661766,0.7628754450550072,0.9370374757573364,2.4303659195984793,0.4915346803682384,-0.0076460950300382136,0
2025-08-01 01:00:00+00:00,3.678,3.678,3.636,3.636,53.26,-0.0071252699370865,-0.7099945385035444,-2.8586695164306675,-5.213764337851923,0.3435944304047504,1.1419249589064862,0.2231652070371711,0.9427725081983076,1.1551155112334617,0.0,-0.0005500550055006492,0
2025-08-01 02:00:00+00:00,3.694,3.709,3.642,3.709,16.14,0.0198781221922214,2.0077007700770144,-0.4027926960257777,-3.662337662337667,0.1045666944705366,0.0,1.0311407410660671,1.039986562885197,1.806416823454732,0.0,-0.026422216230789886,0
2025-08-01 03:00:00+00:00,3.714,3.721,3.713,3.721,211.36,0.0032301508570316,0.3235373416015097,0.6491750067622482,-3.8004136504653503,1.303337067442451,0.0,0.98472931612274,1.0366642708725309,0.2149959687678056,0.0,-0.026337006181134104,0
2025-08-01 04:00:00+00:00,3.695,3.695,3.686,3.686,27.97,-0.0094505901168539,-0.940607363611934,0.1902690948627272,-4.705274043433294,0.17124446111002,0.2435723950626298,1.0551914960757691,1.0481507570082829,0.2441671187617533,0.0,-0.009495387954422174,0
2025-08-01 05:00:00+00:00,3.648,3.648,3.632,3.632,57.84,-0.0147583985085845,-1.4650027129679777,-1.1162537435338904,-6.101344364012407,0.3489724348559206,0.4385964911078412,1.2259377983335742,1.0787042582268127,0.4405286342399429,0.0,0.005231277533039647,0
2025-08-01 06:00:00+00:00,3.646,3.653,3.631,3.634,67.65,0.0005505092349325,0.0550660792951518,-0.7646095030038214,-6.892134255700744,0.4052536204729139,0.5201204488036935,1.227966861078839,1.0525533933752542,0.6053935056121713,0.1926252063311465,0.014034122179416686,0
2025-08-01 07:00:00+00:00,3.634,3.634,3.634,3.634,0.0,0.0,0.0,-0.0550055005500649,-6.892134255700744,0.0,0.0,1.1941107171931689,1.0525533933752542,0.0,0.0,-0.023390203632360995,0
2025-08-01 08:00:00+00:00,3.619,3.619,3.574,3.611,354.65,-0.0063492276786586,-0.6329113924050556,-2.642221623078989,-7.433991284286067,1.9520854260876976,0.2210555401433946,0.6908941371947243,1.0533579074912491,1.2461921901838395,0.0,0.015231237884242521,0
2025-08-01 09:00:00+00:00,3.611,3.648,3.611,3.623,78.6,0.0033176696176195,0.3323179174743895,-2.6337006181134104,-6.695853721349465,0.4278705591735025,0.6853070173559989,0.6928496438030757,1.0611954916499144,1.0212531048795856,0.6900358816753948,0.009936516698868303,0
2025-08-01 10:00:00+00:00,3.611,3.651,3.611,3.651,75.38,0.0076986907605595,0.7728401876897495,-0.9495387954422174,-6.838479203878545,0.6104735327117691,0.0,0.7918735305446771,1.0540367577413838,1.0955902489466909,0.0,-0.013147082990961234,0
2025-08-01 11:00:00+00:00,3.651,3.651,3.651,3.651,0.0,0.0,0.0,0.5231277533039647,-6.838479203878545,0.0,0.0,0.4612054330965754,1.0540367577413838,0.0,0.0,-0.020542317173377067,0
2025-08-01 12:00:00+00:00,3.658,3.685,3.658,3.685,38.79,0.0092694229678001,0.9312517118597708,1.4034122179416686,-4.360238774980541,0.31333638492975,0.0,0.5729579415834546,1.0381822527802016,0.7327001354863808,0.0,-0.02632293080054271,0
2025-08-01 13:00:00+00:00,3.596,3.596,3.549,3.549,115.61,-0.0376046519769405,-3.6906377204884655,-2.3390203632360995,-6.334125098970711,0.9352929279233972,1.3070077860659084,1.741986443810477,1.23656984889024,1.3243167085589458,0.0,0.013524936601859716,0
2025-08-01 14:00:00+00:00,3.57,3.666,3.57,3.666,1375.66,0.0324352757531539,3.296703296703307,1.523123788424252,-2.732820376757761,7.642024859342308,0.0,2.273443046446083,1.4275855841038882,2.618657937092567,0.0,-0.01882160392798693,0
2025-08-01 15:00:00+00:00,3.645,3.659,3.608,3.659,810.81,-0.0019112633804434,-0.1909438079650827,0.9936516698868304,-3.098516949152541,3.873380985632056,0.0,2.279784306474129,1.4262023745444343,1.3938234486488514,0.0,-0.017764416507242364,0
2025-08-01 16:00:00+00:00,3.659,3.659,3.603,3.603,3871.87,-0.0154230542711134,-1.530472806777794,-1.3147082990961234,-6.415584415584408,12.09294892646355,1.530472806359521,2.3513450230294555,1.3827535322112534,1.5542603381753262,0.0,-0.025256730502359215,0
2025-08-01 17:00:00+00:00,3.665,3.665,3.576,3.576,28.29,-0.0075219744546885,-0.7493755203996755,-2.0542317173377067,-5.745914602003166,0.0888959881846299,2.428376534125954,2.3572777417376436,1.3636249700240628,2.4888143169774,0.0,-0.007829977628635354,0
2025-08-01 18:00:00+00:00,3.556,3.588,3.544,3.588,65.3,0.003350086885282,0.3355704697986628,-2.632293080054271,-6.269592476489027,0.2044106368652723,0.0,2.3051619907716243,1.3480497541402805,1.2263099216203162,0.0,-0.0016722408026756952,0
2025-08-01 19:00:00+00:00,3.588,3.597,3.588,3.597,51.3,0.0025052205169371,0.2508361204013321,1.3524936601859716,-3.90061448036334,0.1601854779213039,0.0,1.635585476998723,1.2837465821193776,0.2502085070196778,0.0,-0.0027800945232137053,0
2025-08-01 20:00:00+00:00,3.597,3.597,3.597,3.597,0.0,0.0,0.0,-1.882160392798693,-3.41031149301827,0.0,0.0,0.7147446245288425,1.282034349478076,0.0,0.0,-0.0008340283569642226,0
2025-08-01 21:00:00+00:00,3.6,3.6,3.594,3.594,73.4,-0.0008343763521196,-0.0834028356964222,-1.7764416507242364,-2.7860427373546215,0.2292845400830787,0.1666666666203766,0.7198618650450608,1.2760251819547117,0.1669449081338558,0.0,-0.0030606566499721266,0
2025-08-01 22:00:00+00:00,3.542,3.544,3.352,3.512,2940.99,-0.023080112588497,-2.2815804117974348,-2.5256730502359215,-4.539276977439521,6.685334343610488,0.902934536991272,0.998399888834113,1.35087230915251,5.466970385687086,0.0569476081842468,0.031321184510250566,0
2025-08-01 23:00:00+00:00,3.51,3.548,3.51,3.548,81.06,0.0101983886744627,1.025056947608194,-0.7829977628635354,-3.4032126327252943,0.1831691931075796,0.0,1.135425424340346,1.373424713303006,1.0710259297996052,0.0,0.020856820744081128,0
2025-08-02 00:00:00+00:00,3.559,3.582,3.559,3.582,60.85,0.0095372391911868,0.9582863585118284,-0.1672240802675695,-2.1845985800109213,0.1396605838505398,0.0,1.2117451285856833,1.3909750816257187,0.6420993856387128,0.0,-0.01675041876046901,0
2025-08-02 01:00:00+00:00,3.594,3.594,3.587,3.587,153.28,0.0013948949116256,0.1395868230039232,-0.2780094523213705,-1.3476347634763464,0.3484692331001474,0.1947690594894819,1.2074831933859005,1.3853113425762815,0.1951491496528626,0.0,-0.01812099247281862,0
2025-08-02 02:00:00+00:00,3.561,3.594,3.561,3.594,67.59,0.0019495898112216,0.1951491497072632,-0.0834028356964222,-3.100566190347809,0.1529149482710465,0.0,1.2115976605598084,1.316929609708285,0.91819699473617,0.0,-0.01029493600445186,0
2025-08-02 03:00:00+00:00,3.597,3.598,3.583,3.583,139.32,-0.0030653500385504,-0.3060656649972126,-0.3060656649972126,-3.708680462241331,0.3173513056395404,0.4168982767045774,1.2175669191782064,1.3137542489784906,0.4186435946361496,0.0279095729757408,-0.012838403572425383,0
2025-08-02 04:00:00+00:00,3.568,3.622,3.568,3.622,49.28,0.0108259211384048,1.088473346357799,3.1321184510250566,-1.736299511665762,0.1120263092087262,0.0,0.5810077558027396,1.3260433534911538,1.4908890111841782,0.0,-0.023467697404748744,0
2025-08-02 05:00:00+00:00,3.622,3.622,3.622,3.622,0.0,0.0,0.0,2.085682074408113,-0.2753303964757814,0.0,0.0,0.5518788135393723,1.2919407735831658,0.0,0.0,-0.023467697404748744,0
2025-08-02 06:00:00+00:00,3.545,3.545,3.522,3.522,109.92,-0.0279973493872073,-2.760905577029271,-1.675041876046901,-3.0820033021463966,0.2502459222434173,0.6488011281667735,1.3180568126334715,1.4114419245701486,0.653038046379039,0.0,0.009369676320272635,0
2025-08-02 07:00:00+00:00,3.522,3.522,3.522,3.522,0.0,0.0,0.0,-1.812099247281862,-3.0820033021463966,0.0,0.0,1.3103530329151167,1.4114419245701486,0.0,0.0,0.00596252129471897,0
2025-08-02 08:00:00+00:00,3.554,3.557,3.554,3.557,112.1,0.0098884828923037,0.9937535491198136,-1.029493600445186,-1.4954306286347308,0.261219100141147,0.0,1.40739670056267,1.4250599699450175,0.0843407365520581,0.0,-0.01546246837222387,0
2025-08-02 09:00:00+00:00,3.537,3.537,3.536,3.537,5090.71,-0.0056385827429745,-0.562271577171769,-1.2838403572425383,-2.3737234336185575,7.97942462891044,0.0,1.416192220282374,1.4260052927860294,0.0282725473485203,0.0,-0.00989539157478092,0
2025-08-02 10:00:00+00:00,3.537,3.537,3.537,3.537,0.0,0.0,0.0,-2.3467697404748744,-3.122432210353321,0.0,0.0,1.2801851879728277,1.414194753722035,0.0,0.0,-0.020638959570257298,0
2025-08-02 11:00:00+00:00,3.537,3.537,3.537,3.537,0.0,0.0,0.0,-2.3467697404748744,-3.122432210353321,0.0,0.0,1.2801851879728277,1.414194753722035,0.0,0.0,-0.02516256714729992,0
2025-08-02 12:00:00+00:00,3.555,3.555,3.555,3.555,14.02,0.0050761530318607,0.5089058524173184,0.9369676320272636,-3.5278154681139706,0.0221203100840075,0.0,0.5307488311318151,1.4030874570812577,0.0,0.0,-0.02925457102672291,0
2025-08-02 13:00:00+00:00,3.543,3.549,3.543,3.543,123.92,-0.0033812373718692,-0.3375527426160318,0.596252129471897,-0.1690617075232436,0.1954102815629583,0.1690617074756034,0.5672489151347196,1.1756321992420196,0.1693480101130765,0.1693480101130765,-0.012983347445667537,0
2025-08-02 14:00:00+00:00,3.51,3.51,3.502,3.502,43.59,-0.0116395920196748,-1.157211402766023,-1.546246837222387,-4.473540643753415,0.0753305106712601,0.2279202278552936,0.5727142733653807,0.9724760638889128,0.2284408908542432,0.0,-0.0014277555682467025,0
2025-08-02 15:00:00+00:00,3.502,3.502,3.502,3.502,0.0,0.0,0.0,-0.989539157478092,-4.290789833287789,0.0,0.0,0.5589229526553166,0.9732546364390658,0.0,0.0,0.003997715591090856,0
2025-08-02 16:00:00+00:00,3.487,3.543,3.464,3.464,80.14,-0.0109102431634713,-1.0850942318675003,-2.06389595702573,-3.8578961976131088,0.2071456727253273,2.2297487998222603,0.6621565665593089,0.9499252790430528,2.2806004612353976,1.616628175052938,0.012702078521940052,0
2025-08-02 17:00:00+00:00,3.525,3.525,3.448,3.448,103.39,-0.0046296378987421,-0.4618937644341847,-2.516256714729992,-3.579418344519014,0.265098032511585,2.184397162500879,0.640161500373397,0.943953547733389,2.2331786536446687,0.0,0.01740139211136893,0
2025-08-02 18:00:00+00:00,3.448,3.463,3.433,3.451,31.96,0.0008696913144198,0.0870069605568568,-2.925457102672291,-3.8182831661092487,0.0822402490879019,0.3465203579709733,0.5314321811280145,0.9397394914759718,0.8693132422865,0.3477252969145974,0.016516951608229524,0
2025-08-02 19:00:00+00:00,3.468,3.497,3.468,3.497,140.81,0.0132414139653722,1.3329469718921905,-1.2983347445667537,-2.780094523213794,0.3588914152319838,0.0,0.9204072532963652,0.9847181661805277,0.8292822416845036,0.0,0.00857878181298255,0
2025-08-02 20:00:00+00:00,3.497,3.497,3.497,3.497,0.0,0.0,0.0,-0.1427755568246702,-2.780094523213794,0.0,0.0,0.7952586074624265,0.9847181661805277,0.0,0.0,0.015441807263368634,0
2025-08-02 21:00:00+00:00,3.511,3.516,3.511,3.516,72.56,0.0054185217416918,0.5433228481555696,0.3997715591090856,-2.170283806343898,0.18495479258069,0.0,0.8285719346838623,0.9938872576166008,0.1422070534294033,0.0,0.009954493742889703,0
2025-08-02 22:00:00+00:00,3.441,3.508,3.441,3.508,20.37,-0.0022779053129939,-0.227531285551763,1.2702078521940052,-0.1138952164009166,0.0752717144451226,0.0,0.6411261202836376,0.8758773471722417,1.9099201818956948,0.0,0.01225769669327259,0
2025-08-02 23:00:00+00:00,3.508,3.508,3.508,3.508,0.0,0.0,0.0,1.740139211136893,-1.1273957158962844,0.0,0.0,0.5675156155508402,0.8483132426680652,0.0,0.0,0.011972633979475455,0
2025-08-03 00:00:00+00:00,3.508,3.508,3.508,3.508,0.0,0.0,0.0,1.6516951608229524,-2.065884980457844,0.0,0.0,0.5747273921500609,0.8212930796893648,0.0,0.0,0.016818700114025198,0
2025-08-03 01:00:00+00:00,3.527,3.527,3.527,3.527,3.39,0.0054015767439784,0.5416191562143791,0.857878181298255,-1.672706997490936,0.0131160860670095,0.0,0.3211378243102415,0.8301214629455265,0.0,0.0,0.011341083073433511,0
2025-08-03 02:00:00+00:00,3.518,3.551,3.518,3.551,46.62,0.0067816027070359,0.6804649844060151,1.5441807263368634,-1.1964385086254747,0.180987043237032,0.0,0.3757125063577384,0.8426001646771852,0.9293156854606364,0.0,0.004505773021683979,0
2025-08-03 03:00:00+00:00,3.551,3.551,3.551,3.551,0.0,0.0,0.0,0.9954493742889704,-0.8931063354730706,0.0,0.0,0.3577809662924455,0.8408663706507089,0.0,0.0,0.008729935229512709,0
2025-08-03 04:00:00+00:00,3.551,3.551,3.551,3.551,0.0,0.0,0.0,1.225769669327259,-1.960242959690772,0.0,0.0,0.317581033253661,0.8065093903654039,0.0,0.0,0.0104196001126442,0
2025-08-03 05:00:00+00:00,3.55,3.55,3.55,3.55,19.4,-0.0002816504736265,-0.0281610813855359,1.1972633979475455,-1.987852015461078,0.0774335179361275,0.0,0.3213682049815389,0.8064046289529326,0.0,0.0,0.0028169014084507005,0
2025-08-03 06:00:00+00:00,3.559,3.567,3.559,3.567,16.24,0.0047773028894301,0.4788732394366279,1.6818700114025198,1.27768313458263,0.0658465135606413,0.0,0.3215749090861689,0.5690253069303479,0.2242781047871383,0.0,-0.0019624334174376257,0
2025-08-03 07:00:00+00:00,3.567,3.567,3.567,3.567,0.0,0.0,0.0,1.134108307343351,1.27768313458263,0.0,0.0,0.3088559685197255,0.5690253069303479,0.0,0.0,0.005046257359125228,0
2025-08-03 08:00:00+00:00,3.567,3.567,3.567,3.567,0.0,0.0,0.0,0.4505773021683978,0.2811357885858845,0.0,0.0,0.1976535763030861,0.5329663181532824,0.0,0.0,0.012335295766750853,0
2025-08-03 09:00:00+00:00,3.559,3.582,3.559,3.582,18.8,0.0041963972617654,0.420521446593769,0.8729935229512709,1.2722646310432628,0.6137022075125059,0.0,0.2363038098112321,0.5245317028880705,0.6420993856387128,0.0,-0.0019542155220546586,0
2025-08-03 10:00:00+00:00,3.588,3.588,3.588,3.588,0.93,0.0016736405580296,0.1675041876046945,1.04196001126442,1.4418999151823542,0.0303203195034534,0.0,0.2254100718215149,0.5249133232906388,0.0,0.0,-0.0036231884057971175,0
2025-08-03 11:00:00+00:00,3.603,3.603,3.56,3.56,26.96,-0.0078343993326105,-0.7803790412486022,0.28169014084507,0.6502685891998983,0.8479098414095765,1.193449902527495,0.4545161939868759,0.5524235369643582,1.207865168200042,0.0,0.004213483146067398,0
2025-08-03 12:00:00+00:00,3.56,3.56,3.56,3.56,0.0,0.0,0.0,-0.1962433417437625,0.1406469760900197,0.0,0.0,0.4028536117251702,0.5428571368700766,0.0,0.0,0.004213483146067398,0
2025-08-03 13:00:00+00:00,3.589,3.589,3.585,3.585,163.57,0.0069979291876446,0.7022471910112404,0.5046257359125228,1.1854360711261558,4.977216537827308,0.1114516578123568,0.5030643058787213,0.5554590256434263,0.1115760111264782,0.0,0.008089260808926024,0
2025-08-03 14:00:00+00:00,3.611,3.611,3.611,3.611,13.82,0.007226268243737,0.7252440725244114,1.2335295766750851,3.1125071387778647,0.4370190787255064,0.0,0.5620106851645237,0.5077706625240089,0.0,0.0,0.0008307947936858628,0
2025-08-03 15:00:00+00:00,3.575,3.575,3.575,3.575,1.14,-0.0100195661493497,-0.9969537524231576,-0.1954215522054658,2.0845231296402256,0.0359952637799447,0.0,0.7281796728272067,0.557483550012716,0.0,0.0,0.010909090909090757,0
2025-08-03 16:00:00+00:00,3.575,3.575,3.575,3.575,0.0,0.0,0.0,-0.3623188405797117,3.2043879907621253,0.0,0.0,0.7221684222112887,0.4987208312996268,0.0,0.0,0.010909090909090757,0
2025-08-03 17:00:00+00:00,3.575,3.575,3.575,3.575,0.0,0.0,0.0,0.4213483146067398,3.683294663573089,0.0,0.0,0.6302938744701381,0.4834506291604324,0.0,0.0,0.008951048951048923,0
2025-08-03 18:00:00+00:00,3.575,3.575,3.575,3.575,0.0,0.0,0.0,0.4213483146067398,3.59316140249204,0.0,0.0,0.6302938744701381,0.4842744241138267,0.0,0.0,0.021538461538461506,0
2025-08-03 19:00:00+00:00,3.614,3.614,3.614,3.614,0.83,0.0108500160240656,1.0909090909090755,0.8089260808926024,3.3457249070631967,0.0492301608848042,0.0,0.7204374436883286,0.4608991182228243,0.0,0.0,0.009961261759822815,0
2025-08-03 20:00:00+00:00,3.614,3.614,3.614,3.614,0.0,0.0,0.0,0.0830794793685862,3.3457249070631967,0.0,0.0,0.6603023737318272,0.4608991182228243,0.0,0.0,0.006364139457664564,0
2025-08-03 21:00:00+00:00,3.611,3.614,3.611,3.614,32.85,0.0,0.0,1.0909090909090755,2.7872582480090946,2.160473528302485,0.0,0.4429500493330354,0.4534221770021479,0.0830105146422126,0.0,-0.0011068068622025473,0
2025-08-03 22:00:00+00:00,3.614,3.614,3.614,3.614,10.5,0.0,0.0,1.0909090909090755,3.0216647662485663,0.7097591887986588,0.0,0.4429500493330354,0.4482998104002054,0.0,0.0,-0.0011068068622025473,0
2025-08-03 23:00:00+00:00,3.614,3.614,3.607,3.607,2.8,-0.0019387902486347,-0.1936912008854374,0.8951048951048923,2.8221208665906605,0.1877881793921826,0.1936912008318417,0.4652886513708091,0.4523605792455547,0.1940670917121985,0.0,0.000831716107568603,0
2025-08-04 00:00:00+00:00,3.622,3.653,3.622,3.652,58.1,0.0123985608113201,1.2475741613529268,2.15384615384615,4.104903078677302,3.3523260005277917,0.027374760463349,0.631698606637492,0.50614213452,0.8488499450030569,0.027382256290418,0.00191675794085433,0
2025-08-04 01:00:00+00:00,3.658,3.658,3.65,3.65,30.48,-0.0005477951383219,-0.0547645125958395,0.9961261759822816,3.487383045080805,1.6511375947101126,0.2186987424224445,0.5318058941598475,0.5016523359868013,0.2191780821317322,0.0,0.002465753424657491,0
2025-08-04 02:00:00+00:00,3.619,3.637,3.619,3.637,10.84,-0.0035680015895481,-0.3561643835616412,0.6364139457664564,2.4218529991551607,0.6388056769254701,0.0,0.5723744671815053,0.4981046723346956,0.4949133900206395,0.0,0.0060489414352487,0
2025-08-04 03:00:00+00:00,3.61,3.61,3.61,3.61,13.82,-0.0074513936600624,-0.742370085235089,-0.1106806862202547,1.661503801745989,0.7876888001830848,0.0,0.6720607170622616,0.5269758153115889,0.0,0.0,0.013573407202216003,0
2025-08-04 04:00:00+00:00,3.61,3.61,3.61,3.61,0.0,0.0,0.0,-0.1106806862202547,1.661503801745989,0.0,0.0,0.6720607170622616,0.5269758153115889,0.0,0.0,0.004432132963988922,0
2025-08-04 05:00:00+00:00,3.61,3.61,3.61,3.61,0.0,0.0,0.0,0.0831716107568603,1.6901408450704205,0.0,0.0,0.6665779720267748,0.5267821409827089,0.0,0.0,0.0027700831024930483,0
2025-08-04 06:00:00+00:00,3.659,3.659,3.659,3.659,13.64,0.0134821136922801,1.3573407202216003,0.191675794085433,2.579198205775146,0.8202866592670915,0.0,0.7066968469366769,0.5830498381541487,0.0,0.0,-0.01229844219732168,0
2025-08-04 07:00:00+00:00,3.659,3.659,3.659,3.659,0.0,0.0,0.0,0.246575342465749,2.579198205775146,0.0,0.0,0.7057059757110788,0.5830498381541487,0.0,0.0,0.003006285870456482,0
2025-08-04 08:00:00+00:00,3.659,3.659,3.659,3.659,0.0,0.0,0.0,0.60489414352487,2.579198205775146,0.0,0.0,0.6800427335655073,0.5830498381541487,0.0,0.0,0.013938234490297852,0
2025-08-04 09:00:00+00:00,3.659,3.659,3.659,3.659,0.0,0.0,0.0,1.3573407202216003,2.149637074260191,0.0,0.0,0.5504049866712843,0.5795200299235993,0.0,0.0,0.012571740912817875,0
2025-08-04 10:00:00+00:00,3.626,3.626,3.626,3.626,16.9,-0.0090597737044104,-0.9018857611369224,0.4432132963988922,1.0590858416945403,1.0235962144490367,0.0,0.7219243367906519,0.613593070003864,0.0,0.0,0.013513513513513598,0
2025-08-04 11:00:00+00:00,3.605,3.629,3.605,3.62,29.67,-0.0016560864949796,-0.1654715940430207,0.2770083102493048,1.6853932584269593,1.7848405854149767,0.2480022043956978,0.7284423819828112,0.589875464287804,0.6629834252312206,0.2486187844617046,0.03812154696132586,0
2025-08-04 12:00:00+00:00,3.614,3.614,3.614,3.614,4.52,-0.0016588336676429,-0.165745856353594,-1.229844219732168,1.5168539325842725,0.2688609100662897,0.0,0.3522830579910358,0.5916959878117838,0.0,0.0,0.02877697841726623,0
2025-08-04 13:00:00+00:00,3.663,3.67,3.663,3.67,9.13,0.0153764698964421,1.5495296070835662,0.3006285870456482,2.3709902370990132,0.8798586571590147,0.0,0.803128758185085,0.6525095405546713,0.1907356947709199,0.0,0.003542234332424954,0
2025-08-04 14:00:00+00:00,3.678,3.71,3.678,3.71,12.55,0.0108402145528648,1.089918256130784,1.3938234490297852,2.7416228191636582,1.2156435402624255,0.0,0.9050817406981492,0.67145459483607,0.8625336924898839,0.0,-0.007277628032344996,0
2025-08-04 15:00:00+00:00,3.697,3.705,3.671,3.705,138.52,-0.0013486178712935,-0.1347708894878674,1.2571740912817877,3.6363636363636376,8.63165000595305,0.0,0.9135914175378584,0.6309787350873723,0.9176788121679748,0.0,0.0035087719298245723,0
2025-08-04 16:00:00+00:00,3.71,3.721,3.675,3.675,47.64,-0.0081301260832502,-0.809716599190291,1.3513513513513598,2.7972027972027913,2.641835532097758,1.2362268204148883,0.8914354388253868,0.6604520128579636,1.2517006799315171,0.2993197278097122,0.01959183673469389,0
2025-08-04 17:00:00+00:00,3.726,3.762,3.726,3.758,55.8,0.0223337683264736,2.2585034013605565,3.812154696132586,5.1188811188811245,2.740948443345565,0.1063264220876326,1.1748408663092151,0.7884827254537825,0.9579563595109224,0.1064395955012136,-0.009047365620010628,0
2025-08-04 18:00:00+00:00,3.718,3.718,3.718,3.718,1.34,-0.0107010116920213,-1.064395955295372,2.877697841726623,4.0000000000000036,0.0656420304909362,0.0,1.3424032538307942,0.8299239353260965,0.0,0.0,-0.00295857988165682,0
2025-08-04 19:00:00+00:00,3.668,3.683,3.668,3.683,5.44,-0.0094582518363241,-0.9413663259817184,0.3542234332424954,1.9092418372993911,0.2640029117840078,0.0,1.331248665629217,0.8353875091914045,0.4072766765117273,0.0,0.00570187347271256,0
2025-08-04 20:00:00+00:00,3.683,3.683,3.683,3.683,0.0,0.0,0.0,-0.7277628032344996,1.9092418372993911,0.0,0.0,1.234336357758835,0.8353875091914045,0.0,0.0,0.004344284550638067,0
2025-08-04 21:00:00+00:00,3.718,3.718,3.718,3.718,2.96,0.009458251836324,0.9503122454520784,0.3508771929824572,2.877697841726623,0.1528892714867755,0.0,1.3086482551283305,0.8536190988075062,0.0,0.0,-0.01371705217859065,0
2025-08-04 22:00:00+00:00,3.747,3.747,3.747,3.747,3.24,0.0077696305122979,0.7799892415276899,1.959183673469389,3.680132816823467,0.1700080893677591,0.0,1.2568619401437335,0.863615632258934,0.0,0.0,-0.02481985588470781,0
2025-08-04 23:00:00+00:00,3.742,3.766,3.706,3.724,204.55,-0.0061571603967296,-0.6138243928476061,-0.9047365620010628,3.243692819517596,7.447886639896275,1.115241635391593,0.8694130870293683,0.8751467507987902,1.6111707836704712,0.6444683134681884,-0.018796992481203034,0
2025-08-05 00:00:00+00:00,3.715,3.715,3.707,3.707,5.83,-0.0045754352462255,-0.4564983888292295,-0.295857988165682,1.5060240963855387,0.2305600869946873,0.2153432031721824,0.7702807955702453,0.8500351045081798,0.2158079308832459,0.0,-0.01726463447531701,0
2025-08-05 01:00:00+00:00,3.706,3.706,3.704,3.704,16.58,-0.0008096073846621,-0.0809279741030399,0.570187347271256,1.479452054794539,0.6710626169686369,0.0539665407301703,0.6386525771771403,0.850208649568632,0.0539956803309887,0.0,-0.029157667386609076,0
2025-08-05 02:00:00+00:00,3.718,3.718,3.684,3.699,25.39,-0.0013508039336161,-0.1349892008639441,0.4344284550638067,1.7047016772064882,1.0030287068342187,0.5110274339669137,0.6450103811372754,0.8466665110148615,0.9191673422765108,0.0,-0.02784536361178691,0
2025-08-05 03:00:00+00:00,3.693,3.693,3.667,3.667,4.0,-0.0086886237611279,-0.8650986753176548,-1.371705217859065,1.5789473684210575,0.1606156934852682,0.7040346599772515,0.5751338686267208,0.8522067334643727,0.7090264519473679,0.0,-0.0114535042268884,0
2025-08-05 04:00:00+00:00,3.654,3.654,3.654,3.654,24.84,-0.0035514311333739,-0.354513226070352,-2.481985588470781,1.218836565096959,0.957625212800807,0.0,0.2971590375921,0.8564621597403144,0.0,0.0,0.009578544061302763,0
2025-08-05 05:00:00+00:00,3.654,3.654,3.654,3.654,0.0,0.0,0.0,-1.8796992481203032,1.218836565096959,0.0,0.0,0.3209531108142224,0.8564621597403144,0.0,0.0,0.010946907498631697,0
2025-08-05 06:00:00+00:00,3.651,3.651,3.643,3.643,20.09,-0.0030149399293882,-0.3010399562123678,-1.726463447531701,-0.437277944793657,0.7665622664614706,0.2191180497893406,0.3134499926206715,0.8128721445287685,0.2195992313424105,0.0,0.015920944276695215,0
2025-08-05 07:00:00+00:00,3.646,3.646,3.596,3.596,134.48,-0.0129854014170528,-1.2901454844908011,-2.9157667386609076,-1.7217819076250307,4.227435262549321,1.3713658800407615,0.4933562107361312,0.8537903060120807,1.390433814963723,0.0,0.007230255839822064,0
2025-08-05 08:00:00+00:00,3.596,3.596,3.596,3.596,0.0,0.0,0.0,-2.784536361178691,-1.7217819076250307,0.0,0.0,0.5155489541381,0.8537903060120807,0.0,0.0,0.0,0
2025-08-05 09:00:00+00:00,3.639,3.639,3.625,3.625,12.26,0.0080321716972642,0.8064516129032251,-1.14535042268884,-0.9292156326865196,0.3793072331750681,0.3847210771132888,0.6822346971207097,0.8722922922964877,0.3862068964451785,0.0,-0.01406896551724146,0
2025-08-05 10:00:00+00:00,3.678,3.689,3.678,3.689,8.24,0.0175011303079005,1.765517241379322,0.9578544061302764,1.737451737451745,0.2578121944461546,0.0,1.0328307061806472,0.9244350395010952,0.2981837895640629,0.0,-0.03117375982651127,0
2025-08-05 11:00:00+00:00,3.693,3.694,3.693,3.694,58.21,0.0013544631625095,0.1355380862022137,1.0946907498631695,2.044198895027627,1.7559356970850706,0.0,1.0301402116699183,0.9231155100189,0.0270709258183319,0.0,-0.032485110990795873,0
2025-08-05 12:00:00+00:00,3.701,3.701,3.701,3.701,15.91,0.0018931716269706,0.1894964807796384,1.5920944276695217,2.407304925290532,0.4731598512870421,0.0,1.0032562057096064,0.9217761712997184,0.0,0.0,-0.032153472034585295,0
2025-08-05 13:00:00+00:00,3.648,3.648,3.622,3.622,87.96,-0.0215766939427973,-2.1345582275060893,0.7230255839822064,-1.3079019073569451,2.383120914783648,0.7127192980502481,1.2908350391530514,0.977956525780422,0.7178354498294283,0.0,-0.017669795692987322,0
2025-08-05 14:00:00+00:00,3.613,3.613,3.596,3.596,82.38,-0.0072042428518477,-0.7178354500276041,0.0,-3.0727762803234415,2.068852939277925,0.4705231108578653,1.336920977519436,0.9557025617605156,0.4727474970876649,0.0,-0.010567296996663034,0
2025-08-05 15:00:00+00:00,3.588,3.588,3.574,3.574,62.21,-0.0061366998721376,-0.6117908787541815,-1.406896551724146,-3.535762483130911,1.697890487245404,0.3901895205155613,1.291017169744143,0.9607916025237476,0.3917179629569965,0.0,-0.004476776720761078,0
2025-08-05 16:00:00+00:00,3.574,3.574,3.574,3.574,0.0,0.0,0.0,-3.117375982651127,-2.748299319727887,0.0,0.0,0.8869811211894896,0.9506777905085126,0.0,0.0,0.002797985450475826,0
2025-08-05 17:00:00+00:00,3.574,3.574,3.574,3.574,0.0,0.0,0.0,-3.2485110990795873,-4.896221394358702,0.0,0.0,0.8682497400000946,0.8095266063121818,0.0,0.0,0.007274762171236793,0
2025-08-05 18:00:00+00:00,3.582,3.582,3.582,3.582,0.56,0.0022358869012836,0.2238388360380483,-3.2153472034585295,-3.6578805809575066,0.0173390270013853,0.0,0.8741818851586819,0.7926021196283418,0.0,0.0,0.009212730318258089,0
2025-08-05 19:00:00+00:00,3.595,3.595,3.557,3.558,10081.46,-0.0067227143948765,-0.670016750418756,-1.7669795692987322,-3.393972305185988,22.29764034221855,1.029207231980759,0.4166118440572225,0.7826435491861653,1.0680157388791485,0.0,0.00786958965711082,0
2025-08-05 20:00:00+00:00,3.558,3.558,3.558,3.558,0.0,0.0,0.0,-1.0567296996663034,-3.393972305185988,0.0,0.0,0.3715999877360187,0.7826435491861653,0.0,0.0,0.001686340640809414,0
2025-08-05 21:00:00+00:00,3.558,3.558,3.558,3.558,0.0,0.0,0.0,-0.4476776720761077,-4.303388918773543,0.0,0.0,0.3060679954221651,0.7484534174913782,0.0,0.0,0.000843170320404818,0
2025-08-05 22:00:00+00:00,3.556,3.584,3.541,3.584,40.06,0.0072809058690407,0.7307476110174349,0.2797985450475826,-4.350146784093933,0.0883269744352903,0.0,0.4514521540161016,0.7457889894038797,1.1997767853795307,0.0,-0.006417410714285698,0
2025-08-05 23:00:00+00:00,3.626,3.626,3.6,3.6,1017.51,0.0044543503493803,0.4464285714285809,0.7274762171236793,-3.329752953813103,2.08756220095879,0.7170435739886752,0.4781010072138574,0.7506030587508628,0.7222222220215994,0.0,0.01027777777777783,0
2025-08-06 00:00:00+00:00,3.594,3.615,3.594,3.615,59.0,0.0041580101486636,0.4166666666666652,0.9212730318258088,-2.4817912058268,0.1204989473359272,0.0,0.4925855471445228,0.7557472381376882,0.580912862909854,0.0,0.006085753803596106,0
2025-08-06 01:00:00+00:00,3.586,3.586,3.586,3.586,195.75,-0.0080544804277869,-0.8022130013831341,0.786958965711082,-3.1857451403887738,0.3937869175227256,0.0,0.5380993151822994,0.7691083229661941,0.0,0.0,0.014221974344673871,0
2025-08-06 02:00:00+00:00,3.561,3.608,3.561,3.564,23.68,-0.0061538655743782,-0.6134969325153339,0.1686340640809414,-3.649635036496346,0.0476434786981587,1.21951219478395,0.6203441508308367,0.775336963746788,1.3187429850396386,1.2345679008881694,0.02048260381593714,0
2025-08-06 03:00:00+00:00,3.561,3.561,3.561,3.561,19.5,-0.0008421053129222,-0.0841750841750865,0.0843170320404818,-2.8906463048813724,0.0391825252634404,0.0,0.62205682055116,0.7603206263466268,0.0,0.0,0.015725919685481538,0
2025-08-06 04:00:00+00:00,3.561,3.561,3.561,3.561,0.0,0.0,0.0,-0.6417410714285698,-2.545155993431858,0.0,0.0,0.517060875262942,0.759045161170866,0.0,0.0,0.015725919685481538,0
2025-08-06 05:00:00+00:00,3.612,3.637,3.612,3.637,1516.04,0.0211177617092113,2.134231957315369,1.027777777777783,-0.4652435686918421,2.708161336176713,0.0,1.048118856933831,0.8841335785471662,0.6873797083620048,0.0,-0.00549903766840798,0
2025-08-06 06:00:00+00:00,3.637,3.637,3.637,3.637,0.0,0.0,0.0,0.6085753803596106,-0.1646994235520171,0.0,0.0,1.0423802967545976,0.8820911533647885,0.0,0.0,-0.00549903766840798,0
2025-08-06 07:00:00+00:00,3.637,3.637,3.637,3.637,0.0,0.0,0.0,1.4221974344673871,1.140155728587322,0.0,0.0,0.950054278943722,0.8381481257367392,0.0,0.0,-0.015122353588122084,0
2025-08-06 08:00:00+00:00,3.637,3.637,3.637,3.637,0.0,0.0,0.0,2.048260381593714,1.140155728587322,0.0,0.0,0.8696573584828584,0.8381481257367392,0.0,0.0,-0.0010998075336815516,0
2025-08-06 09:00:00+00:00,3.617,3.617,3.617,3.617,13.87,-0.005514213034891,-0.549903766840798,1.5725919685481538,-0.2206896551724124,0.0250618490416145,0.0,0.93358229395794,0.8306034969513286,0.0,0.0,0.01465302737074925,0
2025-08-06 10:00:00+00:00,3.617,3.617,3.617,3.617,13.82,0.0,0.0,1.5725919685481538,-1.9517484413120068,0.0249610172246221,0.0,0.93358229395794,0.7414736227481054,0.0,0.0,0.016864805087088763,0
2025-08-06 11:00:00+00:00,3.617,3.617,3.617,3.617,0.0,0.0,0.0,-0.549903766840798,-2.084461288576067,0.0,0.0,0.2251168044747903,0.7402600709958408,0.0,0.0,0.015758916228918896,0
2025-08-06 12:00:00+00:00,3.617,3.617,3.617,3.617,0.0,0.0,0.0,-0.549903766840798,-2.2696568495001346,0.0,0.0,0.2251168044747903,0.7381848204946554,0.0,0.0,0.02267072159247996,0
2025-08-06 13:00:00+00:00,3.574,3.582,3.574,3.582,26.43,-0.0097236493314409,-0.96765275089854,-1.5122353588122084,-1.1043622308117065,0.0482289369058605,0.0,0.4153484323611913,0.6252399006061166,0.2233389167439033,0.0,0.018425460636515956,0
2025-08-06 14:00:00+00:00,3.633,3.633,3.633,3.633,7.78,0.0141374496005448,1.4237855946398703,-0.1099807533681551,1.028921023359275,0.0142777727224847,0.0,0.8057562471125183,0.6749769539999659,0.0,0.0,0.006330856041838695,0
2025-08-06 15:00:00+00:00,3.658,3.67,3.625,3.67,46.81,0.010132908827414,1.0184420589044896,1.465302737074925,2.6860660324566243,0.0860064904490517,0.0,0.8506760698530853,0.6877735618194241,1.226158037813034,0.0,0.0021798365122616126,0
2025-08-06 16:00:00+00:00,3.678,3.678,3.678,3.678,119.46,0.0021774641156504,0.2179836512261612,1.6864805087088763,2.909904868494695,0.2175010412134658,0.0,0.842873300723949,0.687689509142844,0.0,0.0,-0.0013594344752582144,0
2025-08-06 17:00:00+00:00,3.674,3.674,3.674,3.674,135.94,-0.0010881393891954,-0.1087547580206682,1.5758916228918896,2.7979854504756707,0.2449797900078707,0.0,0.8511997225718579,0.6888694208935034,0.0,0.0,0.0024496461622209864,0
2025-08-06 18:00:00+00:00,3.688,3.699,3.688,3.699,148.29,0.0067815260573829,0.6804572672836073,2.267072159247996,3.266331658291466,0.2643040682039639,0.0,0.8546921550758921,0.6981715697244678,0.2973776695600405,0.0,-0.010002703433360294,0
2025-08-06 19:00:00+00:00,3.684,3.684,3.648,3.648,96.58,-0.0138834406382319,-1.3787510137875048,1.8425460636515956,2.5295109612141653,0.6659694528357877,0.97719869680315,0.9916148989325744,0.7476683210921411,0.9868421049926428,0.0,0.00164473684210531,0
2025-08-06 20:00:00+00:00,3.656,3.656,3.656,3.656,0.6,0.0021905813798186,0.2192982456140413,0.6330856041838695,2.754356379988776,0.0041365997150057,0.0,0.8312652939584615,0.7476795311525908,0.0,0.0,-0.003282275711159688,0
2025-08-06 21:00:00+00:00,3.678,3.678,3.678,3.678,8.13,0.0059994725902256,0.6017505470459428,0.2179836512261612,3.3726812816188945,0.0559203267173913,0.0,0.7545415960358891,0.7537345756071042,0.0,0.0,-0.008972267536704659,0
2025-08-06 22:00:00+00:00,3.673,3.673,3.673,3.673,20.41,-0.001360359344599,-0.1359434475258214,-0.1359434475258214,2.483258928571419,0.1411805395424865,0.0,0.7513421764421814,0.744919115608244,0.0,0.0,-0.00762319629730468,0
2025-08-06 23:00:00+00:00,3.683,3.683,3.683,3.683,1.29,0.0027188706253979,0.2722570106180155,0.2449646162220986,2.3055555555555385,0.0126193251757563,0.0,0.7586520803882093,0.7422800812493257,0.0,0.0,-0.0029866956285635737,0
2025-08-07 00:00:00+00:00,3.662,3.662,3.662,3.662,1.14,-0.0057181912106092,-0.5701873472712449,-1.0002703433360294,1.3001383125864407,0.0114213197968398,0.0,0.7192200819948477,0.7510449386324161,0.0,0.0,0.002730748225013624,0
2025-08-07 01:00:00+00:00,3.698,3.698,3.654,3.654,40.82,-0.002186988296504,-0.2184598580010965,0.164473684210531,1.8962632459565087,0.4372419764390206,1.1898323414846326,0.4172904557889018,0.7311441836358595,1.2041598245199354,0.0,0.0049261083743843415,0
2025-08-07 02:00:00+00:00,3.668,3.682,3.644,3.644,22.49,-0.002740478558103,-0.2736726874657869,-0.3282275711159688,2.24466891133559,0.2410288470100093,1.032047799828336,0.4205374910944143,0.7203038239813212,1.0428100985063586,0.3841931941865493,0.007683863885839637,0
2025-08-07 03:00:00+00:00,3.645,3.645,3.645,3.645,26.54,0.0002743860629096,0.0274423710208582,-0.8972267536704659,2.3588879528222417,0.2835419597199099,0.0,0.2855544245474362,0.7194730309805849,0.0,0.0,0.007407407407407529,0
2025-08-07 04:00:00+00:00,3.645,3.645,3.645,3.645,0.0,0.0,0.0,-0.762319629730468,2.3588879528222417,0.0,0.0,0.2922277261811774,0.7194730309805849,0.0,0.0,0.028806584362139898,0
2025-08-07 05:00:00+00:00,3.671,3.672,3.671,3.672,122.55,0.0073801072976226,0.7407407407407529,-0.2986695628563574,0.9623315919714104,3.44826777644321,0.0,0.4428113480443124,0.5963326508771002,0.0272331154610022,0.0,0.030501089324618702,0
2025-08-07 06:00:00+00:00,3.672,3.672,3.672,3.672,0.0,0.0,0.0,0.2730748225013624,0.9623315919714104,0.0,0.0,0.3622015084960573,0.5963326508771002,0.0,0.0,0.03267973856209139,0
2025-08-07 07:00:00+00:00,3.672,3.672,3.672,3.672,0.0,0.0,0.0,0.4926108374384341,0.9623315919714104,0.0,0.0,0.3406667107803507,0.5963326508771002,0.0,0.0,0.029956427015250586,0
2025-08-07 08:00:00+00:00,3.672,3.672,3.672,3.672,0.0,0.0,0.0,0.7683863885839637,0.9623315919714104,0.0,0.0,0.2992526023330096,0.5963326508771002,0.0,0.0,0.02777777777777768,0
2025-08-07 09:00:00+00:00,3.672,3.672,3.672,3.672,34.78,0.0,0.0,0.7407407407407529,1.5205971799834073,0.9552102167132874,0.0,0.3012916187694408,0.5830335298326744,0.0,0.0,0.02777777777777768,0
2025-08-07 10:00:00+00:00,3.695,3.76,3.695,3.75,90.27,0.0210193672240753,2.12418300653594,2.8806584362139898,3.6770804534144386,2.2797613409785034,0.2659574467377716,0.8507150992432142,0.715907753577387,1.7333333328711096,0.2666666665955498,-0.007999999999999896,0
2025-08-07 11:00:00+00:00,3.77,3.784,3.77,3.784,7060.04,0.0090258112073122,0.9066666666666556,3.05010893246187,4.617085982858726,21.152753624934277,0.0,0.8635125267822414,0.7312036060786954,0.3699788582531713,0.0,-0.016913319238900493,0
2025-08-07 12:00:00+00:00,3.791,3.792,3.791,3.792,8.11,0.0021119332031435,0.2114164904862603,3.2679738562091387,4.838263754492678,0.0242739877731406,0.0,0.8430808860275535,0.7301118589464608,0.0263713080099202,0.0,-0.01793248945147674,0
2025-08-07 13:00:00+00:00,3.791,3.807,3.782,3.782,837.64,-0.0026406141565095,-0.2637130801687704,2.995642701525058,5.5834729201563515,2.276796301554345,0.656685053675678,0.8826190958735652,0.6942277860709591,0.6610259120409744,0.4230565837062255,0.00026441036488633607,0
2025-08-07 14:00:00+00:00,3.77,3.778,3.77,3.774,29.02,-0.0021175232899073,-0.2115282919090466,2.777777777777768,3.881090008257648,0.0786902137744154,0.1058761249058031,0.9100316242327172,0.6513176728591619,0.2119766825087504,0.1059883412543752,0.004769475357710551,0
2025-08-07 15:00:00+00:00,3.774,3.774,3.774,3.774,0.0,0.0,0.0,2.777777777777768,2.833787465940052,0.0,0.0,0.9100316242327172,0.6258532052410073,0.0,0.0,0.017223105458399557,0
2025-08-07 16:00:00+00:00,3.772,3.773,3.699,3.72,158.61,-0.0144117786613032,-1.4308426073131877,-0.7999999999999896,1.141924959216967,0.4304571283170405,1.4047177308760337,0.7672405250395087,0.7012454393274551,1.9892473112932203,0.0268817204228902,0.038709677419354716,0
2025-08-07 17:00:00+00:00,3.72,3.72,3.72,3.72,0.0,0.0,0.0,-1.6913319238900493,1.2520413718018597,0.0,0.0,0.5918117559635401,0.7005435433808346,0.0,0.0,0.036021505376343965,0
2025-08-07 18:00:00+00:00,3.724,3.724,3.724,3.724,2.96,0.0010746911297653,0.1075268817204211,-1.793248945147674,0.6758583400919171,0.0082971462208275,0.0,0.5757398927406693,0.6879323515765359,0.0,0.0,0.048872180451127845,0
2025-08-07 19:00:00+00:00,3.747,3.783,3.747,3.783,152.3,0.0157189862360715,1.584317937701396,0.0264410364886336,3.700657894736836,0.4241502953212365,0.0,0.959596904246698,0.6883138242427793,0.9516256936421827,0.0,0.02194025905366126,0
2025-08-07 20:00:00+00:00,3.784,3.792,3.784,3.792,11.54,0.0023762387418831,0.2379064234734329,0.4769475357710551,3.71991247264769,0.032097758163422,0.0,0.9568845824464522,0.6884035846727434,0.2109704640793856,0.0,0.01951476793248963,0
2025-08-07 21:00:00+00:00,3.809,3.839,3.809,3.839,466.14,0.0123183316258853,1.2394514767932518,1.7223105458399557,4.377379010331706,1.2311864108302235,0.0,1.0627583846802595,0.7177320355267446,0.7814535033129791,0.0,0.012503256056264567,0
2025-08-07 22:00:00+00:00,3.842,3.864,3.842,3.864,386.65,0.0064910003316107,0.6512112529304392,3.870967741935472,5.200108902804246,0.9816680401418444,0.0,0.6439852461400316,0.7206588672484794,0.5693581779064756,0.0,0.004917184265010421,0
2025-08-07 23:00:00+00:00,3.851,3.856,3.851,3.854,59.33,-0.0025913463580969,-0.2587991718426496,3.6021505376343965,4.642954113494446,0.1497140658165296,0.0518672199035556,0.7010851455161814,0.7268407305750356,0.1297353398729252,0.0518941359491655,0.00856253243383498,0
2025-08-08 00:00:00+00:00,3.864,3.919,3.849,3.906,1298.2,0.0134022624623125,1.3492475350285416,4.8872180451127845,6.663025669033318,2.8827561831506885,0.3317172747303579,0.7120141459572806,0.7443878781188672,1.7921146948816868,0.3328213004780257,-0.01228878648233489,0
2025-08-08 01:00:00+00:00,3.886,3.886,3.819,3.866,3085.73,-0.010293451668348,-1.0240655401945742,2.194025905366126,5.801860974274775,5.345993979590677,0.5146680389823298,0.9091843925922592,0.7847652483949393,1.733057423245463,0.0,0.011639937920331134,0
2025-08-08 02:00:00+00:00,3.866,3.866,3.866,3.866,0.0,0.0,0.0,1.951476793248963,6.092206366630082,0.0,0.0,0.920772572553565,0.7790091295931181,0.0,0.0,0.011639937920331134,0
2025-08-08 03:00:00+00:00,3.887,3.887,3.887,3.887,69.43,0.005417271083947,0.5431971029487892,1.250325605626457,6.639231824417013,0.120109851296888,0.0,0.822237948161796,0.7797968894251056,0.0,0.0,-0.0005145356315925387,0
2025-08-08 04:00:00+00:00,3.873,3.883,3.873,3.883,6.34,-0.0010296011205558,-0.1029071263184966,0.4917184265010421,6.529492455418384,0.010962820361316,0.0,0.7983579517028346,0.7816155462855414,0.2575328353701895,0.0,0.00103013134174601,0
2025-08-08 05:00:00+00:00,3.866,3.887,3.854,3.887,1347.33,0.0010296011205557,0.103013134174601,0.856253243383498,5.855119825708055,2.1408250035386076,0.0,0.7809316110787903,0.7755810324816352,0.8489837919091865,0.0,0.0,0
2025-08-08 06:00:00+00:00,3.837,3.858,3.837,3.858,157.26,-0.0074887373865487,-0.7460766658091034,-1.228878648233489,5.065359477124187,0.2473017387334857,0.0,0.5796920764574821,0.8002075711818223,0.5443234835292035,0.0,0.007516848107827823,0
2025-08-08 07:00:00+00:00,3.849,3.945,3.849,3.911,212.84,0.0136441812898398,1.373768792120278,1.1639937920331134,6.508714596949883,0.3301013537086822,0.8618504433810216,0.7090706099544721,0.8327503230519185,2.4546151873038475,0.8693428788367776,0.008437739708514469,0
2025-08-08 08:00:00+00:00,3.911,3.911,3.911,3.911,0.0,0.0,0.0,1.1639937920331134,6.508714596949883,0.0,0.0,0.7090706099544721,0.8327503230519185,0.0,0.0,0.010227563283047747,0
2025-08-08 09:00:00+00:00,3.885,3.885,3.885,3.885,19.52,-0.0066701119537664,-0.6647916133981191,-0.0514535631592538,5.800653594771221,0.0303041672110613,0.0,0.7600148339671056,0.8527893668209986,0.0,0.0,-0.002574002574002532,0
2025-08-08 10:00:00+00:00,3.887,3.887,3.887,3.887,12.94,0.0005146680504754,0.0514800514800573,0.103013134174601,3.65333333333333,0.0201899241512291,0.0,0.7587931814605904,0.7546827712947475,0.0,0.0,-0.0010290712631849663,0
2025-08-08 11:00:00+00:00,3.887,3.887,3.887,3.887,0.0,0.0,0.0,0.0,2.7219873150105656,0.0,0.0,0.7576280715399442,0.7378243223133005,0.0,0.0,0.022125032158476943,0
2025-08-08 12:00:00+00:00,3.887,3.887,3.887,3.887,0.0,0.0,0.0,0.7516848107827823,2.505274261603385,0.0,0.0,0.665690761751319,0.7378480110085118,0.0,0.0,0.018780550553125774,0
2025-08-08 13:00:00+00:00,3.943,3.944,3.906,3.944,28.74,0.0145577848703028,1.466426550038591,0.8437739708514469,4.283447911158111,0.0919081983986145,0.0,0.6998825921352689,0.7827859862341932,0.9634888435690904,0.0,0.005578093306288112,0
2025-08-08 14:00:00+00:00,3.946,3.952,3.916,3.951,38.5,0.0017732746888648,0.1774847870182672,1.0227563283047747,4.689984101748812,0.1229645638480254,0.0253036437182908,0.696522343935633,0.7784501512263557,0.9111617309766746,0.0253100480826826,0.007593014426727329,0
2025-08-08 15:00:00+00:00,3.875,3.875,3.875,3.875,59.75,-0.0194230486239433,-1.9235636547709432,-0.2574002574002532,2.676205617382088,0.1893291753084462,0.0,1.0876453532599486,0.8918680147276656,0.0,0.0,0.026322580645161242,0
2025-08-08 16:00:00+00:00,3.883,3.883,3.883,3.883,26.67,0.0020623879442199,0.2064516129032245,-0.1029071263184966,4.381720430107516,0.0860071726388856,0.0,1.092158583345978,0.8284281369772208,0.0,0.0,0.024980685037342187,0
2025-08-08 17:00:00+00:00,3.931,3.973,3.926,3.973,265.77,0.0229134260829315,2.317795518928656,2.2125032158476943,6.801075268817192,0.8275207124056672,0.0,1.4434611143775502,0.9324436529522896,1.1829851494631225,0.0,0.0017618927762397263,0
2025-08-08 18:00:00+00:00,3.973,3.973,3.96,3.96,36.01,-0.0032774515660727,-0.3272086584445,1.8780550553125777,6.337271750805584,0.1116446346006544,0.3272086583621398,1.4660485170222253,0.9400274393055688,0.328282828199926,0.0,0.005555555555555536,0
2025-08-08 19:00:00+00:00,3.966,3.966,3.966,3.966,6.29,0.001514004831215,0.1515151515151469,0.5578093306288112,4.837430610626492,0.0198762867051029,0.0,1.354662087101141,0.8973228251912044,0.0,0.0,0.009329299041855643,0
2025-08-08 20:00:00+00:00,3.981,3.981,3.981,3.981,18.72,0.0037750139205757,0.3782148260211615,0.7593014426727329,4.984177215189867,0.0590989929176157,0.0,1.3596186707921372,0.8980532291059101,0.0,0.0,-0.0015071590052749828,0
2025-08-08 21:00:00+00:00,3.977,3.977,3.977,3.977,254.2,-0.0010052777926265,-0.1004772670183395,2.632258064516124,3.5946861161760824,0.8255234620864041,0.0,0.9434639743747696,0.8724842587101465,0.0,0.0,-0.0005028916268543515,0
2025-08-08 22:00:00+00:00,3.983,3.99,3.98,3.98,60.1,0.0007540530707927,0.0754337440281638,2.4980685037342187,3.002070393374745,0.2041997998200792,0.2506265663532322,0.9512340351133576,0.8659687001019212,0.2512562813439112,0.1758793969407367,-0.0012562814070351536,0
2025-08-08 23:00:00+00:00,3.99,3.991,3.98,3.98,9.97,0.0,0.0,0.1761892776239726,3.269330565646089,0.0341131201784895,0.2756201452579283,0.2381064525501092,0.8626026878585163,0.276381909478299,0.0251256281343877,0.025879396984924696,0
2025-08-09 00:00:00+00:00,3.98,3.982,3.98,3.982,202.02,0.0005023863456583,0.0502512562814194,0.5555555555555536,1.9457245263696965,0.8192587861335145,0.0,0.1628429456745597,0.8234795304670806,0.0502260170642381,0.0,0.016574585635359185,0
2025-08-09 01:00:00+00:00,3.931,4.003,3.931,4.003,120.99,0.005259874368432,0.5273731793068892,0.9329299041855644,3.5437144335230153,0.983195582018088,0.0,0.2423913893789141,0.7929931790774878,1.79865101129187,0.0,0.012990257307019526,0
2025-08-09 02:00:00+00:00,4.006,4.027,3.975,3.975,121.02,-0.0070193319041413,-0.699475393454907,-0.1507159005274982,2.8194516295913186,0.9447276062650476,1.2912838337990369,0.3959538125592683,0.811310213868423,1.3081761002998311,0.5283018866595444,0.028427672955974925,0
2025-08-09 03:00:00+00:00,3.975,3.975,3.975,3.975,0.0,0.0,0.0,-0.0502891626854351,2.263956779006948,0.0,0.0,0.3942489457724555,0.8064679237545268,0.0,0.0,0.02993710691823903,0
2025-08-09 04:00:00+00:00,3.975,3.975,3.975,3.975,0.0,0.0,0.0,-0.1256281407035153,2.3693020860159786,0.0,0.0,0.3922405370764608,0.8056520757185761,0.0,0.0,0.03446540880503135,0
2025-08-09 05:00:00+00:00,4.031,4.085,3.999,4.083,842.66,0.0268072642311435,2.71698113207548,2.5879396984924696,5.0424491896063905,8.10909513739354,0.0489596083111428,1.1721920027122894,0.962888124718321,2.106294390863015,0.048983590485181,0.003673769287288575,0
2025-08-09 06:00:00+00:00,4.048,4.048,4.048,4.048,11.95,-0.0086090803522743,-0.8572128337007157,1.6574585635359185,4.924831518921713,0.1221121831159337,0.0,1.284246361249717,0.9679716132856364,0.0,0.0,0.022233201581027595,0
2025-08-09 07:00:00+00:00,4.055,4.055,4.055,4.055,6.38,0.0017277555822117,0.1729249011857669,1.2990257307019526,3.6819227818972062,0.0714779198946337,0.0,1.278466597163299,0.9356868544071282,0.0,0.0,0.015043156596794116,0
2025-08-09 08:00:00+00:00,4.081,4.088,4.081,4.088,8.5,0.0081051653340272,0.8138101109741225,2.8427672955974925,4.525696752748654,0.0948528386096263,0.0,1.2086913461880928,0.9445972859316948,0.171232876670434,0.0,-0.005136986301369828,0
2025-08-09 09:00:00+00:00,4.075,4.094,4.075,4.094,26.74,0.0014666343376944,0.1467710371819919,2.993710691823903,5.379665379665388,0.2973974938796905,0.0,1.1987961504248668,0.92715000092051,0.4640937956853734,0.0,-0.002442598925256667,0
2025-08-09 10:00:00+00:00,4.094,4.112,4.087,4.112,156.56,0.0043870409137661,0.4396678065461623,3.446540880503135,5.788525855415494,1.6325764487955086,0.0,1.1759750130334852,0.9274892771469956,0.6079766535486525,0.0,-0.00024319066147870938,0
2025-08-09 11:00:00+00:00,4.098,4.098,4.098,4.098,18.21,-0.003410478336156,-0.3404669260700488,0.3673769287288575,5.428350913300739,0.1883996120252088,0.0,0.5892069614619139,0.9338287672785892,0.0,0.0,0.0,0
2025-08-09 12:00:00+00:00,4.113,4.144,4.082,4.138,315.15,0.0097135295066433,0.9760858955588204,2.2233201581027595,6.457422176485728,2.8705453717147145,0.1447876447527111,0.4805605927487779,0.9448522426342074,1.4983083611652297,0.1449975833385754,-0.009666505558240668,0
2025-08-09 13:00:00+00:00,4.116,4.116,4.116,4.116,6.29,-0.0053307613515481,-0.5316578057032451,1.5043156596794116,4.361054766734274,0.057784837986799,0.0,0.6071827424602837,0.9224334779047356,0.0,0.0,0.006073858114674424,0
2025-08-09 14:00:00+00:00,4.077,4.089,4.044,4.067,53.98,-0.0119761910467155,-1.1904761904761751,-0.5136986301369828,2.9359655783345984,0.4929811676826123,0.5380288577798961,0.7678626520293705,0.9642183889242224,1.106466682786726,0.2950577820764661,0.020162281780181868,0
2025-08-09 15:00:00+00:00,4.062,4.096,4.062,4.084,24.03,0.0041712733773314,0.4179985247110718,-0.2442598925256667,5.393548387096758,0.2224819748379414,0.2929687499284855,0.7918068201134622,0.8593230300247998,0.8325171398549128,0.2938295787723349,0.011018609206660201,0
2025-08-09 16:00:00+00:00,4.099,4.111,4.099,4.111,63.91,0.0065894076133223,0.661116552399621,-0.0243190661478709,5.871748647952613,0.5833311148666066,0.0,0.8229704022236362,0.8639893319739094,0.2918997810041491,0.0,0.004135246898564926,0
2025-08-09 17:00:00+00:00,4.098,4.116,4.076,4.098,33.59,-0.0031672580990333,-0.3162247628314296,0.0,3.1462371004278955,0.3362825213646893,0.4373177841503066,0.821036128559347,0.7511072817636439,0.9760858953206242,0.4392386528942754,0.007808687164470474,0
2025-08-09 18:00:00+00:00,4.098,4.098,4.098,4.098,0.0,0.0,0.0,-0.9666505558240668,3.48484848484849,0.0,0.0,0.6737537593869495,0.7453983639720572,0.0,0.0,0.019521717911176184,0
2025-08-09 19:00:00+00:00,4.132,4.141,4.132,4.141,5.65,0.0104382547467222,1.0492923377257268,0.6073858114674424,4.412506303580432,0.0574425362822569,0.0,0.7963996057049616,0.7677733332867753,0.2173388069989604,0.0,0.008935039845447967,0
2025-08-09 20:00:00+00:00,4.128,4.149,4.128,4.149,7.73,0.0019300367873006,0.1931900507123884,2.0162281780181868,4.220045214770152,0.0789571123956133,0.0,0.4839873314557312,0.7666317528257002,0.506146059169401,0.0,0.0009640877319834207,0
2025-08-09 21:00:00+00:00,4.129,4.129,4.129,4.129,15.4,-0.0048320944467778,-0.4820438659918213,1.10186092066602,3.821976364093538,0.1750969997563979,0.0,0.5821837008268627,0.7764679482535259,0.0,0.0,-0.003148462097360083,0
2025-08-09 22:00:00+00:00,4.157,4.157,4.128,4.128,8.25,-0.0002422187246914,-0.0242189392104519,0.4135246898564926,3.71859296482413,0.0961641200971801,0.6976184746938593,0.5353190288441319,0.7771851045449738,0.7025193796747752,0.0,0.011143410852713309,0
2025-08-09 23:00:00+00:00,4.12,4.13,4.097,4.13,516.02,0.0004843787936796,0.0484496124030897,0.7808687164470474,3.7688442211055273,4.82820083971108,0.0,0.5024755256761405,0.7768356815395782,0.7990314768040959,0.0,0.010653753026634405,0
2025-08-10 00:00:00+00:00,4.149,4.178,4.149,4.178,88.65,0.0115552561614326,1.1622276029055634,1.9521717911176184,4.9221496735308845,0.8678201708145381,0.0,0.6442832885155917,0.8027385580628571,0.6941120151521971,0.0,-0.030397319291527003,0
2025-08-10 01:00:00+00:00,4.178,4.178,4.178,4.178,0.0,0.0,0.0,0.8935039845447967,4.371721209093171,0.0,0.0,0.5435135982499868,0.8006347591841764,0.0,0.0,-0.03638104356151273,0
2025-08-10 02:00:00+00:00,4.125,4.153,4.108,4.153,71.32,-0.0060016984857576,-0.5983724269985724,0.096408773198342,4.4779874213836335,0.750417585493009,0.0,0.6213404823377295,0.7960266722541817,1.0835540570470596,0.0,-0.04382374187334448,0
2025-08-10 03:00:00+00:00,4.108,4.116,4.091,4.116,53.59,-0.0089491466768132,-0.8909222248976612,-0.3148462097360083,3.5471698113207495,0.5509218011046094,0.0,0.704652391326952,0.8253678349096528,0.6073858113198642,0.0,-0.019679300291545077,0
2025-08-10 04:00:00+00:00,4.155,4.174,4.153,4.174,47.45,0.013992990683206,1.4091350826044955,1.114341085271331,5.006289308176104,0.478083635244405,0.0,0.922173870703359,0.8632176461418908,0.503114518327016,0.0,-0.03330138955438433,0
2025-08-10 05:00:00+00:00,4.174,4.174,4.174,4.174,0.0,0.0,0.0,1.0653753026634405,2.2287533676218496,0.0,0.0,0.92381584431657,0.6834657692522992,0.0,0.0,-0.04168663152850993,0
2025-08-10 06:00:00+00:00,4.095,4.095,4.051,4.051,1036.87,-0.0299110444344555,-2.9468136080498364,-3.0397319291527003,0.0741106719367667,9.704469498050935,1.074481074218676,1.4475960474884249,0.9125133000408364,1.0861515672460649,0.0,-0.006665020982473457,0
2025-08-10 07:00:00+00:00,4.044,4.044,4.023,4.026,73.86,-0.0061904370029538,-0.6171315724512572,-3.6381043561512727,-0.7151664611590558,0.6735594186316456,0.4451038574566953,1.425485479102578,0.9203916944324094,0.5216095378734181,0.0,-0.0004967709885742577,0
2025-08-10 08:00:00+00:00,4.004,4.004,3.971,3.971,71.25,-0.0137553750684852,-1.3661202185792254,-4.382374187334448,-2.86203522504892,0.6346260901780545,0.824175823969973,1.4583500487506742,0.9415315366717734,0.8310249305386357,0.0,0.012087635356333504,0
2025-08-10 09:00:00+00:00,4.044,4.044,4.035,4.035,243.68,0.0159883495727976,1.6116847141777857,-1.9679300291545077,-1.441133365901326,2.0087379440935713,0.2225519287283366,1.7365449521072278,1.0040650854018274,0.2230483270822545,0.0,0.011895910780669094,0
2025-08-10 10:00:00+00:00,4.035,4.035,4.035,4.035,0.0,0.0,0.0,-3.330138955438433,-1.8725680933852185,0.0,0.0,1.5405521485090954,0.9985603605023968,0.0,0.0,0.009417596034696496,0
2025-08-10 11:00:00+00:00,4.0,4.0,4.0,4.0,728.51,-0.0087119406020215,-0.867410161090465,-4.168663152850993,-2.39141044411908,5.0456945959167765,0.0,1.5175936512269608,1.0104081570284975,0.0,0.0,0.0182500000000001,0
2025-08-10 12:00:00+00:00,4.0,4.024,4.0,4.024,396.01,0.0059820716775474,0.6000000000000005,-0.6665020982473457,-2.754954084098593,2.680240493602912,0.0,1.0838716399761212,0.9959597697487312,0.5964214710247466,0.0,0.012176938369781398,0
2025-08-10 13:00:00+00:00,4.024,4.024,4.024,4.024,0.0,0.0,0.0,-0.0496770988574257,-2.235179786200181,0.0,0.0,1.0549688196981837,0.99220034428886,0.0,0.0,0.014910536779323857,0
2025-08-10 14:00:00+00:00,3.998,4.062,3.998,4.019,26.59,-0.001243317330374,-0.124254473161034,1.2087635356333504,-1.180231128596021,0.1816898040051814,1.0585918264257566,0.8304162318519839,0.9640938098514376,1.59243592893943,1.0699178897561823,0.010699178900223982,0
2025-08-10 15:00:00+00:00,4.059,4.083,4.059,4.083,163.32,0.0157988968703747,1.5924359293356671,1.1895910780669094,-0.0244857982370061,1.073399696020768,0.0,0.8240463162381738,1.016360326660864,0.5878030858222383,0.0,-0.01102130786186628,0
2025-08-10 16:00:00+00:00,4.072,4.073,4.072,4.073,112.27,-0.0024521836711631,-0.2449179524859124,0.9417596034696496,-0.9243493067380038,0.7282358696280608,0.0,0.8416691049427318,1.007553052456982,0.0245519273202753,0.0,-0.008593174564203276,0
2025-08-10 17:00:00+00:00,4.073,4.073,4.073,4.073,0.0,0.0,0.0,1.82500000000001,-0.6100536847242433,0.0,0.0,0.6905582435806912,1.005825813739082,0.0,0.0,-0.004664866191996131,0
2025-08-10 18:00:00+00:00,4.073,4.073,4.073,4.073,0.0,0.0,0.0,1.2176938369781398,-0.6100536847242433,0.0,0.0,0.682273874338208,1.005825813739082,0.0,0.0,-0.0007365578197888745,0
2025-08-10 19:00:00+00:00,4.075,4.084,4.075,4.084,123.22,0.0026970716361433,0.2700712005892169,1.4910536779323855,-1.376479111325779,0.7815242640655081,0.0,0.6751731739507374,0.9821780199438026,0.2203721840792294,0.0,-0.0007345739471105173,0
2025-08-10 20:00:00+00:00,4.073,4.073,4.05,4.062,72.24,-0.005401437144226,-0.5386875612144792,1.0699178900223982,-2.096890817064345,0.4505027932932797,0.2700712005229415,0.739177206964914,0.9854357239405632,0.5662235350649517,0.0,0.022895125553914264,0
2025-08-10 21:00:00+00:00,4.051,4.055,4.038,4.038,11.74,-0.0059259432675471,-0.5908419497784312,-1.102130786186628,-2.2039234681520803,0.073282633347094,0.4192355116105328,0.3379628792099833,0.9875922165880674,0.4210004951904273,0.0990589400447986,0.02278355621594841,0
2025-08-10 22:00:00+00:00,4.038,4.038,4.038,4.038,0.0,0.0,0.0,-0.8593174564203276,-2.1802325581395277,0.0,0.0,0.3439558614606922,0.9876777790333544,0.0,0.0,0.023526498266468465,0
2025-08-10 23:00:00+00:00,4.054,4.054,4.054,4.054,4.92,0.0039545281391625,0.3962357602773636,-0.4664866191996131,-1.840193704600479,0.0355075492631605,0.0,0.4088055632866809,0.9923497485088256,0.0,0.0,0.019733596447952584,0
2025-08-11 00:00:00+00:00,4.069,4.07,4.069,4.07,130.04,0.0039389514246953,0.3946719289590561,-0.0736557819788874,-2.584968884633787,0.9269590837742216,0.0,0.4530555532353331,0.962950511067321,0.0245700245639959,0.0,0.0014742014742012977,0
2025-08-11 01:00:00+00:00,4.085,4.094,4.081,4.081,12.35,0.0026990569691649,0.2702702702702675,-0.0734573947110517,-2.3216850167544156,0.0877122894854433,0.3175378602057772,0.4530802737511168,0.9658520605091244,0.3185493750750895,0.2205341827443028,-0.006125949522176044,0
2025-08-11 02:00:00+00:00,4.113,4.156,4.096,4.155,249.99,0.0179703718837427,1.8132810585640649,2.2895125553914264,0.0481579581026014,1.6863205823546268,0.0240615976842836,0.788776576361201,1.033251035168872,1.444043320952086,0.0240673886825215,-0.028158844765342916,0
2025-08-11 03:00:00+00:00,4.14,4.14,4.118,4.13,68.72,-0.0060350213344702,-0.6016847172081952,2.278355621594841,0.3401360544217802,0.4615914224030923,0.2415458936614572,0.7914669987659023,1.023922808542672,0.5326876512027234,0.0,-0.020581113801452777,0
2025-08-11 04:00:00+00:00,4.133,4.133,4.133,4.133,10.15,0.0007261285566538,0.0726392251815921,2.3526498266468465,-0.9822712026832824,0.0688966634891087,0.0,0.7851072240034901,0.9807949345713026,0.0,0.0,-0.030486329542705137,0
2025-08-11 05:00:00+00:00,4.134,4.134,4.134,4.134,9.89,0.0002419257299813,0.0241954996370807,1.9733596447952584,-0.9583133684714862,0.0669445682273885,0.0,0.7988708455062754,0.9808514751358292,0.0,0.0,-0.05442670537010175,0
2025-08-11 06:00:00+00:00,4.126,4.126,4.076,4.076,29.09,-0.0141293458990983,-1.402999516207082,0.1474201474201297,0.6171315724512239,0.2751000851091468,1.2118274354794578,1.0644277190436489,0.8129426753747471,1.2266928358128997,0.0,-0.04097154072620213,0
2025-08-11 07:00:00+00:00,4.076,4.076,4.056,4.056,105.0,-0.0049188490715962,-0.4906771344455274,-0.6125949522176044,0.7451564828613977,0.9809340672081744,0.4906771343251424,1.0746924735128227,0.8089629917217489,0.4930966468212181,0.0,-0.03377712031558189,0
2025-08-11 08:00:00+00:00,4.038,4.038,4.038,4.038,26.88,-0.0044477463982362,-0.4437869822485174,-2.8158844765342916,1.6872324351548729,0.2555325376964627,0.0,0.5378660120480483,0.7593970000003546,0.0,0.0,-0.026250619118375562,0
2025-08-11 09:00:00+00:00,4.069,4.069,4.04,4.045,272.41,0.0017320306198092,0.1733531451213465,-2.0581113801452777,0.2478314745972598,2.560505063931377,0.5898255098083501,0.5918170655780683,0.68688156709042,0.7169344868437718,0.0,-0.027935723114956734,0
2025-08-11 10:00:00+00:00,4.038,4.038,4.007,4.007,63.1,-0.0094387188564475,-0.9394313967861612,-3.0486329542705137,-0.6939281288723786,0.5788017305904617,0.7677067853472885,0.5933008468690032,0.7139841512002806,0.7736461190981813,0.0,-0.011729473421512315,0
2025-08-11 11:00:00+00:00,4.008,4.015,3.909,3.909,252.42,-0.0247612448431897,-2.4457199900174698,-5.442670537010175,-2.275000000000005,2.8304155862041553,2.640099625743434,0.923939380153482,0.85710694870541,2.711690968863724,0.1790739319060868,0.011511895625479829,0
2025-08-11 12:00:00+00:00,3.909,3.909,3.909,3.909,2.81,0.0,0.0,-4.097154072620213,-2.857852882703782,0.0386000057230767,0.0,0.9565543904593342,0.8446522575582052,0.0,0.0,0.007674597083653145,0
2025-08-11 13:00:00+00:00,3.906,3.919,3.89,3.919,806.67,0.0025549324066767,0.2558199027884456,-3.3777120315581888,-2.609343936381714,7.580831851821212,0.0,1.0341584929901286,0.8478451250196013,0.7399846897831097,0.0,0.016585863740750106,0
2025-08-11 14:00:00+00:00,3.949,3.949,3.932,3.932,73.57,0.0033116830674256,0.3317172748150021,-2.625061911837556,-2.164717591440657,0.6788988003628519,0.4304887312153714,1.0997864924778695,0.8525991401778091,0.4323499490253408,0.0,-0.011953204476093604,0
2025-08-11 15:00:00+00:00,3.932,3.932,3.932,3.932,0.0,0.0,0.0,-2.7935723114956734,-3.6982610825373574,0.0,0.0,1.082503715681668,0.7754689171480051,0.0,0.0,-0.008646998982705933,0
2025-08-11 16:00:00+00:00,3.973,4.018,3.96,3.96,98.24,0.007095822981469,0.7121057985757906,-1.1729473421512315,-2.774367787871357,0.9728940147214294,1.4435042306014132,1.1469637328893605,0.7949931497803461,1.4646464642766002,1.136363636076674,-0.01565656565656559,0
2025-08-11 17:00:00+00:00,3.96,3.96,3.954,3.954,11.4,-0.0015163005179639,-0.1515151515151469,1.1511895625479829,-2.9216793518291206,0.1123683183757943,0.1515151514768846,0.3108347356364641,0.7946234063024468,0.1517450682468976,0.0,-0.02099140111279718,0
2025-08-11 18:00:00+00:00,3.917,3.939,3.917,3.939,47.74,-0.0038008407596563,-0.3793626707132014,0.7674597083653145,-3.289958261723558,0.4615180114271477,0.0,0.3869093547002585,0.7958405920109536,0.558517390058773,0.0,-0.012185833968012205,0
2025-08-11 19:00:00+00:00,3.931,3.984,3.884,3.984,152.77,0.0113594557335829,1.1424219345011366,1.6585863740750106,-2.448579823702246,1.4595046454277905,0.0,0.569212277427947,0.8339320671973836,2.5100401600125424,0.0,-0.01882530120481929,0
2025-08-11 20:00:00+00:00,3.888,3.888,3.884,3.885,10.18,-0.0251633559027411,-2.4849397590361533,-1.1953204476093604,-4.357459379615969,0.0997191928417058,0.0771604938073176,1.2690366397549224,0.9660405901588728,0.1029601029336011,0.0,0.011325611325611273,0
2025-08-11 21:00:00+00:00,3.881,3.898,3.838,3.898,517.48,0.0033406172657584,0.3346203346203502,-0.8646998982705933,-3.467062902426943,4.2017172899226445,0.0,1.286792381927801,0.9675851226184476,1.539250897501476,0.0,0.007952796305797705,0
2025-08-11 22:00:00+00:00,3.898,3.898,3.898,3.898,0.0,0.0,0.0,-1.565656565656559,-3.467062902426943,0.0,0.0,1.2236285098725188,0.9675851226184476,0.0,0.0,0.0015392508978961938,0
2025-08-11 23:00:00+00:00,3.865,3.884,3.852,3.871,60.64,-0.006950729489858,-0.692662904053365,-2.099140111279718,-4.5140601874691715,0.4832610558014839,0.3347064880703613,1.233806146663535,0.9666078175422697,0.8266597776216335,0.3358305346587857,0.006458279514337306,0
2025-08-12 00:00:00+00:00,3.853,3.891,3.849,3.891,196.56,0.0051533224069053,0.51666236114698,-1.2185833968012203,-4.398034398034401,1.532601703658543,0.0,1.2831264351949003,0.9701221193647586,1.0794140321050032,0.0,-0.0010280133641736855,0
2025-08-12 01:00:00+00:00,3.898,3.917,3.85,3.909,2131.41,0.0046153928084011,0.4626060138781751,-1.882530120481929,-4.214653271257063,9.842728280232851,0.2042379371446931,1.166472164130884,0.9748269443335476,1.7139933482440468,0.2046559221783947,-0.005628037861345581,0
2025-08-12 02:00:00+00:00,3.922,3.929,3.922,3.929,12.01,0.0051033537655049,0.511639805576869,1.1325611325611271,-5.4392298435619875,0.0581229810004567,0.0,0.4737859321544001,0.8933817955127361,0.178162382240215,0.0,-0.004072283023670131,0
2025-08-12 03:00:00+00:00,3.929,3.929,3.929,3.929,0.0,0.0,0.0,0.7952796305797705,-4.866828087167074,0.0,0.0,0.4727737432372382,0.8909909714399431,0.0,0.0,-0.004072283023670131,0
2025-08-12 04:00:00+00:00,3.929,3.929,3.901,3.904,35.58,-0.0063832720254765,-0.6362942224484525,0.1539250897896193,-5.540769416888458,0.1737074971766491,0.6362942222865098,0.570205803546293,0.8930756378466086,0.7172131145703866,0.0,0.0023053278688525136,0
2025-08-12 05:00:00+00:00,3.9,3.9,3.896,3.896,2556.53,-0.0020512827705573,-0.2049180327868827,0.6458279514337306,-5.757135945815206,8.222017047902598,0.1025641025378041,0.4731802902433651,0.8913791066821495,0.1026694044911013,0.0,-0.011806981519507098,0
2025-08-12 06:00:00+00:00,3.886,3.901,3.886,3.887,53.38,-0.0023127339102025,-0.231006160164271,-0.1028013364173685,-4.636898920510291,0.1711176233301757,0.3588823377700837,0.4415255708128904,0.856119062940529,0.3859017235950775,0.3601749420220746,0.01440699768458975,0
2025-08-12 07:00:00+00:00,3.887,3.887,3.887,3.887,0.0,0.0,0.0,-0.5628037861345581,-4.1666666666666625,0.0,0.0,0.3769293840551861,0.8546598781447904,0.0,0.0,0.01775147928994092,0
2025-08-12 08:00:00+00:00,3.92,3.92,3.913,3.913,14.6,0.0066666913581892,0.6688963210702337,-0.4072283023670131,-3.0955918771669255,0.0475473234274861,0.1785714285258776,0.4288874493569626,0.8695211394858265,0.1788908765195811,0.0,0.02811142346026063,0
2025-08-12 09:00:00+00:00,3.913,3.913,3.913,3.913,0.0,0.0,0.0,-0.4072283023670131,-3.263288009888754,0.0,0.0,0.4288874493569626,0.8676030281065266,0.0,0.0,0.04702274469716339,0
2025-08-12 10:00:00+00:00,3.913,3.913,3.913,3.913,0.0,0.0,0.0,0.2305327868852513,-2.345894684302463,0.0,0.0,0.3259372772928289,0.8507247349014282,0.0,0.0,0.07027855865065158,0
2025-08-12 11:00:00+00:00,3.85,3.85,3.85,3.85,19.7,-0.0162311949285824,-1.6100178890876449,-1.1806981519507098,-1.5093374264517734,0.0695164285491285,0.0,0.7612276123726996,0.7600800392902156,0.0,0.0,0.09844155844155833,0
2025-08-12 12:00:00+00:00,3.935,4.005,3.935,3.943,326.68,0.0238687065957971,2.415584415584404,1.440699768458975,0.8697876694806927,1.100374168082815,1.5480649184648985,1.2988532734679863,0.9100853602884964,1.7752979959991595,1.572406796456398,0.056809535886380935,0
2025-08-12 13:00:00+00:00,3.977,4.002,3.956,3.956,41.58,0.0032915588649756,0.3296981993406112,1.775147928994092,0.9441183975503976,0.156904426851398,1.1494252870691046,1.293711073392375,0.9109812652018549,1.1627906973804831,0.6319514659676541,0.05358948432760369,0
2025-08-12 14:00:00+00:00,4.004,4.023,3.987,4.023,85.71,0.0167944792071853,1.6936299292214183,2.811142346026063,2.3143438453713028,0.3228152330662224,0.0,1.412767874263945,0.9694674996051325,0.894854585907309,0.0,0.03703703703703698,0
2025-08-12 15:00:00+00:00,4.031,4.097,4.031,4.097,368.68,0.0182271055970831,1.8394233159334084,4.702274469716339,4.196337741607348,1.3126376862287057,0.0,1.4875299385941465,1.03110887157393,1.6109348299704995,0.0,0.020990969001708493,0
2025-08-12 16:00:00+00:00,4.064,4.188,4.064,4.188,765.37,0.0219682944435563,2.221137417622643,7.027855865065158,5.757575757575761,2.4796004319574085,0.0,1.531050914222456,1.1067812740413017,2.9608404959501256,0.0,-0.0021489971346703163,0
2025-08-12 17:00:00+00:00,4.194,4.229,4.163,4.229,459.41,0.0097422654820611,0.9789875835721108,9.844155844155832,6.954982296408696,1.4034910851649012,0.0,0.7785263945672158,1.11359769267703,1.560652636188066,0.0,-0.022227476944904345,0
2025-08-12 18:00:00+00:00,4.167,4.167,4.167,4.167,1.91,-0.0147692060500351,-1.4660676282809204,5.6809535886380935,5.788271134805778,0.0058692629363035,0.0,1.3504963273239003,1.1632707566275262,0.0,0.0,0.002399808015358662,0
2025-08-12 19:00:00+00:00,4.146,4.219,4.126,4.168,1086.12,0.0002399520107493,0.0239980801535866,5.358948432760369,4.618473895582342,2.981276440971603,1.2088172549872478,1.382603582142243,1.1478461136991085,2.231285987948347,1.2236084450039364,-0.011756238003838848,0
2025-08-12 20:00:00+00:00,4.193,4.194,4.172,4.172,103.14,0.0009592326874601,0.0959692898272468,3.703703703703698,7.387387387387379,0.2801293273679115,0.5245588935325383,1.347900567923036,0.9937572957383048,0.5273250238429289,0.0239693192655954,-0.012464046021092856,0
2025-08-12 21:00:00+00:00,4.194,4.194,4.168,4.183,43.71,0.0026331553215353,0.2636625119846636,2.0990969001708493,7.311441765007687,0.1254424397799985,0.2622794467662691,1.2096561189728008,0.993747410914608,0.6215634710443263,0.0,-0.008367200573750955,0
2025-08-12 22:00:00+00:00,4.179,4.179,4.179,4.179,10.69,-0.0009567089942828,-0.0956251494142801,-0.2148997134670316,7.208825038481281,0.0306398468484481,0.0,0.8013692432039455,0.995168986772508,0.0,0.0,0.009810959559703125,0
2025-08-12 23:00:00+00:00,4.152,4.152,4.133,4.135,893.24,-0.0105846549901238,-1.0528834649437768,-2.2227476944904345,6.819943167140274,2.3286700753034277,0.4094412330420505,0.7138334089584759,1.0134063049855695,0.4594921401549022,0.0,0.006045949214026791,0
2025-08-13 00:00:00+00:00,4.169,4.177,4.169,4.177,2.39,0.0101059570393836,1.0157194679564665,0.2399808015358662,7.35029555384219,0.0063649598749919,0.0,0.6663846400954923,1.0235074058498808,0.1915250179096183,0.0,-0.004069906631553599,0
2025-08-13 01:00:00+00:00,4.132,4.207,4.119,4.119,178.38,-0.0139828700610945,-1.3885563801771528,-1.1756238003838848,5.372217958557179,0.6064931624431658,2.09175184167061,0.8889839841688156,1.0792787978010938,2.1364408831909607,1.820830298174117,0.009953872299101718,0
2025-08-13 02:00:00+00:00,4.12,4.12,4.119,4.12,193.13,0.0002427479074913,0.0242777373148816,-1.2464046021092856,4.861287859506236,0.6402161346842626,0.0,0.8847317631390463,1.0781151815675711,0.024271844654311,0.0,0.027427184466019217,0
2025-08-13 03:00:00+00:00,4.149,4.149,4.148,4.148,150.72,0.0067731270058457,0.6796116504854233,-0.8367200573750955,5.573937388648509,0.4894400357192199,0.0241021932937891,0.9431528882948564,1.081572087510773,0.0241080038514767,0.0,0.02627772420443586,0
2025-08-13 04:00:00+00:00,4.195,4.22,4.195,4.22,79.68,0.0172088376806395,1.7357762777242105,0.9810959559703124,8.094262295081966,0.2572137597086421,0.0,1.2131592770128332,1.1065228747554363,0.5924170614709786,0.0,0.01516587677725112,0
2025-08-13 05:00:00+00:00,4.199,4.199,4.16,4.16,73.02,-0.0143200537747484,-1.421800947867291,0.6045949214026791,6.776180698151957,0.3539476979486966,0.9287925694382418,1.2951738210306791,1.1591347495537214,0.9374999997746322,0.0,0.024038461538461453,0
2025-08-13 06:00:00+00:00,4.16,4.16,4.16,4.16,0.0,0.0,0.0,-0.4069906631553599,7.0234113712374535,0.0,0.0,1.2164628212464512,1.1557149120854768,0.0,0.0,0.02572115384615392,0
2025-08-13 07:00:00+00:00,4.16,4.16,4.16,4.16,0.0,0.0,0.0,0.9953872299101718,7.0234113712374535,0.0,0.0,1.0303318229515313,1.1557149120854768,0.0,0.0,0.022836538461538325,0
2025-08-13 08:00:00+00:00,4.232,4.233,4.232,4.233,65.48,0.0173958872656145,1.7548076923076694,2.7427184466019217,8.177868642984908,0.3175596212353807,0.0,1.206382557282608,1.1914082748742167,0.023623907388689,0.0,-0.001181195369714172,0
2025-08-13 09:00:00+00:00,4.215,4.257,4.214,4.257,149.45,0.0056537253072287,0.5669737774627981,2.627772420443586,8.791208791208781,0.7035438067202504,0.0,1.203042921974541,1.190239506456187,1.0101010098637129,0.0,-0.01526896875734074,0
2025-08-13 10:00:00+00:00,4.257,4.285,4.257,4.284,297.29,0.0063224657394871,0.634249471458781,1.516587677725112,9.48121645796065,1.3223957831311135,0.0233372228650399,1.0410172361361263,1.1891273325215062,0.6535947710892746,0.0233426703960529,-0.012838468720821616,0
2025-08-13 11:00:00+00:00,4.27,4.3,4.237,4.26,1478.17,-0.0056179923042232,-0.5602240896358524,2.4038461538461453,10.64935064935064,5.176005077346022,0.9302325579232026,0.7900305654231924,1.1297473950872172,1.47887323908946,0.7042253519473708,-0.0072769953051642355,0
2025-08-13 12:00:00+00:00,4.26,4.279,4.26,4.267,379.89,0.0016418439245838,0.1643192488262945,2.572115384615392,8.217093583565816,1.3199867963053291,0.2804393549239348,0.776299370234453,1.0499258840160035,0.4452777125743461,0.2812280289943118,-0.019217248652449226,0
2025-08-13 13:00:00+00:00,4.267,4.308,4.246,4.255,2252.36,-0.0028162421805255,-0.2812280290602431,2.2836538461538325,7.558139534883712,5.928602293923595,1.2302692661953865,0.8145797310998917,1.0572993685066026,1.457109282853779,0.9635722676936253,-0.007050528789659283,0
2025-08-13 14:00:00+00:00,4.232,4.294,4.215,4.228,137.03,-0.0063656940173462,-0.6345475910693343,-0.1181195369714172,5.095699726572223,0.3586679841111923,1.5370284113793562,0.5557268036876046,1.0316448967276863,1.868495742225988,1.4664143799748166,0.0056764427625355385,0
2025-08-13 15:00:00+00:00,4.212,4.212,4.19,4.192,42.16,-0.00855112098925,-0.8514664143803086,-1.526896875734074,2.3187698315840777,0.1144260715566955,0.4748338080543978,0.5591911756443703,0.9934120137703804,0.524809160180135,0.0,0.0147900763358777,0
2025-08-13 16:00:00+00:00,4.28,4.28,4.229,4.229,443.45,0.0087876114716105,0.8826335877862634,-1.2838468720821616,0.9789875835721108,1.2490347173124208,1.191588784768324,0.6406662509715818,0.9046620358063636,1.2059588552362397,0.0,0.01678883896902339,0
2025-08-13 17:00:00+00:00,4.229,4.229,4.229,4.229,0.0,0.0,0.0,-0.7276995305164236,0.0,0.0,0.0,0.6206485062844805,0.8825343291121397,0.0,0.0,0.003310475289666659,0
2025-08-13 18:00:00+00:00,4.189,4.189,4.185,4.185,27.4,-0.010458854548913,-1.0404350910380833,-1.9217248652449224,0.4319654427645814,0.0813166973745252,0.0954881833145277,0.7006143393345874,0.8551322799907156,0.0955794503953322,0.0,0.023416965352449415,0
2025-08-13 19:00:00+00:00,4.208,4.237,4.208,4.225,60.48,0.0095125568676984,0.9557945041815952,-0.7050528789659283,1.3675623800383674,0.2055610471778501,0.2832192588427722,0.8745266562711062,0.8761069337202464,0.6863905323819175,0.2840236685718395,0.01041420118343206,0
2025-08-13 20:00:00+00:00,4.225,4.28,4.196,4.252,1491.47,0.0063701996705643,0.6390532544378713,0.5676442762535538,1.9175455417066225,4.236333360541556,0.6542056073237946,0.8780200440451422,0.884088909243101,1.9755409214544943,0.6585136404848385,0.026340545625588074,0
2025-08-13 21:00:00+00:00,4.187,4.258,4.187,4.254,363.68,0.0004702562983439,0.0470366886171191,1.47900763358777,1.69734640210375,0.99529736953463,0.0939408172630587,0.7509638468403371,0.8832318533178587,1.6690173950002247,0.094029149014108,0.025622943112365126,0
2025-08-13 22:00:00+00:00,4.283,4.3,4.283,4.3,254.74,0.0107553059214712,1.0813352139163124,1.678883896902339,2.895429528595339,0.6782809551315977,0.0,0.787594807653316,0.9057414228366883,0.3953488371173481,0.0,0.008139534883720989,0
2025-08-13 23:00:00+00:00,4.3,4.312,4.243,4.243,1025.83,-0.0133444564793288,-1.3255813953488291,0.3310475289666659,2.6118500604594974,2.6918195534686964,1.6001855283858553,1.0320926053182102,0.9229282268882626,1.6262078714055588,0.2828187602444559,0.00872024510959224,0
2025-08-14 00:00:00+00:00,4.312,4.321,4.277,4.283,76.52,0.009383132413046,0.942729201036996,2.3416965352449415,2.5377064879100075,0.1991772528743785,0.8794260585791509,0.9206371639834549,0.9199659911542416,1.027317300717404,0.21013308423764,0.0021013308428670108,0
2025-08-14 01:00:00+00:00,4.321,4.324,4.269,4.269,50.4,-0.0032740908574089,-0.3268736866682276,1.041420118343206,3.641660597232343,0.1330349139657851,1.2719703974856618,0.9115098342498495,0.8684401247875506,1.2883579289556368,0.0702740688521286,-0.0030452096509721027,0
2025-08-14 02:00:00+00:00,4.32,4.364,4.315,4.364,134.97,0.0220094601949992,2.225345514171928,2.634054562558807,5.9223300970873805,0.358557878458544,0.0,1.2365178390376037,0.9633202706067154,1.1228230978178564,0.0,-0.03597616865261233,0
2025-08-14 03:00:00+00:00,4.366,4.366,4.304,4.363,24.84,-0.0002291738293517,-0.0229147571035648,2.5622943112365126,5.183220829315349,0.0669217842664202,0.0687127805614314,1.2412088182888243,0.9600895736199158,1.4210405680905105,0.0,-0.030483612193444865,0
2025-08-14 04:00:00+00:00,4.309,4.34,4.309,4.335,50.83,-0.0064382839089675,-0.6417602567041159,0.8139534883720989,2.7251184834123254,0.137386732976634,0.1152073732453414,1.258415613692193,0.9188046910523038,0.7151095730760922,0.115340253721949,-0.03621683967704725,0
2025-08-14 05:00:00+00:00,4.298,4.358,4.28,4.28,140.57,-0.0127686006387996,-1.2687427912341342,0.872024510959224,2.884615384615397,0.3770734580592789,1.7898118398830036,1.2451154391079946,0.907950768586766,1.8224299061162403,1.401869158550956,-0.004672897196261738,0
2025-08-14 06:00:00+00:00,4.254,4.299,4.227,4.292,138.71,0.0027998151747464,0.2803738317756821,0.210133084286701,3.173076923076912,0.3664035431414578,0.1628285647446447,1.1889337813506091,0.9081607875837568,1.6775396081832403,0.1630941285733835,-0.06966449207828518,0
2025-08-14 07:00:00+00:00,4.276,4.278,4.256,4.256,700.47,-0.0084230727291086,-0.8387698042870317,-0.3045209650972102,2.3076923076922995,1.7178575114481498,0.5142589994122666,1.2378969019230268,0.9294358516057885,0.5169172931116114,0.0469924811919608,-0.048167293233082775,0
2025-08-14 08:00:00+00:00,4.225,4.225,4.193,4.207,75.32,-0.0115799474309595,-1.1513157894736947,-3.597616865261233,-0.6142215922513516,0.1845318971048037,0.4260355028577382,0.6223892903465155,0.8940483962292235,0.7606370333347673,0.0,-0.037081055383883954,0
2025-08-14 09:00:00+00:00,4.193,4.243,4.185,4.23,218.76,0.0054521884498028,0.5467078678393245,-3.0483612193444865,-0.6342494714587588,0.532190476961486,0.3063869902648133,0.7581099955289037,0.8934784033511086,1.371158392110854,0.3073286051282887,-0.046335697399527365,0
2025-08-14 10:00:00+00:00,4.183,4.183,4.178,4.178,1108.92,-0.0123693299238126,-1.2293144208037954,-3.621683967704725,-2.474323062558359,2.492662244058022,0.1195314367392918,0.8146742612574774,0.9147716938654478,0.1196744853710662,0.0,-0.05169937769267585,0
2025-08-14 11:00:00+00:00,4.274,4.274,4.259,4.26,42.66,0.019436497146905,1.96266156055529,-0.4672897196261738,0.0,0.1107876893907825,0.3275620027310392,1.2407497711604871,0.9993536113614124,0.352112675973675,0.0,-0.06478873239436611,0
2025-08-14 12:00:00+00:00,4.201,4.201,3.933,3.993,1317.76,-0.0647263322001948,-6.26760563380282,-6.966449207828518,-6.42137333020859,3.1069078220202537,4.951202093560765,2.8586704075589444,1.6550711773879017,6.711745553039878,0.0,0.0005008765339344912,0
2025-08-14 13:00:00+00:00,3.993,4.053,3.933,4.051,1080.69,0.0144209361394691,1.4525419484097135,-4.8167293233082775,-4.794359576968265,2.8793893197490683,0.0493461633236199,3.061337607161135,1.6918326687216574,2.9622315470347513,0.049370525783907,-0.013823747222907912,0
2025-08-14 14:00:00+00:00,4.034,4.068,4.034,4.051,442.13,0.0,0.0,-3.7081055383883954,-4.186376537369907,1.139417315594158,0.4178957717753319,3.072458768107862,1.6897564982355446,0.8392989383265074,0.4196494691632428,-0.0155517156257714,0
2025-08-14 15:00:00+00:00,4.034,4.034,4.034,4.034,10.91,-0.0042053246885335,-0.4196494692668584,-4.633569739952737,-3.7690839694656586,0.0282109268857462,0.0,3.0234997989764603,1.6845075098117956,0.0,0.0,-0.02429350520575113,0
2025-08-14 16:00:00+00:00,3.989,3.989,3.962,3.962,90.24,-0.0180094912556608,-1.7848289538919149,-5.169937769267586,-6.313549302435561,0.2425724942031716,0.6768613685944116,3.0488091558528705,1.7013812724987427,0.681474002856763,0.0,-0.003028773346794522,0
2025-08-14 17:00:00+00:00,3.966,3.989,3.962,3.984,326.39,0.0055373914459926,0.5552751135790013,-6.478873239436611,-5.7933317569165315,0.8464205716214896,0.1253446978878527,2.8363242665840995,1.708964241210695,0.677710843203378,0.1255020080006243,-0.00025100401606426015,0
2025-08-14 18:00:00+00:00,3.995,3.995,3.995,3.995,0.68,0.0027572394958861,0.276104417670675,0.0500876533934491,-4.540023894862588,0.0017685363086309,0.0,1.0846319300813192,1.7034427270986168,0.0,0.0,-0.003003754693366667,0
2025-08-14 19:00:00+00:00,3.995,3.995,3.995,3.995,0.0,0.0,0.0,-1.3823747222907912,-5.443786982248511,0.0,0.0,0.8342617650007613,1.6866300795118163,0.0,0.0,-0.006257822277847325,0
2025-08-14 20:00:00+00:00,3.988,3.988,3.988,3.988,25.0,-0.0017537271186461,-0.1752190237797268,-1.55517156257714,-6.208842897460009,0.077911757143616,0.0,0.8275529106527806,1.6765271238815864,0.0,0.0,0.003259779338014024,0
2025-08-14 21:00:00+00:00,3.967,3.967,3.91,3.936,985.0,-0.0131248729095849,-1.3039117352056206,-2.429350520575113,-7.475317348377986,2.840547249923918,0.781446937035182,0.9350276089171068,1.6883783252364395,1.448170731339386,0.0,0.028455284552845628,0
2025-08-14 22:00:00+00:00,3.96,3.96,3.948,3.95,20.19,0.0035505997230236,0.3556910569105787,-0.3028773346794522,-8.139534883720923,0.0599125348208301,0.2525252524614781,0.6703374147507092,1.6687080610796037,0.3037974682775199,0.0,0.01746835443037975,0
2025-08-14 23:00:00+00:00,3.983,3.983,3.983,3.983,6.25,0.0083197252864767,0.8354430379746924,-0.025100401606426,-6.127739806740518,0.021221780337524,0.0,0.7276734177276634,1.6719436563849344,0.0,0.0,0.007029876977152849,0
2025-08-15 00:00:00+00:00,3.983,3.983,3.983,3.983,0.0,0.0,0.0,-0.3003754693366667,-7.004436142890502,0.0,0.0,0.7150582472828677,1.653488119988718,0.0,0.0,0.026864172734119895,0
2025-08-15 01:00:00+00:00,3.983,3.994,3.97,3.97,83.11,-0.0032692095004081,-0.3263871453678124,-0.6257822277847325,-7.003982197235881,0.2839587722785127,0.6009013518775915,0.7228863862478401,1.6534878042549024,0.6045340048855083,0.2770780855725274,0.030226700251889005,0
2025-08-15 02:00:00+00:00,4.002,4.003,4.001,4.001,812.16,0.0077782351759989,0.7808564231738035,0.3259779338014024,-8.318056828597609,2.530885180844378,0.0499625280914352,0.8043758803036843,1.583856249483517,0.0499875031117196,0.0249937515558709,0.012746813296675708,0
2025-08-15 03:00:00+00:00,4.007,4.048,4.007,4.048,1057.74,0.0116786021100663,1.174706323419139,2.8455284552845628,-7.219802887921167,2.9063814830551347,0.0,0.5624853571705661,1.6133125289475982,1.0128458495521715,0.0,-0.01333992094861658,0
2025-08-15 04:00:00+00:00,4.019,4.019,4.019,4.019,1.49,-0.0071898165181003,-0.7164031620553346,1.746835443037975,-7.289504036908879,0.0041173727569358,0.0,0.7463335252807057,1.614056882319005,0.0,0.0,-0.003981089823339112,0
2025-08-15 05:00:00+00:00,4.011,4.011,4.011,4.011,12.05,-0.0019925286791482,-0.1990544911669611,0.7029876977152849,-6.285046728971966,0.0337983528561114,0.0,0.714231132337269,1.6010833786439769,0.0,0.0,-0.001994515083520332,0
2025-08-15 06:00:00+00:00,4.053,4.09,4.053,4.09,111.78,0.0195043832667944,1.969583644976303,2.6864172734119895,-4.706430568499531,0.3145151646590679,0.0,1.0261929206694589,1.661232224522776,0.9046454765514296,0.0,-0.02249388753056225,0
2025-08-15 07:00:00+00:00,4.09,4.09,4.09,4.09,0.0,0.0,0.0,3.0226700251889005,-3.900375939849632,0.0,0.0,0.98506688657175,1.6559808101566331,0.0,0.0,-0.03594132029339847,0
2025-08-15 08:00:00+00:00,4.051,4.052,4.051,4.052,428.57,-0.0093343836682735,-0.929095354523235,1.2746813296675708,-3.68433563109104,1.257036986337862,0.0,1.1250476038187276,1.6507570053267084,0.0246791707737575,0.0,-0.033316880552813344,0
2025-08-15 09:00:00+00:00,3.997,3.997,3.994,3.994,72.01,-0.0144173513928133,-1.4313919052319712,-1.333992094861658,-5.579196217494098,0.2150694460857741,0.0750562922003779,1.1840742190888855,1.6638122097182924,0.0751126689846906,0.0,-0.03880821231847775,0
2025-08-15 10:00:00+00:00,3.996,4.003,3.996,4.003,36.05,0.0022508450168131,0.2253380070105226,-0.3981089823339112,-4.188606988989941,0.1242592842592006,0.0,1.1677295172966813,1.652419444909114,0.1748688483200456,0.0,-0.028228828378715987,0
2025-08-15 11:00:00+00:00,4.003,4.003,4.003,4.003,0.0,0.0,0.0,-0.1994515083520331,-6.0328638497652465,0.0,0.0,1.1660305910847224,1.590365542980154,0.0,0.0,-0.028728453659755182,0
2025-08-15 12:00:00+00:00,3.977,4.042,3.962,3.998,1098.91,-0.0012498439322281,-0.1249063202597988,-2.249388753056225,0.1252191334836006,3.9356010355981312,1.0885700145748118,0.6562822107144218,0.8823472548723326,2.0010004997496154,1.1005502748622835,-0.03701850925462735,0
2025-08-15 13:00:00+00:00,3.964,3.964,3.943,3.943,12.71,-0.0138523811827182,-1.3756878439219689,-3.594132029339847,-2.666008392989383,0.0541487599782546,0.5297679110671601,0.7351321114826948,0.8708317763075102,0.5325893987997466,0.0,-0.021557189956885603,0
2025-08-15 14:00:00+00:00,3.941,3.941,3.917,3.917,163.71,-0.0066158002117959,-0.6593963986812112,-3.3316880552813344,-3.30782522833869,0.7337211365152597,0.6089824915988378,0.7194240239013401,0.8775578371903893,0.6127138114340793,0.0,-0.01506254786826644,0
2025-08-15 15:00:00+00:00,3.907,3.911,3.839,3.839,344.22,-0.0201141386650335,-1.9913198876691296,-3.8808212318477753,-4.833911750123942,1.452338676496001,1.8409613904778943,0.8783516330281493,0.9562157199968986,1.875488407951164,0.1041938004417313,0.008856473039854151,0
2025-08-15 16:00:00+00:00,3.889,3.89,3.889,3.89,102.72,0.0131972416116943,1.3284709559781227,-2.8228828378715987,-1.8172640080767355,0.4324491206386575,0.0,1.1655945697397585,0.9420371591329024,0.0257069408674361,0.0,-0.015167095115681262,0
2025-08-15 17:00:00+00:00,3.87,3.888,3.86,3.888,2010.87,-0.0005142710321623,-0.0514138817480747,-2.872845365975518,-2.409638554216864,6.5347924638457835,0.0,1.1615653596643425,0.932487369640975,0.720164608868271,0.0,0.010545267489711962,0
2025-08-15 18:00:00+00:00,3.878,3.878,3.85,3.85,2573.0,-0.0098217382984997,-0.97736625514403,-3.701850925462735,-3.629536921151444,6.2015317035985955,0.722021660463636,1.1610230930522911,0.9456141621255718,0.7272727270838258,0.0,0.024935064935065032,0
2025-08-15 19:00:00+00:00,3.858,3.858,3.858,3.858,6.45,0.0020757661838445,0.2077922077922123,-2.1557189956885603,-3.429286608260329,0.0155359449376833,0.0,1.135252413064993,0.9480305824727762,0.0,0.0,0.019958527734577514,0
2025-08-15 20:00:00+00:00,3.858,3.858,3.858,3.858,0.0,0.0,0.0,-1.506254786826644,-3.259779338014035,0.0,0.0,1.1326028896012026,0.9484652367923636,0.0,0.0,0.019958527734577514,0
2025-08-15 21:00:00+00:00,3.885,3.885,3.873,3.873,54.71,0.0038804860490778,0.3888024883359264,0.8856473039854151,-1.6006097560975483,0.14575243930828,0.3088803088007918,0.7447243459933593,0.920009354274324,0.309837335318905,0.0,0.010327911179963678,0
2025-08-15 22:00:00+00:00,3.831,3.831,3.831,3.831,1.47,-0.0109035348141032,-1.0844306738962084,-1.5167095115681262,-3.0126582278481084,0.0039243691309553,0.0,0.6261872424300602,0.9382915398404104,0.0,0.0,0.021404333072304826,0
2025-08-15 23:00:00+00:00,3.929,3.929,3.929,3.929,3.39,0.0252590748578107,2.558078830592536,1.0545267489711962,-1.3557619884509209,0.009052955785589,0.0,1.3072117266422223,1.0683036710743796,0.0,0.0,-0.0055993891575464305,0
2025-08-16 00:00:00+00:00,3.931,3.946,3.931,3.946,104.89,0.0043174670241009,0.432680071264957,2.493506493506503,-0.9289480291237772,0.2768760703071548,0.0,1.1779773884890097,1.0729282098491004,0.3801317789203954,0.0,-0.009883426254434946,0
2025-08-16 01:00:00+00:00,3.935,3.935,3.935,3.935,1.0,-0.0027915257310571,-0.2787633046122728,1.9958527734577511,-0.8816120906801062,0.0026637365564474,0.0,1.2110408892162683,1.0724148414631116,0.0,0.0,-0.007115628970775112,0
2025-08-16 02:00:00+00:00,3.935,3.935,3.935,3.935,0.0,0.0,0.0,1.9958527734577511,-1.649587603099234,0.0,0.0,1.2110408892162683,1.0583842524986753,0.0,0.0,-0.0035578144853876115,0
2025-08-16 03:00:00+00:00,3.871,3.917,3.867,3.913,174.59,-0.0056065386410911,-0.5590851334180469,1.0327911179963678,-3.3349802371541504,0.5728496060594307,0.1021189685723465,1.262678586044027,1.0289384257851963,1.2777919751398392,0.1022233580111875,0.006388959877332123,0
2025-08-16 04:00:00+00:00,3.913,3.913,3.913,3.913,1.31,0.0,0.0,2.140433307230482,-2.6374720079621827,0.004298364461371,0.0,1.1145695348542726,1.0218308093338628,0.0,0.0,0.006388959877332123,0
2025-08-16 05:00:00+00:00,3.907,3.907,3.907,3.907,2.5,-0.0015345271553417,-0.1533350370559572,-0.559938915754643,-2.59286960857642,0.0082137097767517,0.0,0.3315607013437869,1.0217023052009948,0.0,0.0,0.0043511645764013895,0
2025-08-16 06:00:00+00:00,3.907,3.907,3.907,3.907,0.0,0.0,0.0,-0.9883426254434946,-4.474327628361852,0.0,0.0,0.2242228175559238,0.9235899811204438,0.0,0.0,0.0033273611466597686,0
2025-08-16 07:00:00+00:00,3.907,3.907,3.907,3.907,0.0,0.0,0.0,-0.7115628970775112,-4.474327628361852,0.0,0.0,0.2248951415202281,0.9235899811204438,0.0,0.0,0.0033273611466597686,0
2025-08-16 08:00:00+00:00,3.935,3.935,3.921,3.921,278.11,0.0035769072372609,0.3583312004095118,-0.3557814485387611,-3.232971372161886,0.947749559109714,0.3557814484483461,0.2982117037811087,0.9160196165256262,0.3570517724159581,0.0,0.002550369803621555,0
2025-08-16 09:00:00+00:00,3.938,3.938,3.938,3.938,69.48,0.0043262569067392,0.4335628666156665,0.6388959877332123,-1.402103154732104,0.2368606083152793,0.0,0.2328330515570265,0.8790958210469281,0.0,0.0,0.012696800406297504,0
2025-08-16 10:00:00+00:00,3.938,3.938,3.938,3.938,0.0,0.0,0.0,0.6388959877332123,-1.623782163377463,0.0,0.0,0.2328330515570265,0.8771336278611523,0.0,0.0,0.00685627221940055,0
2025-08-16 11:00:00+00:00,3.894,3.924,3.894,3.924,12.68,-0.0035614385138171,-0.3555104113763363,0.4351164576401389,-1.973519860104922,0.0433706917190594,0.0,0.2865409043056535,0.8789401847514406,0.7645259936889537,0.0,0.013251783893985847,0
2025-08-16 12:00:00+00:00,3.956,3.956,3.92,3.92,9.09,-0.0010198879007455,-0.1019367991845099,0.3327361146659768,-1.950975487743878,0.0368084496109461,0.910010110993426,0.2946037299200976,0.8789050195229541,0.9183673467044988,0.0,0.003061224489795844,0
2025-08-16 13:00:00+00:00,3.92,3.92,3.92,3.92,0.0,0.0,0.0,0.3327361146659768,-0.5833121988333745,0.0,0.0,0.2946037299200976,0.833940471471291,0.0,0.0,0.004591836734693988,0
2025-08-16 14:00:00+00:00,3.92,3.939,3.92,3.931,52.77,0.0028021926373522,0.2806122448979709,0.2550369803621555,0.357416390094456,0.2182363330883146,0.2030972327486426,0.2800410397717939,0.8247607186122317,0.4833375730136543,0.2035105570583795,0.005596540320529142,0
2025-08-16 15:00:00+00:00,3.962,3.988,3.962,3.988,16.05,0.0143960056598685,1.45001271940981,1.2696800406297504,3.88121906746548,0.0703551363629958,0.0,0.6360666141262568,0.7539209470015235,0.651955867439324,0.0,-0.008776328986960902,0
2025-08-16 16:00:00+00:00,3.97,3.984,3.964,3.965,1116.26,-0.0057839970127806,-0.576730190571717,0.685627221940055,1.9280205655527016,4.128803967546396,0.4769076304023857,0.7134347011925841,0.725863389652927,0.5044136190405014,0.3530895333283453,-0.0015132408575031508,0
2025-08-16 17:00:00+00:00,3.976,3.976,3.976,3.976,1.25,0.0027704337075163,0.277427490542248,1.325178389398585,2.263374485596703,0.0066979236436345,0.0,0.6758435675631271,0.7263825326610102,0.0,0.0,-0.004275653923541234,0
2025-08-16 18:00:00+00:00,3.932,3.932,3.932,3.932,12.25,-0.0111280865094075,-1.106639839034207,0.3061224489795844,2.129870129870115,0.1532646943809833,0.0,0.8700625435341532,0.7352272038020192,0.0,0.0,0.005595116988809767,0
2025-08-16 19:00:00+00:00,3.937,3.938,3.937,3.938,107.8,0.0015247779320136,0.1525940996948138,0.4591836734693988,2.073613271124941,1.2810457516187623,0.0,0.8705037071229698,0.7349229369153959,0.0253936008061553,0.0,-0.00025393600812606554,0
2025-08-16 20:00:00+00:00,3.953,3.953,3.953,3.953,5.32,0.0038018040976144,0.3809040121889095,0.5596540320529142,2.4624157594608453,0.0630543428868728,0.0,0.8761241124820648,0.7370936069887196,0.0,0.0,-0.0075891727801669084,0
2025-08-16 21:00:00+00:00,3.953,3.953,3.953,3.953,0.0,0.0,0.0,-0.8776328986960902,2.065582235992758,0.0,0.0,0.5810197802632302,0.7347838548298516,0.0,0.0,0.003288641538072401,0
2025-08-16 22:00:00+00:00,3.987,3.987,3.959,3.959,37.86,0.001516683809445,0.1517834556033381,-0.151324085750315,3.3411641868963837,0.4528256752661873,0.7022824176818961,0.5480992177082008,0.690812740620962,0.7072493052015036,0.0,0.013387218994695527,0
2025-08-16 23:00:00+00:00,3.959,3.959,3.959,3.959,0.0,0.0,0.0,-0.4275653923541234,0.7635530669381607,0.0,0.0,0.5288730532893499,0.4672703583811746,0.0,0.0,0.01591310937105339,0
2025-08-17 00:00:00+00:00,3.967,3.967,3.954,3.954,117.23,-0.0012637433755683,-0.1262945188178821,0.5595116988809767,0.2027369488089236,1.3959068244233563,0.3277035542405562,0.1759973148408625,0.4603316703452657,0.3287809812016208,0.0,0.017197774405665056,0
2025-08-17 01:00:00+00:00,3.937,3.937,3.937,3.937,45.54,-0.0043087127868248,-0.429944360141643,-0.0253936008126065,0.0508259212198103,0.5305399278610479,0.0,0.2716812374603559,0.4654659246660853,0.0,0.0,0.021590043180086393,0
2025-08-17 02:00:00+00:00,3.954,3.954,3.923,3.923,10.37,-0.0035623447341849,-0.3556007112014203,-0.7589172780166908,-0.3049555273189286,0.120205171796178,0.7840161859423362,0.2257435048431742,0.471181214197741,0.7902115725745099,0.0,0.032118276828957626,0
2025-08-17 03:00:00+00:00,3.966,3.966,3.966,3.966,6.3,0.0109013628701888,1.0960999235279267,0.3288641538072401,1.3544594939943977,0.0794881635175048,0.0,0.5517169170215075,0.5068574836708652,0.0,0.0,0.01613716591023695,0
2025-08-17 04:00:00+00:00,3.97,4.012,3.97,4.012,50.28,0.0115318400020847,1.1598587997982746,1.338721899469553,2.5300281114234435,0.6184692026123986,0.0,0.7144239874852606,0.5537987069644383,1.046859421473848,0.0,0.013210368893320279,0
2025-08-17 05:00:00+00:00,4.017,4.03,4.017,4.022,37.51,0.0024894212507714,0.2492522432702149,1.591310937105339,2.9434348605067884,0.4532588173043933,0.1985111662038435,0.706158703489706,0.5517495165157956,0.3232222773935275,0.1989060168575571,0.01740427647936338,0
2025-08-17 06:00:00+00:00,4.022,4.022,4.022,4.022,4.95,0.0,0.0,1.7197774405665056,2.9434348605067884,0.0596655115255727,0.0,0.6939974779669715,0.5517495165157956,0.0,0.0,0.012431626056688128,0
2025-08-17 07:00:00+00:00,4.022,4.022,4.022,4.022,0.0,0.0,0.0,2.1590043180086393,2.9434348605067884,0.0,0.0,0.6239663054500476,0.5517495165157956,0.0,0.0,0.015166583789159693,0
2025-08-17 08:00:00+00:00,4.029,4.049,4.029,4.049,45.34,0.0066906456995638,0.6713078070611722,3.2118276828957626,3.264473348635577,0.6188599409582651,0.0,0.5219550417853811,0.5611411087062512,0.4939491231183248,0.0,0.01111385527290687,0
2025-08-17 09:00:00+00:00,4.053,4.053,4.03,4.03,54.19,-0.0047035610914325,-0.4692516670782964,1.613716591023695,2.3362112747587593,0.7461446667787837,0.5674808782216847,0.5715900441422004,0.5704324483228806,0.570719602836042,0.0,0.03473945409429269,0
2025-08-17 10:00:00+00:00,4.067,4.072,4.065,4.065,76.22,0.0086473670411823,0.8684863523573227,1.321036889332028,3.2249873031996,1.0055077339005232,0.1719056974037479,0.4881729100985706,0.5910286307378481,0.17220172197485,0.1230012299820388,0.017466174661746603,0
2025-08-17 11:00:00+00:00,4.085,4.092,4.085,4.092,40.88,0.006620105089606,0.6642066420664117,1.740427647936338,4.281345565749217,0.531064272020641,0.0,0.5212888263733528,0.590988828055786,0.1710654936043259,0.0,0.010752688172043223,0
2025-08-17 12:00:00+00:00,4.074,4.074,4.072,4.072,4.4,-0.0048995688411583,-0.4887585532746707,1.2431626056688128,3.877551020408166,0.0573050353536385,0.0490918016570658,0.606722004651056,0.6040472673170896,0.0491159135439248,0.0,-0.007367387033398898,0
2025-08-17 13:00:00+00:00,4.091,4.091,4.083,4.083,3.7,0.002697733089217,0.2701375245579562,1.516658378915969,4.158163265306136,0.048091764284741,0.1955512099253115,0.5983484694137513,0.6034791348259938,0.195934361940746,0.0,-0.010041636051922653,0
2025-08-17 14:00:00+00:00,4.092,4.094,4.092,4.094,8.35,0.002690474901659,0.2694097477345059,1.111385527290687,4.14652760111931,0.1112066812781725,0.0,0.563717336938575,0.6033945240584047,0.0488519784932131,0.0,-0.012701514411333825,0
2025-08-17 15:00:00+00:00,4.1,4.17,4.1,4.17,651.54,0.0183935485716121,1.8563751831949027,3.4739454094292688,4.563691073219656,6.415057804116456,0.0,0.775991013318769,0.6441282041513573,1.6786570739379787,0.0,-0.022302158273381334,0
2025-08-17 16:00:00+00:00,4.17,4.187,4.136,4.136,140.9,-0.008186898604582,-0.8153477218225347,1.7466174661746603,4.312736443883991,2.31271115727509,1.2180558869792115,0.9356553250439136,0.658238348450563,1.2330754349049662,0.4110251449683292,-0.010396518375241803,0
2025-08-17 17:00:00+00:00,4.136,4.136,4.136,4.136,0.0,0.0,0.0,1.0752688172043223,4.024144869215296,0.0,0.0,0.921743200082528,0.6588170305930889,0.0,0.0,-0.010396518375241803,0
2025-08-17 18:00:00+00:00,4.105,4.105,4.042,4.042,899.0,-0.0229895182246988,-2.272727272727282,-0.7367387033398898,2.7975584944048837,9.190349621660284,1.5347137633289516,1.3705975375448165,0.7901872103170597,1.5586343390503283,0.0,-0.0009896091044035993,0
2025-08-17 19:00:00+00:00,4.042,4.042,4.042,4.042,0.0,0.0,0.0,-1.004163605192265,2.6409344845099048,0.0,0.0,1.3595061411724303,0.7904853987445136,0.0,0.0,-0.016081147946561125,0
2025-08-17 20:00:00+00:00,4.042,4.042,4.042,4.042,0.0,0.0,0.0,-1.2701514411333823,2.251454591449531,0.0,0.0,1.3465751118098868,0.7886137763448456,0.0,0.0,-0.03884215734784757,0
2025-08-17 21:00:00+00:00,4.042,4.077,4.042,4.077,8.43,0.008621804855687,0.8659079663532854,-2.2302158273381334,3.1368580824690184,0.0902010263076674,0.0,1.081751994733655,0.803697479045751,0.8584743681975815,0.0,-0.04096149129261706,0
2025-08-17 22:00:00+00:00,4.072,4.093,4.072,4.093,35.04,0.0039167736731495,0.3924454255580079,-1.0396518375241803,3.3846931043192807,0.375400081239812,0.0,1.0954368015474287,0.8054869917845826,0.5130710968695137,0.0,-0.041534326899584695,0
2025-08-17 23:00:00+00:00,4.093,4.093,4.093,4.093,0.0,0.0,0.0,-1.0396518375241803,3.3846931043192807,0.0,0.0,1.0954368015474287,0.8054869917845826,0.0,0.0,-0.041534326899584695,0
2025-08-18 00:00:00+00:00,4.055,4.055,4.038,4.038,35.31,-0.0135286776196201,-1.3437576349865532,-0.0989609104403599,2.124430955993928,0.3926514537197153,0.4192355116105328,0.7382931266241662,0.8600918092950972,0.4210004951904273,0.0,-0.03714710252600306,0
2025-08-18 01:00:00+00:00,4.051,4.051,3.977,3.977,111.46,-0.0152217536650922,-1.51064883605746,-1.6081147946561123,1.0160020320040708,1.2027138213226205,1.8267094540047688,0.9597911329619812,0.9157404627995268,1.8606990188934696,0.0,-0.028664822730701478,0
2025-08-18 02:00:00+00:00,3.971,3.971,3.885,3.885,164.38,-0.0234047824059428,-2.3133014835303056,-3.884215734784757,-0.968646444047927,1.658882002186623,2.165701334131032,1.2574639135694354,1.0350675267015323,2.213642213072429,0.0,-0.004890604890604777,0
2025-08-18 03:00:00+00:00,3.949,3.949,3.858,3.91,2541.91,0.0064143901776637,0.6435006435006496,-4.096149129261706,-1.4120020171457417,12.415231420085515,0.9875917951411444,1.2061960057162768,1.017662551464495,2.327365728305015,0.0,-0.020460358056266004,0
2025-08-18 04:00:00+00:00,3.873,3.923,3.873,3.923,6.14,0.0033192932301411,0.3324808184143268,-4.1534326899584695,-2.2183449651046794,0.0302609017073657,0.0,1.1956101476276164,0.9885116321404476,1.2745347944750056,0.0,-0.02370634718327813,0
2025-08-18 05:00:00+00:00,3.923,3.923,3.923,3.923,0.0,0.0,0.0,-4.1534326899584695,-2.461461959224276,0.0,0.0,1.1956101476276164,0.9860654852067804,0.0,0.0,-0.002549069589599884,0
2025-08-18 06:00:00+00:00,3.858,3.888,3.845,3.888,99.18,-0.0089617806292228,-0.8921743563599316,-3.714710252600306,-3.331675783192445,0.4831792983451107,0.0,1.160286488850535,0.9988476729052131,1.1059670779048365,0.0,0.01903292181069971,0
2025-08-18 07:00:00+00:00,3.86,3.931,3.86,3.863,28.17,-0.0064508029140483,-0.643004115226331,-2.866482273070148,-3.9532570860268623,0.1364566639883268,1.7298397349962265,1.0778641413670542,1.0035515635972334,1.83794977948798,1.7602899296504573,0.009319181982914815,0
2025-08-18 08:00:00+00:00,3.866,3.866,3.866,3.866,129.07,0.000776297101995,0.0776598498576364,-0.4890604890604777,-4.519634477648804,0.6148300904844803,0.0,0.5842691108632161,0.9892612339306072,0.0,0.0,0.007759958613553941,0
2025-08-18 09:00:00+00:00,3.841,3.841,3.83,3.83,189.6,-0.0093555775935845,-0.9311950336264864,-2.0460358056266004,-4.962779156327546,0.8795286913722707,0.2863837541561125,0.5474443956859821,0.9994431201151908,0.2872062662435524,0.0,0.015404699738903238,0
2025-08-18 10:00:00+00:00,3.83,3.83,3.83,3.83,0.0,0.0,0.0,-2.370634718327813,-5.781057810578116,0.0,0.0,0.4777466196032179,0.9742033580737006,0.0,0.0,0.015404699738903238,0
2025-08-18 11:00:00+00:00,3.912,3.913,3.912,3.913,33.35,0.0214395400357207,2.167101827676232,-0.2549069589599884,-4.374389051808403,0.1572516714367831,0.0,1.1563943879370902,1.076040162220156,0.025555839502794,0.0,0.008433427038078367,0
2025-08-18 12:00:00+00:00,3.91,3.962,3.91,3.962,97.76,0.0124446050480839,1.2522361359570855,1.903292181069971,-2.7013752455795625,0.4526545881070006,0.0,1.1704857615435498,1.1123929398679857,1.3124684499463746,0.0,-0.012619888944977342,0
2025-08-18 13:00:00+00:00,3.88,3.97,3.759,3.899,9603.93,-0.0160288382758989,-1.590106007067138,0.9319181982914816,-4.506490325740886,15.59130166561318,1.7884130977862984,1.3749432134826327,1.149358885141202,5.411644009896995,1.8209797379274268,0.0033341882533983735,0
2025-08-18 14:00:00+00:00,3.896,3.896,3.896,3.896,39.75,-0.0007697242201716,-0.0769428058476573,0.7759958613553941,-4.83634587200783,0.0643945427986418,0.0,1.3781191575264913,1.1454860426900015,0.0,0.0,0.004106776180698102,0
2025-08-18 15:00:00+00:00,3.885,3.889,3.885,3.889,5.14,-0.0017983306066784,-0.1796714579055502,1.5404699738903238,-6.738609112709836,0.0087066256743676,0.0,1.2933075306193138,1.0596202295774932,0.1028542041391478,0.0,0.01002828490614549,0
2025-08-18 16:00:00+00:00,3.889,3.889,3.889,3.889,462.62,0.0,0.0,1.5404699738903238,-5.971953578336564,0.766231615210073,0.0,1.2933075306193138,1.0550512922806847,0.0,0.0,0.018770892260221217,0
2025-08-18 17:00:00+00:00,3.945,3.946,3.945,3.946,55.19,0.0145503524268135,1.4656724093597528,0.8433427038078367,-4.5938104448742685,0.0910636536697652,0.0,1.109573336469274,1.1107697759401074,0.0253421185947012,0.0,-0.006842372022301091,0
2025-08-18 18:00:00+00:00,3.908,3.913,3.908,3.912,173.9,-0.0086536554278527,-0.8616320324379201,-1.2619888944977342,-3.216229589312214,0.3019898945967825,0.025555839502794,1.020260884268005,1.0282418859285472,0.1278118609080208,0.0255623721816018,-0.00996932515337412,0
2025-08-18 19:00:00+00:00,3.912,3.912,3.912,3.912,0.0,0.0,0.0,0.3334188253398373,-3.216229589312214,0.0,0.0,0.7597082772172461,1.0282418859285472,0.0,0.0,-0.0035787321063394106,0
2025-08-18 20:00:00+00:00,3.912,3.912,3.912,3.912,0.0,0.0,0.0,0.4106776180698102,-3.216229589312214,0.0,0.0,0.7576715204693565,1.0282418859285472,0.0,0.0,-0.004089979550102263,0
2025-08-18 21:00:00+00:00,3.949,3.949,3.928,3.928,8.52,0.0040816383196484,0.4089979550102152,1.002828490614549,-3.6546480255089553,0.0147954982554542,0.5317801973836948,0.7571839275796559,1.0131406270011756,0.5346232177864989,0.0,-0.026985743380855354,0
2025-08-18 22:00:00+00:00,3.962,3.962,3.962,3.962,6.01,0.0086185577841397,0.865580448065173,1.8770892260221217,-3.2005863669679835,0.0104586992318938,0.0,0.79987133817086,1.0286016332793295,0.0,0.0,-0.04088844018172644,0
2025-08-18 23:00:00+00:00,3.919,3.919,3.919,3.919,3.18,-0.0109124290588648,-1.085310449268051,-0.6842372022301091,-4.251160517957486,0.0055326117450465,0.0,0.7443781735989712,1.04631596719597,0.0,0.0,-0.030875223271242702,0
2025-08-19 00:00:00+00:00,3.92,3.92,3.873,3.873,12.5,-0.0118071186848791,-1.1737688185761597,-0.996932515337412,-4.086181277860323,0.0217837081098913,1.1989795915308652,0.8157171503738869,1.0384936969489715,1.2135295633324144,0.0,-0.01936483346243223,0
2025-08-19 01:00:00+00:00,3.898,3.898,3.898,3.898,25.0,0.0064342005527538,0.6454944487477299,-0.357873210633941,-1.9864219260749216,0.0438426632955761,0.0,0.8816860982851076,1.0099345907400308,0.0,0.0,-0.006413545407901511,0
2025-08-19 02:00:00+00:00,3.883,3.956,3.883,3.896,70.59,-0.0005132153050804,-0.0513083632632138,-0.4089979550102263,0.2831402831402929,0.1246484018329831,1.5166835183223766,0.8812393107922004,0.888292538297898,1.873716631962597,1.5400410673665206,-0.005903490759753494,0
2025-08-19 03:00:00+00:00,3.883,3.885,3.822,3.822,49.93,-0.0191765399622073,-1.8993839835728887,-2.6985743380855354,-2.250639386189257,0.1079613280920371,1.6216216212042087,1.1112521046897317,0.9601141176781874,1.648351647920361,0.052328623743498,0.010465724751439032,0
2025-08-19 04:00:00+00:00,3.816,3.816,3.8,3.8,80.48,-0.0057727790857412,-0.5756148613291545,-4.088844018172644,-3.135355595207756,0.1728604324191932,0.4192872116301662,0.9063500582357849,0.9604798468539212,0.4210526314681444,0.0,0.0228947368421053,0
2025-08-19 05:00:00+00:00,3.798,3.798,3.798,3.798,28.47,-0.0005264543422458,-0.0526315789473597,-3.08752232712427,-3.1863369869997493,0.0609943993842836,0.0,0.914859547510478,0.9602236143790236,0.0,0.0,0.026592943654555112,0
2025-08-19 06:00:00+00:00,3.798,3.798,3.798,3.798,0.0,0.0,0.0,-1.936483346243223,-2.314814814814814,0.0,0.0,0.8709449132468983,0.9466625801949856,0.0,0.0,0.026592943654555112,0
2025-08-19 07:00:00+00:00,3.873,3.873,3.873,3.873,2.0,0.019554788142521,1.9747235387045816,-0.6413545407901511,0.2588661661920843,0.0043333071529265,0.0,1.24667166802286,1.026717867411064,0.0,0.0,0.0020655822359927356,0
2025-08-19 08:00:00+00:00,3.873,3.873,3.873,3.873,0.0,0.0,0.0,-0.5903490759753494,0.1810657009829297,0.0,0.0,1.247307937694401,1.026620359334137,0.0,0.0,-0.01936483346243223,0
2025-08-19 09:00:00+00:00,3.862,3.862,3.862,3.862,39.53,-0.0028442165262925,-0.2840175574490122,1.0465724751439032,0.8355091383811963,0.0878619354777007,0.0,0.9011275666440394,1.0090671745307482,0.0,0.0,-0.021232522009321686,0
2025-08-19 10:00:00+00:00,3.86,3.887,3.86,3.887,42.54,0.0064524678637634,0.6473329880890777,2.28947368421053,1.4882506527415185,0.0941811134099178,0.0,0.8330525852209049,1.0166705583572488,0.6946231024711578,0.0,-0.027527656290198155,0
2025-08-19 11:00:00+00:00,3.883,3.899,3.883,3.899,983.4,0.0030824581303742,0.308721378955501,2.6592943654555112,-0.3577817531305816,2.001757355955499,0.0,0.8084687243628397,0.9173992913187649,0.4103616310822364,0.0,-0.026417030007694353,0
2025-08-19 12:00:00+00:00,3.899,3.899,3.899,3.899,0.0,0.0,0.0,2.6592943654555112,-1.590106007067138,0.0,0.0,0.8084687243628397,0.8774199555981765,0.0,0.0,-0.03821492690433448,0
2025-08-19 13:00:00+00:00,3.875,3.901,3.875,3.881,267.64,-0.004627257613691,-0.4616568350859218,0.2065582235992735,-0.4616568350859218,2.725932464462407,0.5126890539572706,0.3998182872370262,0.8195948503440369,0.6699304301288456,0.5153311000991163,-0.040453491368203975,0
2025-08-19 14:00:00+00:00,3.866,3.866,3.798,3.798,1147.15,-0.0216182399966749,-2.138624065962369,-1.936483346243223,-2.515400410677615,7.948403338484501,1.758923951950616,0.984127682435231,0.9291412191254524,1.7904160079540783,0.0,-0.017114270668773024,0
2025-08-19 15:00:00+00:00,3.789,3.794,3.78,3.78,1555.15,-0.0047506027585978,-0.4739336492891044,-2.1232522009321686,-2.802777063512474,7.444174079504832,0.3690036899396467,0.9855965322733178,0.9321087089750694,0.370370370272395,0.132275132240136,-0.0005291005291004902,0
2025-08-19 16:00:00+00:00,3.78,3.78,3.78,3.78,0.0,0.0,0.0,-2.7527656290198155,-2.802777063512474,0.0,0.0,0.8842710946711771,0.9321087089750694,0.0,0.0,-0.0015873015873015817,0
2025-08-19 17:00:00+00:00,3.766,3.796,3.757,3.796,1269.14,0.004223871116185,0.4232804232804144,-2.6417030007694353,-3.801317790167269,5.283377824935984,0.0,0.905218666945047,0.8786162457219461,1.027397260003312,0.0,-0.005795574288724903,0
2025-08-19 18:00:00+00:00,3.788,3.788,3.75,3.75,202.1,-0.0121920407653619,-1.2118018967334,-3.821492690433448,-4.1411042944785255,0.8372386865550392,1.003167898362411,0.9217149910573496,0.8937789892765056,1.013333333063106,0.0,-0.005866666666666576,0
2025-08-19 19:00:00+00:00,3.749,3.749,3.724,3.724,100.24,-0.0069574805674987,-0.6933333333333236,-4.0453491368203975,-4.8057259713701335,0.4082008018892118,0.6668444916866222,0.9171740836936386,0.8990822893954538,0.6713211598626933,0.0,0.008324382384532703,0
2025-08-19 20:00:00+00:00,3.733,3.733,3.733,3.733,2.67,0.002413840517626,0.2416756176154555,-1.7114270668773024,-4.575664621676889,0.0108679429602151,0.0,0.622291228256333,0.902820061973807,0.0,0.0,0.00669702652022508,0
2025-08-19 21:00:00+00:00,3.8,3.802,3.778,3.778,395.47,0.0119825691468709,1.2054647736404966,-0.052910052910049,-3.818737270875761,1.5105830000308356,0.6312467120906774,0.8535284270461206,0.9394383629744876,0.6352567494348187,0.0529380624529074,-0.002117522498676583,0
2025-08-19 22:00:00+00:00,3.775,3.775,3.774,3.774,5.28,-0.0010593221329592,-0.1058761249338235,-0.1587301587301581,-4.745078243311463,0.0201704427882574,0.0264900662181454,0.8544046410168111,0.9139953111880492,0.0264970853135908,0.0,-0.0010598834128245915,0
2025-08-19 23:00:00+00:00,3.774,3.774,3.774,3.774,0.0,0.0,0.0,-0.5795574288724903,-3.6999234498596545,0.0,0.0,0.8269853874658639,0.894805269316843,0.0,0.0,-0.0010598834128245915,0
2025-08-20 00:00:00+00:00,3.745,3.745,3.728,3.728,4.07,-0.0122635501230136,-1.2188659247482692,-0.5866666666666576,-3.7438678027369,0.0155768356761246,0.4539385846584917,0.8289292117777476,0.8971209540748312,0.4560085835686646,0.0,0.011266094420600892,0
2025-08-20 01:00:00+00:00,3.737,3.755,3.704,3.755,56.65,0.0072163883927532,0.7242489270386177,0.8324382384532703,-3.668547973319658,0.2157239190789087,0.0,0.8264960546892011,0.9002991872856226,1.358189080863324,0.0,0.003994673768308976,0
2025-08-20 02:00:00+00:00,3.757,3.759,3.756,3.758,25.15,0.0007986157751756,0.0798934753661884,0.669702652022508,-3.5420944558521517,0.0964670308415908,0.0266028198918292,0.8250909823543462,0.9013582446603312,0.0798296966259131,0.0266098988753004,0.013571048430015997,0
2025-08-20 03:00:00+00:00,3.75,3.77,3.75,3.77,3938.41,0.0031881004686458,0.3193187865886182,-0.2117522498676582,-1.3605442176870763,9.316590344109471,0.0,0.6536756928792886,0.8228854853522747,0.530503978639124,0.0,0.010875331564986768,0
2025-08-20 04:00:00+00:00,3.77,3.77,3.77,3.77,0.0,0.0,0.0,-0.1059883412824591,-0.7894736842105177,0.0,0.0,0.6528173874895209,0.8154219273232766,0.0,0.0,-0.003713527851458953,0
2025-08-20 05:00:00+00:00,3.77,3.77,3.77,3.77,0.0,0.0,0.0,-0.1059883412824591,-0.7372301211163723,0.0,0.0,0.6528173874895209,0.8154376628744825,0.0,0.0,-0.003713527851458953,0
2025-08-20 06:00:00+00:00,3.77,3.77,3.77,3.77,0.0,0.0,0.0,1.1266094420600892,-0.7372301211163723,0.0,0.0,0.2896887097325854,0.8154376628744825,0.0,0.0,0.012201591511936227,0
2025-08-20 07:00:00+00:00,3.77,3.77,3.77,3.77,0.0,0.0,0.0,0.3994673768308976,-2.6594371288406915,0.0,0.0,0.1276932837159692,0.6975042283086015,0.0,0.0,-0.001856763925729421,0
2025-08-20 08:00:00+00:00,3.792,3.809,3.792,3.809,49.95,0.0102916860365477,1.0344827586207028,1.3571048430015995,-1.6524657887942218,0.1188750304919358,0.0,0.4142431138887421,0.7353202922445942,0.4463113676959105,0.0,0.0007876082961406627,0
2025-08-20 09:00:00+00:00,3.796,3.811,3.796,3.811,16.47,0.000524934395256,0.0525072197427034,1.0875331564986768,-1.3205592957017176,0.0392864668020069,0.0,0.4163999951967118,0.7342526318590612,0.3935974808728457,0.0,0.014431907635791275,0
2025-08-20 10:00:00+00:00,3.756,3.756,3.756,3.756,3.0,-0.0145370605457067,-1.4431907635791164,-0.3713527851458953,-3.3702083869307953,0.0071842377822884,0.0,0.793994384275124,0.7712426190717295,0.0,0.0,0.030351437699680517,0
2025-08-20 11:00:00+00:00,3.756,3.756,3.756,3.756,0.0,0.0,0.0,-0.3713527851458953,-3.667607078738144,0.0,0.0,0.793994384275124,0.765952408830065,0.0,0.0,0.03407880724174661,0
2025-08-20 12:00:00+00:00,3.816,3.816,3.816,3.816,2.07,0.0158481922400237,1.5974440894568789,1.2201591511936227,-2.1287509617850753,0.0054952044165015,0.0,1.0432372266891647,0.8442694621547545,0.0,0.0,0.008123689727463246,0
2025-08-20 13:00:00+00:00,3.729,3.763,3.728,3.763,46.09,-0.0139862419747398,-1.388888888888884,-0.1856763925729421,-3.0404534913682,0.1254283336315877,0.0,1.2359004690267137,0.8829769935779728,0.9301089553733352,0.0,0.03481264948179641,0
2025-08-20 14:00:00+00:00,3.729,3.812,3.724,3.812,62.71,0.0129374741806554,1.302152537868717,0.0787608296140662,0.3686150605581861,0.1945848664828174,0.0,1.285034457921164,0.8162427089087863,2.3084994747354313,0.0,0.021511017838405033,0
2025-08-20 15:00:00+00:00,3.823,3.866,3.823,3.866,195.19,0.0140663949941835,1.4165792235047323,1.4431907635791277,2.2751322751322745,0.7348721343542027,0.0,1.4065056764151849,0.8564721212429072,1.112260734321716,0.0,0.007242628039317189,0
2025-08-20 16:00:00+00:00,3.868,3.87,3.868,3.87,4.32,0.0010341262555513,0.1034661148473947,3.0351437699680517,2.3809523809523947,0.0162533822021091,0.0,1.1524670579575105,0.8562401434109036,0.0516795865499593,0.0,0.006201550387596955,0
2025-08-20 17:00:00+00:00,3.867,3.884,3.867,3.884,129.67,0.003611043387388,0.3617571059431501,3.407880724174661,2.3182297154899834,0.5939639393732895,0.0,1.1304570061682224,0.8553217291121801,0.4376930997843196,0.0,0.002059732234809486,0
2025-08-20 18:00:00+00:00,3.815,3.847,3.785,3.847,705.39,-0.0095719266589203,-0.9526261585993788,0.8123689727463246,2.5866666666666704,2.94792784006569,0.0,1.145143780418765,0.8393343816989415,1.6116454375846991,0.0,0.010137769690668152,0
2025-08-20 19:00:00+00:00,3.867,3.894,3.867,3.894,713.59,0.01214328317985,1.2217312191318053,3.481264948179641,4.564983888292162,2.6944235110775123,0.0,0.920064441140664,0.850450255056154,0.6933744220099226,0.0,0.0035952747817153963,0
2025-08-20 20:00:00+00:00,3.894,3.894,3.894,3.894,0.0,0.0,0.0,2.1511017838405033,4.31288507902492,0.0,0.0,0.8666716069002683,0.851193728517505,0.0,0.0,-0.010529019003595264,0
2025-08-20 21:00:00+00:00,3.894,3.894,3.894,3.894,0.0,0.0,0.0,0.7242628039317189,3.070407623080995,0.0,0.0,0.699300292428796,0.8233071125009829,0.0,0.0,-0.012583461736004109,0
2025-08-20 22:00:00+00:00,3.894,3.894,3.894,3.894,0.0,0.0,0.0,0.6201550387596955,3.1796502384737746,0.0,0.0,0.7010711745954459,0.8222929190219455,0.0,0.0,-0.012583461736004109,0
2025-08-20 23:00:00+00:00,3.892,3.892,3.892,3.892,52.3,-0.0005137426262494,-0.0513610683102294,0.2059732234809486,3.126656067832534,0.2090247675690184,0.0,0.6908536873741213,0.8227139583250056,0.0,0.0,-0.012076053442959811,0
2025-08-21 00:00:00+00:00,3.888,3.888,3.862,3.886,90.52,-0.0015428133685102,-0.1541623843782091,1.0137769690668152,4.238197424892709,0.3566423923236126,0.0514403292048707,0.5160358903752793,0.773603958272602,0.669068450677023,0.0,-0.010550694801852778,0
2025-08-21 01:00:00+00:00,3.9,3.908,3.9,3.908,25.56,0.0056453832252878,0.5661348430262336,0.3595274781715396,4.074567243675098,0.1012212085356834,0.0,0.2544324777015693,0.7694126824831485,0.2047082906333911,0.0,-0.016120777891504567,0
2025-08-21 02:00:00+00:00,3.894,3.914,3.829,3.853,74.4,-0.0141736685365157,-1.4073694984646834,-1.0529019003595264,2.527940393826511,0.2922594457272418,1.5585079198879626,0.6583833106541643,0.8346659810967015,2.2060731891497336,0.5190760445058203,-0.002076304178562194,0
2025-08-21 03:00:00+00:00,3.845,3.845,3.845,3.845,8.94,-0.0020784626864132,-0.2076304178562193,-1.258346173600411,1.9893899204244112,0.098414343834489,0.0,0.6526881316386035,0.8356959701107481,0.0,0.0,0.007022106631989544,0
2025-08-21 04:00:00+00:00,3.845,3.845,3.845,3.845,0.0,0.0,0.0,-1.258346173600411,1.9893899204244112,0.0,0.0,0.6526881316386035,0.8356959701107481,0.0,0.0,-0.005461638491547571,0
2025-08-21 05:00:00+00:00,3.845,3.845,3.845,3.845,0.0,0.0,0.0,-1.207605344295981,1.9893899204244112,0.0,0.0,0.655532666168919,0.8356959701107481,0.0,0.0,-0.005721716514954567,0
2025-08-21 06:00:00+00:00,3.845,3.845,3.845,3.845,0.0,0.0,0.0,-1.0550694801852778,1.9893899204244112,0.0,0.0,0.6608066608339853,0.8356959701107481,0.0,0.0,-0.0028608582574772834,0
2025-08-21 07:00:00+00:00,3.845,3.845,3.845,3.845,0.0,0.0,0.0,-1.6120777891504567,1.9893899204244112,0.0,0.0,0.5677868004347172,0.8356959701107481,0.0,0.0,-0.007022106631989655,0
2025-08-21 08:00:00+00:00,3.845,3.845,3.845,3.845,0.0,0.0,0.0,-0.2076304178562193,0.945129955368862,0.0,0.0,0.0848528838521441,0.8110256707684914,0.0,0.0,-0.011443433029909023,0
2025-08-21 09:00:00+00:00,3.845,3.872,3.845,3.872,65.1,0.0069975664567232,0.7022106631989544,0.7022106631989544,1.6006297559695517,0.7170755214827954,0.0,0.285674454336462,0.8221723258896689,0.6973140494066774,0.0,-0.015754132231404983,0
2025-08-21 10:00:00+00:00,3.824,3.824,3.824,3.824,50.0,-0.0124741742251756,-1.2396694214875992,-0.5461638491547571,1.8104366347177825,0.5391198867790103,0.0,0.6317785795799862,0.806521419241777,0.0,0.0,-0.010198744769874368,0
2025-08-21 11:00:00+00:00,3.85,3.85,3.823,3.823,111.43,-0.0002615404748791,-0.0261506276150624,-0.5721716514954567,1.7838125665601725,1.144201807217166,0.7012987011165494,0.63111272864028,0.8066444851933179,0.7062516346570133,0.0,-0.003662045513994183,0
2025-08-21 12:00:00+00:00,3.854,3.854,3.814,3.834,82.35,0.0028731899091771,0.2877321475281302,-0.2860858257477283,0.4716981132075526,0.817518489708788,0.5189413594917126,0.6504253760134032,0.7418385295725874,1.0432968176725892,0.0,-0.0007824726134585402,0
2025-08-21 13:00:00+00:00,3.842,3.842,3.804,3.818,87.11,-0.0041819193198969,-0.4173187271778844,-0.7022106631989655,1.461599787403678,0.8503445077970171,0.6246746484579198,0.6664932372901633,0.6851751843916366,0.995285489524552,0.0,0.006547930853850081,0
2025-08-21 14:00:00+00:00,3.818,3.819,3.801,3.801,1079.73,-0.0044625352964441,-0.4452592980618064,-1.1443433029909025,-0.2885624344176163,7.455840718097896,0.4713275725395789,0.6756026770962251,0.639541400662965,0.4735595894570954,0.0263088660809471,0.011049723756906049,0
2025-08-21 15:00:00+00:00,3.806,3.829,3.785,3.811,419.41,0.0026274318846114,0.2630886608787186,-1.5754132231404985,-1.422659079151578,2.7206296522357034,0.4700966308513781,0.5765553632835678,0.5678194486044712,1.1545526105603388,0.4723169770474171,0.008396746260823873,0
2025-08-21 16:00:00+00:00,3.793,3.81,3.785,3.785,44.01,-0.006845735002311,-0.6822356336919411,-1.0198744769874368,-2.1963824289405687,0.2824541183185018,0.6561679788303998,0.4049186995244866,0.5806151058656415,0.660501981331437,0.4491413473053762,0.015323645970937827,0
2025-08-21 17:00:00+00:00,3.784,3.809,3.782,3.809,9.97,0.0063208006070548,0.6340819022456978,-0.3662045513994183,-1.9309989701338792,0.0661029170034928,0.0,0.5237071476545054,0.592336532832173,0.7088474663405528,0.0,-0.0018377526909950648,0
2025-08-21 18:00:00+00:00,3.808,3.831,3.808,3.831,1222.31,0.0057591782220448,0.577579417169849,-0.078247261345854,-0.4159085001299689,7.091456295148534,0.0,0.5730422092749565,0.5762126736793738,0.6003654396762328,0.0,0.0005220569042025947,0
2025-08-21 19:00:00+00:00,3.843,3.843,3.843,3.843,3.75,0.0031274458641949,0.3132341425215346,0.6547930853850081,-1.3097072419106404,0.026262879753762,0.0,0.54677946370819,0.5189671129619218,0.0,0.0,-0.002602133749674662,0
2025-08-21 20:00:00+00:00,3.843,3.843,3.843,3.843,0.0,0.0,0.0,1.104972375690605,-1.3097072419106404,0.0,0.0,0.4827882743753493,0.5189671129619218,0.0,0.0,-0.002602133749674662,0
2025-08-21 21:00:00+00:00,3.843,3.843,3.843,3.843,0.0,0.0,0.0,0.8396746260823873,-1.3097072419106404,0.0,0.0,0.4860302124656627,0.5189671129619218,0.0,0.0,-0.002862347124642284,0
2025-08-21 22:00:00+00:00,3.843,3.843,3.843,3.843,0.0,0.0,0.0,1.5323645970937827,-1.3097072419106404,0.0,0.0,0.2978498864882153,0.5189671129619218,0.0,0.0,0.0,0
2025-08-21 23:00:00+00:00,3.814,3.846,3.802,3.802,31.99,-0.0107260675164694,-1.066874837366638,-0.1837752690995064,-2.312435765673171,0.2253755966378569,1.1440457615330104,0.5611303777895229,0.5589863892626509,1.1572856388329085,0.8416622827875699,0.007364544976328213,0
2025-08-22 00:00:00+00:00,3.813,3.833,3.813,3.833,17.94,0.0081205423321806,0.8153603366649165,0.0522056904202594,-1.3638703036541466,0.1291421715647571,0.0,0.617620028125253,0.5887287863543742,0.5217845028641318,0.0,-0.0007826767545003888,0
2025-08-22 01:00:00+00:00,3.833,3.833,3.833,3.833,0.0,0.0,0.0,-0.2602133749674662,-1.9191402251791168,0.0,0.0,0.5997670746030342,0.5738977692807462,0.0,0.0,-0.0007826767545003888,0
2025-08-22 02:00:00+00:00,3.833,3.833,3.833,3.833,0.0,0.0,0.0,-0.2602133749674662,-0.5190760446405429,0.0,0.0,0.5997670746030342,0.4983230697909963,0.0,0.0,-0.0007826767545003888,0
2025-08-22 03:00:00+00:00,3.832,3.832,3.832,3.832,26.04,-0.0002609262898039,-0.0260892251500166,-0.2862347124642284,-0.3381014304291385,0.1922279569613693,0.0,0.5994837623429413,0.4967495247147948,0.0,0.0,-0.0005219206680584509,0
2025-08-22 04:00:00+00:00,3.793,3.843,3.793,3.843,3.46,0.0028664514740928,0.2870563674321591,0.0,-0.0520156046814102,0.0255146561787585,0.0,0.615266379251526,0.5005351007340846,1.301066874498807,0.0,-0.003382773874577083,0
2025-08-22 05:00:00+00:00,3.839,3.841,3.83,3.83,502.6,-0.0033885083901521,-0.3382773874577083,0.7364544976328213,-0.3901170351105376,3.210475886277798,0.2863837541561125,0.3917563727766149,0.5052283364588598,0.2872062662435524,0.0522193211351966,-0.019321148825065304,0
2025-08-22 06:00:00+00:00,3.83,3.83,3.83,3.83,0.0,0.0,0.0,-0.0782676754500388,-0.3901170351105376,0.0,0.0,0.1983150956200607,0.5052283364588598,0.0,0.0,-0.03472584856396865,0
2025-08-22 07:00:00+00:00,3.83,3.83,3.83,3.83,0.0,0.0,0.0,-0.0782676754500388,-0.3901170351105376,0.0,0.0,0.1983150956200607,0.5052283364588598,0.0,0.0,-0.018015665796344615,0
2025-08-22 08:00:00+00:00,3.83,3.83,3.83,3.83,0.0,0.0,0.0,-0.0782676754500388,-0.3901170351105376,0.0,0.0,0.1983150956200607,0.5052283364588598,0.0,0.0,0.030287206266318645,0
2025-08-22 09:00:00+00:00,3.83,3.83,3.83,3.83,0.0,0.0,0.0,-0.052192066805845,-1.0847107438016534,0.0,0.0,0.1982579595351931,0.4817551792719652,0.0,0.0,0.043342036553524865,0
2025-08-22 10:00:00+00:00,3.83,3.83,3.83,3.83,0.0,0.0,0.0,-0.3382773874577083,0.1569037656903749,0.0,0.0,0.1383352757502265,0.408098071207455,0.0,0.0,0.06109660574412534,0
2025-08-22 11:00:00+00:00,3.773,3.773,3.756,3.756,28.2,-0.0195102418465381,-1.9321148825065304,-1.9321148825065304,-1.7525503531258255,0.1901727233631561,0.45056983820553,0.7965022880385763,0.571310183892886,0.4526091585589525,0.0,0.07641107561235372,0
2025-08-22 12:00:00+00:00,3.756,3.756,3.697,3.697,108.25,-0.0158328813915215,-1.5708200212992462,-3.4725848563968653,-3.5732916014606153,0.7247326885637309,1.5708200208810308,0.9199350810772332,0.6430202555791968,1.595888557858827,0.0,0.1071138761157695,0
2025-08-22 13:00:00+00:00,3.715,3.761,3.715,3.761,14.36,0.0171631995337044,1.7311333513659657,-1.8015665796344615,-1.4929282346778372,0.0981315596145935,0.0,1.3197122039693263,0.744200573403199,1.2230789680342853,0.0,0.09226269609146498,0
2025-08-22 14:00:00+00:00,3.768,3.953,3.768,3.946,1701.76,0.0480175281122243,4.918904546663128,3.0287206266318645,3.814785582741376,9.879474123380918,0.1770806981590909,2.4832267938485435,1.235457081563544,4.688291940018174,0.1773948301628414,0.04662949822605156,0
2025-08-22 15:00:00+00:00,3.955,3.996,3.896,3.996,143.97,0.0125914531858834,1.2671059300557452,4.3342036553524865,4.854368932038833,0.8954727220368235,0.0,2.48599891375427,1.2557749990745768,2.502502501876253,0.0,0.052552552552552756,0
2025-08-22 16:00:00+00:00,4.0,4.064,3.977,4.064,650.22,0.0168738494898736,1.7017017017016969,6.109660574412534,7.371202113606334,3.495164418703579,0.0,2.485445816275788,1.2765027683357748,2.1407480309693088,0.0,0.029773622047243986,0
2025-08-22 17:00:00+00:00,4.06,4.104,4.034,4.043,462.13,-0.0051807196175468,-0.5167322834645605,7.641107561235372,6.1433447098976135,2.2556772653022508,1.4863547754662862,2.1988303536267795,1.284912332719128,1.7313875830493792,1.0883007664881887,0.03982191441998495,0
2025-08-22 18:00:00+00:00,4.098,4.098,4.093,4.093,69.42,0.0122912068516321,1.2367054167697231,10.71138761157695,6.838945445053501,0.4426249106661573,0.1220107369150753,1.7295733915006113,1.2989918632152142,0.1221597849689297,0.0,0.023698998289763074,0
2025-08-22 19:00:00+00:00,4.103,4.108,4.103,4.108,245.18,0.0036580945560456,0.3664793549963185,9.2262696091465,6.8956544366380434,1.4690527072551731,0.0,1.8122901550331132,1.299102931439843,0.1217137292790349,0.0,-0.001703992210321248,0
2025-08-22 20:00:00+00:00,4.103,4.13,4.096,4.13,202.7,0.0053411149066296,0.535540408958135,4.662949822605156,7.468123861566478,1.156023211707623,0.0,0.7961333822382735,1.298711087026006,0.8232445518587739,0.0,-0.02324455205811138,0
2025-08-22 21:00:00+00:00,4.13,4.206,4.101,4.206,570.69,0.0182346703075667,1.84019370460049,5.255255255255276,9.445745511319291,2.866042674988902,0.0,0.8942428829762032,1.333269989037349,2.4964336655976243,0.0,-0.031621493105087994,0
2025-08-22 22:00:00+00:00,4.185,4.185,4.185,4.185,3.0,-0.0050053733390695,-0.4992867332382467,2.9773622047243986,8.899297423887575,0.0150567451080506,0.0,0.9315760743236758,1.3432857957572797,0.0,0.0,-0.015531660692950866,0
2025-08-22 23:00:00+00:00,4.167,4.204,4.167,4.204,17.45,0.0045297490732661,0.4540023894862743,3.982191441998495,10.573382430299835,0.0878471777936035,0.0,0.796134538717232,1.3084253571841131,0.8801141767649567,0.0,-0.007849666983824832,0
2025-08-23 00:00:00+00:00,4.19,4.19,4.19,4.19,5.95,-0.0033357190806581,-0.3330161750713434,2.3698998289763074,9.31385337855466,0.0300291459356096,0.0,0.824228011431124,1.3143385044817135,0.0,0.0,-0.0028639618138426304,0
2025-08-23 01:00:00+00:00,4.137,4.139,4.085,4.101,215.5,-0.0214698875241242,-2.124105011933186,-0.1703992210321248,6.991912340203488,1.04045963692043,0.9180961582705796,1.325293501986761,1.4102569019757685,1.3167520113833882,0.0487685930142156,0.017069007559131988,0
2025-08-23 02:00:00+00:00,4.088,4.088,4.034,4.034,113.08,-0.0164724068779021,-1.633747866374058,-2.324455205811138,5.243934255152616,0.5338200929958512,1.3209393343148452,1.4347881834446057,1.4636318838683942,1.338621715087111,0.0,0.033961328705999216,0
2025-08-23 03:00:00+00:00,4.087,4.087,4.073,4.073,604.84,0.0096213891342556,0.9667823500248084,-3.162149310508799,6.289144050104389,2.5634425615668817,0.3425495472614106,1.191206585556539,1.4704990246093192,0.3437269824837239,0.0,0.024060888779769085,0
2025-08-23 04:00:00+00:00,4.118,4.124,4.118,4.12,56.29,0.0114733346951594,1.1539405843358663,-1.5531660692950866,7.207910486599012,0.2363640499046164,0.0969932104517368,1.3764530912601558,1.4817781074548626,0.1456310679258016,0.0970873786172011,0.012378640776699035,0
2025-08-23 05:00:00+00:00,4.13,4.171,4.081,4.171,670.2,0.0123026518533731,1.2378640776699037,-0.7849666983824832,8.903394255874675,2.7340269479541504,0.0,1.4890509184966194,1.487431180830643,2.157755933311491,0.0,-0.004555262526972026,0
2025-08-23 06:00:00+00:00,4.177,4.178,4.177,4.178,12.79,0.0016768479195657,0.1678254615200103,-0.286396181384263,9.086161879895547,0.0520625917996245,0.0,1.4894971543678546,1.4860825087608969,0.0239348970742217,0.0,-0.006701771182383798,0
2025-08-23 07:00:00+00:00,4.171,4.171,4.171,4.171,0.96,-0.0016768479195658,-0.1675442795595949,1.7069007559131988,8.903394255874675,0.0039071111457647,0.0,1.099804690472541,1.4882528607933942,0.0,0.0,-0.005034763845600532,0
2025-08-23 08:00:00+00:00,4.171,4.171,4.171,4.171,0.0,0.0,0.0,3.3961328705999216,8.903394255874675,0.0,0.0,0.62496394775974,1.4882528607933942,0.0,0.0,-0.00839127307600096,0
2025-08-23 09:00:00+00:00,4.171,4.171,4.171,4.171,0.0,0.0,0.0,2.4060888779769085,8.903394255874675,0.0,0.0,0.6235383444245085,1.4882528607933942,0.0,0.0,-0.005274514504914896,0
2025-08-23 10:00:00+00:00,4.171,4.171,4.171,4.171,0.0,0.0,0.0,1.2378640776699037,8.903394255874675,0.0,0.0,0.5133283680942019,1.4882528607933942,0.0,0.0,-0.01941980340445948,0
2025-08-23 11:00:00+00:00,4.132,4.152,4.131,4.152,636.51,-0.0045656693512207,-0.4555262526972026,-0.4555262526972026,10.54313099041535,2.3482940701654256,0.0,0.214451634382221,1.4171208219699802,0.5057803466989909,0.0,0.00674373795761074,0
2025-08-23 12:00:00+00:00,4.15,4.15,4.15,4.15,0.43,-0.0004818116209805,-0.0481695568400719,-0.6701771182383798,12.253178252637277,0.0016131477796492,0.0,0.1808490982414157,1.3562157000601127,0.0,0.0,0.008433734939758963,0
2025-08-23 13:00:00+00:00,4.151,4.151,4.15,4.15,2020.0,0.0,0.0,-0.5034763845600532,10.342993884605155,5.769320022308695,0.0240905805771751,0.1834737131144461,1.3333365630694074,0.0240963855363489,0.0,0.018795180722891436,0
2025-08-23 14:00:00+00:00,4.126,4.136,4.126,4.136,268.41,-0.003379197036479,-0.3373493975903696,-0.839127307600096,4.815002534211854,0.92426094591717,0.0,0.203281256541157,0.9569268358475422,0.2417794970401835,0.0,0.01547388781431347,0
2025-08-23 15:00:00+00:00,4.152,4.183,4.096,4.149,445.75,0.0031382041446028,0.3143133462282454,-0.5274514504914896,3.828828828828823,1.4712232689217752,0.8128137698271976,0.2745303296863077,0.9303475383014714,2.09689081655895,0.7471679921072069,0.01638949144372126,0
2025-08-23 16:00:00+00:00,4.185,4.188,4.09,4.09,78.06,-0.0143223712960205,-1.4220294046758286,-1.941980340445948,0.6397637795275468,0.2796454576112405,2.340019101638006,0.6056030963475293,0.925082748644656,2.3960880189740585,0.0733496332339026,0.03105134474327631,0
2025-08-23 17:00:00+00:00,4.173,4.187,4.144,4.18,188.44,0.0217662764819545,2.2004889975550057,0.674373795761074,3.3885728419490446,0.703829184593482,0.1671841413501008,1.1771760157453226,1.0152412484519946,1.028708133725193,0.1674641147924861,0.008851674641148222,0
2025-08-23 18:00:00+00:00,4.141,4.188,4.141,4.185,226.83,0.0011954574047737,0.1196172248803861,0.8433734939758963,2.2477400439775197,0.8269588914547569,0.0716332378052478,1.1745995846256974,0.9883413178347776,1.123058542145021,0.0716845877964938,0.013620071684588009,0
2025-08-23 19:00:00+00:00,4.182,4.228,4.165,4.228,521.18,0.0102223640665526,1.0274790919952317,1.8795180722891436,2.921129503407993,1.82362014619441,0.0,1.223360644958577,1.0051698681644,1.4900662248131282,0.0,-0.009460737937559194,0
2025-08-23 20:00:00+00:00,4.24,4.262,4.2,4.2,831.01,-0.0066445427186685,-0.6622516556291314,1.547388781431347,1.6949152542373058,2.663717700599285,1.4547160953883678,1.2645372589277302,1.013439688058884,1.4761904758389877,0.5238095236847918,-0.0028571428571430024,0
2025-08-23 21:00:00+00:00,4.189,4.217,4.189,4.217,732.43,0.0040394494750999,0.4047619047618855,1.638949144372126,0.2615311459819081,2.2980869669732606,0.0,1.2658970747708025,0.9458232373011506,0.6639791319269573,0.0,-0.01636234289779459,0
2025-08-23 22:00:00+00:00,4.217,4.217,4.217,4.217,0.0,0.0,0.0,3.105134474327631,0.7646356033452761,0.0,0.0,0.9841928834335852,0.9395536734349296,0.0,0.0,-0.012568176428740752,0
2025-08-23 23:00:00+00:00,4.217,4.217,4.217,4.217,0.0,0.0,0.0,0.8851674641148222,0.3092293054234085,0.0,0.0,0.5539836021312424,0.9352638160990108,0.0,0.0,-0.018259426132321566,0
2025-08-24 00:00:00+00:00,4.242,4.242,4.242,4.242,5.88,0.0059108813780679,0.5928385107896617,1.3620071684588009,1.2410501193317325,0.0184988313698279,0.0,0.5820661968900618,0.9394082910625344,0.0,0.0,-0.037010843941536975,0
2025-08-24 01:00:00+00:00,4.188,4.188,4.188,4.188,35.69,-0.0128115631342003,-1.2729844413012836,-0.9460737937559194,2.121433796634964,0.1149933277660556,0.0,0.6992593351327299,0.8649904059093574,0.0,0.0,-0.021251193887296904,0
2025-08-24 02:00:00+00:00,4.188,4.188,4.188,4.188,0.0,0.0,0.0,-0.2857142857143002,3.8175508180466,0.0,0.0,0.6542589379974,0.782809031161108,0.0,0.0,-0.02316141356255963,0
2025-08-24 03:00:00+00:00,4.165,4.165,4.148,4.148,67.56,-0.0095970026410095,-0.9551098376313294,-1.636234289779459,1.8413945494721196,0.2385024755743651,0.4081632652081324,0.7011631239886875,0.7949733460644752,0.4098360654749756,0.0,-0.016634522661523654,0
2025-08-24 04:00:00+00:00,4.164,4.164,4.164,4.164,3.12,0.0038498603854414,0.3857280617164837,-1.2568176428740752,1.0679611650485257,0.0111011452503218,0.0,0.7474453976681356,0.7649706653836157,0.0,0.0,-0.01729106628242072,0
2025-08-24 05:00:00+00:00,4.14,4.14,4.14,4.14,4.84,-0.0057803629154994,-0.5763688760806907,-1.8259426132321568,-0.7432270438743838,0.0191056088185051,0.0,0.7520790780457072,0.7313937816431532,0.0,0.0,-0.022946859903381633,0
2025-08-24 06:00:00+00:00,4.126,4.126,4.085,4.085,84.55,-0.0133740595252567,-1.328502415458932,-3.7010843941536975,-2.225945428434662,0.3298627197568266,0.9936984970931504,0.7018424748906034,0.7767303297778068,1.003671970378547,0.0,-0.009791921664626724,0
2025-08-24 07:00:00+00:00,4.085,4.099,4.085,4.099,3.52,0.0034213132102343,0.3427172582619375,-2.1251193887296904,-1.7262047470630535,0.0137271883799334,0.0,0.712751193237176,0.7815779207338445,0.3415467186285622,0.0,-0.013173944864601217,0
2025-08-24 08:00:00+00:00,4.091,4.091,4.091,4.091,147.04,-0.0019536025749389,-0.1951695535496456,-2.316141356255963,-1.9180052745145115,0.5600412616523004,0.0,0.6974233186666404,0.7818067264992867,0.0,0.0,-0.005133219261794109,0
2025-08-24 09:00:00+00:00,4.081,4.081,4.071,4.079,42.44,-0.0029375786118402,-0.2933268149596824,-1.6634522661523654,-2.2057060656916927,0.160562700887992,0.0490075961654151,0.6393025679011467,0.7827873827554976,0.2451581269318238,0.0,0.003922530031870597,0
2025-08-24 10:00:00+00:00,4.07,4.092,4.038,4.092,108.04,0.0031819877539586,0.3187055650894832,-1.729106628242072,-1.8940302085830865,0.4019015054861802,0.0,0.6258574457342018,0.7871126130515872,1.3196480935191326,0.0,0.0007331378299120228,0
2025-08-24 11:00:00+00:00,4.034,4.045,4.022,4.045,42.29,-0.0115522975789249,-1.1485826001954913,-2.2946859903381633,-2.577071290944133,0.1732749922741644,0.0,0.7166318529951707,0.814114511443231,0.5686032137036751,0.0,0.021013597033374465,0
2025-08-24 12:00:00+00:00,4.045,4.045,4.045,4.045,0.0,0.0,0.0,-0.9791921664626724,-2.5301204819277223,0.0,0.0,0.5506246587798753,0.8143298330676906,0.0,0.0,0.05290482076637826,0
2025-08-24 13:00:00+00:00,4.045,4.045,4.045,4.045,0.0,0.0,0.0,-1.3173944864601217,-2.5301204819277223,0.0,0.0,0.5034190419471518,0.8143298330676906,0.0,0.0,0.027688504326328855,0
2025-08-24 14:00:00+00:00,4.054,4.07,4.054,4.07,44.52,0.0061614489440486,0.6180469715698411,-0.5133219261794109,-1.5957446808510634,0.2957165274986653,0.0,0.6095229938793153,0.825762511038145,0.3931203930238036,0.0,0.019410319410319454,0
2025-08-24 15:00:00+00:00,4.065,4.095,4.065,4.095,24.16,0.0061237178505289,0.6142506142505999,0.3922530031870597,-1.3015184381778844,0.1816769018660357,0.0,0.6580116229560568,0.8339572739411719,0.7326007324218158,0.0,0.00219780219780219,0
2025-08-24 16:00:00+00:00,4.095,4.095,4.095,4.095,0.0,0.0,0.0,0.0733137829912022,0.1222493887530484,0.0,0.0,0.6462653271536384,0.7806278058486341,0.0,0.0,0.008058608058608252,0
2025-08-24 17:00:00+00:00,4.095,4.13,4.095,4.13,1396.62,0.0085106896679086,0.8547008547008517,2.1013597033374465,-1.1961722488038284,7.755911997957723,0.0,0.3894028018005654,0.6574862629730372,0.847457626913452,0.0,-0.006053268765133013,0
2025-08-24 18:00:00+00:00,4.149,4.26,4.146,4.259,2307.33,0.0307569839681351,3.1234866828087293,5.290482076637826,1.7682198327359844,8.649487209091909,0.0234741783982324,1.1409978516763817,0.9165290939192016,2.6766846671339053,0.0234796900625651,-0.04766377083822504,0
2025-08-24 19:00:00+00:00,4.262,4.279,4.064,4.157,386.31,-0.024240730670576,-2.394928386945294,2.7688504326328855,-1.6792809839167422,1.4793237971334765,2.8511334417267715,1.7647521497527772,1.0249126412433918,5.171999036523451,0.4089487610274443,-0.024296367572768873,0
2025-08-24 20:00:00+00:00,4.1,4.149,4.047,4.149,1238.56,-0.0019263189197695,-0.1924464758239152,1.9410319410319457,-1.2142857142857233,4.453316154533119,0.0,1.7808153542049348,1.0175241826309465,2.4584237159656803,0.0,-0.003615328994938438,0
2025-08-24 21:00:00+00:00,4.105,4.133,4.104,4.104,27.24,-0.0109052334822624,-1.0845986984815648,0.219780219780219,-2.6796300687692565,0.1095128574080435,0.7016694893051831,1.858961245863917,1.034072444160995,0.7066276801397084,0.6822612084107448,0.007309941520467822,0
2025-08-24 22:00:00+00:00,4.098,4.129,4.068,4.128,1685.21,0.0058309203107931,0.5847953216374213,0.8058608058608252,-2.110505098411186,5.283535294930997,0.0242189392045835,1.8718624063013605,1.0436525719748198,1.477713177936599,0.0242248061956685,-0.003875968992248069,0
2025-08-24 23:00:00+00:00,4.135,4.135,4.105,4.105,23.2,-0.00558728527487,-0.5571705426356544,-0.6053268765133013,-2.655916528337665,0.0725177517410849,0.72551390550772,1.852194974867873,1.0478071855986233,0.7308160777756686,0.0,-0.016808769792935663,0
2025-08-25 00:00:00+00:00,4.06,4.06,4.056,4.056,39.76,-0.0120084766155096,-1.1936662606577442,-4.766377083822504,-4.38472418670438,0.1237344398336398,0.0985221674634073,1.021917759557886,1.0592981673846047,0.0986193293642348,0.0,-0.019477317554240647,0
2025-08-25 01:00:00+00:00,4.056,4.056,4.056,4.056,145.72,0.0,0.0,-2.4296367572768873,-3.151862464183375,0.4471064416768114,0.0,0.680037187373842,1.0337255982406026,0.0,0.0,-0.035996055226824475,0
2025-08-25 02:00:00+00:00,4.142,4.144,4.134,4.134,364.48,0.0190481949706946,1.9230769230769384,-0.3615328994938438,-1.2893982808022786,1.0685285915456468,0.2413127412545043,1.1738759832997523,1.114393180211365,0.2418964682530436,0.0483792936506044,-0.054184808901790116,0
2025-08-25 03:00:00+00:00,4.134,4.134,4.134,4.134,0.0,0.0,0.0,0.7309941520467822,-0.3375120540019094,0.0,0.0,1.061521007401308,1.097575377198034,0.0,0.0,-0.05926463473633303,0
2025-08-25 04:00:00+00:00,4.112,4.112,4.112,4.112,100.0,-0.0053359331067125,-0.5321722302854437,-0.3875968992248069,-1.2487992315081575,0.2921189946716264,0.0,1.062274527341928,1.0990691589314454,0.0,0.0,-0.057392996108949434,0
2025-08-25 05:00:00+00:00,4.128,4.128,4.036,4.036,149.53,-0.0186554256615016,-1.8482490272373695,-1.6808769792935665,-2.512077294685988,0.4292460277578066,2.2286821700027546,1.292780965373374,1.1558009222550294,2.2794846376909237,0.0,-0.03914767096134775,0
2025-08-25 06:00:00+00:00,4.034,4.117,3.977,3.977,195.65,-0.0147263362658088,-1.4618434093161436,-1.9477317554240647,-2.6438188494492088,0.5542741529939605,3.4005343688606944,1.3354506815275409,1.162375860880928,3.5202413870957434,2.087000250921051,-0.018606990193613226,0
2025-08-25 07:00:00+00:00,3.971,4.033,3.91,3.91,312.64,-0.0169903922282791,-1.6846869499622774,-3.5996055226824475,-4.610880702610398,0.8545247894800996,3.049838828899128,1.4289002375615931,1.201738386442824,3.1457800503463536,1.5856777489550766,0.000511508951406503,0
2025-08-25 08:00:00+00:00,3.901,3.91,3.885,3.91,5.24,0.0,0.0,-5.418480890179012,-4.424346125641653,0.0145573415256559,0.0,0.8541705515233573,1.2024092391053929,0.6393861890947952,0.0,0.000511508951406503,0
2025-08-25 09:00:00+00:00,3.91,3.91,3.889,3.889,1020.32,-0.0053853188236642,-0.5370843989769947,-5.926463473633303,-4.658004412846283,2.546338602567053,0.5370843988396293,0.7602233587360354,1.2043769011756191,0.539984571730535,0.0,-0.0010285420416559221,0
2025-08-25 10:00:00+00:00,3.889,3.889,3.864,3.876,129.41,-0.0033483611450904,-0.334276163538183,-5.7392996108949434,-5.278592375366564,0.3222430767594605,0.3342761634522278,0.7893371367980936,1.199557184169555,0.64499483987487,0.0,0.003353973168214619,0
2025-08-25 11:00:00+00:00,3.878,3.878,3.878,3.878,10.51,0.0005158627919403,0.0515995872033103,-3.9147670961347742,-4.128553770086518,0.0262574676699588,0.0,0.7486294773403654,1.184104224214504,0.0,0.0,-0.009541000515729703,0
2025-08-25 12:00:00+00:00,3.903,3.903,3.903,3.903,0.93,0.0064259313780177,0.6446621970087607,-1.8606990193613224,-3.510506798516688,0.0023232237018721,0.0,0.7894930733602926,1.1954598983301306,0.0,0.0,-0.014604150653343528,0
2025-08-25 13:00:00+00:00,3.89,3.937,3.869,3.912,680.35,0.0023032639740928,0.2305918524212025,0.0511508951406503,-3.288009888751542,1.5871784627999002,0.6350012698412472,0.4172129672327083,1.197629753683663,1.7382413083491106,0.6390593045401155,-0.03425357873210633,0
2025-08-25 14:00:00+00:00,3.912,3.912,3.912,3.912,8.44,0.0,0.0,0.0511508951406503,-3.882063882063891,0.0197588476346179,0.0,0.4172129672327083,1.1872909777754015,0.0,0.0,-0.049335378323108414,0
2025-08-25 15:00:00+00:00,3.885,3.885,3.885,3.885,60.0,-0.0069257683529601,-0.6901840490797562,-0.1028542041655922,-5.128205128205132,0.1399763789857195,0.0,0.4601413371802256,1.180002139120676,0.0,0.0,-0.04967824967824963,0
2025-08-25 16:00:00+00:00,3.86,3.889,3.858,3.889,1255.25,0.0010290713539993,0.1029601029600923,0.3353973168214619,-5.030525030525035,2.609961274219841,0.0,0.4336367177725752,1.1810203745417227,0.7971200820783876,0.0,-0.03677037798920024,0
2025-08-25 17:00:00+00:00,3.85,3.85,3.841,3.841,16.45,-0.0124193058098423,-1.2342504499871287,-0.9541000515729704,-6.997578692493944,0.0388485938047973,0.2337662337055125,0.6849003110958614,1.1761379421901372,0.2343139806731777,0.0,-0.026034886748242614,0
2025-08-25 18:00:00+00:00,3.883,3.884,3.846,3.846,56.13,0.0013008978028202,0.1301744337412147,-1.4604150653343528,-9.697111998121631,0.1702773111469137,0.9783728112825976,0.590235084575643,0.9378665224764302,0.9880395213239576,0.0260010400348382,-0.018720748829953227,0
2025-08-25 19:00:00+00:00,3.834,3.834,3.778,3.778,258.67,-0.0178388780872702,-1.7680707228289183,-3.4253578732106327,-9.117151792157808,0.7975754430072186,1.4606155447416247,0.8008940365083042,0.8862197070376365,1.4822657486812438,0.0,0.0015881418740073538,0
2025-08-25 20:00:00+00:00,3.796,3.796,3.718,3.719,196.17,-0.0157399541363848,-1.5616728427739537,-4.933537832310842,-10.363943118823816,0.6983934849336533,2.0284510005193743,0.8298241507502077,0.916615646912657,2.0973379935204752,0.0,0.019628932508738872,0
2025-08-25 21:00:00+00:00,3.707,3.735,3.692,3.692,262.61,-0.0072864983023272,-0.7260016133369129,-4.9678249678249635,-10.038986354775826,0.9033880060226896,1.1512717533731456,0.8286441701084174,0.9086640089038098,1.164680389717034,0.7583965328390049,0.02898158179848309,0
2025-08-25 22:00:00+00:00,3.746,3.746,3.746,3.746,0.93,0.0145202873812909,1.4626218851570894,-3.677037798920024,-9.253875968992254,0.0042173762704371,0.0,1.2263088196959595,0.966693484029906,0.0,0.0,0.019220501868659978,0
2025-08-25 23:00:00+00:00,3.712,3.76,3.704,3.741,137.74,-0.0013356486558876,-0.1334757074212489,-2.6034886748242614,-8.867235079171753,0.6113931565574783,0.5053191488017684,1.1978293434133906,0.967641436067416,1.4969259552266865,0.5078855919519066,0.020582731889869033,0
2025-08-26 00:00:00+00:00,3.723,3.774,3.698,3.774,13.21,0.0087824915803494,0.8821170809943935,-1.8720748829953229,-6.952662721893487,0.0589252060260772,0.0,1.303300413977264,0.9845218351793942,2.013778483833129,0.0,0.0010598834128245915,0
2025-08-26 01:00:00+00:00,3.769,3.784,3.697,3.784,398.25,0.0026462042432732,0.2649708532061368,0.1588141874007353,-6.706114398422091,1.6968139025759816,0.0,1.0928648341033969,0.9894998624931448,2.299154333430449,0.0,-0.001585623678646897,0
2025-08-26 02:00:00+00:00,3.792,3.793,3.792,3.792,150.77,0.0021119332031435,0.2114164904862603,1.9628932508738872,-8.272859216255457,0.6677147918482386,0.0263643553845686,0.7633255547933452,0.8806267169364452,0.0263713080099319,0.0263713080099319,-0.003691983122362852,0
2025-08-26 03:00:00+00:00,3.8,3.8,3.799,3.799,57.64,0.0018442898127131,0.1845991561181481,2.898158179848309,-8.10353168843736,0.2525836066041618,0.0263157894667561,0.5806588012747362,0.8846981857785328,0.0263227164974114,0.0,-0.004738088970781762,0
2025-08-26 04:00:00+00:00,3.808,3.818,3.808,3.818,288.13,0.0049888510980674,0.5001316135825329,1.9220501868659976,-7.149805447470814,1.2206807802990487,0.0,0.3413516397460201,0.9004525379839161,0.2619172340854127,0.0,-0.009690937663698218,0
2025-08-26 05:00:00+00:00,3.818,3.818,3.818,3.818,0.0,0.0,0.0,2.0582731889869033,-5.401387512388489,0.0,0.0,0.308878963537024,0.838651612958453,0.0,0.0,-0.009690937663698218,0
2025-08-26 06:00:00+00:00,3.778,3.778,3.778,3.778,1.12,-0.010531956224238,-1.0476689366160308,0.1059883412824591,-5.003771687201408,0.0050517674608062,0.0,0.5486123834232389,0.815716990261371,0.0,0.0,0.009528851244044567,0
2025-08-26 07:00:00+00:00,3.778,3.778,3.778,3.778,0.0,0.0,0.0,-0.1585623678646897,-3.3759590792838856,0.0,0.0,0.5352620009249737,0.752498978073181,0.0,0.0,0.006881948120698755,0
2025-08-26 08:00:00+00:00,3.778,3.778,3.778,3.778,0.0,0.0,0.0,-0.3691983122362852,-3.3759590792838856,0.0,0.0,0.5233200479898656,0.752498978073181,0.0,0.0,0.018528321863419794,0
2025-08-26 09:00:00+00:00,3.782,3.782,3.781,3.781,48.61,0.000793755829478,0.0794070937003788,-0.4738088970781762,-2.7770635124710674,0.2893940446288199,0.0264410364816361,0.5151337671863284,0.7489433562207632,0.0264480296147952,0.0,0.017720179846601347,0
2025-08-26 10:00:00+00:00,3.781,3.781,3.781,3.781,0.0,0.0,0.0,-0.9690937663698218,-2.450980392156854,0.0,0.0,0.4375996474816113,0.7478336685319852,0.0,0.0,0.019571541920127,0
2025-08-26 11:00:00+00:00,3.781,3.781,3.781,3.781,9.78,0.0,0.0,-0.9690937663698218,-2.501289324394018,0.0601664111880394,0.0,0.4375996474816113,0.7474428811274649,0.0,0.0,0.019571541920127,0
2025-08-26 12:00:00+00:00,3.775,3.85,3.769,3.814,957.38,0.0086899822694314,0.8727849775191698,0.9528851244044568,-2.28029720727645,4.730109127267097,0.9350649348220618,0.3497302544488079,0.7586406107786853,2.1237545878018462,0.9438909279119329,0.012323020450970112,0
2025-08-26 13:00:00+00:00,3.804,3.804,3.804,3.804,25.33,-0.0026253624950834,-0.2621919244887305,0.6881948120698755,-2.7607361963190247,0.1446529656562298,0.0,0.3878113348951962,0.7560863605062604,0.0,0.0,0.032334384858044185,0
2025-08-26 14:00:00+00:00,3.848,3.848,3.848,3.848,72.67,0.0115003881203161,1.1566771819137678,1.8528321863419792,-1.6359918200409052,0.4087521444418326,0.0,0.5641334258167737,0.7990242179663924,0.0,0.0,0.014293139293139356,0
2025-08-26 15:00:00+00:00,3.848,3.848,3.848,3.848,0.0,0.0,0.0,1.7720179846601347,-0.952380952380949,0.0,0.0,0.5713941953997526,0.7879435597395685,0.0,0.0,0.007016632016632052,0
2025-08-26 16:00:00+00:00,3.825,3.855,3.825,3.855,15.9,0.0018174742118327,0.181912681912677,1.9571541920127,-0.8742607354075504,0.1285935251666942,0.0,0.5574173016106205,0.7887286587515082,0.7782101165296421,0.0,0.011154345006485045,0
2025-08-26 17:00:00+00:00,3.855,3.855,3.855,3.855,0.0,0.0,0.0,1.9571541920127,0.3644884144753835,0.0,0.0,0.5574173016106205,0.7457811055322459,0.0,0.0,0.006485084306095956,0
2025-08-26 18:00:00+00:00,3.841,3.862,3.805,3.861,61.12,0.0015552102668064,0.1556420233463029,1.2323020450970112,0.3900156006240385,0.496233123475773,0.0258933195168554,0.4896371707739189,0.7459695460977578,1.4763014759191122,0.0259000258933149,0.0036260036260036266,0
2025-08-26 19:00:00+00:00,3.859,3.941,3.846,3.927,123.39,0.0169495583137732,1.709401709401703,3.2334384858044185,3.943885653785073,1.049848444553683,0.355239786765983,0.7162239487757178,0.7184624521011402,2.419149477356971,0.3565062387683913,-0.006366182836771039,0
2025-08-26 20:00:00+00:00,3.909,3.929,3.891,3.903,127.25,-0.0061302873973946,-0.6111535523300238,1.4293139293139356,4.947566550147897,1.1098069284706404,0.6617459911779674,0.7707415162499259,0.6400555830518515,0.9736100433067822,0.51242633858252,-0.000256213169356867,0
2025-08-26 21:00:00+00:00,3.898,3.899,3.875,3.875,34.25,-0.0071998253931676,-0.7173968741993386,0.7016632016632052,4.956663055254595,0.3257419347137796,0.6155424466233547,0.8651924804607962,0.6395103315920995,0.6193548385498445,0.0258064516062406,-0.004387096774193577,0
2025-08-26 22:00:00+00:00,3.903,3.903,3.898,3.898,9.64,0.0059179382800587,0.5935483870967762,1.1154345006485045,4.057661505605981,0.0913679122328614,0.1281065846456271,0.8872863140596065,0.5884462839116944,0.1282709081251201,0.0,-0.01026167265264244,0
2025-08-26 23:00:00+00:00,3.91,3.91,3.879,3.88,140.36,-0.004628447450187,-0.4617752693689136,0.6485084306095956,3.715584068430888,1.3289569196654971,0.7672634269137497,0.9258557511526604,0.5994634625155646,0.7989690719590322,0.0,-0.005670103092783485,0
2025-08-27 00:00:00+00:00,3.894,3.894,3.875,3.875,7.7,-0.0012894908298717,-0.1288659793814428,0.3626003626003626,2.676205617382088,0.0730639823817143,0.4879301488217982,0.9301928235968716,0.5813942202912301,0.4903225805186297,0.0,-0.004387096774193577,0
2025-08-27 01:00:00+00:00,3.86,3.915,3.856,3.902,30.79,0.0069435793956091,0.6967741935483884,-0.6366182836771039,3.118393234672312,0.3418215123260365,0.3320561940403407,0.6147203296488518,0.5928662098329384,1.51204510468682,0.3331624806937026,-0.01255766273705794,0
2025-08-27 02:00:00+00:00,3.902,3.902,3.902,3.902,0.0,0.0,0.0,-0.0256213169356867,2.9008438818565407,0.0,0.0,0.5624004671632814,0.5931441819514176,0.0,0.0,-0.013326499231163469,0
2025-08-27 03:00:00+00:00,3.859,3.859,3.858,3.858,34.25,-0.0113403277173821,-1.1276268580215243,-0.4387096774193577,1.5530402737562454,0.4135495328651506,0.0259134490733546,0.6807374444614754,0.6455746188724663,0.0259201658823402,0.0,0.0031104199066873672,0
2025-08-27 04:00:00+00:00,3.858,3.858,3.858,3.858,0.0,0.0,0.0,-1.026167265264244,1.0476689366160308,0.0,0.0,0.6036050254008046,0.6389680677343256,0.0,0.0,0.0031104199066873672,0
2025-08-27 05:00:00+00:00,3.858,3.858,3.858,3.858,0.0,0.0,0.0,-0.5670103092783485,1.0476689366160308,0.0,0.0,0.5883710193624342,0.6389680677343256,0.0,0.0,0.007257646448937338,0
2025-08-27 06:00:00+00:00,3.858,3.858,3.858,3.858,0.0,0.0,0.0,-0.4387096774193577,2.1175224986765606,0.0,0.0,0.5892273385713174,0.595035042618429,0.0,0.0,0.007257646448937338,0
2025-08-27 07:00:00+00:00,3.853,3.853,3.853,3.853,36.52,-0.0012968488395168,-0.1296008294453088,-1.255766273705794,1.98517734250927,0.5051932631606133,0.0,0.4553426792248007,0.5964495261301711,0.0,0.0,0.010900596937451379,0
2025-08-27 08:00:00+00:00,3.867,3.867,3.85,3.85,28.34,-0.0007789173443277,-0.0778614066960892,-1.332649923116347,1.9057702488088912,0.3857356744196846,0.4396172742592121,0.4492058903258544,0.5971261133021609,0.4415584414437485,0.0,0.013246753246753062,0
2025-08-27 09:00:00+00:00,3.87,3.87,3.87,3.87,11.64,0.0051813587419975,0.5194805194805197,0.3110419906687367,2.3538746363395813,0.1618249329472203,0.0,0.2346382607287985,0.6038279348390242,0.0,0.0,0.008785529715762186,0
2025-08-27 10:00:00+00:00,3.87,3.87,3.87,3.87,0.0,0.0,0.0,0.3110419906687367,2.3538746363395813,0.0,0.0,0.2346382607287985,0.6038279348390242,0.0,0.0,0.0018087855297157507,0
2025-08-27 11:00:00+00:00,3.886,3.886,3.886,3.886,8.99,0.0041258439135579,0.4134366925064636,0.7257646448937338,2.77704311028828,0.1250405674793678,0.0,0.2736493497651265,0.6068137735195315,0.0,0.0,0.0007720020586721166,0
2025-08-27 12:00:00+00:00,3.886,3.886,3.886,3.886,0.0,0.0,0.0,0.7257646448937338,1.8877818563188375,0.0,0.0,0.2736493497651265,0.5853600608415435,0.0,0.0,0.0007720020586721166,0
2025-08-27 13:00:00+00:00,3.862,3.94,3.86,3.895,12.56,0.0023133283674631,0.2316006176016349,1.090059693745138,2.39221871713986,0.3990627109766363,1.1421319794055484,0.2459153062241583,0.5815393809185949,2.053915275467546,1.1553273424504915,-0.009242618741976849,0
2025-08-27 14:00:00+00:00,3.908,3.908,3.901,3.901,2.0,0.0015392512018079,0.1540436456996197,1.3246753246753062,1.377338877338885,0.070103695046469,0.17911975430422,0.2131972675379274,0.5370743717284273,0.1794411688850475,0.0,-0.015380671622660769,0
2025-08-27 15:00:00+00:00,3.91,3.945,3.904,3.904,108.95,0.0007687380263265,0.0769033581133005,0.8785529715762186,1.455301455301461,3.294651294551657,1.0392902405477067,0.1586328432088795,0.5369488834447259,1.0502049177637776,0.8965163932129747,-0.01613729508196715,0
2025-08-27 16:00:00+00:00,3.877,3.877,3.877,3.877,9.06,-0.006940009862054,-0.691598360655743,0.180878552971575,0.5706874189364441,0.2763564265748617,0.0,0.3819784442162816,0.5576860222008886,0.0,0.0,-0.004126902244003028,0
2025-08-27 17:00:00+00:00,3.891,3.893,3.864,3.889,74.7,0.0030903964848181,0.3095176683002298,0.0772002058672116,0.88197146562905,2.080997318603443,0.1027485229635889,0.3631164367062152,0.5606745116874149,0.7456929800088193,0.0514271020695682,-0.005399845718693674,0
2025-08-27 18:00:00+00:00,3.889,3.889,3.889,3.889,36.0,0.0,0.0,0.0772002058672116,0.7252007252007253,1.0330109159306136,0.0,0.3631164367062152,0.5601386329247859,0.0,0.0,-0.02159938287477492,0
2025-08-27 19:00:00+00:00,3.859,3.859,3.859,3.859,1.29,-0.0077439726181284,-0.7714065312419582,-0.9242618741976848,-1.7316017316017285,0.0433437399361039,0.0,0.4610276935078076,0.4586278837387558,0.0,0.0,0.003109613889608731,0
2025-08-27 20:00:00+00:00,3.841,3.841,3.841,3.841,3.46,-0.0046753331917138,-0.4664420834412985,-1.5380671622660769,-1.5885216500128083,0.1406265876318792,0.0,0.4474159030844053,0.4520912453041928,0.0,0.0,0.007810466024472662,0
2025-08-27 21:00:00+00:00,3.841,3.841,3.841,3.841,0.0,0.0,0.0,-1.6137295081967151,-0.8774193548387044,0.0,0.0,0.4368734014106062,0.4302168137734069,0.0,0.0,0.007810466024472662,0
2025-08-27 22:00:00+00:00,3.85,3.861,3.838,3.861,54.29,0.0051934679183316,0.5206977349648589,-0.4126902244003028,-0.9492047203694232,2.168347478695216,0.0,0.4806250081119056,0.4258470609105026,0.5957005955463125,0.0,0.021497021497021374,0
2025-08-27 23:00:00+00:00,3.853,3.868,3.853,3.868,25.15,0.0018113603089485,0.1813001813001813,-0.5399845718693674,-0.3092783505154628,1.2427680206925638,0.0,0.4630224464740977,0.41824890364141,0.387797311171709,0.0,0.01990692864529464,0
2025-08-28 00:00:00+00:00,3.84,3.908,3.79,3.805,521.74,-0.0164215862773986,-1.6287487073422868,-2.159938287477492,-1.806451612903226,12.525141787982127,2.6356192419049016,0.7775352544222981,0.5344248144500848,3.101182653587071,1.7871222071518749,0.029172141918528238,0
2025-08-28 01:00:00+00:00,3.871,3.871,3.871,3.871,59.47,0.0171968802818618,1.7345597897503229,0.3109613889608731,-0.7944643772424431,1.3878511488284722,0.0,1.1098706625296528,0.6309474910993066,0.0,0.0,0.011624903125807329,0
2025-08-28 02:00:00+00:00,3.864,3.871,3.864,3.871,50.0,0.0,0.0,0.7810466024472662,-0.7944643772424431,1.1127493253709553,0.0,1.082188466788942,0.6309474910993066,0.1808318263547352,0.0,0.030741410488245968,0
2025-08-28 03:00:00+00:00,3.871,3.871,3.871,3.871,0.0,0.0,0.0,0.7810466024472662,0.3369621565578073,0.0,0.0,1.082188466788942,0.5857712454631736,0.0,0.0,0.030741410488245968,0
2025-08-28 04:00:00+00:00,3.881,3.944,3.881,3.944,113.43,0.0186825651448779,1.8858176181865136,2.149702149702138,2.2291342664592984,2.3517134736336307,0.0,1.2979397811881443,0.6973402859099695,1.5973630827592935,0.0,0.011663286004056861,0
2025-08-28 05:00:00+00:00,3.916,3.945,3.916,3.945,46.05,0.0002535175574485,0.0253549695740318,1.990692864529464,2.255054432348369,0.9182147485776154,0.0,1.3036466573115464,0.6972142765755504,0.7351077311191087,0.0,0.011406844106463865,0
2025-08-28 06:00:00+00:00,3.916,3.916,3.916,3.916,12.76,-0.0073782296295736,-0.735107731305451,2.917214191852824,1.5033696215655643,0.2517592897023654,0.0,1.0596864571410909,0.7174620319647432,0.0,0.0,0.006128702757916216,0
2025-08-28 07:00:00+00:00,3.916,3.916,3.916,3.916,0.0,0.0,0.0,1.1624903125807329,1.6350895406176846,0.0,0.0,0.8732431384244649,0.7164418606162533,0.0,0.0,0.006128702757916216,0
2025-08-28 08:00:00+00:00,3.946,3.99,3.904,3.99,135.77,0.0187205062335081,1.8896833503575072,3.074141048824597,3.6363636363636376,2.5312317933825157,0.0,1.0965414999931116,0.8043949515043434,2.1553884706377544,0.0,0.0042606516290726315,0
2025-08-28 09:00:00+00:00,3.99,3.99,3.99,3.99,0.0,0.0,0.0,3.074141048824597,3.100775193798455,0.0,0.0,1.0965414999931116,0.8009980501778446,0.0,0.0,0.003007518796992459,0
2025-08-28 10:00:00+00:00,3.99,3.99,3.99,3.99,0.0,0.0,0.0,1.166328600405686,3.100775193798455,0.0,0.0,0.8746993657464378,0.8009980501778446,0.0,0.0,-0.018295739348371032,0
2025-08-28 11:00:00+00:00,3.99,3.99,3.99,3.99,0.0,0.0,0.0,1.1406844106463865,2.676273803396811,0.0,0.0,0.8757333152037133,0.7990326759252844,0.0,0.0,-0.01854636591478709,0
2025-08-28 12:00:00+00:00,3.963,3.963,3.94,3.94,24.3,-0.0126105075919296,-1.253132832080206,0.6128702757916216,1.3896037056098764,0.4517498334514533,0.5803684076254465,1.003254944134261,0.846629073823299,0.5837563450295068,0.0,-0.002284263959390853,0
2025-08-28 13:00:00+00:00,3.94,3.94,3.94,3.94,0.0,0.0,0.0,0.6128702757916216,1.1553273427471034,0.0,0.0,1.003254944134261,0.8458804896763548,0.0,0.0,-0.0076142131979695105,0
2025-08-28 14:00:00+00:00,3.99,4.007,3.99,4.007,35.84,0.0168621083441649,1.700507614213187,0.4260651629072631,2.7172519866700773,0.6554798591622599,0.0,0.9384486290792984,0.9096564985299176,0.4242575491828522,0.0,-0.022460693785874675,0
2025-08-28 15:00:00+00:00,4.012,4.012,4.001,4.002,148.29,-0.0012485954924657,-0.1247816321437444,0.3007518796992459,2.510245901639352,2.6331459011074276,0.2492522432080574,0.9417128898716924,0.9109235355105442,0.2748625686469417,0.0,-0.018490754622688566,0
2025-08-28 16:00:00+00:00,3.92,3.92,3.917,3.917,55.54,-0.0214681814778474,-2.123938030984507,-1.8295739348371032,1.0317255610007736,0.953421835643966,0.0765306122253777,1.3030504856517464,1.0091835614807498,0.0765892264292627,0.0,0.016339034975746847,0
2025-08-28 17:00:00+00:00,3.901,3.925,3.901,3.916,490.72,-0.0002553300154302,-0.0255297421495992,-1.8546365914787089,0.6942658781177613,6.49207871663314,0.229299362998902,1.3018855868954442,1.0076551369687194,0.6128702756351204,0.2298263533631673,0.01659856996935649,0
2025-08-28 18:00:00+00:00,3.938,3.938,3.931,3.931,6.14,0.0038231217714593,0.3830439223697635,-0.2284263959390853,1.079969143738757,0.0825897861263157,0.1777552056430311,1.233355037021343,1.0101983057326176,0.1780717374260849,0.0,0.010938692444670606,0
2025-08-28 19:00:00+00:00,3.922,3.922,3.909,3.91,8.94,-0.0053564724424488,-0.5342152124141464,-0.761421319796951,1.3215859030837107,0.1197394929360206,0.3059663436241802,1.2493269843270542,1.002930364830558,0.3324808183292975,0.0,0.004859335038363,0
2025-08-28 20:00:00+00:00,3.885,4.036,3.881,3.917,1211.02,0.0017886806864196,0.1790281329923093,-2.2460693785874675,1.978651392866437,9.68993648827866,2.9484638248393247,0.9197888632405178,0.996957711712577,3.95711003217842,3.038039315027301,0.013530763339290264,0
2025-08-28 21:00:00+00:00,3.936,3.961,3.928,3.928,54.3,0.0028043358085253,0.2808271636456583,-1.8490754622688568,2.2650351470971053,0.4267539909913244,0.833122948539982,0.9563087596436556,0.9976024587489876,0.8401221993787856,0.6364562116505944,0.01069246435845228,0
2025-08-28 22:00:00+00:00,3.984,3.984,3.981,3.981,120.19,0.0134026535259606,1.3492871690427677,1.633903497574685,3.108003108003099,0.9246421874177576,0.075301204800379,0.6169121484243484,1.0264996234959036,0.0753579502448262,0.0,-0.009545340366741928,0
2025-08-28 23:00:00+00:00,3.981,3.981,3.981,3.981,0.0,0.0,0.0,1.6598569969356491,2.921406411582206,0.0,0.0,0.6145483927322768,1.0267542064054906,0.0,0.0,-0.016829942225571437,0
2025-08-29 00:00:00+00:00,3.997,3.997,3.919,3.974,270.54,-0.0017598998885549,-0.1758352172820831,1.0938692444670606,4.441524310118261,2.2836000421852036,0.5754315735362866,0.6368003209831087,0.9587140452833908,1.962757926028492,0.0,-0.006039255158530432,0
2025-08-29 01:00:00+00:00,3.961,3.992,3.79,3.929,915.75,-0.0113882035533025,-1.13236034222447,0.4859335038362999,1.498320847326262,5.940674346779207,1.578156312229925,0.7994582460992347,0.9365608347364216,5.141257316075016,0.7890048356352785,-0.029269534232629124,0
2025-08-29 02:00:00+00:00,3.946,3.97,3.946,3.97,48.8,0.0103811541227763,1.0435225248154767,1.3530763339290264,2.5574786876776168,0.3166791946723698,0.0,0.8921282758714332,0.9573170153235304,0.6045340048855083,0.0,-0.04785894206549124,0
2025-08-29 03:00:00+00:00,3.97,3.97,3.97,3.97,0.0,0.0,0.0,1.069246435845228,2.5574786876776168,0.0,0.0,0.8959183849558308,0.9573170153235304,0.0,0.0,-0.04508816120906811,0
2025-08-29 04:00:00+00:00,3.96,3.96,3.937,3.943,71.27,-0.0068242398036089,-0.680100755667512,-0.9545340366741928,-0.0253549695740318,0.4678274283245459,0.4292929291845195,0.7372858597260427,0.8924684166211712,0.5833121986854428,0.0,-0.03854932792290133,0
2025-08-29 05:00:00+00:00,3.913,3.914,3.913,3.914,100.0,-0.0073819859216056,-0.7354805985290369,-1.6829942225571437,-0.7858048162230569,0.6468706285653957,0.0,0.76629756001167,0.9050074705228496,0.0255493101621063,0.0,-0.02197240674501799,0
2025-08-29 06:00:00+00:00,3.91,3.95,3.91,3.95,5.07,0.0091557099391459,0.9197751660705134,-0.6039255158530432,0.868232890704812,0.0328644584168479,0.0,0.9123977727948056,0.9119154928513528,1.0126582275917329,0.0,-0.010632911392405076,0
2025-08-29 07:00:00+00:00,3.894,3.894,3.814,3.814,137.16,-0.0350370717348032,-3.4430379746835493,-2.9269534232629124,-2.6046986721144028,0.8573303747172709,2.054442731881244,1.657212749567815,1.1636419781877148,2.097535395359851,0.0,-0.0028841111693760357,0
2025-08-29 08:00:00+00:00,3.8,3.8,3.78,3.78,105.95,-0.008954497546731,-0.8914525432616727,-4.7858942065491235,-5.263157894736848,0.6674331070717201,0.5263157893351805,1.47771178536381,1.0937152424297667,0.5291005289605559,0.0,-0.006084656084656026,0
2025-08-29 09:00:00+00:00,3.765,3.791,3.756,3.791,42.2,0.0029058269027015,0.2910052910052974,-4.508816120906811,-4.987468671679207,0.2629269837627244,0.0,1.5141698641015202,1.0979178861918133,0.9232392506137628,0.0,0.010023740437879347,0
2025-08-29 10:00:00+00:00,3.791,3.791,3.791,3.791,0.0,0.0,0.0,-3.8549327922901337,-4.987468671679207,0.0,0.0,1.5472372333179896,1.0979178861918133,0.0,0.0,0.0007913479293062409,0
2025-08-29 11:00:00+00:00,3.828,3.828,3.828,3.828,33.02,0.00971263705651,0.975995779477712,-2.197240674501799,-4.060150375939864,0.2039824557778309,0.0,1.680545636907942,1.12371443326264,0.0,0.0,-0.020637408568442983,0
2025-08-29 12:00:00+00:00,3.829,3.908,3.829,3.908,86.06,0.0206832605898285,2.0898641588296796,-1.0632911392405076,-0.8121827411167515,0.5233201580995843,0.0,1.9075169073274632,1.1872278962072524,2.0214943700047288,0.0,-0.04682702149437046,0
2025-08-29 13:00:00+00:00,3.899,3.899,3.787,3.803,102.8,-0.0272355052344137,-2.6867963152507723,-0.2884111169376036,-3.4771573604060912,0.6092453575625685,2.4621697864934187,1.6438624214760555,1.3078741388746356,2.9450433860254974,0.0,-0.012095713910070915,0
2025-08-29 14:00:00+00:00,3.782,3.782,3.757,3.757,9.56,-0.0121694623542906,-1.2095713910070915,-0.6084656084656026,-6.239081607187414,0.0570275295026573,0.6610259120409744,1.6818065964746276,1.2644395443021883,0.6654245406799485,0.0,0.00026616981634286496,0
2025-08-29 15:00:00+00:00,3.76,3.829,3.76,3.829,208.34,0.0189829059033257,1.9164226776683613,1.0023740437879347,-4.3228385807096315,1.224517983912947,0.0,1.873911575193994,1.3396311702254775,1.8020370849302696,0.0,-0.013058239749281886,0
2025-08-29 16:00:00+00:00,3.756,3.794,3.746,3.794,120.28,-0.0091828009823349,-0.9140767824497242,0.079134792930624,-3.1401582844013176,0.6959121141877379,0.0,1.926951689903328,1.2836768828336345,1.265155508364483,0.0,-0.005271481286241442,0
2025-08-29 17:00:00+00:00,3.743,3.751,3.743,3.749,41.44,-0.0119317337590474,-1.186083289404316,-2.0637408568442983,-4.264555669050052,0.2688850258037126,0.053319114888472,1.914277781819659,1.301433335987557,0.21339023733972,0.053347559334924,0.006935182715390731,0
2025-08-29 18:00:00+00:00,3.745,3.745,3.725,3.725,16.13,-0.006422285922252,-0.6401707121899136,-4.682702149437046,-5.240396845586359,0.1043782119373533,0.5340453937158761,1.5065276216417909,1.2989331120264098,0.5369127515337152,0.0,0.009127516778523415,0
2025-08-29 19:00:00+00:00,3.76,3.795,3.757,3.757,173.31,0.0085539147603091,0.859060402684575,-1.2095713910070915,-3.913043478260869,1.0739054887506745,1.0013175227927968,1.2844214366269022,1.3153663781779128,1.01144530183352,0.931594356951935,-0.01038062283737029,0
2025-08-29 20:00:00+00:00,3.753,3.758,3.753,3.758,305.58,0.0002661343994417,0.0266169816342864,0.0266169816342864,-4.059229001787079,2.4712054586608327,0.0,1.1844957222703785,1.313995618458596,0.133049494376514,0.0,-0.0055880787653006525,0
2025-08-29 21:00:00+00:00,3.779,3.779,3.779,3.779,10.0,0.0055725233760783,0.5588078765300653,-1.3058239749281886,-3.793279022403262,0.0820947852701532,0.0,0.8287749429847766,1.319349811368449,0.0,0.0,0.008203228367293036,0
2025-08-29 22:00:00+00:00,3.785,3.785,3.774,3.774,18.5,-0.0013239774209934,-0.1323101349563371,-0.5271481286241442,-5.19969856819894,0.1573486051245405,0.2906208717858365,0.7549864807479586,1.280149560773841,0.2914679384495347,0.0,0.009538950715421324,0
2025-08-29 23:00:00+00:00,3.787,3.787,3.775,3.775,25.36,0.0002649357546294,0.0264970853206092,0.6935182715390731,-5.174579251444356,0.2137739189057254,0.3168735145717263,0.5280175777401407,1.2803611655329148,0.3178807946177802,0.0,0.009271523178808083,0
2025-08-30 00:00:00+00:00,3.789,3.789,3.757,3.759,159.2,-0.004247418118947,-0.4238410596026476,0.9127516778523416,-5.4101660795168645,1.3966035280492142,0.7917656371623804,0.4698880626535648,1.280984386135548,0.8512902365386308,0.0,0.013567438148443856,0
2025-08-30 01:00:00+00:00,3.724,3.724,3.718,3.718,13.67,-0.0109670752827886,-1.0907156158552755,-1.038062283737029,-5.370323237465002,0.1789169438816086,0.161117078367053,0.5533831855857841,1.279716069168457,0.1613770844106093,0.0,0.024744486282947786,0
2025-08-30 02:00:00+00:00,3.737,3.737,3.737,3.737,16.0,0.0050972612040946,0.5110274341043608,-0.5588078765300653,-5.869017632241813,0.2132267199705048,0.0,0.6195834515846581,1.2613645661929702,0.0,0.0,0.01953438587101952,0
2025-08-30 03:00:00+00:00,3.768,3.81,3.764,3.81,124.78,0.0193460386352627,1.953438587101952,0.8203228367293036,-4.030226700251893,1.5551493498206728,0.0,1.0288513154884218,1.3376775379995824,1.2073490810479468,0.0,-0.011023622047244164,0
2025-08-30 04:00:00+00:00,3.81,3.81,3.81,3.81,0.0,0.0,0.0,0.9538950715421324,-3.373066193253871,0.0,0.0,1.0233444363920552,1.333589481702969,0.0,0.0,-0.011023622047244164,0
2025-08-30 05:00:00+00:00,3.81,3.81,3.81,3.81,138.68,0.0,0.0,0.9271523178808084,-2.6571282575370447,1.7581414512557785,0.0,1.0240834330120234,1.3277643458149182,0.0,0.0,-0.011023622047244164,0
2025-08-30 06:00:00+00:00,3.81,3.81,3.81,3.81,0.0,0.0,0.0,1.3567438148443856,-3.544303797468362,0.0,0.0,0.9902120158851732,1.3099844819044362,0.0,0.0,-0.004461942257217855,0
2025-08-30 07:00:00+00:00,3.81,3.81,3.81,3.81,0.0,0.0,0.0,2.474448628294778,-0.1048767697954922,0.0,0.0,0.7754639017866137,1.098131554485806,0.0,0.0,-0.013123359580052618,0
2025-08-30 08:00:00+00:00,3.81,3.81,3.81,3.81,0.0,0.0,0.0,1.953438587101952,0.7936507936507908,0.0,0.0,0.7897987200093868,1.081627742583176,0.0,0.0,-0.022309711286089273,0
2025-08-30 09:00:00+00:00,3.795,3.795,3.768,3.768,7.48,-0.011084832424493,-1.1023622047244164,-1.1023622047244164,-0.6067000791347921,0.1114899483895217,0.7114624504054152,0.4525363887377682,1.1045957714822912,0.7165605093639738,0.0,0.004777070063694433,0
2025-08-30 10:00:00+00:00,3.768,3.768,3.768,3.768,0.0,0.0,0.0,-1.1023622047244164,-0.6067000791347921,0.0,0.0,0.4525363887377682,1.1045957714822912,0.0,0.0,0.004777070063694433,0
2025-08-30 11:00:00+00:00,3.768,3.768,3.768,3.768,0.0,0.0,0.0,-1.1023622047244164,-1.567398119122254,0.0,0.0,0.4525363887377682,1.0840968432326343,0.0,0.0,0.0007961783439491832,0
2025-08-30 12:00:00+00:00,3.793,3.793,3.793,3.793,13.15,0.0066129059926454,0.6634819532908898,-0.4461942257217854,-2.9426816786079724,0.2098041561930546,0.0,0.5714385610801607,0.9983186442535886,0.0,0.0,-0.009227524387028785,0
2025-08-30 13:00:00+00:00,3.753,3.76,3.751,3.76,115.84,-0.0087383053049588,-0.8700237279198664,-1.3123359580052618,-1.130686300289252,1.832307388094656,0.0,0.6540290177955553,0.8492046552506882,0.2393617020639968,0.0,0.014893617021276562,0
2025-08-30 14:00:00+00:00,3.741,3.741,3.725,3.725,154.47,-0.0093521055702801,-0.930851063829774,-2.2309711286089273,-0.8517434122970458,2.2303319074885053,0.427693130064771,0.7008291036867749,0.8341480257813212,0.429530201226972,0.0,0.01744966442953011,0
2025-08-30 15:00:00+00:00,3.748,3.786,3.748,3.786,39.35,0.0162432009556083,1.6375838926174555,0.4777070063694433,-1.123008618438237,0.6324587133743319,0.0,0.9670642701586984,0.8079958874208416,1.0036978338606135,0.0,-0.0034337031167458454,0
2025-08-30 16:00:00+00:00,3.786,3.786,3.786,3.786,0.0,0.0,0.0,0.4777070063694433,-0.2108592514496576,0.0,0.0,0.9670642701586984,0.7863998437083007,0.0,0.0,-0.0034337031167458454,0
2025-08-30 17:00:00+00:00,3.771,3.771,3.771,3.771,2.12,-0.003969834510911,-0.3961965134706813,0.0796178343949183,0.5868231528407541,0.0381517973628802,0.0,0.9869609731479024,0.7502258622290864,0.0,0.0,0.0005303632988598039,0
2025-08-30 18:00:00+00:00,3.758,3.758,3.758,3.758,26.52,-0.0034533172849464,-0.344736144258817,-0.9227524387028784,0.8859060402684582,0.4735679049922497,0.0,0.9391732045543876,0.7411489505860769,0.0,0.0,0.02448110697179362,0
2025-08-30 19:00:00+00:00,3.792,3.816,3.792,3.816,10.0,0.0153158525947665,1.543374135178288,1.4893617021276562,1.5704019164226812,0.2032692470526985,0.0,1.0743714546638363,0.7851681449646567,0.6289308174452493,0.0,0.014150943396226578,0
2025-08-30 20:00:00+00:00,3.79,3.79,3.79,3.79,6.55,-0.006836734491705,-0.6813417190775661,1.744966442953011,0.8515167642362931,0.1782980026492004,0.0,1.0227081481527698,0.799922768175898,0.0,0.0,0.020316622691292974,0
2025-08-30 21:00:00+00:00,3.798,3.798,3.773,3.773,53.53,-0.0044955781121615,-0.4485488126649062,-0.3433703116745845,-0.1587721619475957,1.388586251585248,0.6582411793948788,0.8089989697524915,0.7977586665266174,0.6626027032434106,0.0,0.02491386164855558,0
2025-08-30 22:00:00+00:00,3.773,3.773,3.773,3.773,0.0,0.0,0.0,-0.3433703116745845,-0.0264970853206092,0.0,0.0,0.8089989697524915,0.7973087360939743,0.0,0.0,0.02491386164855558,0
2025-08-30 23:00:00+00:00,3.773,3.773,3.773,3.773,0.0,0.0,0.0,0.0530363298859803,-0.0529801324503198,0.0,0.0,0.7917133900952946,0.7972872051186656,0.0,0.0,0.013252054068380481,0
2025-08-31 00:00:00+00:00,3.816,3.85,3.816,3.85,96.12,0.0202027073175194,2.0408163265306145,2.448110697179362,2.420856610800759,2.8192506048594983,0.0,1.1065081336564295,0.8915823091365176,0.8831168828875087,0.0,-0.007012987012987026,0
2025-08-31 01:00:00+00:00,3.859,3.87,3.859,3.87,31.01,0.0051813587419975,0.5194805194805197,1.4150943396226578,4.088219472834864,0.8906653901132391,0.0,0.9685436420181062,0.8576582157235363,0.2842377260247478,0.0,-0.012144702842377342,0
2025-08-31 02:00:00+00:00,3.85,3.867,3.85,3.867,92.7,-0.0007754944165303,-0.0775193798449591,2.031662269129298,3.478726251003472,2.438671489577406,0.0,0.8813460055257263,0.855829172105143,0.4396172742592121,0.0,-0.01137832945435735,0
2025-08-31 03:00:00+00:00,3.867,3.867,3.867,3.867,0.0,0.0,0.0,2.491386164855558,1.4960629921259905,0.0,0.0,0.8181282946368477,0.7660985272704822,0.0,0.0,-0.010343935867597631,0
2025-08-31 04:00:00+00:00,3.867,3.867,3.867,3.867,0.0,0.0,0.0,2.491386164855558,1.4960629921259905,0.0,0.0,0.8181282946368477,0.7660985272704822,0.0,0.0,-0.019394879751745586,0
2025-08-31 05:00:00+00:00,3.823,3.823,3.823,3.823,1.0,-0.0114435579108842,-1.137832945435735,1.325205406838048,0.3412073490813627,0.0369321679168927,0.0,1.036982165895557,0.8047537528295975,0.0,0.0,-0.00810881506670158,0
2025-08-31 06:00:00+00:00,3.823,3.823,3.823,3.823,0.0,0.0,0.0,-0.7012987012987026,0.3412073490813627,0.0,0.0,0.5479927599814977,0.8047537528295975,0.0,0.0,-0.008370389746272577,0
2025-08-31 07:00:00+00:00,3.823,3.823,3.823,3.823,0.0,0.0,0.0,-1.2144702842377342,0.3412073490813627,0.0,0.0,0.461892200886344,0.8047537528295975,0.0,0.0,0.0005231493591419945,0
2025-08-31 08:00:00+00:00,3.823,3.823,3.823,3.823,0.0,0.0,0.0,-1.137832945435735,0.3412073490813627,0.0,0.0,0.4671812953942716,0.8047537528295975,0.0,0.0,-0.006800941668846372,0
2025-08-31 09:00:00+00:00,3.827,3.827,3.827,3.827,18.07,0.0010457517292893,0.1046298718283988,-1.0343935867597631,1.565817409766468,0.6566630831189361,0.0,0.4775553415205504,0.7684516464464917,0.0,0.0,-0.002351711523386424,0
2025-08-31 10:00:00+00:00,3.799,3.799,3.792,3.792,23.54,-0.0091876220507899,-0.9145544813169648,-1.9394879751745584,0.6369426751592355,0.8260011403719087,0.1842590154819038,0.5523214887115148,0.7942680579127251,0.1845991560694653,0.0,0.006856540084388296,0
2025-08-31 11:00:00+00:00,3.792,3.792,3.792,3.792,0.0,0.0,0.0,-0.810881506670158,0.6369426751592355,0.0,0.0,0.3858954614195862,0.7942680579127251,0.0,0.0,0.006856540084388296,0
2025-08-31 12:00:00+00:00,3.791,3.791,3.791,3.791,4.88,-0.0002637478585775,-0.0263713080168703,-0.8370389746272577,-0.0527287107830232,0.1733313600648804,0.0,0.3841869919596463,0.7826902219107689,0.0,0.0,0.00712213136375639,0
2025-08-31 13:00:00+00:00,3.825,3.825,3.825,3.825,1.78,0.0089286307443013,0.8968609865470878,0.0523149359141994,1.728723404255339,0.0760629584754902,0.0,0.5748920162454951,0.7802237983022052,0.0,0.0,-0.001830065359477162,0
2025-08-31 14:00:00+00:00,3.802,3.802,3.797,3.797,8.4,-0.0073471860288339,-0.7320261437908537,-0.6800941668846372,1.9328859060402603,0.485116827461935,0.1315097316855548,0.6504084729228311,0.7699834183216857,0.1316829075239153,0.0,-0.0018435607058203685,0
2025-08-31 15:00:00+00:00,3.802,3.818,3.802,3.818,200.89,0.0055154440538906,0.5530682117461216,-0.2351711523386424,0.8452192287374594,8.35431720087935,0.0,0.7038177949771706,0.704800109667505,0.419067574536651,0.0,-0.007333682556312171,0
2025-08-31 16:00:00+00:00,3.818,3.818,3.818,3.818,0.0,0.0,0.0,0.6856540084388296,0.8452192287374594,0.0,0.0,0.5593018977924443,0.704800109667505,0.0,0.0,-0.013619696176008445,0
2025-08-31 17:00:00+00:00,3.818,3.818,3.818,3.818,0.0,0.0,0.0,0.6856540084388296,1.2463537523203394,0.0,0.0,0.5593018977924443,0.6988526971545502,0.0,0.0,-0.022786799371398714,0
2025-08-31 18:00:00+00:00,3.818,3.818,3.818,3.818,0.0,0.0,0.0,0.712213136375639,1.5965939329430467,0.0,0.0,0.5580813696726808,0.6938618693153497,0.0,0.0,-0.021739130434782705,0
2025-08-31 19:00:00+00:00,3.818,3.818,3.818,3.818,0.0,0.0,0.0,-0.1830065359477162,0.0524109014675033,0.0,0.0,0.4094924969848141,0.6196735688506049,0.0,0.0,-0.02697747511786286,0
2025-08-31 20:00:00+00:00,3.809,3.81,3.79,3.79,650.74,-0.0073607062092208,-0.7333682556312171,-0.1843560705820368,0.0,13.205621226458188,0.524934383064322,0.4099576082306029,0.6222818319504136,0.5277044853488911,0.0263852242674416,-0.02902374670184693,0
2025-08-31 21:00:00+00:00,3.79,3.79,3.79,3.79,0.0,0.0,0.0,-0.7333682556312171,0.4505698383249434,0.0,0.0,0.3004995726521164,0.6148833205309471,0.0,0.0,-0.026649076517150427,0
2025-08-31 22:00:00+00:00,3.782,3.782,3.766,3.766,13.87,-0.0063525888593743,-0.6332453825857565,-1.3619696176008445,-0.1855287569573316,0.2912335957944093,0.4230565837062255,0.3555080050903222,0.6292304602619463,0.4248539563396568,0.0,-0.027881040892193343,0
2025-08-31 23:00:00+00:00,3.765,3.765,3.731,3.731,136.22,-0.0093371359959399,-0.9293680297397856,-2.2786799371398714,-1.1131725417439786,2.5556823688956234,0.9030544486313334,0.431656717800707,0.6569844900788904,0.9112838378688668,0.0,-0.014741356204770795,0
2025-09-01 00:00:00+00:00,3.724,3.735,3.714,3.735,29.9,0.0010715243457599,0.1072098633074336,-2.1739130434782705,-2.9870129870129936,0.5915910964433642,0.0,0.4524457920816001,0.4901854479272277,0.562248995833398,0.0,-0.00749665327978577,0
2025-09-01 01:00:00+00:00,3.72,3.72,3.715,3.715,3777.01,-0.005369140415058,-0.5354752342704105,-2.697747511786286,-4.005167958656342,18.279540229796584,0.1344086021144153,0.4172306538814211,0.4770055808738068,0.1345895019826229,0.0,0.027994616419919183,0
2025-09-01 02:00:00+00:00,3.714,3.714,3.68,3.68,350.45,-0.0094659259888828,-0.9421265141318912,-2.902374670184693,-4.835790018101882,1.6122681746223804,0.9154550347561996,0.4528456541114931,0.5019882682426806,0.9239130432271924,0.0,0.036684782608695565,0
2025-09-01 03:00:00+00:00,3.68,3.689,3.68,3.689,79.19,0.0024426664336988,0.2445652173912904,-2.6649076517150427,-4.603051461080943,0.358871135245374,0.0,0.5128123986993463,0.5087878203997473,0.2439685550978642,0.0,0.04608294930875578,0
2025-09-01 04:00:00+00:00,3.702,3.702,3.661,3.661,22.15,-0.0076190844764394,-0.7590132827324458,-2.7881040892193343,-5.327126971812779,0.0999607001757399,1.1075094540498334,0.5244293475275796,0.5196576627497178,1.1199125918820214,0.0,0.03687517071838298,0
2025-09-01 05:00:00+00:00,3.676,3.676,3.676,3.676,4.0,0.0040888703553414,0.4097241190931466,-1.4741356204770797,-3.845147789693948,0.0180414163262728,0.0,0.5719377098196249,0.4968028750004015,0.0,0.0,0.03264417845484213,0
2025-09-01 06:00:00+00:00,3.675,3.707,3.675,3.707,149.24,0.0083977196751546,0.8433079434167601,-0.749665327978577,-3.034266283023801,0.6547612301240118,0.0,0.7214592273790726,0.5367750472472421,0.8632317235329839,0.0,0.02400863231723771,0
2025-09-01 07:00:00+00:00,3.714,3.819,3.714,3.819,140.22,0.0297656840747838,3.0213110331804627,2.7994616419919183,-0.1046298718284099,0.59981285256982,0.0,1.4140763446472928,0.8309769681056857,2.749410839814241,0.0,-0.01990049751243783,0
2025-09-01 08:00:00+00:00,3.819,3.842,3.793,3.815,129.35,-0.0010479435069587,-0.1047394605917739,3.668478260869557,-0.2092597436568088,0.5408456593297825,0.7027589795151625,1.282198641089256,0.831228338769244,1.2844036693880967,0.6028833550189069,-0.014154652686762748,0
2025-09-01 09:00:00+00:00,3.842,3.871,3.842,3.859,302.5,0.0114674178190614,1.153342070773267,4.608294930875578,0.836164097204084,1.2051132657027543,0.3099974166081125,1.2849874621118622,0.8639809644034614,0.7514900231273649,0.3109613888802901,-0.025395180098471082,0
2025-09-01 10:00:00+00:00,3.832,3.832,3.782,3.796,102.0,-0.0164602018078002,-1.6325472920445727,3.6875170718382977,0.1054852320675037,0.4011280086633117,0.939457202260059,1.5219911876045815,0.9103830326793454,1.317175974363226,0.0,-0.021338250790305602,0
2025-09-01 11:00:00+00:00,3.796,3.796,3.796,3.796,0.0,0.0,0.0,3.264417845484213,0.1054852320675037,0.0,0.0,1.541478526054824,0.9103830326793454,0.0,0.0,-0.025816649104320355,0
2025-09-01 12:00:00+00:00,3.796,3.796,3.796,3.796,0.0,0.0,0.0,2.400863231723771,0.1318913215510475,0.0,0.0,1.546429298897391,0.9103601959096752,0.0,0.0,-0.017913593256058902,0
2025-09-01 13:00:00+00:00,3.764,3.768,3.743,3.743,52.95,-0.0140604518253895,-1.3962065331928342,-1.9900497512437831,-2.1437908496732105,0.2066650620897825,0.6634819531147849,1.0333358645041133,0.933580820832732,0.6679134382399352,0.1068661501183901,-0.0008014961261019193,0
2025-09-01 14:00:00+00:00,3.747,3.761,3.747,3.761,13.12,0.0047974505659074,0.4808976756612404,-1.4154652686762748,-0.9481169344219164,0.0511683837626786,0.0,1.0856155092385444,0.9300395887684824,0.372241425053917,0.0,-0.018877957989896332,0
2025-09-01 15:00:00+00:00,3.761,3.761,3.761,3.761,0.0,0.0,0.0,-2.539518009847108,-1.4929282346778372,0.0,0.0,0.8733493592827903,0.921570778172928,0.0,0.0,-0.034033501728263804,0
2025-09-01 16:00:00+00:00,3.724,3.724,3.715,3.715,20.99,-0.0123062013184768,-1.2230789683594812,-2.13382507903056,-2.697747511786286,0.0843268216739443,0.2416756175505796,0.7676145018377422,0.951675873261962,0.2422611035687141,0.0,-0.023149394347240837,0
2025-09-01 17:00:00+00:00,3.715,3.715,3.698,3.698,70.77,-0.0045865452047893,-0.4576043068640567,-2.5816649104320355,-3.1430068098480923,0.2809880440112124,0.4576043067408846,0.7472219236528866,0.9538906946001868,0.4597079501190596,0.0,-0.0013520822065981042,0
2025-09-01 18:00:00+00:00,3.73,3.73,3.728,3.728,29.4,0.0080797638584117,0.8112493239589069,-1.7913593256058902,-2.357255107386058,0.1161659315742511,0.0536193029346806,0.8989066063558565,0.9728603333979376,0.0536480686551314,0.0,-0.009388412017167447,0
2025-09-01 19:00:00+00:00,3.739,3.74,3.739,3.74,13.32,0.0032137146030958,0.3218884120171683,-0.0801496126101919,-2.0429544264012556,0.0525151173160812,0.0,0.7362036585264383,0.9764927938454246,0.0267379679072982,0.0,-0.0037433155080214275,0
2025-09-01 20:00:00+00:00,3.74,3.74,3.65,3.69,318.27,-0.0134591533740048,-1.3368983957219305,-1.8877957989896332,-2.638522427440637,1.3272956009758854,1.3368983953644726,0.8587212644066715,1.0017521816321182,2.4390243895829284,0.0,0.017073170731707332,0
2025-09-01 21:00:00+00:00,3.658,3.658,3.618,3.633,202.81,-0.0155677048133708,-1.5447154471544655,-3.4033501728263804,-4.1424802110818,0.8169957349494508,0.683433570070136,0.97135335784191,1.0437459719635445,1.101018441755845,0.0,0.03963666391412057,0
2025-09-01 22:00:00+00:00,3.633,3.633,3.629,3.629,36.1,-0.0011016250081316,-0.1101018442058898,-2.3149394347240837,-3.6378120021242744,0.1448839122663901,0.1101018441755845,0.9272913198242168,1.0392001866751146,0.1102232019536448,0.0,0.04078258473408658,0
2025-09-01 23:00:00+00:00,3.675,3.693,3.675,3.693,9.92,0.0174820076394929,1.7635712317442875,-0.1352082206598104,-1.0184937014205309,0.0406719898318357,0.0,1.2693635073022145,1.0944806990403757,0.4874086107534837,0.0,0.020308692120227345,0
2025-09-02 00:00:00+00:00,3.693,3.693,3.693,3.693,5.4,0.0,0.0,-0.9388412017167448,-1.1244979919678657,0.022233049015547,0.0,1.2048525855761214,1.09406149636504,0.0,0.0,0.024370430544272903,0
2025-09-02 01:00:00+00:00,3.712,3.726,3.709,3.726,91.21,0.0088961363089705,0.8935824532900094,-0.3743315508021427,0.2960969044414563,1.0213123320279778,0.0,1.2705380581602927,1.104990699245056,0.4562533546816256,0.0,0.015297906602254496,0
2025-09-02 02:00:00+00:00,3.731,3.753,3.731,3.753,52.23,0.007220247973487,0.7246376811594235,1.7073170731707332,1.9836956521739113,0.6793630835512179,0.0,1.124895817411584,1.0944774572539937,0.5861977083436788,0.0,0.007993605115907298,0
2025-09-02 03:00:00+00:00,3.769,3.777,3.738,3.777,31.3,0.0063745235774361,0.6394884092725928,3.963666391412058,2.385470317159122,0.4179719015106234,0.0,0.6736652050125364,1.0999434411182245,1.0325655279236032,0.0,0.001588562351072298,0
2025-09-02 04:00:00+00:00,3.774,3.777,3.774,3.777,8.46,0.0,0.0,4.078258473408658,3.168533187653644,0.1138397362562894,0.0,0.6499580012885271,1.0849316776974691,0.0794281175325875,0.0,-0.003177124702144596,0
2025-09-02 05:00:00+00:00,3.776,3.776,3.768,3.768,47.73,-0.0023856870162033,-0.2382843526608558,2.0308692120227345,2.502720348204557,0.6268955666505882,0.211864406723553,0.4695301720004903,1.0857441745410836,0.212314224996732,0.0,-0.011146496815286566,0
2025-09-02 06:00:00+00:00,3.783,3.783,3.783,3.783,1.06,0.0039729889367755,0.398089171974525,2.4370430544272903,2.050175343943894,0.0151508835035443,0.0,0.4399027592352321,1.0764060101232389,0.0,0.0,-0.018239492466296525,0
2025-09-02 07:00:00+00:00,3.783,3.783,3.783,3.783,0.0,0.0,0.0,1.5297906602254496,-0.942655145325999,0.0,0.0,0.3894272275705474,0.8827629793536176,0.0,0.0,0.003172085646312439,0
2025-09-02 08:00:00+00:00,3.783,3.783,3.783,3.783,0.0,0.0,0.0,0.7993605115907298,-0.8387942332896414,0.0,0.0,0.3210781325270285,0.8826849523563569,0.0,0.0,0.0068728522336769515,0
2025-09-02 09:00:00+00:00,3.783,3.783,3.783,3.783,0.0,0.0,0.0,0.1588562351072298,-1.9694221300855184,0.0,0.0,0.2052131691673171,0.8462127606361746,0.0,0.0,-0.007930214115781098,0
2025-09-02 10:00:00+00:00,3.765,3.765,3.765,3.765,6.66,-0.0047694843990352,-0.4758128469468659,-0.3177124702144596,-0.8166491043203328,0.1579914994526123,0.0,0.2916724561648693,0.7836558695261264,0.0,0.0,-0.0031872509960159112,0
2025-09-02 11:00:00+00:00,3.726,3.726,3.726,3.726,4.0,-0.0104125890724602,-1.035856573705185,-1.1146496815286566,-1.8440463645943097,0.0945160972705832,0.0,0.5020239789064883,0.8100609589284623,0.0,0.0,0.005636070853462183,0
2025-09-02 12:00:00+00:00,3.753,3.753,3.714,3.714,22.08,-0.0032258092488826,-0.3220611916264104,-1.8239492466296523,-2.1601685985247587,0.5106284568865694,1.0391686647910594,0.4125549989036693,0.8113933309297411,1.050080775161533,0.0,0.01696284329563813,0
2025-09-02 13:00:00+00:00,3.708,3.795,3.699,3.795,320.42,0.0215749479170791,2.1809369951534707,0.3172085646312439,1.3892599519102378,5.891652939941459,0.0,1.1003476710258957,0.8831633063881907,2.529644268108133,0.0,-0.010803689064558641,0
2025-09-02 14:00:00+00:00,3.807,3.809,3.807,3.809,32.33,0.0036822766488737,0.3689064558629829,0.6872852233676952,1.2762563148098982,0.5858387569167349,0.0,1.1070631986705484,0.8811361393459465,0.0525072197289354,0.0,-0.008401155158834328,0
2025-09-02 15:00:00+00:00,3.754,3.754,3.753,3.753,55.31,-0.0148111673435831,-1.4702021527960074,-0.7930214115781098,-0.212709385801646,0.9620733890263656,0.026638252523535,1.287958806857651,0.9352063228500058,0.0266453503792548,0.0,0.002664535038635618,0
2025-09-02 16:00:00+00:00,3.753,3.753,3.753,3.753,100.0,0.0,0.0,-0.3187250996015911,1.0228802153432026,1.6452103812504366,0.0,1.2771355187109488,0.8983162964229553,0.0,0.0,0.015454303224087251,0
2025-09-02 17:00:00+00:00,3.747,3.747,3.747,3.747,4.96,-0.0016000003413334,-0.1598721023181482,0.5636070853462183,1.3250405624662065,0.0854576911189392,0.0,1.1883682365757973,0.8931271753703081,0.0,0.0,0.019215372297838318,0
2025-09-02 18:00:00+00:00,3.777,3.777,3.777,3.777,1.32,0.0079745239187695,0.8006405124099336,1.696284329563813,1.3143776824034337,0.0232106616646344,0.0,1.1978363216839274,0.8927438352260015,0.0,0.0,0.009531374106433788,0
2025-09-02 19:00:00+00:00,3.751,3.754,3.751,3.754,177.38,-0.0061081055660027,-0.6089489012443772,-1.080368906455864,0.3743315508021316,2.784342195580739,0.0,0.7958973221398706,0.9008654527139042,0.0799147575706171,0.0,0.014118273841235984,0
2025-09-02 20:00:00+00:00,3.752,3.777,3.752,3.777,34.38,0.0061081055660027,0.6126798082045859,-0.8401155158834328,2.357723577235782,0.6627150498643388,0.0,0.8346002537434428,0.8599037190839743,0.661900979438214,0.0,0.016944665078104437,0
2025-09-02 21:00:00+00:00,3.763,3.763,3.763,3.763,71.24,-0.0037135321190197,-0.3706645485835436,0.2664535038635618,3.5783099366914373,1.5354965019561426,0.0,0.5538612008608769,0.7921518763067668,0.0,0.0,0.013553016210470448,0
2025-09-02 22:00:00+00:00,3.811,3.811,3.811,3.811,1.31,0.012675110280423,1.2755779962795757,1.5454303224087251,5.015155690272799,0.0291461944927231,0.0,0.7429944082742053,0.8220953829068851,0.0,0.0,0.0041983731304120475,0
2025-09-02 23:00:00+00:00,3.819,3.819,3.819,3.819,7.42,0.002096986351656,0.2099186565206023,1.921537229783832,3.4118602761982197,0.1654711020219554,0.0,0.7164923208406839,0.7535672774115906,0.0,0.0,0.0020947892118354794,0
2025-09-03 00:00:00+00:00,3.813,3.813,3.813,3.813,4.21,-0.0015723273679524,-0.1571091908876609,0.9531374106433788,3.249390739236402,0.0939898233483819,0.0,0.6941730301295033,0.7555163728671389,0.0,0.0,-0.0034093889325991222,0
2025-09-03 01:00:00+00:00,3.807,3.807,3.807,3.807,6.54,-0.0015748034750664,-0.1573564122738013,1.4118273841235984,2.1739130434782705,0.1584910232810912,0.0,0.6137578557101221,0.7400130571169987,0.0,0.0,-0.001838718150774965,0
2025-09-03 02:00:00+00:00,3.829,3.955,3.829,3.841,1341.55,0.0088912719634075,0.8930916732335259,1.6944665078104435,2.344790833999477,14.123685110788893,2.882427306477259,0.6569594764913504,0.7469753660917077,3.2803957294245225,2.9679770885269487,-0.0020827909398594135,0
2025-09-03 03:00:00+00:00,3.822,3.905,3.814,3.814,521.13,-0.0070542421855404,-0.7029419422025507,1.3553016210470448,0.9796134498279097,4.516037248696189,2.330345710030635,0.7329676948986917,0.7549508512447163,2.385946512221822,2.176192972685836,-0.0018353434714211136,0
2025-09-03 04:00:00+00:00,3.895,3.895,3.826,3.827,54.76,0.0034026992653379,0.3408495018353497,0.4198373130412047,1.3238019592269,0.4667393520073575,1.745827984147414,0.5418847605776561,0.7573461918768903,1.8029788341251671,0.0,-0.005226025607525497,0
2025-09-03 05:00:00+00:00,3.827,3.827,3.827,3.827,0.0,0.0,0.0,0.2094789211835479,1.565817409766468,0.0,0.0,0.5378062916993855,0.7548899401543896,0.0,0.0,-0.005226025607525497,0
2025-09-03 06:00:00+00:00,3.8,3.8,3.8,3.8,26.9,-0.0070801397112251,-0.7055134570159383,-0.3409388932599122,0.4493787998942622,0.2310748416172567,0.0,0.6181583107989265,0.7673328855369925,0.0,0.0,0.0018421052631578672,0
2025-09-03 07:00:00+00:00,3.8,3.8,3.8,3.8,0.0,0.0,0.0,-0.1838718150774965,0.4493787998942622,0.0,0.0,0.6163753271979217,0.7673328855369925,0.0,0.0,0.0018421052631578672,0
2025-09-03 08:00:00+00:00,3.833,3.833,3.833,3.833,1.17,0.008646719666078,0.868421052631585,-0.2082790939859413,1.3217023526302052,0.010046260022024,0.0,0.6091146405327156,0.7864778867578964,0.0,0.0,0.004174276024001999,0
2025-09-03 09:00:00+00:00,3.807,3.807,3.807,3.807,14.86,-0.0068063089980577,-0.6783198539003443,-0.1835343471421113,0.6344171292624878,0.1269213112059566,0.0,0.6037149946469537,0.8006796726359221,0.0,0.0,0.021013921723141538,0
2025-09-03 10:00:00+00:00,3.807,3.807,3.807,3.807,0.0,0.0,0.0,-0.5226025607525497,1.1155378486055634,0.0,0.0,0.577311333828721,0.7935316966248351,0.0,0.0,0.014184397163120588,0
2025-09-03 11:00:00+00:00,3.807,3.807,3.807,3.807,0.0,0.0,0.0,-0.5226025607525497,2.1739130434782705,0.0,0.0,0.577311333828721,0.7592121696480723,0.0,0.0,0.02180194378775946,0
2025-09-03 12:00:00+00:00,3.807,3.807,3.807,3.807,0.0,0.0,0.0,0.1842105263157867,2.5040387722132573,0.0,0.0,0.4909726766116867,0.7544380308409349,0.0,0.0,0.02180194378775946,0
2025-09-03 13:00:00+00:00,3.807,3.807,3.807,3.807,0.0,0.0,0.0,0.1842105263157867,0.3162055335968361,0.0,0.0,0.4909726766116867,0.6145691991033221,0.0,0.0,0.020751247701602304,0
2025-09-03 14:00:00+00:00,3.849,3.881,3.849,3.849,41.06,0.0109718969012487,1.1032308904649346,0.4174276024001999,1.050144394854291,0.3996917460922355,0.8245297601585748,0.5723920742966421,0.6498797971059835,0.831384775050292,0.831384775050292,0.01740711873213807,0
2025-09-03 15:00:00+00:00,3.877,3.887,3.877,3.887,123.78,0.0098242775684769,0.9872694206287224,2.1013921723141538,3.570476951771906,1.1723579994916518,0.0,0.5381799065831042,0.5904317134795092,0.2572678157300631,0.0,-0.0012863390789812357,0
2025-09-03 16:00:00+00:00,3.869,3.869,3.861,3.861,32.19,-0.0067114345879868,-0.6688963210702337,1.4184397163120588,2.877697841726623,0.3132643461869793,0.2067717755991803,0.6765781393555304,0.6131137916717392,0.2072002071465424,0.0,0.00543900543900544,0
2025-09-03 17:00:00+00:00,3.862,3.89,3.862,3.89,72.88,0.0074829403482555,0.7511007511007417,2.180194378775946,3.8163864424873406,0.6902386664917575,0.0,0.6934107442027975,0.6231450348567471,0.7197943442879712,0.0,-0.004627249357326502,0
2025-09-03 18:00:00+00:00,3.89,3.89,3.89,3.89,0.0,0.0,0.0,2.180194378775946,2.9917924278527908,0.0,0.0,0.6934107442027975,0.6085475314362,0.0,0.0,-0.007197943444730126,0
2025-09-03 19:00:00+00:00,3.885,3.886,3.885,3.886,11.28,-0.0010288066751066,-0.1028277634961494,2.0751247701602304,3.5162493340436862,0.1143890546158951,0.0,0.7052483116311397,0.5904883667494916,0.025733401949125,0.0,0.0030880082346886883,0
2025-09-03 20:00:00+00:00,3.89,3.934,3.87,3.916,911.81,0.0076903737130156,0.772002058672161,1.7407118732138072,3.680169446650772,6.745632827645994,0.4575495677535521,0.6451642389880707,0.5967767886747111,1.6343207350269882,0.459652706726346,-0.012002042900919219,0
2025-09-03 21:00:00+00:00,3.92,3.928,3.882,3.882,562.11,-0.0087202399214454,-0.8682328907048009,-0.1286339078981235,3.1623704491097637,3.611990489834779,1.1710794294370932,0.688483104501477,0.6239476186154724,1.1849562078348854,0.2060793404930245,-0.019062339000515238,0
2025-09-03 22:00:00+00:00,3.882,3.882,3.882,3.882,360.13,0.0,0.0,0.543900543900544,1.86302807662031,2.111281016554218,0.0,0.6121004688375464,0.5751927746988397,0.0,0.0,-0.019577537351880503,0
2025-09-03 23:00:00+00:00,3.871,3.872,3.871,3.872,433.25,-0.0025793153324879,-0.2575991756826434,-0.4627249357326501,1.3877978528410662,2.300640984497508,0.0,0.5278457864008527,0.5784105281121616,0.0258264462743188,0.0,-0.023760330578512456,0
2025-09-04 00:00:00+00:00,3.862,3.862,3.862,3.862,3.1,-0.0025859854080078,-0.2582644628099095,-0.7197943444730126,1.2850773669027094,0.0164656412525406,0.0,0.5308209320217279,0.580412757179486,0.0,0.0,-0.021232522009321686,0
2025-09-04 01:00:00+00:00,3.861,3.898,3.851,3.898,522.56,0.0092784170790463,0.932159502848262,0.3088008234688688,2.3903335960073546,2.4910895179560733,0.0,0.6826847566974185,0.6050418546430354,1.2057465363761593,0.0,-0.03027193432529507,0
2025-09-04 02:00:00+00:00,3.881,3.889,3.839,3.869,1099.11,-0.0074675253669931,-0.7439712673165677,-1.200204290091922,0.7289768289507892,5.504632643834802,0.514271020695728,0.6433291637381181,0.6042369379600063,1.2923235974948717,0.2067717755991803,-0.023003360041354504,0
2025-09-04 03:00:00+00:00,3.834,3.834,3.808,3.808,1147.35,-0.0158919587892571,-1.5766347893512611,-1.906233900051524,-0.1573151546932383,5.082110625081302,0.6781429314871886,0.8318778618419209,0.673931406147417,0.6827731090644042,0.0,-0.00997899159663862,0
2025-09-04 04:00:00+00:00,3.806,3.806,3.806,3.806,0.82,-0.000525348055161,-0.05252100840335,-1.9577537351880503,-0.5487326887901767,0.0036686575844857,0.0,0.8280942378255187,0.6698999003605246,0.0,0.0,0.008933263268523284,0
2025-09-04 05:00:00+00:00,3.806,3.806,3.78,3.78,484.22,-0.0068547592424615,-0.6831318970047406,-2.3760330578512456,-1.228116017768488,1.9870259105547512,0.6831318968252477,0.8390240749866631,0.683357523497959,0.6878306876487286,0.0,0.015873015873015817,0
2025-09-04 06:00:00+00:00,3.78,3.78,3.78,3.78,0.0,0.0,0.0,-2.1232522009321686,-0.5263157894736858,0.0,0.0,0.8542919407543604,0.6689128397589401,0.0,0.0,0.015873015873015817,0
2025-09-04 07:00:00+00:00,3.78,3.78,3.78,3.78,0.0,0.0,0.0,-3.027193432529507,-0.5263157894736858,0.0,0.0,0.629436134423189,0.6689128397589401,0.0,0.0,0.0007936507936507908,0
2025-09-04 08:00:00+00:00,3.78,3.78,3.78,3.78,0.0,0.0,0.0,-2.3003360041354504,-1.382728932950705,0.0,0.0,0.6473843150482874,0.6418176137395569,0.0,0.0,0.005555555555555758,0
2025-09-04 09:00:00+00:00,3.77,3.77,3.77,3.77,28.66,-0.0026490081715768,-0.2645502645502562,-0.997899159663862,-0.9718938796952958,0.1178956894640789,0.0,0.2739237106513348,0.6297803970785922,0.0,0.0,-0.0053050397877983935,0
2025-09-04 10:00:00+00:00,3.805,3.844,3.805,3.84,2608.26,0.0183973651397161,1.8567639257294433,0.8933263268523284,0.8668242710795804,7.414595318702959,0.104058272605604,0.8709596231340122,0.7376717891496106,1.015624999735507,0.10416666663954,-0.02239583333333328,0
2025-09-04 11:00:00+00:00,3.84,3.84,3.84,3.84,0.0,0.0,0.0,1.5873015873015817,0.8668242710795804,0.0,0.0,0.7799296940679523,0.7376717891496106,0.0,0.0,-0.02239583333333328,0
2025-09-04 12:00:00+00:00,3.84,3.84,3.84,3.84,0.0,0.0,0.0,1.5873015873015817,0.8668242710795804,0.0,0.0,0.7799296940679523,0.7376717891496106,0.0,0.0,-0.025260416666666674,0
2025-09-04 13:00:00+00:00,3.798,3.798,3.783,3.783,19.92,-0.0149550209487432,-1.4843749999999931,0.079365079365079,-0.6304176516942483,0.0564940106279173,0.3949447076369319,1.066797115620265,0.8012645683117776,0.3965107056842458,0.0,-0.010573618821041464,0
2025-09-04 14:00:00+00:00,3.764,3.801,3.756,3.801,255.85,0.0047468443562194,0.4758128469468659,0.5555555555555758,-1.247077162899457,0.7076411041228374,0.0,1.0830972915956507,0.772886175165957,1.183898973642762,0.0,-0.009734280452512567,0
2025-09-04 15:00:00+00:00,3.75,3.75,3.75,3.75,9.86,-0.0135083500247923,-1.3417521704814583,-0.5305039787798393,-3.5245690764085458,0.0276340128173213,0.0,1.2348345375731422,0.7837443059983511,0.0,0.0,0.0037333333333333663,0
2025-09-04 16:00:00+00:00,3.754,3.754,3.754,3.754,504.86,0.0010660981819977,0.1066666666666771,-2.239583333333328,-2.771302771302775,1.3409251629275043,0.0,0.8298075486861277,0.7772906139455564,0.0,0.0,0.008524240809802963,0
2025-09-04 17:00:00+00:00,3.754,3.754,3.754,3.754,0.0,0.0,0.0,-2.239583333333328,-3.4961439588689025,0.0,0.0,0.8298075486861277,0.7557785764325428,0.0,0.0,0.008524240809802963,0
2025-09-04 18:00:00+00:00,3.744,3.744,3.743,3.743,40.15,-0.0029345092420251,-0.293020777836972,-2.5260416666666674,-3.778920308483291,0.107027423277846,0.0267094017022767,0.8115546075010509,0.7556491143581963,0.0267165375296064,0.0,0.011488111140796287,0
2025-09-04 19:00:00+00:00,3.743,3.743,3.743,3.743,0.0,0.0,0.0,-1.0573618821041464,-3.6798764796706185,0.0,0.0,0.6259767407023565,0.7562817843646287,0.0,0.0,0.009617953513224586,0
2025-09-04 20:00:00+00:00,3.76,3.764,3.76,3.764,50.0,0.0055947928008413,0.5610472882714435,-0.9734280452512568,-3.881511746680288,0.1475976635285506,0.0,0.644324948221597,0.746278402062203,0.1062699255828189,0.0,0.009564293304994642,0
2025-09-04 21:00:00+00:00,3.764,3.764,3.764,3.764,0.0,0.0,0.0,0.3733333333333366,-3.0396702730551395,0.0,0.0,0.2783353953889331,0.7314368689418638,0.0,0.0,-0.0002656748140276166,0
2025-09-04 22:00:00+00:00,3.786,3.786,3.786,3.786,30.63,0.005827831063998,0.584484590860801,0.8524240809802963,-2.472952086553326,0.1015555494152961,0.0,0.3517631331204899,0.7454323141942587,0.0,0.0,-0.006075013206550461,0
2025-09-04 23:00:00+00:00,3.786,3.786,3.786,3.786,0.0,0.0,0.0,0.8524240809802963,-2.221074380165289,0.0,0.0,0.3517631331204899,0.7449807888905902,0.0,0.0,-0.006075013206550461,0
2025-09-05 00:00:00+00:00,3.786,3.786,3.786,3.786,0.0,0.0,0.0,1.1488111140796289,-1.967892283790784,0.0,0.0,0.2950229326744388,0.7443602589710409,0.0,0.0,0.0,0
2025-09-05 01:00:00+00:00,3.815,3.815,3.779,3.779,14.02,-0.0018506284197791,-0.1848917062863164,0.9617953513224586,-3.052847614161114,0.0534629018494205,0.943643512203502,0.3268627565494884,0.7126523011368355,0.952632971433546,0.0,0.013231013495633936,0
2025-09-05 02:00:00+00:00,3.791,3.816,3.762,3.8,47.03,0.005541642364988,0.5557025668166071,0.9564293304994642,-1.7834065650038866,0.2153375953653408,0.4192872116301662,0.3255667023570066,0.713111492914685,1.4210526312049816,0.4210526314681444,0.007631578947368434,0
2025-09-05 03:00:00+00:00,3.767,3.767,3.762,3.763,4.07,-0.0097845551210398,-0.9736842105263156,-0.0265674814027616,-1.181722689075626,0.0238339819682135,0.1061852933086846,0.5724054376042174,0.6660728353734721,0.1328727079104747,0.0,0.012755779962795755,0
2025-09-05 04:00:00+00:00,3.763,3.763,3.763,3.763,0.0,0.0,0.0,-0.6075013206550461,-1.1297950604309048,0.0,0.0,0.4973602394427355,0.6661488565834088,0.0,0.0,0.015944724953494527,0
2025-09-05 05:00:00+00:00,3.763,3.763,3.763,3.763,0.0,0.0,0.0,-0.6075013206550461,-0.4497354497354444,0.0,0.0,0.4973602394427355,0.6521468904202575,0.0,0.0,0.01435025245814514,0
2025-09-05 06:00:00+00:00,3.786,3.786,3.786,3.786,131.8,0.006093541175831,0.611214456550635,0.0,0.1587301587301581,0.8446213862823063,0.0,0.5779331944571797,0.664651853184684,0.0,0.0,0.025884838880084526,0
2025-09-05 07:00:00+00:00,3.794,3.829,3.794,3.829,87.31,0.0112936197080264,1.1357633386159582,1.3231013495633936,1.2962962962963065,0.5467667948677015,0.0,0.724333071703363,0.703034278598534,0.9140767822110047,0.0,0.015147558109166903,0
2025-09-05 08:00:00+00:00,3.829,3.829,3.829,3.829,0.0,0.0,0.0,0.7631578947368434,1.2962962962963065,0.0,0.0,0.7082109008248882,0.703034278598534,0.0,0.0,-0.008357273439540402,0
2025-09-05 09:00:00+00:00,3.818,3.818,3.811,3.811,161.22,-0.0047120506034343,-0.4700966309741483,1.2755779962795757,1.0875331564986768,0.9758636865700652,0.1833420638597877,0.5658694330383668,0.708339965155487,0.1836788244073295,0.0,0.005510364733665618,0
2025-09-05 10:00:00+00:00,3.839,3.841,3.823,3.823,2668.0,0.0031438328225525,0.3148779847808924,1.594472495349453,-0.4427083333333304,15.90967818869838,0.468627961346367,0.5568800631985751,0.6005396186400774,0.4708344231046794,0.0523149359005251,-0.0062777923097043775,0
2025-09-05 11:00:00+00:00,3.817,3.817,3.817,3.817,28.33,-0.001570680951183,-0.1569448077426094,1.435025245814514,-0.5989583333333215,0.1677551473571689,0.0,0.5751447449166102,0.6011848861260103,0.0,0.0,0.0,0
2025-09-05 12:00:00+00:00,3.842,3.884,3.823,3.884,1886.8,0.0174007766659856,1.7553052135184544,2.5884838880084526,1.1458333333333348,7.623626859233317,0.0,0.8438480618654024,0.7009793818312172,1.57054582863786,0.0,-0.016992790937178093,0
2025-09-05 13:00:00+00:00,3.884,3.887,3.877,3.887,230.9,0.0007721014410076,0.0772399588053529,1.5147558109166903,2.749140893470803,0.9009515788890892,0.0,0.7749415774921115,0.6192076069648023,0.2572678157300631,0.0,-0.017751479289940808,0
2025-09-05 14:00:00+00:00,3.87,3.87,3.782,3.797,2301.12,-0.0234263706204207,-2.315410342166191,-0.8357273439540402,-0.105235464351483,6.738190114790969,1.8863049090733048,1.3228707033415534,0.7909059054672112,2.3176191724209607,0.0,0.012378193310508268,0
2025-09-05 15:00:00+00:00,3.825,3.845,3.814,3.832,870.67,0.0091755788589488,0.9217803529101952,0.5510364733665618,2.18666666666667,2.3071974878788266,0.3381014303412049,1.3738173386686638,0.7578545205836817,0.8089770352794982,0.3392484341494744,0.0031315240083507057,0
2025-09-05 16:00:00+00:00,3.818,3.818,3.799,3.799,9.45,-0.0086489859031255,-0.8611691022964441,-0.6277792309704378,1.19872136387853,0.0264906850434344,0.497642744762276,1.4191767563031632,0.782481567695045,0.5001316134508769,0.0,0.006580679126085842,0
2025-09-05 17:00:00+00:00,3.817,3.817,3.817,3.817,7.86,0.0047268995576041,0.4738088970781762,0.0,1.6782099094299507,0.0220133125460328,0.0,1.4377188832570589,0.7871127314389283,0.0,0.0,0.001833900969347546,0
2025-09-05 18:00:00+00:00,3.818,3.818,3.818,3.818,8.0,0.0002619515404631,0.0261985852763935,-1.6992790937178093,2.0037403152551425,0.0224897829618177,0.0,1.1677695228252842,0.7834026143976053,0.0,0.0,0.00838135149292829,0
2025-09-05 19:00:00+00:00,3.818,3.818,3.818,3.818,0.0,0.0,0.0,-1.7751479289940808,2.0037403152551425,0.0,0.0,1.1633884658930778,0.7834026143976053,0.0,0.0,0.007333682556312171,0
2025-09-05 20:00:00+00:00,3.825,3.856,3.824,3.844,171.31,0.0067867658044901,0.6809848088004111,1.2378193310508268,2.125398512221044,0.4748432757548176,0.3112033194213687,0.6359945462631028,0.7869268332849556,0.8324661808448326,0.3121748178168122,0.003121748178980255,0
2025-09-05 21:00:00+00:00,3.844,3.844,3.844,3.844,0.0,0.0,0.0,0.3131524008350705,2.125398512221044,0.0,0.0,0.5322556560656188,0.7869268332849556,0.0,0.0,0.0085848074921957,0
2025-09-05 22:00:00+00:00,3.82,3.824,3.82,3.824,177.88,-0.0052164959188912,-0.5202913631633721,0.6580679126085842,1.0036978341257274,0.4848093920223175,0.0,0.4207466532589545,0.7890021267005084,0.1046025104328969,0.0,0.013859832635983338,0
2025-09-05 23:00:00+00:00,3.824,3.824,3.824,3.824,0.0,0.0,0.0,0.1833900969347546,1.0036978341257274,0.0,0.0,0.3815262310090936,0.7890021267005084,0.0,0.0,0.005753138075313968,0
2025-09-06 00:00:00+00:00,3.85,3.85,3.85,3.85,12.73,0.0067761531105381,0.6799163179916468,0.8381351492928291,1.6904384574749187,0.0346453478481792,0.0,0.4638486993173231,0.7995024734466373,0.0,0.0,-0.0010389610389610615,0
2025-09-06 01:00:00+00:00,3.848,3.848,3.846,3.846,12.96,-0.0010395011331048,-0.1038961038961061,0.7333682556312171,1.7729558084149222,0.0352755448292422,0.0519750519615392,0.4719540560010276,0.798548931647133,0.0520020800696765,0.0,-0.005460218408736339,0
2025-09-06 02:00:00+00:00,3.85,3.856,3.85,3.856,53.66,0.0025967295817111,0.2600104004160108,0.3121748178980255,1.473684210526316,0.1459462583588409,0.0,0.3983277170700564,0.7930813984677194,0.1556016597106786,0.0,-0.009336099585062207,0
2025-09-06 03:00:00+00:00,3.868,3.877,3.868,3.877,4.71,0.0054312819404928,0.5446058091286288,0.8584807492195701,3.0294977411639668,0.0128094860907262,0.0,0.4433327037968105,0.7667589727617632,0.2321382511652957,0.0,-0.020892442610265682,0
2025-09-06 04:00:00+00:00,3.877,3.877,3.877,3.877,0.0,0.0,0.0,1.3859832635983338,3.0294977411639668,0.0,0.0,0.3214373388737898,0.7667589727617632,0.0,0.0,-0.020892442610265682,0
2025-09-06 05:00:00+00:00,3.863,3.863,3.845,3.846,36.49,-0.008028011522204,-0.7995873097755957,0.5753138075313968,2.2056869519000877,0.0988308581227856,0.4400724824126114,0.5332968178599651,0.7895911073511669,0.4680187206271348,0.0,-0.006760270410816505,0
2025-09-06 06:00:00+00:00,3.846,3.846,3.846,3.846,0.0,0.0,0.0,-0.1038961038961061,1.5847860538827252,0.0,0.0,0.4507577306633877,0.7819553873393531,0.0,0.0,-0.007540301612064426,0
2025-09-06 07:00:00+00:00,3.825,3.825,3.825,3.825,2.5,-0.0054751798880888,-0.5460218408736339,-0.5460218408736339,-0.1044659179942564,0.0069407571671801,0.0,0.5013424499163723,0.7572927361369257,0.0,0.0,-0.0020915032679738044,0
2025-09-06 08:00:00+00:00,3.821,3.821,3.82,3.82,87.04,-0.0013080446600154,-0.1307189542483766,-0.9336099585062207,-0.2350483154870852,0.2392405541684952,0.02617115937552,0.4711102735263827,0.7577305995907825,0.02617801046436,0.0,-0.0007853403141360182,0
2025-09-06 09:00:00+00:00,3.796,3.796,3.796,3.796,18.48,-0.0063025418708024,-0.6282722513089034,-2.089244261026568,-0.3935974809761267,0.0516388031513688,0.0,0.3508873765629927,0.7626211465191877,0.0,0.0,-0.0013171759747101497,0
2025-09-06 10:00:00+00:00,3.796,3.796,3.796,3.796,0.0,0.0,0.0,-2.089244261026568,-0.706251634841748,0.0,0.0,0.3508873765629927,0.7593849398826801,0.0,0.0,-0.0013171759747101497,0
2025-09-06 11:00:00+00:00,3.82,3.82,3.82,3.82,2608.2,0.0063025418708023,0.6322444678608985,-0.6760270410816505,0.0785957558291805,7.363671012923933,0.0,0.4548932940686047,0.7705596407314365,0.0,0.0,-0.0075916230366491755,0
2025-09-06 12:00:00+00:00,3.817,3.817,3.817,3.817,1.41,-0.000785648855391,-0.0785340314136018,-0.7540301612064426,-1.7250257466529306,0.0051153601385677,0.0,0.4521104151205719,0.6759511095275109,0.0,0.0,-0.0013099292638197868,0
2025-09-06 13:00:00+00:00,3.817,3.817,3.817,3.817,0.0,0.0,0.0,-0.2091503267973804,-1.8008747105737075,0.0,0.0,0.4025958294210121,0.6753910940415608,0.0,0.0,-0.0013099292638197868,0
2025-09-06 14:00:00+00:00,3.817,3.817,3.817,3.817,0.0,0.0,0.0,-0.0785340314136018,0.5267316302344005,0.0,0.0,0.3998960819256617,0.4722600402006895,0.0,0.0,-0.0013099292638197868,0
2025-09-06 15:00:00+00:00,3.792,3.792,3.791,3.791,51.78,-0.0068349372288949,-0.6811632171862758,-0.1317175974710149,-1.0699373695198355,0.3806816441282366,0.0263713080099202,0.4165719745462421,0.452923662896498,0.0263782643032473,0.0,0.005539435505143686,0
2025-09-06 16:00:00+00:00,3.791,3.791,3.791,3.791,1.32,0.0,0.0,-0.1317175974710149,-0.2105817320347425,0.0097287437083362,0.0,0.4165719745462421,0.417889585939326,0.0,0.0,0.005539435505143686,0
2025-09-06 17:00:00+00:00,3.812,3.812,3.791,3.791,36.38,0.0,0.0,-0.7591623036649175,-0.6811632171862758,0.2658020914177574,0.5508919201073187,0.2744256632881678,0.4051558950910813,0.553943550368253,0.0,0.005539435505143686,0
2025-09-06 18:00:00+00:00,3.791,3.812,3.791,3.812,7.01,0.0055241492577578,0.5539435505143686,-0.1309929263819786,-0.1571503404924068,0.0512323911490655,0.0,0.392291297619614,0.4221266280520223,0.5508919201073187,0.0,0.0060335781741867045,0
2025-09-06 19:00:00+00:00,3.812,3.812,3.812,3.812,0.0,0.0,0.0,-0.1309929263819786,-0.1571503404924068,0.0,0.0,0.392291297619614,0.4221266280520223,0.0,0.0,0.00970619097586578,0
2025-09-06 20:00:00+00:00,3.812,3.812,3.812,3.812,0.0,0.0,0.0,-0.1309929263819786,-0.8324661810613976,0.0,0.0,0.392291297619614,0.3961610333651933,0.0,0.0,0.00970619097586578,0
2025-09-06 21:00:00+00:00,3.812,3.812,3.812,3.812,0.0,0.0,0.0,0.5539435505143686,-0.8324661810613976,0.0,0.0,0.2255224490746832,0.3961610333651933,0.0,0.0,0.00970619097586578,0
2025-09-06 22:00:00+00:00,3.812,3.812,3.812,3.812,0.0,0.0,0.0,0.5539435505143686,-0.3138075313807498,0.0,0.0,0.2255224490746832,0.3823602250401643,0.0,0.0,0.00970619097586578,0
2025-09-06 23:00:00+00:00,3.812,3.812,3.812,3.812,0.0,0.0,0.0,0.5539435505143686,-0.3138075313807498,0.0,0.0,0.2255224490746832,0.3823602250401643,0.0,0.0,0.00970619097586578,0
2025-09-07 00:00:00+00:00,3.832,3.835,3.821,3.835,53.86,0.0060154490272637,0.6033578174186705,0.6033578174186705,-0.3896103896103953,0.4343840311813879,0.0,0.2455796781752936,0.3766583672719485,0.3650586700482191,0.0,0.0026075619295959918,0
2025-09-07 01:00:00+00:00,3.838,3.849,3.838,3.849,8.91,0.0036439394823896,0.3650586701434255,0.970619097586578,0.0780031201248032,0.0719576007397233,0.0,0.2604353696697996,0.3839790905183448,0.2857885164235447,0.0,0.002078461938165743,0
2025-09-07 02:00:00+00:00,3.849,3.849,3.849,3.849,0.0,0.0,0.0,0.970619097586578,-0.1815352697095318,0.0,0.0,0.2604353696697996,0.3800781566258201,0.0,0.0,-0.0018186541958951086,0
2025-09-07 03:00:00+00:00,3.849,3.849,3.849,3.849,0.0,0.0,0.0,0.970619097586578,-0.7222078927005326,0.0,0.0,0.2604353696697996,0.3615824537352509,0.0,0.0,0.000779423226812126,0
2025-09-07 04:00:00+00:00,3.849,3.849,3.849,3.849,0.0,0.0,0.0,0.970619097586578,-0.7222078927005326,0.0,0.0,0.2604353696697996,0.3615824537352509,0.0,0.0,0.0005196154845414913,0
2025-09-07 05:00:00+00:00,3.849,3.849,3.849,3.849,0.0,0.0,0.0,0.970619097586578,0.0780031201248032,0.0,0.0,0.2604353696697996,0.3219648032741145,0.0,0.0,0.002338269680436378,0
2025-09-07 06:00:00+00:00,3.845,3.845,3.845,3.845,0.88,-0.0010397713440017,-0.1039230969082871,0.2607561929595992,-0.026001040041601,0.0073390159741132,0.0,0.1626599978500735,0.3227091223222257,0.0,0.0,0.03042912873862158,0
2025-09-07 07:00:00+00:00,3.857,3.857,3.857,3.857,1.41,0.0031160762684833,0.3120936280884168,0.2078461938165743,0.836601307189544,0.0117635607713467,0.0,0.1419334261939348,0.3067131623861873,0.0,0.0,0.05600207415089442,0
2025-09-07 08:00:00+00:00,3.842,3.842,3.842,3.842,4.0,-0.0038966148797258,-0.3889032927145486,-0.1818654195895108,0.5759162303665022,0.0343637691324491,0.0,0.2254879533701071,0.3171602316084269,0.0,0.0,0.059604372722540155,0
2025-09-07 09:00:00+00:00,3.852,3.852,3.852,3.852,32.76,0.002599429589514,0.2602811035918639,0.0779423226812126,1.475237091675452,0.2800079774328611,0.0,0.2554624286914634,0.2880454829326958,0.0,0.0,0.03245067497403942,0
2025-09-07 10:00:00+00:00,3.851,3.851,3.851,3.851,4.0,-0.0002596391031072,-0.0259605399792306,0.0519615484541491,1.4488935721812537,0.0341403738368021,0.0,0.2559458273308663,0.288333233903067,0.0,0.0,0.03219942871981307,0
2025-09-07 11:00:00+00:00,3.857,3.858,3.857,3.858,1092.82,0.0018160596507654,0.1817709685795865,0.2338269680436377,0.9947643979057564,20.228978665921968,0.0,0.2652849710505868,0.2631980860293788,0.0259201658823402,0.0,0.025920165889061764,0
2025-09-07 12:00:00+00:00,3.887,3.962,3.887,3.962,7349.2,0.0266000337928218,2.6956972524624145,3.042912873862158,3.798794865077282,20.40421871903436,0.0,1.0888749252550651,0.5943334805553023,1.8929833412688124,0.0,-0.001009591115598174,0
2025-09-07 13:00:00+00:00,3.967,4.073,3.967,4.073,2743.33,0.0276308803899163,2.801615345784958,5.600207415089442,6.70683783075714,5.781690004782478,0.0,1.415253153841811,0.7962518711578237,2.6025042959483247,0.0,-0.018659464767984413,0
2025-09-07 14:00:00+00:00,4.041,4.071,4.011,4.071,657.79,-0.0004911591454339,-0.0491038546526101,5.9604372722540155,6.6544406602043304,1.3106160417392911,0.0,1.3584851286860926,0.7970399999965714,1.473839351148642,0.0,-0.02456398919184466,0
2025-09-07 15:00:00+00:00,4.005,4.005,3.977,3.977,86.44,-0.0233609032952882,-2.3090149840334084,3.2450674974039417,4.90635716169876,0.1717335355386564,0.6991260922099567,1.9237405948111304,0.9412031074243942,0.7040482774191487,0.0,0.0037716872014081915,0
2025-09-07 16:00:00+00:00,3.967,4.044,3.967,3.975,13.73,-0.0005030181192582,-0.0502891626854351,3.2199428719813072,4.853600633078359,0.0272499032459194,1.7062314535840055,1.925178159194168,0.9417227146544652,1.9371069177516589,1.7358490561670694,0.004276729559748338,0
2025-09-07 17:00:00+00:00,3.972,3.972,3.958,3.958,212.82,-0.0042859009259212,-0.4276729559748449,2.5920165889061764,4.405170139804815,0.4163091248149808,0.3524672708075306,1.9628966284801777,0.9496605593188838,0.3537139968787935,0.0,0.023244062657908016,0
2025-09-07 18:00:00+00:00,3.958,3.982,3.958,3.958,5.66,0.0,0.0,-0.1009591115598174,3.830010493179437,0.0110730615009552,0.602712204770791,1.629656721196775,0.9469227565015672,0.6063668517922272,0.6063668517922272,0.023244062657908016,0
2025-09-07 19:00:00+00:00,3.963,4.022,3.963,3.997,131.73,0.0098052325488123,0.9853461344113024,-1.8659464767984413,4.853095487932846,0.2549748615647187,0.6215813026798742,1.0969108378099937,0.9609212467595708,1.476107079940933,0.6254691016698941,-0.004003002251688814,0
2025-09-07 20:00:00+00:00,3.977,3.978,3.971,3.971,9.46,-0.0065261275800719,-0.6504878658994184,-2.456398919184466,4.171038824763906,0.0182966926696828,0.1759678229824142,1.0954401911352325,0.975869453564513,0.1762780155688072,0.0251825736526947,0.023419793502895914,0
2025-09-07 21:00:00+00:00,3.987,4.048,3.973,3.992,207.67,0.0052744063001031,0.528834046839588,0.3771687201408191,4.7219307450157455,0.3950455238264362,1.3833992091444185,0.6046688954344122,0.9778054093919956,1.878757514559434,1.402805610871042,0.018036072144288484,0
2025-09-07 22:00:00+00:00,3.992,3.992,3.992,3.992,0.0,0.0,0.0,0.4276729559748338,4.7219307450157455,0.0,0.0,0.6031348418939326,0.9778054093919956,0.0,0.0,0.009519038076152286,0
2025-09-07 23:00:00+00:00,4.023,4.05,4.013,4.05,49.69,0.0144245226692302,1.4529058116232507,2.3244062657908016,6.2434417628541405,0.0941532398136246,0.0,0.7571272045983989,1.0092991393756907,0.913580246688003,0.0,-0.004938271604938205,0
2025-09-08 00:00:00+00:00,4.05,4.05,4.05,4.05,0.0,0.0,0.0,2.3244062657908016,5.606258148631027,0.0,0.0,0.7571272045983989,1.0077182549951575,0.0,0.0,-0.007654320987654284,0
2025-09-08 01:00:00+00:00,4.004,4.004,3.964,3.981,704.33,-0.0171838371002676,-1.7037037037037073,-0.4003002251688814,3.4294621979734874,1.2702341197417375,0.5744255742821037,1.0687183103959526,1.0823178175253494,1.004772669930969,0.0,0.0032655111780961477,0
2025-09-08 02:00:00+00:00,4.015,4.1,4.015,4.064,273.0,0.0206346662580005,2.084903290630491,2.3419793502895914,5.585866458820465,0.4824486477880717,0.8780487802736368,1.3173013132140243,1.1504843316377626,2.0915354325562157,0.885826771435564,-0.011072834645669327,0
2025-09-08 03:00:00+00:00,4.064,4.064,4.064,4.064,0.0,0.0,0.0,1.8036072144288484,5.585866458820465,0.0,0.0,1.3235451354699783,1.1504843316377626,0.0,0.0,-0.009596456692913313,0
2025-09-08 04:00:00+00:00,4.031,4.031,4.03,4.03,35.73,-0.0084013343175891,-0.836614173228345,0.9519038076152286,4.702520135100019,0.06297676707207,0.0248077400087166,1.4033983613528895,1.170285772814869,0.0248138957754666,0.0,0.0029776674937964653,0
2025-09-08 05:00:00+00:00,4.03,4.03,4.03,4.03,0.67,0.0,0.0,-0.4938271604938204,4.702520135100019,0.0011808664387162,0.0,1.2550470459924683,1.170285772814869,0.0,0.0,0.0029776674937964653,0
2025-09-08 06:00:00+00:00,4.019,4.019,4.019,4.019,19.83,-0.0027332604915275,-0.2729528535980186,-0.7654320987654284,4.525357607282188,0.0349015515466818,0.0,1.2564129877290766,1.172652768452495,0.0,0.0,-0.0032346354814630773,0
2025-09-08 07:00:00+00:00,4.004,4.004,3.994,3.994,16.01,-0.0062398804734405,-0.6220452848967328,0.3265511178096147,3.551983406792836,0.0281480689225748,0.2497502496878581,1.0401992279683203,1.1837394363766185,0.2503755632823131,0.0,0.00425638457686528,0
2025-09-08 08:00:00+00:00,4.019,4.019,4.019,4.019,4.72,0.0062398804734404,0.6259389083625333,-1.1072834645669327,4.606975533576274,0.008298056095372,0.0,0.520119500914088,1.1818993231694412,0.0,0.0,0.004976362279173863,0
2025-09-08 09:00:00+00:00,4.025,4.025,4.025,4.025,79.7,0.0014917954034627,0.1492908683752292,-0.9596456692913312,4.491173416407079,0.139637459456492,0.0,0.5341414382082845,1.181821079800345,0.0,0.0,0.010931677018633401,0
2025-09-08 10:00:00+00:00,4.042,4.042,4.042,4.042,7.22,0.0042147081109024,0.4223602484471955,0.2977667493796465,4.9597507141002195,0.0126467443464204,0.0,0.4557604309297118,1.1819096379939642,0.0,0.0,0.008906481939634059,0
2025-09-08 11:00:00+00:00,4.042,4.042,4.042,4.042,0.0,0.0,0.0,0.2977667493796465,4.769310523587333,0.0,0.0,0.4557604309297118,1.182624974135263,0.0,0.0,0.003216229589312114,0
2025-09-08 12:00:00+00:00,4.01,4.064,4.003,4.006,9.58,-0.0089463817378026,-0.8906481939633726,-0.3234635481463077,1.1105502271580026,0.0436354526663806,1.427165353979532,0.5935481654360538,1.078369014494052,1.5227159257307232,1.3479780326140909,0.011732401397902992,0
2025-09-08 13:00:00+00:00,4.064,4.064,3.996,4.011,1.75,0.0012473495442893,0.1248127808287646,0.4256384576865279,-1.5222194942303036,0.0166170134477538,1.3041338579468158,0.5244278542985772,0.9108028496379218,1.6953378205696006,0.0,0.010471204188481575,0
2025-09-08 14:00:00+00:00,4.06,4.064,4.009,4.039,12.92,0.0069565497933599,0.698080279232105,0.4976362279173862,-0.7860476541390327,0.1647031327993619,0.6151574801636018,0.5401287115008795,0.9239220654277428,1.3617231984744365,0.099034414434516,-0.008665511265164683,0
2025-09-08 15:00:00+00:00,4.066,4.069,4.024,4.069,76.18,0.0074001324382771,0.7427581084426871,1.09316770186334,2.3133014835303056,0.9764580217776988,0.0,0.6046678008995066,0.794871142719953,1.1059228308906537,0.0,-0.008601622020152355,0
2025-09-08 16:00:00+00:00,4.072,4.079,4.072,4.078,81.71,0.0022094031327106,0.2211845662325018,0.8906481939634059,2.591194968553467,1.0106473989505884,0.0245158126931671,0.5941826808248386,0.7946393440698583,0.1716527709240594,0.0245218244177103,-0.0014713094654242864,0
2025-09-08 17:00:00+00:00,4.033,4.055,4.033,4.055,11.12,-0.0056559845848872,-0.5640019617459635,0.3216229589312114,2.4507326932794227,0.1534957553985298,0.0,0.6631776571412873,0.7991306860887673,0.5425400738489261,0.0,-0.001479654747225445,0
2025-09-08 18:00:00+00:00,4.072,4.072,4.053,4.053,19.76,-0.0004933399212046,-0.0493218249075111,1.1732401397902992,2.4002021222839787,0.2705644747164539,0.4666011786673407,0.4881622453144408,0.7994648468631161,0.4687885515744446,0.0,0.006168270416975208,0
2025-09-08 19:00:00+00:00,4.053,4.053,4.053,4.053,0.0,0.0,0.0,1.0471204188481575,1.401050788091074,0.0,0.0,0.4943394288145705,0.7771920527641443,0.0,0.0,0.005921539600296066,0
2025-09-08 20:00:00+00:00,4.019,4.019,4.004,4.004,186.3,-0.0121634861931974,-1.2089810017271274,-0.8665511265164683,0.8310249307479145,2.486915217249281,0.3732271708451927,0.6740962318860662,0.8075285133098374,0.3746253745318261,0.0,0.006243756243756282,0
2025-09-08 21:00:00+00:00,4.039,4.039,4.034,4.034,20.35,0.007464578079046,0.7492507492507627,-0.8601622020152355,1.0521042084168375,0.3032466766379117,0.1237930180431285,0.6757915377141153,0.8145485580505594,0.1239464551006551,0.0,-0.0012394645513138514,0
2025-09-08 22:00:00+00:00,4.07,4.072,4.063,4.072,281.01,0.0093758397162016,0.9419930589985136,-0.1471309465424286,2.004008016032066,3.565400353098692,0.0,0.8042995898037099,0.8346026806858229,0.2210216109476946,0.0,-0.01055992141453832,0
2025-09-08 23:00:00+00:00,4.049,4.049,4.049,4.049,12.11,-0.0056643421981975,-0.5648330058939055,-0.1479654747225445,-0.0246913580246754,0.1567637540432779,0.0,0.8044120989325625,0.7919462486020918,0.0,0.0,-0.004939491232403226,0
2025-09-09 00:00:00+00:00,4.072,4.079,4.072,4.078,49.78,0.0071367351022393,0.7162262286984467,0.6168270416975208,0.6913580246913797,0.6275515027917814,0.0245158126931671,0.8582448226449872,0.805273117097368,0.1716527709240594,0.0245218244177103,0.009563511525257473,0
2025-09-09 01:00:00+00:00,4.08,4.093,4.077,4.077,236.08,-0.0002452483151471,-0.0245218244237399,0.5921539600296066,2.4114544084400835,3.9469185596297303,0.390911311900584,0.8588887167769005,0.7146190261231242,0.3924454254617503,0.3188619081876694,0.012263919548687774,0
2025-09-09 02:00:00+00:00,4.038,4.04,4.029,4.029,219.8,-0.0118432176279061,-1.1773362766740236,0.6243756243756282,-0.8612204724409489,3.816165459700944,0.2722772276553798,0.8491277045499999,0.6288629847040282,0.2730206005775605,0.049640109195914,0.030280466617026436,0
2025-09-09 03:00:00+00:00,4.029,4.029,4.029,4.029,0.0,0.0,0.0,-0.1239464551313851,-0.8612204724409489,0.0,0.0,0.7886567291843958,0.6288629847040282,0.0,0.0,0.028294862248696928,0
2025-09-09 04:00:00+00:00,4.029,4.029,4.029,4.029,0.0,0.0,0.0,-1.055992141453832,-0.0248138957816501,0.0,0.0,0.6396189644586462,0.6050907820214679,0.0,0.0,0.028294862248696928,0
2025-09-09 05:00:00+00:00,4.029,4.029,4.029,4.029,0.0,0.0,0.0,-0.4939491232403226,-0.0248138957816501,0.0,0.0,0.6118305844773054,0.6050907820214679,0.0,0.0,0.028294862248696928,0
2025-09-09 06:00:00+00:00,4.093,4.117,4.088,4.117,214.86,0.0216065365785574,2.1841648051625695,0.9563511525257472,2.4384175167952105,3.3463814764300697,0.0,1.08817776917943,0.7452168744869626,0.7043964049782839,0.0,0.006315278115132328,0
2025-09-09 07:00:00+00:00,4.121,4.174,4.115,4.127,1439.05,0.002426007982677,0.2428953121204724,1.2263919548687774,3.329994992488716,11.652226720553417,1.1260182076842455,1.0846441440274972,0.7294200285707191,1.4296098857694224,1.1388417734095513,0.008723043372910189,0
2025-09-09 08:00:00+00:00,4.145,4.25,4.137,4.151,780.5,0.0057985183004569,0.5815362248606792,3.0280466617026436,3.284399104254776,5.008850787982122,2.3294117641577903,0.8462096275631178,0.728192117033955,2.7222356052223096,2.3849674771416653,-0.01951337027222344,0
2025-09-09 09:00:00+00:00,4.144,4.144,4.143,4.143,30.51,-0.0019291059756369,-0.192724644663933,2.829486224869693,2.9316770186335273,0.1984073007284033,0.024131274125459,0.8721456327013093,0.7312370599461544,0.0241370987149158,0.0,-0.020999275887038316,0
2025-09-09 10:00:00+00:00,4.143,4.143,4.143,4.143,0.0,0.0,0.0,2.829486224869693,2.498762988619485,0.0,0.0,0.8721456327013093,0.7287488981898063,0.0,0.0,-0.023654356746319105,0
2025-09-09 11:00:00+00:00,4.143,4.143,4.143,4.143,58.91,0.0,0.0,2.829486224869693,2.498762988619485,0.377801767903773,0.0,0.8721456327013093,0.7287488981898063,0.0,0.0,-0.01906830798937964,0
2025-09-09 12:00:00+00:00,4.143,4.143,4.143,4.143,188.28,0.0,0.0,0.6315278115132328,3.41987019470793,1.1524465822249386,0.0,0.2706451290403899,0.6977291168522571,0.0,0.0,-0.01786145305334297,0
2025-09-09 13:00:00+00:00,4.143,4.163,4.126,4.163,994.62,0.0048158051175737,0.482741974414691,0.8723043372910189,3.789578658688608,4.857877224555776,0.0,0.3097227026642134,0.7011808222065621,0.8887821280593826,0.0,-0.022579870285851622,0
2025-09-09 14:00:00+00:00,4.169,4.169,4.07,4.07,112.66,-0.0225929687583347,-2.2339658899831805,-1.951337027222344,0.7675167120574589,0.5393021766811916,2.374670184126952,0.9722477281143416,0.8464925047277081,2.4324324318347657,0.0,0.012530712530712584,0
2025-09-09 15:00:00+00:00,4.069,4.069,4.056,4.056,299.48,-0.0034457331656216,-0.3439803439803546,-2.0999275887038316,-0.3194888178913668,1.372478703957322,0.3194888178128535,0.9699883866849228,0.8359280808551639,0.3205128204337962,0.0,0.017011834319526686,0
2025-09-09 16:00:00+00:00,4.039,4.045,4.038,4.045,153.63,-0.002715715778427,-0.2712031558185446,-2.3654356746319105,-0.8092202059833298,0.6945285289892331,0.0,0.9564234174629982,0.8359721816700815,0.1730531519967649,0.0,0.02002472187886295,0
2025-09-09 17:00:00+00:00,4.048,4.064,4.048,4.064,149.85,0.0046861597657258,0.4697156983930917,-1.906830798937964,0.2219482120838556,0.66018790132503,0.0,1.0129820751044596,0.8340236909285582,0.3937007873046999,0.0,0.01845472440944884,0
2025-09-09 18:00:00+00:00,4.068,4.069,4.068,4.069,2.85,0.001229558743372,0.1230314960629863,-1.7861453053342968,0.3947693066864044,0.0125952237585137,0.0,1.021975402567001,0.8342390774816388,0.0245760629086894,0.0,-0.002949127549766395,0
2025-09-09 19:00:00+00:00,4.069,4.069,4.069,4.069,0.0,0.0,0.0,-2.257987028585162,0.3947693066864044,0.0,0.0,0.9656375832916811,0.8342390774816388,0.0,0.0,0.019415089702629507,0
2025-09-09 20:00:00+00:00,4.095,4.121,4.085,4.121,764.12,0.0126985833371275,1.2779552715655118,1.2530712530712584,2.922077922077948,3.052181511026428,0.0,0.5968727253956339,0.8288498482651464,0.8735743749396926,0.0,0.0033972336811451953,0
2025-09-09 21:00:00+00:00,4.129,4.13,4.11,4.125,35.43,0.0009701674299639,0.0970638194612849,1.7011834319526686,2.255825483391183,0.1411663924636569,0.1210653752733472,0.5396599974550651,0.8180393672908227,0.4848484847309354,0.0242424242365553,0.003878787878787815,0
2025-09-09 22:00:00+00:00,4.126,4.126,4.126,4.126,1.21,0.0002423948624159,0.0242424242424377,2.002472187886295,1.3261296660117994,0.0050559479641067,0.0,0.4903233287120943,0.7980379877025401,0.0,0.0,-0.011875908870576879,0
2025-09-09 23:00:00+00:00,4.139,4.139,4.139,4.139,24.17,0.0031457981175353,0.3150751333010237,1.845472440944884,2.222771054581374,0.1007819951731354,0.0,0.4856524762128361,0.7884198973771918,0.0,0.0,-0.015704276395264616,0
2025-09-10 00:00:00+00:00,4.134,4.134,4.051,4.057,813.96,-0.020010428542285,-1.981154868325674,-0.2949127549766395,-0.5149583128984725,2.996185565259976,1.862602805548474,1.0687501576305796,0.8842105589832943,2.0458466842381493,0.0,0.010598964752279727,0
2025-09-10 01:00:00+00:00,4.147,4.148,4.147,4.148,27.32,0.0221825061429706,2.2430367266452977,1.9415089702629509,1.7414765759136586,0.1038913298713727,0.0,1.4163368221634391,0.9954023385541192,0.0241080038514553,0.0,-0.011571841851494735,0
2025-09-10 02:00:00+00:00,4.13,4.135,4.13,4.135,5.3,-0.0031389618916262,-0.31340405014465,0.3397233681145195,2.63092578803672,0.0208637117395282,0.0,1.350046605503745,0.9629688392994116,0.1209189842512866,0.0,-0.008948004836759393,0
2025-09-10 03:00:00+00:00,4.143,4.143,4.123,4.141,25.77,0.0014499760877755,0.1451027811366412,0.3878787878787815,2.779846115661466,0.1010178881756372,0.0482741974298102,1.3504764604164587,0.9627152750967772,0.4829751266643279,0.0,-0.01424776624003865,0
2025-09-10 04:00:00+00:00,4.122,4.122,4.077,4.077,9.74,-0.0155758807263138,-1.545520405699108,-1.187590887057688,1.1913626209977712,0.0381199630801055,1.0917030565037094,1.5054248677771327,1.0214603187572664,1.10375275911117,0.0,0.004415011037527616,0
2025-09-10 05:00:00+00:00,4.091,4.091,4.074,4.074,54.06,-0.0007361060325023,-0.0735835172921306,-1.5704276395264616,1.1169024571854091,0.2097286252796456,0.4155463210912951,1.4871632514149666,1.02172541278752,0.417280314085114,0.0,0.005154639175257714,0
2025-09-10 06:00:00+00:00,4.1,4.1,4.1,4.1,7.79,0.006361655905648,0.6381934216985741,1.0598964752279727,-0.4129220306048231,0.0312683448146577,0.0,1.240252551264455,0.927614443132314,0.0,0.0,0.013902439024390256,0
2025-09-10 07:00:00+00:00,4.1,4.1,4.1,4.1,0.0,0.0,0.0,-1.1571841851494735,-0.6542282529682586,0.0,0.0,0.7389142603285617,0.9259801881862124,0.0,0.0,0.019024390243902456,0
2025-09-10 08:00:00+00:00,4.098,4.098,4.098,4.098,7.49,-0.0004879238935541,-0.048780487804878,-0.8948004836759393,-1.2768007708985785,0.0477177707282308,0.0,0.7382360325250793,0.9169041623729056,0.0,0.0,0.015617374328940947,0
2025-09-10 09:00:00+00:00,4.082,4.082,4.082,4.082,22.08,-0.0039119854290549,-0.3904343582235237,-1.424776624003865,-1.472363021964762,0.1409841648211668,0.0,0.7277921579122251,0.9191052936507969,0.0,0.0,0.019598236158745674,0
2025-09-10 10:00:00+00:00,4.095,4.095,4.095,4.095,24.42,0.0031796529173795,0.3184713375796066,0.4415011037527616,-1.1585807385952274,0.1549189297769265,0.0,0.3561740452678967,0.9223209666397156,0.0,0.0,0.013431013431013605,0
2025-09-10 11:00:00+00:00,4.095,4.095,4.095,4.095,0.0,0.0,0.0,0.5154639175257714,-1.1585807385952274,0.0,0.0,0.3513314487946943,0.9223209666397156,0.0,0.0,0.013431013431013605,0
2025-09-10 12:00:00+00:00,4.14,4.157,4.14,4.157,33.69,0.0150269429654678,1.5140415140415309,1.3902439024390256,0.3379193820902681,0.2265102363248291,0.0,0.6628576644449172,0.9752475713988688,0.4089487610274443,0.0,-0.0016839066634591893,0
2025-09-10 13:00:00+00:00,4.169,4.207,4.169,4.178,1030.25,0.0050390028638736,0.5051719990377679,1.9024390243902456,0.3603170790295484,6.858293553557816,0.6893273114596302,0.6597865142138661,0.9757233097407472,0.9095260888201292,0.6941120151521971,-0.006701771182383798,0
2025-09-10 14:00:00+00:00,4.191,4.191,4.162,4.162,263.97,-0.0038369351629313,-0.3829583532790837,1.5617374328940947,2.2604422604422414,1.6864488444168697,0.6919589595103872,0.7089597354260059,0.8530464768627711,0.6967803938739094,0.0,0.0031234983181163134,0
2025-09-10 15:00:00+00:00,4.162,4.162,4.162,4.162,0.0,0.0,0.0,1.9598236158745672,2.613412228796852,0.0,0.0,0.6530698663761827,0.8482454579103129,0.0,0.0,0.009370494954348718,0
2025-09-10 16:00:00+00:00,4.149,4.152,4.149,4.15,87.66,-0.0028873937288355,-0.2883229216722571,1.3431013431013603,2.595797280593337,0.6203949715832509,0.0481695568284702,0.6994186466696171,0.8485861921524736,0.0722891566090896,0.0481927710727193,0.017108433734939643,0
2025-09-10 17:00:00+00:00,4.15,4.15,4.15,4.15,0.0,0.0,0.0,1.3431013431013603,2.116141732283472,0.0,0.0,0.6994186466696171,0.845283361718393,0.0,0.0,0.013734939759036058,0
2025-09-10 18:00:00+00:00,4.15,4.15,4.15,4.15,0.0,0.0,0.0,-0.1683906663459189,1.9906610960924056,0.0,0.0,0.3097653193906752,0.84543015771838,0.0,0.0,0.02048192771084345,0
2025-09-10 19:00:00+00:00,4.179,4.19,4.15,4.15,74.01,0.0,0.0,-0.6701771182383798,1.9906610960924056,0.536233109124129,0.9546539377196538,0.1761988317162386,0.84543015771838,0.9638554214544934,0.2650602408999883,0.008192771084337247,0
2025-09-10 20:00:00+00:00,4.174,4.193,4.174,4.175,174.22,0.0060060240602117,0.6024096385542022,0.3123498318116313,1.31036156272748,1.535801126875321,0.4292869066469574,0.2925350977228727,0.8150420402618914,0.4550898202502597,0.4311377244476267,0.012934131736527021,0
2025-09-10 21:00:00+00:00,4.176,4.207,4.175,4.201,200.47,0.0062082338844261,0.6227544910179628,0.9370494954348718,1.8424242424242232,1.6661979927690345,0.1426194437502741,0.3700084760404742,0.823209568035124,0.76172339900935,0.1428231373142584,0.01094977386336593,0
2025-09-10 22:00:00+00:00,4.207,4.221,4.207,4.221,986.66,0.0047494746131167,0.4760771244941786,1.7108433734939643,2.3024721279689686,6.114034747950121,0.0,0.3137216336001817,0.8271074649876838,0.3316749584620583,0.0,0.004975124378109541,0
2025-09-10 23:00:00+00:00,4.215,4.219,4.15,4.207,660.86,-0.0033222621919779,-0.3316749585406398,1.3734939759036058,1.6429089151968943,3.5169899683163446,0.284427589408774,0.3929235952660682,0.8301685238950869,1.6401236031280897,0.0950796291668564,0.00404088424055149,0
2025-09-11 00:00:00+00:00,4.207,4.235,4.207,4.235,142.28,0.006633523495634,0.6655574043261447,2.048192771084345,4.387478432339176,0.8897041198055896,0.0,0.4091466715874779,0.7110736274103476,0.6611570246372821,0.0,-0.0021251475796930652,0
2025-09-11 01:00:00+00:00,4.24,4.243,4.184,4.184,279.5,-0.012115601341396,-1.2042502951593923,0.8192771084337247,0.8678881388621162,1.6400095838269424,1.3905255712018596,0.7588213363675115,0.6225393598841951,1.4101338428752108,0.0717017208241657,0.012906309751434142,0
2025-09-11 02:00:00+00:00,4.237,4.251,4.229,4.229,148.73,0.0106978317277296,1.075525812619493,1.293413173652702,2.2732769044740087,0.8431306319558215,0.5175252880457536,0.8364766331849368,0.652095648750733,0.5202175453960289,0.3310475288883839,0.0004729250413808561,0
2025-09-11 03:00:00+00:00,4.212,4.247,4.212,4.247,352.09,0.0042472928407824,0.4256325372428371,1.094977386336593,2.5597681719391474,1.8531174547103424,0.0,0.82110069352099,0.6555439897033454,0.8241111370793274,0.0,-0.01083117494702146,0
2025-09-11 04:00:00+00:00,4.247,4.247,4.242,4.242,27.78,-0.0011779951886433,-0.1177301624676219,0.4975124378109541,4.047093451066952,0.145635330634163,0.1177301624399009,0.8143644749642959,0.5549042881031908,0.1178689297223292,0.0,-0.004479019330504541,0
2025-09-11 05:00:00+00:00,4.226,4.226,4.224,4.224,15.98,-0.0042523097385302,-0.4243281471004168,0.404088424055149,3.6818851251841034,0.0844770734346063,0.0473260766570402,0.8246621607577852,0.5660170876483614,0.0473484848372702,0.0,-0.005918560606060663,0
2025-09-11 06:00:00+00:00,4.216,4.226,4.216,4.226,547.16,0.0004733727899046,0.0473484848484861,-0.2125147579693065,3.07317073170732,2.5853641249656345,0.0,0.7722829496288789,0.5567428741908266,0.236630383285222,0.0,-0.017747278750591566,0
2025-09-11 07:00:00+00:00,4.238,4.238,4.238,4.238,17.68,0.0028355406522424,0.2839564600094713,1.2906309751434142,3.3658536585366106,0.0832492966419334,0.0,0.5153819201647964,0.5569587139757814,0.0,0.0,-0.015337423312883569,0
2025-09-11 08:00:00+00:00,4.231,4.231,4.231,4.231,1.46,-0.001653088108177,-0.1651722510618403,0.0472925041380856,3.2454856027330337,0.0068828018345956,0.0,0.3113490690736666,0.5591606020105323,0.0,0.0,-0.013708343181281002,0
2025-09-11 09:00:00+00:00,4.187,4.201,4.186,4.201,29.78,-0.0071157795506854,-0.7090522335145399,-1.083117494702146,2.9152376286134096,0.1401782824858806,0.0,0.3502425204610316,0.5757979687594901,0.3570578432856249,0.0,-0.006665079742918301,0
2025-09-11 10:00:00+00:00,4.199,4.223,4.199,4.223,214.72,0.0052231837645614,0.5236848369435831,-0.4479019330504541,3.125763125763137,0.9743484056337484,0.0,0.4552725295625419,0.58034980168045,0.5683163626407023,0.0,-0.01136632725550557,0
2025-09-11 11:00:00+00:00,4.223,4.223,4.199,4.199,139.2,-0.0056993742497503,-0.5683163627752785,-0.5918560606060663,2.539682539682553,0.615458305313086,0.5683163626407023,0.4806723166278591,0.5972405437127604,0.571564658115846,0.0,-0.005715646582519662,0
2025-09-11 12:00:00+00:00,4.233,4.233,4.148,4.151,118.08,-0.0114971326311545,-1.1431293165039325,-1.7747278750591566,-0.1443348568679336,0.5140860655864014,1.9371604058735707,0.63232037893611,0.5721422256756094,2.0476993490610207,0.0,0.011322572874006509,0
2025-09-11 13:00:00+00:00,4.156,4.173,4.151,4.173,89.65,0.0052859325385139,0.529992772825838,-1.533742331288357,-0.1196744853997122,0.4706098505205022,0.0,0.6832871862957395,0.5731204384346054,0.5271986579134497,0.0,0.016055595494847807,0
2025-09-11 14:00:00+00:00,4.173,4.173,4.173,4.173,0.0,0.0,0.0,-1.3708343181281002,0.2642960115329273,0.0,0.0,0.6910418096830441,0.5674203930960533,0.0,0.0,0.012700694943685642,0
2025-09-11 15:00:00+00:00,4.173,4.173,4.173,4.173,0.0,0.0,0.0,-0.6665079742918301,0.2642960115329273,0.0,0.0,0.651822253215965,0.5674203930960533,0.0,0.0,0.012700694943685642,0
2025-09-11 16:00:00+00:00,4.175,4.175,4.175,4.175,1.19,0.0004791566934031,0.0479271507308753,-1.136632725550557,0.6024096385542022,0.0067653677602363,0.0,0.5849069121459102,0.5638383190296415,0.0,0.0,0.0016766467065869595,0
2025-09-11 17:00:00+00:00,4.175,4.175,4.175,4.175,9.7,0.0,0.0,-0.5715646582519662,0.6024096385542022,0.0550198525237945,0.0,0.5565584948385139,0.5638383190296415,0.0,0.0,0.01628742514970072,0
2025-09-11 18:00:00+00:00,4.189,4.208,4.189,4.198,78.11,0.0054938630956224,0.55089820359282,1.132257287400651,1.1566265060241054,0.435020919820008,0.2376425854948517,0.2728584653858563,0.5738416050751161,0.4525964744038628,0.2382086707388684,0.017389232968079815,0
2025-09-11 19:00:00+00:00,4.198,4.24,4.198,4.24,213.54,0.009955047845425,1.000476417341578,1.6055595494847807,2.168674698795181,1.1519766950423822,0.0,0.4176869897272486,0.6053422165601828,0.9905660375022206,0.0,0.005660377358490676,0
2025-09-11 20:00:00+00:00,4.21,4.226,4.209,4.226,62.75,-0.0033073500500015,-0.3301886792452912,1.2700694943685642,1.2215568862275594,0.3472150173934126,0.0,0.4772977674725751,0.6009824425368118,0.4022716515848942,0.0,0.007098911500236671,0
2025-09-11 21:00:00+00:00,4.226,4.226,4.226,4.226,0.0,0.0,0.0,1.2700694943685642,0.5950964056177233,0.0,0.0,0.4772977674725751,0.5886045178986148,0.0,0.0,-0.0023663038334121866,0
2025-09-11 22:00:00+00:00,4.243,4.25,4.182,4.182,333.69,-0.0104663181874229,-1.0411736867013577,0.1676646706586959,-0.9239516702203244,2.2987143828793424,1.5999999996235204,0.7061163507323189,0.6191544454198481,1.626016259773779,0.1673840267414116,0.010282161645145615,0
2025-09-11 23:00:00+00:00,4.251,4.256,4.211,4.243,166.12,0.014480965213746,1.458632233381163,1.6287425149700718,0.8557166627050306,1.333766003488566,0.305451127747777,0.9120991187533112,0.6855451918737605,1.060570350916668,0.1178411501018496,-0.004242281404666648,0
2025-09-12 00:00:00+00:00,4.249,4.276,4.176,4.271,2049.11,0.0065774256391414,0.659910440725886,1.7389232968079815,0.8500590318772039,10.044615830768445,0.1169317118529133,0.9197948600941424,0.6853227355299923,2.3413720434695837,0.1170686021734771,-0.003512058066026613,0
2025-09-12 01:00:00+00:00,4.278,4.278,4.249,4.264,336.91,-0.0016403049957859,-0.1638960430812353,0.5660377358490676,1.9120458891013437,1.632371911980349,0.3272557268987094,0.8611898216019873,0.6338893638879306,0.6801125701969697,0.0,-0.00844277673545979,0
2025-09-12 02:00:00+00:00,4.256,4.256,4.256,4.256,2.35,-0.0018779348242002,-0.1876172607879977,0.7098911500236671,0.6384488058642779,0.0117327674976791,0.0,0.8489783104289401,0.5994629244450425,0.0,0.0,-0.009633458646616577,0
2025-09-12 03:00:00+00:00,4.216,4.216,4.213,4.216,359.1,-0.009442940800282,-0.9398496240601516,-0.2366303833412186,-0.7299270072992581,1.7902560416689928,0.0,0.9559870534525,0.6245343680184836,0.0711574952392917,0.0,-0.002846299810246755,0
2025-09-12 04:00:00+00:00,4.216,4.225,4.216,4.225,34.64,0.0021324495700758,0.2134724857684844,1.0282161645145615,-0.4007543611504127,0.172448412335376,0.0,0.8190892545057246,0.6261765919690854,0.2130177514288586,0.0,-0.009940828402366875,0
2025-09-12 05:00:00+00:00,4.225,4.225,4.225,4.225,473.37,0.0,0.0,-0.4242281404666648,0.0236742424242208,2.1523707398671807,0.0,0.5294978254254186,0.620101951068565,0.0,0.0,-0.011834319526627168,0
2025-09-12 06:00:00+00:00,4.26,4.26,4.256,4.256,8.69,0.0073104912302062,0.7337278106509082,-0.3512058066026613,0.7098911500236671,0.0440014852819808,0.0938967135929716,0.5501163366624554,0.6377771726036224,0.0939849623839217,0.0,-0.021851503759398483,0
2025-09-12 07:00:00+00:00,4.256,4.256,4.228,4.228,754.5,-0.0066006840313521,-0.6578947368421129,-0.8442776735459789,-0.2359603586597591,3.3063947734423245,0.6578947366875357,0.6037785357058358,0.6503940360547187,0.6622516554725155,0.0,-0.012298959318826741,0
2025-09-12 08:00:00+00:00,4.225,4.225,4.215,4.215,7.5,-0.0030794765541724,-0.3074739829706741,-0.9633458646616576,-0.3781611912077487,0.0328305396974505,0.2366863904765188,0.6076090434744909,0.6525246684539665,0.2372479240243726,0.0,0.0092526690391459,0
2025-09-12 09:00:00+00:00,4.205,4.213,4.204,4.204,244.0,-0.0026131384391141,-0.2609727164887387,-0.2846299810246755,0.0714115686741179,1.0279238606080705,0.2136244955581318,0.4827364309698092,0.6379602272030781,0.2140818267806737,0.1902949571383695,0.0,0
2025-09-12 10:00:00+00:00,4.183,4.184,4.183,4.183,137.11,-0.0050077605546433,-0.4995242626070428,-0.9940828402366876,-0.9471939379588012,0.5855950285686224,0.0239005736080623,0.4934904318722443,0.6359271818890635,0.0239062873478668,0.0239062873478668,0.019842218503466347,0
2025-09-12 11:00:00+00:00,4.203,4.203,4.175,4.175,624.18,-0.0019143341572425,-0.1912502988285935,-1.1834319526627168,-0.5715646582519662,2.4540642728214253,0.6661908159252572,0.4867138868282836,0.6268327992229857,0.670658682474105,0.0,0.022514970059880346,0
2025-09-12 12:00:00+00:00,4.173,4.173,4.163,4.163,27.36,-0.0028783900899803,-0.2874251497005931,-2.1851503759398483,0.2890869669959217,0.109193041736835,0.2396357535970148,0.1763648941882899,0.5826615836057152,0.2402113859619906,0.0,0.025462406918087988,0
2025-09-12 13:00:00+00:00,4.193,4.193,4.176,4.176,23.63,0.0031178823674992,0.3122748018256072,-1.229895931882674,0.0718907260963463,0.0953535489399351,0.4054376340554516,0.2739926822329778,0.5759465542189434,0.4070881225078682,0.0,0.027538314176245304,0
2025-09-12 14:00:00+00:00,4.238,4.254,4.234,4.254,202.41,0.0185058661977077,1.867816091954011,0.92526690391459,1.9410496046009973,0.7898978204705462,0.0,0.8739639609129568,0.6884237035996007,0.4701457450704776,0.0,0.0035260930888576514,0
2025-09-12 15:00:00+00:00,4.219,4.219,4.204,4.204,13.48,-0.0118232637633407,-1.1753643629525137,0.0,0.7428708363287795,0.0524901678281511,0.3555344867609675,1.028596432767366,0.735124635086608,0.3568030446344561,0.0,0.015461465271170427,0
2025-09-12 16:00:00+00:00,4.212,4.266,4.202,4.266,368.84,0.0146401670344542,1.4747859181731826,1.984221850346635,2.1796407185628697,1.35538784490299,0.0,1.1436100378630398,0.7912439668190807,1.5002344112751456,0.0,0.011017346460384436,0
2025-09-12 17:00:00+00:00,4.269,4.269,4.269,4.269,4.68,0.0007029877266662,0.0703234880450098,2.2514970059880346,2.2514970059880346,0.0172109707679486,0.0,1.1246938219539375,0.7910270065940823,0.0,0.0,0.014054813773717312,0
2025-09-12 18:00:00+00:00,4.261,4.285,4.236,4.269,297.98,0.0,0.0,2.5462406918087988,1.691281562648883,1.0601220882448636,0.3733955658405148,1.0967583334514042,0.7851662659798929,1.1478097912514005,0.3747950338780056,0.016865776528460996,0
2025-09-12 19:00:00+00:00,4.285,4.291,4.264,4.291,642.94,0.0051401982335627,0.5153431717029866,2.7538314176245304,1.202830188679238,2.150498791687695,0.0,1.095909468070866,0.7664145687883869,0.6292239569729176,0.0,0.009554882311815227,0
2025-09-12 20:00:00+00:00,4.29,4.29,4.255,4.269,39.78,-0.0051401982335626,-0.5127010020974154,0.3526093088857651,1.0175106483672591,0.1334830273037882,0.4895104893963823,0.9004405427856136,0.7712692196020974,0.8198641366081401,0.0,0.014757554462403233,0
2025-09-12 21:00:00+00:00,4.28,4.28,4.267,4.269,9.4,0.0,0.0,1.5461465271170427,1.0175106483672591,0.0315005927304624,0.2570093457343464,0.6759238990161415,0.7712692196020974,0.304520965025877,0.0,0.023893183415319763,0
2025-09-12 22:00:00+00:00,4.27,4.317,4.27,4.313,1293.01,0.010254109889881,1.030686343405951,1.1017346460384436,3.1324725011955934,3.8211914902935793,0.0926569376667565,0.5262595793747006,0.7599778691267439,1.0897287268514564,0.0927428703703459,0.01831671690238834,0
2025-09-12 23:00:00+00:00,4.308,4.339,4.27,4.329,729.57,0.0037028507941373,0.3709714815673504,1.4054813773717312,2.0268677822295356,2.0161896887977493,0.230467849681862,0.5277026134901558,0.7087277366135027,1.5939015935334218,0.2310002309468855,0.01940401940401948,0
2025-09-13 00:00:00+00:00,4.322,4.341,4.322,4.341,186.38,0.002768167857613,0.2772002772002846,1.6865776528460996,1.638960430812464,0.6557086755544734,0.0,0.5152518773641017,0.6995165562459511,0.4376871687542791,0.0,0.02557014512785072,0
2025-09-13 01:00:00+00:00,4.342,4.345,4.331,4.332,37.82,-0.0020754071787124,-0.207325501036637,0.9554882311815228,1.5947467166979257,0.1391566708361941,0.2991944763408045,0.5332499252791963,0.700199387900855,0.3231763618829082,0.0692520775463433,0.033240997229917024,0
2025-09-13 02:00:00+00:00,4.318,4.332,4.318,4.332,10.17,0.0,0.0,1.4757554462403233,1.7857142857142794,0.0373751634626084,0.0,0.4360249669019261,0.6982875130073746,0.3231763618829287,0.0,0.03578024007386893,0
2025-09-13 03:00:00+00:00,4.34,4.371,4.34,4.371,467.18,0.0089624867424333,0.9002770083102574,2.3893183415319763,3.6764705882353033,1.6889534270615674,0.0,0.4862743708840158,0.6825104641428801,0.709219857993786,0.0,0.030199039121482363,0
2025-09-13 04:00:00+00:00,4.375,4.392,4.367,4.392,306.63,0.0047928883260519,0.4804392587508532,1.831671690238834,3.9526627218935184,1.0649016512253535,0.0,0.3848880372910788,0.6857278439404587,0.5692167576117528,0.0,0.03597449908925299,0
2025-09-13 05:00:00+00:00,4.39,4.413,4.385,4.413,1147.7,0.0047700260801807,0.4781420765027411,1.940401940401948,4.4497041420118455,3.631511917024109,0.0,0.3910623313322825,0.6877524540863641,0.6344890096001716,0.0,0.0258327668252889,0
2025-09-13 06:00:00+00:00,4.413,4.496,4.393,4.452,412.12,0.0087987031258881,0.8837525492861875,2.557014512785072,4.6052631578947345,1.238159975060029,0.97864768661508,0.4506132193695019,0.6935699560542011,2.313566935688791,0.9883198560224008,0.03661275831087152,0
2025-09-13 07:00:00+00:00,4.476,4.476,4.476,4.476,3.44,0.0053763570363804,0.5390835579514919,3.3240997229917024,5.865657521286671,0.0114075533588759,0.0,0.3291001649206488,0.6727012177601578,0.0,0.0,0.015638963360143032,0
2025-09-13 08:00:00+00:00,4.499,4.52,4.487,4.487,1035.17,0.0024545365441676,0.2457551385165457,3.578024007386893,6.453143534994066,3.0059455679176303,0.7300884954136857,0.2546340834007427,0.6626004630874883,0.735457989584241,0.4680187206445223,0.023400936037441422,0
2025-09-13 09:00:00+00:00,4.5,4.503,4.5,4.503,16.89,0.0035595143255882,0.3565856919991006,3.0199039121482363,7.112274024738352,0.0504312709708902,0.0,0.2154609381119148,0.6533783576939599,0.0666222518173193,0.0,0.00044414834554729055,0
2025-09-13 10:00:00+00:00,4.522,4.583,4.522,4.55,571.82,0.0103833916434244,1.0437486120364214,3.5974499089252987,8.773607458761656,1.6197757943815372,0.7200523672877992,0.3079053899499984,0.6482821978627269,1.340659340364689,0.7252747251153322,-0.014065934065934038,0
2025-09-13 11:00:00+00:00,4.546,4.546,4.527,4.527,133.36,-0.0050677645090374,-0.505494505494497,2.58327668252889,8.431137724550908,0.4009942669273914,0.4179498459265426,0.5479033939381449,0.662775353593277,0.4197039981401168,0.0,-0.007952286282306265,0
2025-09-13 12:00:00+00:00,4.58,4.63,4.563,4.615,1557.79,0.0192523995009938,1.9438922023415015,3.661275831087152,10.857554648090328,3.930426116373376,0.3239740820034544,0.8200616441499134,0.7232188573883522,1.451787648656171,0.3250270855200305,-0.038353196099675024,0
2025-09-13 13:00:00+00:00,4.582,4.582,4.493,4.546,160.74,-0.015064142524464,-1.495124593716146,1.5638963360143032,8.860153256704972,0.3997968764563652,0.7856831076417014,1.1913360929810617,0.8242558828542628,1.9577650677611496,0.0,-0.018917729872415356,0
2025-09-13 14:00:00+00:00,4.512,4.592,4.511,4.592,374.19,0.0100679335869136,1.0118785745710346,2.340093603744142,7.945463093559013,0.9144167443884024,0.0,1.2295831362143284,0.7741021462263555,1.763937281845822,0.0,-0.0315766550522647,0
2025-09-13 15:00:00+00:00,4.505,4.505,4.505,4.505,1.33,-0.0191277679569639,-1.89459930313588,0.044414834554729,7.159847764034266,0.0032541775708381,0.0,1.5480841489059527,0.8466395682856281,0.0,0.0,-0.012874583795782435,0
2025-09-13 16:00:00+00:00,4.486,4.486,4.47,4.486,72.66,-0.0042264549622847,-0.4217536071032257,-1.4065934065934038,5.157055789967169,0.1833160757925521,0.0,1.4662320840397778,0.8198767297625439,0.3566651804822417,0.0,-0.00044583147570209647,0
2025-09-13 17:00:00+00:00,4.451,4.491,4.425,4.491,67.93,0.0011139580075844,0.1114578689255463,-0.7952286282306265,5.200281096275461,0.1702506265659893,0.0,1.4651263793455465,0.81961618868647,1.4696058780962766,0.0,-0.0008906702293475233,0
2025-09-13 18:00:00+00:00,4.48,4.48,4.438,4.438,7.87,-0.0118715695951988,-1.1801380538855488,-3.8353196099675024,3.958772546263756,0.020340538171302,0.9374999997907524,1.0948010431363056,0.8673517222734033,0.9463722395344072,0.0,0.011041009463722551,0
2025-09-13 19:00:00+00:00,4.458,4.505,4.454,4.46,904.72,0.0049449415215705,0.4957187922487671,-1.8917729872415356,3.9384758797482937,2.2741967411887316,0.9988901218648396,1.0871340187288407,0.8670160390668334,1.1434977575911476,1.0089686096392432,-0.010986547085201859,0
2025-09-13 20:00:00+00:00,4.502,4.502,4.447,4.447,156.57,-0.0029190545034133,-0.2914798206278046,-3.15766550522647,4.169594752869532,0.3888142741540311,1.2216792533936678,0.8801115275512632,0.8606600874010671,1.2367888461351884,0.0,-0.0015740948954350298,0
2025-09-13 21:00:00+00:00,4.447,4.447,4.447,4.447,0.0,0.0,0.0,-1.2874583795782435,4.169594752869532,0.0,0.0,0.5745007891390699,0.8606600874010671,0.0,0.0,-0.010568922869350073,0
2025-09-13 22:00:00+00:00,4.485,4.485,4.484,4.484,99.4,0.0082857936813539,0.8320215875871284,-0.0445831475702096,3.96475770925111,0.2819374929820814,0.0222965440307105,0.6982401126820195,0.8530607248843638,0.022301516498156,0.0,-0.01873327386262258,0
2025-09-13 23:00:00+00:00,4.486,4.487,4.486,4.487,14.28,0.0006688217839328,0.0669045495093723,-0.0890670229347523,3.6498036498036512,0.0442438576015649,0.0,0.6969603382904753,0.8520875515855567,0.0222866057449847,0.0,-0.01938934700245143,0
2025-09-14 00:00:00+00:00,4.487,4.487,4.487,4.487,0.0,0.0,0.0,1.104100946372255,3.363280350149722,0.0,0.0,0.4049192171848417,0.8521608593659222,0.0,0.0,-0.01938934700245143,0
2025-09-14 01:00:00+00:00,4.434,4.434,4.411,4.411,151.52,-0.0170829058710436,-1.6937820369957723,-1.098654708520186,1.8236380424746068,0.4739023233250918,0.5187189895086465,0.8355927398493094,0.9301037439468672,0.5214237133254668,0.0,-0.0024937655860347574,0
2025-09-14 02:00:00+00:00,4.48,4.48,4.44,4.44,6.98,0.0065529553213308,0.6574472908637663,-0.1574094895435029,2.493074792243788,0.0218401129552436,0.8928571426578451,0.8982816735444283,0.9373869894122416,0.900900900697996,0.0,-0.009009009009009028,0
2025-09-14 03:00:00+00:00,4.462,4.494,4.397,4.4,256.25,-0.0090498355199179,-0.9009009009009028,-1.0568922869350073,0.6634637382749942,0.8244675146366727,2.0916777921469216,0.9663875107773892,0.9431710546457238,2.2045454540444105,0.7272727271074386,0.002954545454545432,0
2025-09-14 04:00:00+00:00,4.4,4.4,4.381,4.4,802.93,0.0,0.0,-1.873327386262258,0.1821493624772241,2.4222151273359924,0.0,0.8455881348773832,0.9382516125059271,0.4318181817200441,0.0,0.01750000000000007,0
2025-09-14 05:00:00+00:00,4.4,4.4,4.4,4.4,0.0,0.0,0.0,-1.938934700245143,-0.2945841830953921,0.0,0.0,0.8399663671335676,0.9329125024512293,0.0,0.0,-0.0025000000000000577,0
2025-09-14 06:00:00+00:00,4.4,4.4,4.4,4.4,0.0,0.0,0.0,-1.938934700245143,-1.1680143755615324,0.0,0.0,0.8399663671335676,0.9134128905591202,0.0,0.0,-0.013409090909090926,0
2025-09-14 07:00:00+00:00,4.4,4.4,4.4,4.4,0.0,0.0,0.0,-0.2493765586034757,-1.6979445933869464,0.0,0.0,0.4975975842517279,0.904954886584067,0.0,0.0,-0.020909090909090988,0
2025-09-14 08:00:00+00:00,4.4,4.4,4.4,4.4,0.0,0.0,0.0,-0.9009009009009028,-1.938934700245143,0.0,0.0,0.3694579879985648,0.9026027672228488,0.0,0.0,-0.017727272727272814,0
2025-09-14 09:00:00+00:00,4.413,4.413,4.413,4.413,33.57,0.0029501893631946,0.2954545454545432,0.2954545454545432,-1.9986675549633517,0.1499243567526068,0.0,0.120440976406889,0.9014034560236184,0.0,0.0,-0.01540901880806722,0
2025-09-14 10:00:00+00:00,4.458,4.477,4.458,4.477,150.01,0.0143984489714183,1.4502605937004365,1.750000000000007,-1.604395604395592,0.7270127824524042,0.0,0.5759451502536997,0.9265172492533732,0.4243913333874516,0.0,-0.026356935447844565,0
2025-09-14 11:00:00+00:00,4.411,4.433,4.389,4.389,36.91,-0.0198517685527315,-1.9656019656019708,-0.2500000000000058,-3.048376408217357,0.1824348954301939,0.992555831041598,1.1036914314405626,1.0029902637773596,1.0025062654357375,0.501253132717879,-0.0034176349965825414,0
2025-09-14 12:00:00+00:00,4.374,4.374,4.341,4.341,83.02,-0.0109966743886404,-1.0936431989063575,-1.3409090909090926,-5.9371614301191755,0.5893376872251764,0.7544581616930702,1.1837773368378623,0.9202751847361178,0.7601935036258359,0.0,-0.0018428933425478355,0
2025-09-14 13:00:00+00:00,4.345,4.345,4.308,4.308,83.42,-0.0076309770233144,-0.7601935038009766,-2.090909090909099,-5.235371755389362,0.6060371235834838,0.8515535095853715,1.195702304608435,0.8882810888255621,0.8588672235703633,0.0,0.005803156917363106,0
2025-09-14 14:00:00+00:00,4.308,4.322,4.288,4.322,65.95,0.0032444987905521,0.324976787372333,-1.7727272727272814,-5.879790940766538,0.5284243419692443,0.0,1.2218651666791531,0.8575612946727018,0.7866728364676788,0.0,0.002545118000925495,0
2025-09-14 15:00:00+00:00,4.297,4.345,4.285,4.345,37.14,0.0053075006326609,0.5321610365571328,-1.540901880806722,-3.5516093229744805,0.2940685486907331,0.0,1.2482560216218124,0.7946173810196591,1.3808975831114072,0.0,-0.002761795166858372,0
2025-09-14 16:00:00+00:00,4.35,4.359,4.35,4.359,1002.98,0.0032169145389003,0.3222094361335026,-2.6356935447844565,-2.8310298707088677,6.076441706913923,0.0,1.003382006327222,0.7980591683477087,0.206469373662208,0.0,0.002752924982794225,0
2025-09-14 17:00:00+00:00,4.376,4.376,4.374,4.374,17.35,0.0034352489983203,0.3441156228492614,-0.3417634996582541,-2.605210420841686,0.1064724728762256,0.0457038391120573,0.69000157865881,0.802376173277641,0.0457247370723232,0.0,-0.006630086877000396,0
2025-09-14 18:00:00+00:00,4.333,4.333,4.333,4.333,3.53,-0.0094177794968035,-0.9373571101966016,-0.1842893342547835,-2.3659305993690705,0.0216867654925162,0.0,0.6437470056049499,0.7895140642507723,0.0,0.0,0.002769443803369409,0
2025-09-14 19:00:00+00:00,4.333,4.333,4.333,4.333,0.0,0.0,0.0,0.5803156917363106,-2.8475336322869915,0.0,0.0,0.5365817898221277,0.7797231053929707,0.0,0.0,0.003923378721439885,0
2025-09-14 20:00:00+00:00,4.333,4.333,4.333,4.333,0.0,0.0,0.0,0.2545118000925495,-2.563525972565772,0.0,0.0,0.5252366047765943,0.7792075270504001,0.0,0.0,0.0025386568197554027,0
2025-09-14 21:00:00+00:00,4.333,4.333,4.333,4.333,0.0,0.0,0.0,-0.2761795166858372,-2.563525972565772,0.0,0.0,0.4681223633669882,0.7792075270504001,0.0,0.0,0.009231479344564919,0
2025-09-14 22:00:00+00:00,4.371,4.371,4.371,4.371,5.52,0.008731673123405,0.8769905377336684,0.2752924982794225,-2.520071364852805,0.0481507327281214,0.0,0.5924153796160986,0.7815876951013718,0.0,0.0,-0.0016014641958362885,0
2025-09-14 23:00:00+00:00,4.379,4.379,4.325,4.345,53.08,-0.0059660571638222,-0.594829558453458,-0.6630086877000396,-3.1646980164920957,0.4565759669657085,0.7764329753878849,0.6215389142744786,0.7869098930381673,1.24280782480026,0.0,0.010356731875719172,0
2025-09-15 00:00:00+00:00,4.345,4.345,4.345,4.345,0.0,0.0,0.0,0.2769443803369409,-3.1646980164920957,0.0,0.0,0.4702364972578652,0.7869098930381673,0.0,0.0,0.002991944764096699,0
2025-09-15 01:00:00+00:00,4.358,4.358,4.35,4.35,11.5,0.0011500863832373,0.1150747986190969,0.3923378721439885,-1.3829063704375422,0.1041454413719653,0.183570445116207,0.470325840594163,0.7128418425496982,0.1839080459347339,0.0,-0.024137931034482696,0
2025-09-15 02:00:00+00:00,4.383,4.383,4.341,4.344,110.55,-0.0013802624689582,-0.1379310344827411,0.2538656819755402,-2.1621621621621623,0.9635001506973768,0.8898015056149141,0.477477470803494,0.6965334611618328,0.966850828506706,0.0,-0.046731123388581985,0
2025-09-15 03:00:00+00:00,4.343,4.373,4.343,4.373,174.14,0.0066536897991492,0.6675874769797474,0.923147934456492,-0.6136363636363718,1.5643659230283171,0.0,0.5390028089726058,0.6904842124233707,0.6860278983109985,0.0,-0.04825062885890696,0
2025-09-15 04:00:00+00:00,4.364,4.364,4.364,4.364,458.16,-0.0020602044599592,-0.2058083695403723,-0.1601464195836288,-0.818181818181829,4.725673985588365,0.0,0.416916198142744,0.6914314895304516,0.0,0.0,-0.04628780934922094,0
2025-09-15 05:00:00+00:00,4.388,4.39,4.388,4.39,26.32,0.0059401591162554,0.5957836846929299,1.0356731875719172,-0.2272727272727426,0.2684401759316477,0.0,0.3723862702026195,0.7032410343335678,0.0455580865499817,0.0,-0.04783599088838264,0
2025-09-15 06:00:00+00:00,4.371,4.371,4.358,4.358,589.36,-0.0073159905646519,-0.7289293849658374,0.2991944764096699,-0.9545454545454746,4.806998107019049,0.2974147791586968,0.5273813759727782,0.7185028735128776,0.2983019733138543,0.0,-0.049105094079853084,0
2025-09-15 07:00:00+00:00,4.302,4.302,4.245,4.245,198.42,-0.0262714167591173,-2.592932537861392,-2.4137931034482696,-3.522727272727278,1.516136940321373,1.3249651321885134,1.2082335060844869,0.8914565776834223,1.3427561834292563,0.0,-0.015547703180211925,0
2025-09-15 08:00:00+00:00,4.238,4.238,4.141,4.141,1398.03,-0.0248045151998804,-2.4499411071849275,-4.673112338858198,-5.886363636363646,7.392160318624216,2.2888154784594676,1.4567365958553082,1.0093683560363025,2.342429364322051,0.0,0.008452064718666996,0
2025-09-15 09:00:00+00:00,4.161,4.163,4.161,4.162,14.52,0.0050584234080124,0.5071238831200198,-4.825062885890697,-5.68774076591888,0.0770988802870299,0.0240211385962076,1.4258217052823057,1.0152432842991383,0.0480538202671823,0.0240269101335911,-0.00913022585295542,0
2025-09-15 10:00:00+00:00,4.162,4.162,4.162,4.162,0.0,0.0,0.0,-4.628780934922094,-7.035961581416139,0.0,0.0,1.4460244735776353,0.9519857564211762,0.0,0.0,-0.012253724171071623,0
2025-09-15 11:00:00+00:00,4.202,4.202,4.18,4.18,167.25,0.0043155185652221,0.4324843825084024,-4.783599088838264,-4.761904761904779,0.8919524291990185,0.5235602092994917,1.416139806489768,0.8923744688839078,0.5263157893477772,0.0,-0.015071770334928125,0
2025-09-15 12:00:00+00:00,4.17,4.17,4.144,4.144,3186.32,-0.0086497415794829,-0.8612440191387516,-4.910509407985309,-4.538124856023962,10.057378536807672,0.6235011988912419,1.4155784764417527,0.8833651051967933,0.6274131272617198,0.0,-0.006515444015444016,0
2025-09-15 13:00:00+00:00,4.179,4.179,4.179,4.179,5.71,0.0084104785085965,0.8445945945946054,-1.5547703180211925,-2.9944289693593196,0.018209287214774,0.0,1.2362083470834777,0.8989450506812144,0.0,0.0,-0.005503709021297043,0
2025-09-15 14:00:00+00:00,4.175,4.176,4.175,4.176,143.81,-0.0007181328854407,-0.0717875089734421,0.8452064718666996,-3.378065710319289,0.4539164537203786,0.0,0.5974527033368775,0.893924053262784,0.0239463601475304,0.0,-0.004789272030651492,0
2025-09-15 15:00:00+00:00,4.16,4.16,4.124,4.124,154.67,-0.0125302844256242,-1.2452107279693592,-0.913022585295542,-5.086306098964332,0.4807634026732123,0.8653846151766016,0.7844491007728407,0.9094740727016078,0.8729388940657393,0.0,0.009214354995150442,0
2025-09-15 16:00:00+00:00,4.129,4.129,4.111,4.111,17.4,-0.0031572582389721,-0.3152279340446151,-1.2253724171071625,-5.689378297774727,0.0619985628683409,0.4359409056827412,0.7827312876753286,0.9023223922001978,0.4378496715062344,0.0,0.012162490878131704,0
2025-09-15 17:00:00+00:00,4.117,4.117,4.117,4.117,4.07,0.0014584348720262,0.1459498905375778,-1.5071770334928123,-5.875628715134884,0.0145306112733699,0.0,0.7439555317461927,0.897615399324571,0.0,0.0,0.004615010930289154,0
2025-09-15 18:00:00+00:00,4.117,4.117,4.117,4.117,0.0,0.0,0.0,-0.6515444015444016,-4.98499884606508,0.0,0.0,0.6829841285984245,0.8866825555635967,0.0,0.0,0.002914743745445536,0
2025-09-15 19:00:00+00:00,4.132,4.183,4.126,4.156,221.55,0.0094283304492133,0.9472917172698604,-0.5503709021297043,-4.084929609970011,0.7661251977530931,0.6454697583921931,0.7119495410945004,0.9169040548000216,1.3715110680049178,0.6496631374760228,0.0,0
2025-09-15 20:00:00+00:00,4.156,4.156,4.156,4.156,0.0,0.0,0.0,-0.4789272030651492,-4.084929609970011,0.0,0.0,0.712959340860365,0.9169040548000216,0.0,0.0,0.0,0
2025-09-15 21:00:00+00:00,4.159,4.162,4.159,4.162,10.55,0.0014426547344617,0.1443695861405247,0.9214354995150442,-3.94645741980153,0.0364267803012151,0.0,0.4220155310109277,0.9185642421641226,0.0720807304007521,0.0,-0.0048053820278710635,0
2025-09-15 22:00:00+00:00,4.172,4.172,4.161,4.161,6.46,-0.0002402979706385,-0.024026910139363,1.2162490878131704,-4.804392587508599,0.0223019130103791,0.2636625119214644,0.370949136679964,0.8922385055449795,0.264359528895855,0.0,0.0007209805335255393,0
2025-09-15 23:00:00+00:00,4.153,4.153,4.136,4.136,1086.47,-0.006026292794676,-0.6008171112713123,0.4615010930289154,-4.810126582278473,3.2654265484056406,0.4093426437733213,0.4976247737220922,0.8923542466887063,0.4110251449683076,0.0,0.004110251450676783,0
2025-09-16 00:00:00+00:00,4.139,4.139,4.129,4.129,9.34,-0.0016938903021749,-0.1692456479690629,0.2914743745445536,-4.971231300345225,0.0280389262751516,0.241604252176483,0.5075550039651532,0.8913283092552855,0.2421893920459865,0.0,0.011625090821022033,0
2025-09-16 01:00:00+00:00,4.158,4.158,4.156,4.156,8.62,0.0065178263330277,0.6539113586824907,0.0,-4.459770114942529,0.0258867928305019,0.048100048088496,0.4094057281182948,0.9065077859835108,0.0481231953686101,0.0,0.005052935514918255,0
2025-09-16 02:00:00+00:00,4.156,4.156,4.156,4.156,0.0,0.0,0.0,0.0,-4.327808471454897,0.0,0.0,0.4094057281182948,0.9072899814201796,0.0,0.0,0.013715110683349518,0
2025-09-16 03:00:00+00:00,4.141,4.142,4.141,4.142,120.55,-0.0033743102635883,-0.3368623676611948,-0.4805382027871063,-5.282414818202607,0.3696161521174013,0.0,0.4224785206722865,0.8893708358445565,0.0241429261168253,0.0,0.01714147754707862,0
2025-09-16 04:00:00+00:00,4.142,4.171,4.142,4.164,124.41,0.0052973877793297,0.5311443746981892,0.0720980533525539,-4.582951420714942,0.3984397831269773,0.1678254614797963,0.491994396884735,0.9026753522009486,0.696445725096913,0.1681075888165102,0.011767531219980976,0
2025-09-16 05:00:00+00:00,4.153,4.153,4.153,4.153,25.49,-0.002645186104106,-0.2641690682036568,0.4110251450676783,-5.398633257403196,0.0816442012542426,0.0,0.4218825815324153,0.8869020665733539,0.0,0.0,0.014447387430773118,0
2025-09-16 06:00:00+00:00,4.181,4.186,4.177,4.177,9.57,0.0057623208664216,0.5778954972309069,1.1625090821022033,-4.153281321707203,0.0332233506575386,0.2150023888640783,0.4469160749345696,0.8949637580735464,0.2154656451483286,0.1197031361935088,0.009815657170217928,0
2025-09-16 07:00:00+00:00,4.177,4.177,4.177,4.177,0.0,0.0,0.0,0.5052935514918255,-1.6018845700824569,0.0,0.0,0.3883701371059804,0.7271542213346754,0.0,0.0,0.00023940627244445345,0
2025-09-16 08:00:00+00:00,4.197,4.213,4.197,4.213,68.09,0.0085816974818413,0.8618625807996327,1.3715110683349518,1.7387104564114964,0.3034736343617215,0.0,0.4947102163581116,0.5409327528263049,0.3797768809922204,0.0,-0.008307619273676736,0
2025-09-16 09:00:00+00:00,4.22,4.243,4.198,4.213,89.36,0.0,0.0,1.714147754707862,1.2253724171071625,0.3928135113881139,0.7070469006111189,0.4330449193011292,0.5330843188912616,1.068122477790617,0.54592926642633,0.0026109660574413773,0
2025-09-16 10:00:00+00:00,4.213,4.213,4.213,4.213,0.0,0.0,0.0,1.1767531219980976,1.2253724171071625,0.0,0.0,0.4266999812123482,0.5330843188912616,0.0,0.0,-0.002848326608117846,0
2025-09-16 11:00:00+00:00,4.213,4.213,4.213,4.213,0.0,0.0,0.0,1.4447387430773118,0.7894736842105399,0.0,0.0,0.3809411057934205,0.5269236991352484,0.0,0.0,0.012580109185853283,0
2025-09-16 12:00:00+00:00,4.218,4.218,4.218,4.218,23.7,0.0011860990597033,0.1186802753382343,0.9815657170217928,1.7857142857142794,0.2670648223763463,0.0,0.3439497669808865,0.4910963857203854,0.0,0.0,0.006875296348980431,0
2025-09-16 13:00:00+00:00,4.231,4.231,4.178,4.178,13.12,-0.0095284189222088,-0.9483167377904222,0.0239406272444453,-0.0239291696578214,0.1473308909179001,1.252658945579611,0.575905512271366,0.5055386177879011,1.268549544933328,0.0,0.02465294399234086,0
2025-09-16 14:00:00+00:00,4.178,4.178,4.178,4.178,0.0,0.0,0.0,-0.8307619273676736,0.0478927203064971,0.0,0.0,0.4014935815721362,0.5053137189113682,0.0,0.0,0.022259454284346614,0
2025-09-16 15:00:00+00:00,4.224,4.224,4.224,4.224,1.18,0.0109498832695863,1.1010052656773572,0.2610966057441377,2.424830261881672,0.0153918899086544,0.0,0.6495603291464844,0.4783440335428347,0.0,0.0,0.011126893939393812,0
2025-09-16 16:00:00+00:00,4.224,4.244,4.201,4.201,109.09,-0.0054599542167154,-0.5445075757575912,-0.2848326608117846,2.1892483580637334,1.3554218738506885,1.01319509872451,0.6936175020584717,0.4892271369714088,1.0235658174188167,0.4760771243808332,0.02118543203999068,0
2025-09-16 17:00:00+00:00,4.21,4.279,4.202,4.266,85.9,0.0153540278619139,1.5472506546060585,1.2580109185853283,3.6191401505951015,1.0239141771464024,0.3038093011676047,0.9503750051665648,0.571415452501933,1.8049695260654068,0.3047351147902613,0.005625879043600568,0
2025-09-16 18:00:00+00:00,4.279,4.282,4.247,4.247,8.73,-0.0044637687180247,-0.4453820909517181,0.6875296348980431,3.157639057566186,0.1036109545132051,0.8173750581930497,0.9882800782610176,0.5835817259030134,0.8241111370793274,0.0706380974639447,0.0016482222745466402,0
2025-09-16 19:00:00+00:00,4.281,4.281,4.281,4.281,40.52,0.0079737758316748,0.8005651047798379,2.465294399234086,3.007699711260825,0.5281916193614439,0.0,0.8603614978012377,0.5754670544535093,0.0,0.0,-0.011679514132212021,0
2025-09-16 20:00:00+00:00,4.278,4.278,4.264,4.271,33.94,-0.0023386353034795,-0.2335902826442359,2.225945428434662,2.7670837343599652,0.4344111482593226,0.1636278634493547,0.8873033822060542,0.5796137637593441,0.3277920860857276,0.0,-0.009599625380472876,0
2025-09-16 21:00:00+00:00,4.271,4.271,4.271,4.271,117.81,0.0,0.0,1.1126893939393812,2.6189332051898218,1.4263071606758473,0.0,0.8174661726456145,0.5800312292593715,0.0,0.0,-0.012409271833294322,0
2025-09-16 22:00:00+00:00,4.285,4.292,4.285,4.29,64.14,0.0044387410805961,0.4448606883633799,2.118543203999068,3.100216294160063,0.7545771385626137,0.0465983224495292,0.7364440802212583,0.5832649719330533,0.1631701631321205,0.0466200466091743,-0.024941724941724974,0
2025-09-16 23:00:00+00:00,4.29,4.29,4.29,4.29,0.0,0.0,0.0,0.5625879043600568,3.723404255319141,0.0,0.0,0.4548239407445796,0.5631022517339512,0.0,0.0,-0.02447552447552459,0
2025-09-17 00:00:00+00:00,4.247,4.262,4.247,4.254,24.16,-0.0084270161618802,-0.8391608391608463,0.164822227454664,3.0273674013078233,0.598773208849448,0.1877053026307591,0.5644737588874692,0.5956589905908918,0.3526093088028582,0.1880582980281952,-0.004231311706629048,0
2025-09-17 01:00:00+00:00,4.247,4.247,4.227,4.231,64.08,-0.0054213450401149,-0.5406676069581451,-1.167951413221202,1.804619826756504,1.5021097046061365,0.3767365198076913,0.4529318638495732,0.5995306281964526,0.4727014888979569,0.0,0.0011817537225242702,0
2025-09-17 02:00:00+00:00,4.225,4.23,4.225,4.23,62.99,-0.0002363786797436,-0.0236350744504676,-0.9599625380472876,1.78055822906642,1.3909811101705087,0.0,0.4575070095319583,0.5996777743084946,0.1182033096647458,0.0,0.0014184397163119478,0
2025-09-17 03:00:00+00:00,4.236,4.236,4.218,4.218,24.1,-0.0028409110016038,-0.2836879432624228,-1.2409271833294322,1.83486238532109,0.5840182556049017,0.4249291783699362,0.4522112410797075,0.5981854275841652,0.4267425319045132,0.0,0.00426742532005675,0
2025-09-17 04:00:00+00:00,4.218,4.218,4.183,4.183,71.66,-0.0083323895965215,-0.8297771455666236,-2.4941724941724974,0.4562920268972092,1.834241651777327,0.8297771453698998,0.378504553588596,0.6175959872069603,0.8367200571750644,0.0,-0.001434377241214535,0
2025-09-17 05:00:00+00:00,4.185,4.185,4.185,4.185,0.5,0.0004780114813771,0.04781257470714,-2.447552447552459,0.7705273296412241,0.0131486676013372,0.0,0.3894812074356001,0.6146463202052379,0.0,0.0,0.001672640382317958,0
2025-09-17 06:00:00+00:00,4.236,4.236,4.236,4.236,118.12,0.0121127237977214,1.2186379928315505,-0.4231311706629048,1.4124970074216092,2.7760553862977213,0.0,0.7083731307987406,0.651649626816277,0.0,0.0,-0.013928234183191779,0
2025-09-17 07:00:00+00:00,4.236,4.236,4.236,4.236,0.0,0.0,0.0,0.118175372252427,1.4124970074216092,0.0,0.0,0.6697304788505619,0.651649626816277,0.0,0.0,-0.004957507082152923,0
2025-09-17 08:00:00+00:00,4.236,4.236,4.236,4.236,0.0,0.0,0.0,0.1418439716311947,0.5459292665559001,0.0,0.0,0.6694941537773126,0.629010687471528,0.0,0.0,-0.01085930122757306,0
2025-09-17 09:00:00+00:00,4.236,4.236,4.236,4.236,0.0,0.0,0.0,0.426742532005675,0.5459292665559001,0.0,0.0,0.6532274302860371,0.629010687471528,0.0,0.0,-0.01487252124645888,0
2025-09-17 10:00:00+00:00,4.168,4.177,4.168,4.177,6.72,-0.0140261422241218,-1.392823418319178,-0.1434377241214535,-0.8544979824353316,0.1852813454903762,0.0,0.8286565508313724,0.6931040475577657,0.2154656451483073,0.0,-0.007661000718218847,0
2025-09-17 11:00:00+00:00,4.178,4.192,4.178,4.192,28.83,0.0035846615037029,0.3591094086665247,0.1672640382317958,-0.4984571564205953,0.7694069765943498,0.0,0.8436053967150828,0.6977548895646889,0.3339694655691922,0.0,-0.0007156488549618922,0
2025-09-17 12:00:00+00:00,4.179,4.179,4.177,4.177,72.94,-0.0035846615037029,-0.357824427480935,-1.392823418319178,-0.9720246562351932,1.845550483332845,0.0478583393041896,0.6158627838542245,0.7004006078356522,0.0478812544774205,0.0,-0.0014364376346658325,0
2025-09-17 13:00:00+00:00,4.2,4.215,4.2,4.215,192.72,0.0090563059387806,0.9097438352885012,-0.4957507082152923,0.8855911919578796,4.099953019511576,0.0,0.7750256688521117,0.6979013740364037,0.3558718860365589,0.0,0.012099644128113818,0
2025-09-17 14:00:00+00:00,4.178,4.191,4.178,4.19,50.38,-0.0059488575197722,-0.5931198102016477,-1.085930122757306,0.2872187649593183,1.0259734749602252,0.023860653776207,0.7999602480072717,0.7097267721992119,0.3102625297588848,0.023866348442978,0.015274463007159733,0
2025-09-17 15:00:00+00:00,4.17,4.173,4.163,4.173,101.4,-0.0040655323246309,-0.4057279236276967,-1.487252124645888,-1.2073863636363646,1.903138269966546,0.0,0.7986804441021848,0.6754582704240167,0.2396357535970148,0.0,0.01988976755331895,0
2025-09-17 16:00:00+00:00,4.155,4.155,4.145,4.145,16.95,-0.0067324130221573,-0.6709801102324553,-0.7661000718218847,-1.3330159485836712,0.3428311379598441,0.2406738868253654,0.624662832132299,0.6799998881446817,0.2412545234641286,0.0,0.05162846803377574,0
2025-09-17 17:00:00+00:00,4.182,4.227,4.168,4.189,27.65,0.0105592533776397,1.0615199034982092,-0.0715648854961892,-1.804969526488509,0.5881206019337115,0.8989827298559362,0.7791299393714982,0.6368916779910543,1.40845070388913,0.9071377414879178,0.0522797803771784,0
2025-09-17 18:00:00+00:00,4.231,4.239,4.168,4.171,84.25,-0.0043062267500895,-0.4296968250179001,-0.1436437634665832,-1.7894984695078775,1.6795972953330842,1.6041519222448242,0.7860744940991116,0.6365012296811874,1.702229680723506,0.1918005274054663,0.06305442339966438,0
2025-09-17 19:00:00+00:00,4.226,4.266,4.226,4.266,84.88,0.0225208048343505,2.277631263485969,1.2099644128113818,-0.3503854239663595,1.6320199964435986,0.0,1.1919418433283733,0.7769745323173568,0.937646507046966,0.0,0.04266291608063777,0
2025-09-17 20:00:00+00:00,4.279,4.331,4.254,4.254,327.1,-0.0028169032711134,-0.2812939521800395,1.527446300715973,-0.3980332474830317,5.093098392270404,1.7778803967264385,1.1564755306662209,0.7776223458468594,1.8100611185213973,1.2223789371832794,0.04419370004701473,0
2025-09-17 21:00:00+00:00,4.232,4.295,4.231,4.256,72.92,0.000470035261298,0.0470145745181227,1.9889767553318949,-0.3512058066026613,1.1694565282574096,0.908032595830486,1.118984760650221,0.77772520186255,1.5037593981429147,0.9163533832433308,0.05545112781954886,0
2025-09-17 22:00:00+00:00,4.32,4.425,4.32,4.359,730.57,0.0239129212169122,2.420112781954886,5.162846803377574,1.6083916083916128,8.106485676680336,1.491525423391742,1.2608418494539455,0.9168004510068112,2.408809359392325,1.5141087401894644,0.016288139481532404,0
2025-09-17 23:00:00+00:00,4.425,4.425,4.328,4.408,1201.01,0.0111783985943579,1.1241110346409844,5.22797803771784,2.750582750582753,8.568620631164839,0.3841807908736193,1.2632234361670314,0.9413426202387372,2.200544464110574,0.0,0.012023593466424565,0
2025-09-18 00:00:00+00:00,4.406,4.434,4.398,4.434,691.94,0.0058810393435062,0.5898366606170491,6.305442339966438,4.231311706629071,4.118986732652185,0.0,1.1167529976929709,0.9233159375455984,0.8119079835787415,0.0,0.006089309878213767,0
2025-09-18 01:00:00+00:00,4.432,4.458,4.432,4.448,187.62,0.0031524457541615,0.3157419936851591,4.266291608063777,5.128811155755164,1.0836604295707817,0.2243158366477484,0.9576695423591858,0.910960431790513,0.5845323739693002,0.2248201438343431,0.008992805755395628,0
2025-09-18 02:00:00+00:00,4.433,4.442,4.399,4.442,108.98,-0.0013498314760455,-0.1348920863309399,4.419370004701473,5.011820330969252,0.6225590539900262,0.0,0.9291538619488338,0.9124758222539914,0.9680324176118824,0.0,0.015083295812696962,0
2025-09-18 03:00:00+00:00,4.448,4.492,4.448,4.492,714.3,0.011193311403961,1.1256190904997745,5.545112781954886,6.495969653864386,3.5047348020042937,0.0,0.8752050099809462,0.924739220961831,0.9795191449288604,0.0,0.010017809439002656,0
2025-09-18 04:00:00+00:00,4.481,4.49,4.43,4.43,27.85,-0.0138984528191525,-1.3802315227070427,1.6288139481532404,5.904852976332764,0.1378818102859935,1.3363028950253333,0.9447251042735636,0.9597255104914558,1.3544018055633518,0.2031602708345087,0.020090293453724595,0
2025-09-18 05:00:00+00:00,4.474,4.474,4.461,4.461,22.73,0.0069733720890834,0.6997742663656936,1.2023593466424565,6.594982078853073,0.1120196473815081,0.2905677245662544,0.8827500090241025,0.9632498947225108,0.2914144809927315,0.0,0.016812373907195477,0
2025-09-18 06:00:00+00:00,4.461,4.461,4.461,4.461,0.0,0.0,0.0,0.6089309878213767,5.3116147308782,0.0,0.0,0.8633684753180391,0.9430963539785986,0.0,0.0,0.010984084286034479,0
2025-09-18 07:00:00+00:00,4.468,4.511,4.468,4.488,80.33,0.0060342120742675,0.605245460659054,0.8992805755395628,5.9490084985835745,0.3989842862355934,0.509864774881424,0.8853933380342993,0.9451388056234368,0.9581105167205668,0.5124777182458758,0.010249554367201208,0
2025-09-18 08:00:00+00:00,4.509,4.511,4.499,4.509,256.1,0.0046682312185519,0.4679144385026701,1.5083295812696962,6.444759206798878,1.2079785070017328,0.0443360673809891,0.8808356420383624,0.9447715975669388,0.2661343978119119,0.0443557329686454,0.006431581281880705,0
2025-09-18 09:00:00+00:00,4.502,4.537,4.481,4.537,196.88,0.0061906012428795,0.6209802616988114,1.0017809439002656,7.105760151085927,0.8940539824558974,0.0,0.8022001003108912,0.9458080241596032,1.2342957898976656,0.0,0.0004408199250605094,0
2025-09-18 10:00:00+00:00,4.537,4.582,4.519,4.519,873.32,-0.0039752702526841,-0.3967379325545472,2.0090293453724595,8.187694517596377,3.4071639316148064,1.374945438372987,0.4359251840031403,0.8882899863827006,1.394113741669807,0.9957955297641508,0.004425757911042272,0
2025-09-18 11:00:00+00:00,4.528,4.536,4.519,4.536,400.01,0.0037548359963081,0.3761894224385775,1.6812373907195477,8.206106870229002,1.4717906184837986,0.0,0.4002496383561747,0.8883222323688741,0.3747795413635729,0.0,0.011463844797178213,0
2025-09-18 12:00:00+00:00,4.535,4.535,4.51,4.51,1000.66,-0.0057484129108638,-0.5731922398588996,1.098408428603448,7.972228872396459,3.223364718030566,0.551267916085726,0.5283630918085924,0.8966575366637148,0.5543237249325303,0.0,0.018847006651884657,0
2025-09-18 13:00:00+00:00,4.551,4.551,4.534,4.534,6.7,0.0053073985707503,0.5321507760532196,1.0249554367201208,7.568208778173191,0.0221349488541541,0.3735442759012284,0.5174922563678525,0.8892393130273025,0.374944860967157,0.0,0.0015438906043230283,0
2025-09-18 14:00:00+00:00,4.582,4.582,4.538,4.538,678.02,0.0008818342723128,0.0882223202470333,0.6431581281880705,8.305489260143183,2.061851176539597,0.960279353784304,0.4967199360011802,0.8699410196932618,0.9695901275959384,0.0,0.007051564565887958,0
2025-09-18 15:00:00+00:00,4.55,4.55,4.539,4.539,352.6,0.0002203371166784,0.0220361392683887,0.0440819925060509,8.770668583752684,1.0391766553619766,0.2417582417051107,0.428737926685157,0.8584345446609856,0.2423441286093122,0.0,0.006168759638687016,0
2025-09-18 16:00:00+00:00,4.539,4.539,4.539,4.539,0.0,0.0,0.0,0.4425757911042272,9.505428226779266,0.0,0.0,0.3818050243463312,0.8341910257140761,0.0,0.0,0.0035250055078210885,0
2025-09-18 17:00:00+00:00,4.543,4.588,4.542,4.588,773.39,0.0107374757927956,1.0795329367702111,1.146384479717821,9.524946287896864,2.0920903139652336,0.0,0.5579919210927615,0.8348281150787685,1.0026155185260268,0.0,-0.013295553618134281,0
2025-09-18 18:00:00+00:00,4.587,4.595,4.541,4.595,1475.61,0.0015245565405261,0.1525719267654768,1.8847006651884657,10.165427954926852,3.450535488791095,0.0,0.4207315772921264,0.8185653817093173,1.1751904241185525,0.0,0.046354733405876036,0
2025-09-18 19:00:00+00:00,4.564,4.59,4.533,4.541,164.55,-0.0118215036918361,-1.175190424374306,0.1543890604323028,6.446319737458994,0.3818164415418102,1.0675381261290655,0.7180461472826146,0.780634696933813,1.2552301252465798,0.5725611097615985,0.04162078837260519,0
2025-09-18 20:00:00+00:00,4.581,4.581,4.541,4.57,85.03,0.0063659527902992,0.6386258533362721,0.7051564565887958,7.428302773859907,0.2020290819231086,0.2401222439991027,0.7611966221724374,0.7754017732573546,0.8752735227844046,0.0,0.026039387308533835,0
2025-09-18 21:00:00+00:00,4.57,4.57,4.551,4.567,25.01,-0.0006566707032514,-0.0656455142232004,0.6168759638687016,7.307330827067671,0.0597063027628555,0.0656455142088327,0.7642235509634524,0.7773296773614,0.4160280270602112,0.0,0.011604992336325726,0
2025-09-18 22:00:00+00:00,4.541,4.591,4.541,4.555,107.54,-0.0026310034909404,-0.2627545434639944,0.3525005507821088,4.496444138563893,0.2736914883908293,0.7841428880888487,0.7786920981960835,0.6431907429678627,1.0976948405932574,0.7903402852271587,0.025027442371020836,0
2025-09-18 23:00:00+00:00,4.544,4.544,4.506,4.527,132.09,-0.0061660622581,-0.6147091108671732,-1.329555361813428,2.6996370235934597,0.3791485972199046,0.3741197182275146,0.6294645240279436,0.6309405243851967,0.8394079962802139,0.0,0.028053898829246693,0
2025-09-19 00:00:00+00:00,4.556,4.808,4.216,4.808,7569.83,0.0602217287790847,6.207201237022297,4.635473340587604,8.434821831303552,11.921657047782446,0.0,2.649566285201839,1.3615848596680729,12.31281197747237,0.0,-0.0455490848585689,0
2025-09-19 01:00:00+00:00,4.801,4.876,4.73,4.73,11446.58,-0.0163559947290647,-1.6222961730449126,4.162078837260519,6.339928057553967,10.367453376854092,2.994257587572956,2.7213724658310583,1.419946694212718,3.086680760446788,1.5856236783117112,-0.026427061310782207,0
2025-09-19 02:00:00+00:00,4.765,4.765,4.659,4.689,197.38,-0.0087058623963924,-0.8668076109936695,2.6039387308533835,5.560558307068875,0.1781775795317145,1.5949632735372508,2.794711687874614,1.436597556327574,2.260609937671012,0.0,-0.019193857965451033,0
2025-09-19 03:00:00+00:00,4.659,4.659,4.62,4.62,217.84,-0.0148246350138017,-1.4715291106845774,1.1604992336325726,2.849510240427433,0.200389037199821,0.8370895040057696,2.9025820560202873,1.464117499511029,0.8441558439731199,0.0,-0.0181818181818183,0
2025-09-19 04:00:00+00:00,4.619,4.669,4.581,4.669,191.09,0.0105502108951523,1.0606060606060508,2.5027442371020836,5.39503386004514,0.174688962792694,0.0,2.911090161102779,1.4395594936142742,1.8847718993607083,0.0,-0.020775326622403,0
2025-09-19 05:00:00+00:00,4.665,4.665,4.654,4.654,28.1,-0.0032178511086999,-0.3212679374598348,2.8053898829246693,4.326384218785018,0.0256829556420389,0.2357984994135506,2.892685911431883,1.439865141182105,0.2363558228972188,0.0,-0.03545337344220023,0
2025-09-19 06:00:00+00:00,4.646,4.646,4.589,4.589,16.43,-0.0140649294674034,-1.3966480446927276,-4.55490848585689,2.869311813494724,0.0150073700984331,1.226861816352365,1.0201385618775316,1.475540973834934,1.2421006752577572,0.0,-0.018958378731749992,0
2025-09-19 07:00:00+00:00,4.597,4.618,4.597,4.605,26.25,0.0034805342945738,0.3486598387448358,-2.6427061310782207,2.606951871657759,0.0240265344469729,0.2815071458896671,1.0075803112203805,1.4728055872922243,0.4560260585328913,0.2823018457584556,-0.023018458197611502,0
2025-09-19 08:00:00+00:00,4.625,4.633,4.599,4.599,42.35,-0.0013037811494834,-0.1302931596091294,-1.919385796545103,1.9960079840319225,0.0390813949642931,0.7338657455786995,0.9904213316786704,1.4715104096050673,0.7392911500892998,0.1739508588445422,-0.025875190258751846,0
2025-09-19 09:00:00+00:00,4.608,4.611,4.536,4.536,212.08,-0.0137933221323359,-1.3698630136986467,-1.81818181818183,-0.0220409962530365,0.1955971879674445,1.62654521760431,0.9668901778485972,1.4961535634501777,1.6534391530746428,0.066137566122988,-0.022486772486772333,0
2025-09-19 10:00:00+00:00,4.579,4.591,4.568,4.572,529.46,0.0079051795071134,0.793650793650813,-2.0775326622403,1.1728258464261954,0.4948494076775261,0.4138531909357786,0.8958562087410782,1.5021028591596102,0.5030621171253271,0.2624671915436523,-0.022309711286089273,0
2025-09-19 11:00:00+00:00,4.536,4.536,4.47,4.489,160.26,-0.0183207861327692,-1.815398075240604,-3.545337344220023,-1.0361552028218646,0.1511955139480114,1.036155202593434,1.0796927115281196,1.5481007914575469,1.470260636785414,0.0,-0.023390510135887665,0
2025-09-19 12:00:00+00:00,4.512,4.512,4.502,4.502,901.77,0.0028917826847454,0.2895967921586084,-1.8958378731749992,-0.1773835920177435,0.8540850103938404,0.2216312056246337,1.0483473350551584,1.5452485322811251,0.2221235006170269,0.0,-0.03154153709462448,0
2025-09-19 13:00:00+00:00,4.499,4.499,4.499,4.499,4.43,-0.0006665926255052,-0.0666370501999136,-2.30184581976115,-0.7719453021614475,0.0041961204829603,0.0,1.0084846430875152,1.5410088375245463,0.0,0.0,-0.01733718604134238,0
2025-09-19 14:00:00+00:00,4.508,4.523,4.48,4.48,32.19,-0.0042321034321412,-0.4223160702378159,-2.587519025875185,-1.2780960775672034,0.0312880439140368,0.9506964402054456,1.0005710291507983,1.5428051576561697,0.9598214283571662,0.3348214284966845,-0.014732142857142971,0
2025-09-19 15:00:00+00:00,4.461,4.473,4.419,4.434,347.72,-0.010320935232774,-1.0267857142857162,-2.2486772486772333,-2.313284864507592,0.3380437785420447,0.8718980548017152,0.943579812504198,1.5555110152298712,1.217861975368102,0.2706359945262337,-0.010374379792512434,0
2025-09-19 16:00:00+00:00,4.454,4.47,4.443,4.47,2100.73,0.0080862974313576,0.8119079837618282,-2.2309711286089273,-1.5201586252478472,1.882113849969065,0.0,0.948087959605952,1.56643440003721,0.6040268455024579,0.0,-0.012751677852348875,0
2025-09-19 17:00:00+00:00,4.432,4.433,4.384,4.384,863.18,-0.0194268589797629,-1.9239373601789624,-2.3390510135887665,-4.446381865736704,0.770768114593303,1.1053462663872329,0.9825116852176828,1.5919963423865016,1.1177007296720454,0.0228102189728864,-0.014370437956204518,0
2025-09-19 18:00:00+00:00,4.381,4.381,4.36,4.36,48.31,-0.0054894922847714,-0.5474452554744547,-3.1541537094624483,-5.114254624591941,0.0455572058372392,0.479342615731716,0.9236939731607624,1.591883762920391,0.4816513760363163,0.0,0.0027522935779815683,0
2025-09-19 19:00:00+00:00,4.416,4.421,4.41,4.421,143.91,0.0138938574831632,1.3990825688073416,-1.7337186041342378,-2.64258973794319,0.1358198883502797,0.0,1.2160743156401956,1.6106509128425237,0.2488124858066499,0.0,-0.010631078941416128,0
2025-09-19 20:00:00+00:00,4.41,4.414,4.388,4.414,462.86,-0.0015846070095615,-0.1583352182764175,-1.4732142857142971,-3.413566739606144,0.430444147974269,0.0,1.2151416981748198,1.6027502946046854,0.5890348888561272,0.0,-0.02695967376529218,0
2025-09-19 21:00:00+00:00,4.388,4.388,4.388,4.388,1.0,-0.0059077654215607,-0.5890348889895702,-1.0374379792512434,-3.919421940004386,0.0009308321872453,0.0,1.170685002713188,1.6052065763988952,0.0,0.0,-0.014357338195077451,0
2025-09-19 22:00:00+00:00,4.413,4.413,4.413,4.413,3.39,0.0056811878744263,0.5697356426618061,-1.2751677852348875,-3.1174533479692568,0.0031683192992906,0.0,1.1338559595421174,1.6119867752231782,0.0,0.0,-0.019941083163380946,0
2025-09-19 23:00:00+00:00,4.383,4.39,4.321,4.321,110.95,-0.0210678733376141,-2.08474960344438,-1.4370437956204518,-4.550474928208537,0.1037801332834014,1.5717539859745424,1.1847347389341587,1.659466398866044,1.5968525800516415,0.1619995371066808,0.009025688498033091,0
2025-09-20 00:00:00+00:00,4.372,4.381,4.356,4.372,141.34,0.011733713364496,1.1802823420504538,0.2752293577981568,-9.06821963394343,0.1860797823317864,0.2054325495993155,1.2984637888356427,1.0547373555490485,0.5718206769048981,0.2058554436857682,0.005946935041170942,0
2025-09-20 01:00:00+00:00,4.371,4.374,4.371,4.374,28.51,0.0004573519402838,0.0457456541628431,-1.0631078941416128,-7.5264270613108035,0.1004532021436577,0.0,1.1246281075422364,1.0242251717970432,0.0685871056084443,0.0,0.008230452674897304,0
2025-09-20 02:00:00+00:00,4.354,4.354,4.295,4.295,71.41,-0.0182263668183573,-1.806127114769085,-2.695967376529218,-8.402644487097465,0.2563495055004887,1.3550757920636058,1.3089206454680564,1.0639013196980105,1.3736903372820315,0.0,0.023981373690337593,0
2025-09-20 03:00:00+00:00,4.328,4.34,4.325,4.325,161.26,0.0069605849476239,0.6984866123399325,-1.4357338195077451,-6.385281385281383,0.5838364273215468,0.3456221197360244,1.3855072824449892,1.0573921290577817,0.3468208091683577,0.277456647334682,0.01687861271676283,0
2025-09-20 04:00:00+00:00,4.325,4.325,4.325,4.325,0.0,0.0,0.0,-1.9941083163380944,-7.367744699079015,0.0,0.0,1.337739901944354,1.0210020851149864,0.0,0.0,0.007167630057803409,0
2025-09-20 05:00:00+00:00,4.342,4.36,4.342,4.36,10.48,0.0080599169771002,0.8092485549132888,0.9025688498033092,-6.317146540610219,0.0391759225077854,0.0,1.067750920643492,1.046497026563097,0.4128440366025743,0.0,-0.0009174311926606338,0
2025-09-20 06:00:00+00:00,4.397,4.398,4.397,4.398,149.13,0.0086778347716264,0.8715596330275188,0.5946935041170942,-4.162126825016355,0.5461828758542907,0.0,1.015152168696862,1.0422516008922666,0.0227376079984554,0.0,-0.013187812642109997,0
2025-09-20 07:00:00+00:00,4.399,4.41,4.399,4.41,5.67,0.0027247973261852,0.2728512960436635,0.8230452674897304,-4.234527687296419,0.0208315792534585,0.0,1.0169994656642412,1.0407089104708616,0.2494331065194056,0.0,-0.015873015873015928,0
2025-09-20 08:00:00+00:00,4.398,4.398,4.398,4.398,2.63,-0.0027247973261852,-0.2721088435374219,2.3981373690337593,-4.370515329419455,0.0097217323535258,0.0,0.4689648204072325,1.040816864288418,0.0,0.0,0.003183265120509482,0
2025-09-20 09:00:00+00:00,4.398,4.398,4.398,4.398,0.0,0.0,0.0,1.687861271676283,-3.042328042328035,0.0,0.0,0.4656695466500625,1.009686527477317,0.0,0.0,0.005457025920873049,0
2025-09-20 10:00:00+00:00,4.356,4.356,4.356,4.356,45.75,-0.0095956870618553,-0.9549795361527892,0.7167630057803409,-4.7244094488189,0.1894122355466136,0.0,0.6909295397691237,1.003589010933809,0.0,0.0,0.009182736455463747,0
2025-09-20 11:00:00+00:00,4.356,4.356,4.356,4.356,0.0,0.0,0.0,-0.0917431192660633,-2.9627979505457813,0.0,0.0,0.6034743716941653,0.9419662509973024,0.0,0.0,0.009182736455463747,0
2025-09-20 12:00:00+00:00,4.363,4.363,4.34,4.34,3.15,-0.0036798569584005,-0.3673094582185454,-1.3187812642109995,-3.598400710795202,0.015956099620012,0.5271602107432722,0.4268354566386474,0.938940170592476,0.5299539169285953,0.0,0.004608294930875667,0
2025-09-20 13:00:00+00:00,4.34,4.34,4.34,4.34,0.0,0.0,0.0,-1.5873015873015928,-3.534118693042898,0.0,0.0,0.3751655386404639,0.939304266394164,0.0,0.0,0.004608294930875667,0
2025-09-20 14:00:00+00:00,4.36,4.412,4.36,4.412,12.49,0.0164537532789426,1.658986175115218,0.3183265120509482,-1.5178571428571486,0.0635910621206087,0.0,0.8656339319123253,1.0056975025602557,1.1786038075297725,0.0,-0.009746146872166905,0
2025-09-20 15:00:00+00:00,4.413,4.451,4.413,4.422,537.53,0.0022639810439984,0.2266545784224805,0.5457025920873049,-0.2706359945872871,2.630824197324633,0.6515389798581112,0.8677948206115782,0.9856201699660188,0.8593396651154674,0.6558118496933921,-0.003844414292175413,0
2025-09-20 16:00:00+00:00,4.396,4.396,4.396,4.396,18.15,-0.0058970458938795,-0.5879692446856599,0.9182736455463748,-1.6554809843400409,0.1544078550906716,0.0,0.7877084544993461,0.9763307829653004,0.0,0.0,-0.006141947224749811,0
2025-09-20 17:00:00+00:00,4.427,4.427,4.396,4.396,33.7,0.0,0.0,0.9182736455463748,0.2737226277372162,0.406101565554801,0.7002484751072332,0.7877084544993461,0.8910929167414079,0.7051865330515885,0.0,-0.010464058234758933,0
2025-09-20 18:00:00+00:00,4.36,4.36,4.36,4.36,5.84,-0.0082229791804318,-0.8189262966332933,0.4608294930875667,0.0,0.0719082677055506,0.0,0.8657031696285017,0.9002659850303293,0.0,0.0,-0.002293577981651529,0
2025-09-20 19:00:00+00:00,4.36,4.36,4.36,4.36,0.0,0.0,0.0,0.4608294930875667,-1.3797783306944145,0.0,0.0,0.8657031696285017,0.850324429601362,0.0,0.0,-0.004357798165137594,0
2025-09-20 20:00:00+00:00,4.369,4.369,4.369,4.369,22.84,0.0020620926083558,0.2064220183486176,-0.9746146872166904,-1.0194834617127335,0.4015177040992388,0.0,0.4376835818109162,0.8517062503121526,0.0,0.0,-0.004806591897459356,0
2025-09-20 21:00:00+00:00,4.407,4.407,4.405,4.405,190.85,0.0082061094188441,0.823987182421626,-0.3844414292175413,0.3874202370100388,2.9454622621035087,0.0453823462569992,0.5856829138674075,0.8608940933397072,0.0454029511815153,0.0,-0.012939841089670945,0
2025-09-20 22:00:00+00:00,4.353,4.369,4.353,4.369,9.13,-0.0082061094188441,-0.81725312145291,-0.6141947224749811,-0.9970541581690529,0.1403886443555785,0.0,0.6328095904609451,0.8688128713820529,0.3662165254368928,0.0,-0.005951018539711583,0
2025-09-20 23:00:00+00:00,4.35,4.35,4.35,4.35,13.0,-0.004358304868706,-0.4348821240558465,-1.0464058234758933,0.6711409395973034,0.2132808334323728,0.0,0.6435878588288557,0.7557263848382973,0.0,0.0,0.004367816091954024,0
2025-09-21 00:00:00+00:00,4.35,4.35,4.35,4.35,1.02,0.0,0.0,-0.2293577981651529,-0.5032021957914079,0.0185098371312442,0.0,0.5604440127577649,0.7152698811729424,0.0,0.0,0.004367816091954024,0
2025-09-21 01:00:00+00:00,4.353,4.353,4.341,4.341,38.74,-0.002071108783136,-0.2068965517241228,-0.4357798165137594,-0.7544581618655566,0.6976147422160283,0.2756719503157098,0.5639824233387899,0.7161054994627134,0.2764340013184801,0.0,0.00046072333563684786,0
2025-09-21 02:00:00+00:00,4.348,4.348,4.348,4.348,18.23,0.0016112329415064,0.16125316747293,-0.4806591897459356,1.2339930151338718,0.3419220218912255,0.0,0.5598065806576619,0.6064774666143217,0.0,0.0,0.00482980680772771,0
2025-09-21 03:00:00+00:00,4.348,4.348,4.348,4.348,0.0,0.0,0.0,-1.2939841089670945,0.531791907514445,0.0,0.0,0.3604125249705807,0.5907327012801454,0.0,0.0,-0.012189512419503168,0
2025-09-21 04:00:00+00:00,4.348,4.361,4.343,4.343,188.14,-0.0011506157062781,-0.1149954001839925,-0.5951018539711583,0.4161849710982546,3.4561528392669145,0.4127493693160353,0.2062355250920854,0.5913863943538724,0.4144600505607919,0.2993322587383508,-0.011052268017499478,0
2025-09-21 05:00:00+00:00,4.369,4.369,4.369,4.369,5.7,0.0059687964166139,0.5986645176145444,0.4367816091954024,0.2064220183486176,0.1050941468379395,0.0,0.2852024081074094,0.5807053072153467,0.0,0.0,-0.016937514305332968,0
2025-09-21 06:00:00+00:00,4.369,4.369,4.369,4.369,0.0,0.0,0.0,0.4367816091954024,-0.6593906321055054,0.0,0.0,0.2852024081074094,0.5511456822504751,0.0,0.0,-0.01373311970702673,0
2025-09-21 07:00:00+00:00,4.37,4.37,4.343,4.343,236.88,-0.0059687964166139,-0.5951018539711583,0.0460723335636847,-1.5192743764172345,4.108428423727492,0.6178489701103351,0.3876536806181507,0.5590798406245853,0.6216900758411981,0.0,-0.007828689845728709,0
2025-09-21 08:00:00+00:00,4.368,4.369,4.368,4.369,25.08,0.0059687964166139,0.5986645176145444,0.482980680772771,-0.6593906321055054,0.4280411315368336,0.0,0.4568027238671933,0.5729616480958657,0.0228885328397931,0.0,-0.005493247882810692,0
2025-09-21 09:00:00+00:00,4.351,4.351,4.295,4.295,678.11,-0.01708259453308,-1.6937514305332968,-1.2189512419503168,-2.341973624374716,7.80809180878872,1.2870604455787047,0.8659667854348481,0.6676675346961319,1.3038416760642988,0.0,-0.002095459837019864,0
2025-09-21 10:00:00+00:00,4.295,4.295,4.295,4.295,10.21,0.0,0.0,-1.1052268017499478,-1.400367309458217,0.1196023018450545,0.0,0.8696074323604959,0.642119535847472,0.0,0.0,-0.009778812572759032,0
2025-09-21 11:00:00+00:00,4.295,4.295,4.295,4.295,0.0,0.0,0.0,-1.6937514305332968,-1.400367309458217,0.0,0.0,0.7930097830131926,0.642119535847472,0.0,0.0,-0.008614668218859145,0
2025-09-21 12:00:00+00:00,4.309,4.309,4.309,4.309,16.17,0.0032543031974822,0.325960419091964,-1.373311970702673,-0.7142857142857117,0.1882229691365753,0.0,0.8267869290996719,0.6432002584733442,0.0,0.0,0.0016245068461360201,0
2025-09-21 13:00:00+00:00,4.309,4.309,4.309,4.309,0.0,0.0,0.0,-0.7828689845728709,-0.7142857142857117,0.0,0.0,0.8096132153262924,0.6432002584733442,0.0,0.0,0.0016245068461360201,0
2025-09-21 14:00:00+00:00,4.345,4.345,4.345,4.345,3.43,0.0083199000836544,0.8354606637270834,-0.5493247882810692,-1.5185856754306504,0.0401023017898124,0.0,0.8562350148419214,0.5681412313350666,0.0,0.0,-0.01403912543153052,0
2025-09-21 15:00:00+00:00,4.3,4.3,4.28,4.286,1710.87,-0.01367186166597,-1.357882623705409,-0.2095459837019864,-3.075531433740397,12.727754030326032,0.3255813952731261,0.7293801016388032,0.6232090307221075,0.4666355575206071,0.0,0.00116658889407395,0
2025-09-21 16:00:00+00:00,4.278,4.278,4.253,4.253,119.06,-0.0077292807798886,-0.7699486700886493,-0.9778812572759032,-3.252957233848952,0.8588638412922712,0.5843852266048531,0.7878807277751169,0.6301666281453315,0.5878203619591174,0.0,0.004702562896778728,0
2025-09-21 17:00:00+00:00,4.253,4.258,4.245,4.258,17.47,0.0011749501997912,0.1175640724194737,-0.8614668218859145,-3.1392174704276576,0.1266412345155237,0.0,0.7942004347619362,0.6317380948470632,0.3053076561049043,0.0,0.005401596993893865,0
2025-09-21 18:00:00+00:00,4.316,4.316,4.316,4.316,4.0,0.0135294809246005,1.362141850634102,0.162450684613602,-1.0091743119266194,0.02901239977857,0.0,0.99987055024599,0.6825288961086691,0.0,0.0,-0.03429101019462455,0
2025-09-21 19:00:00+00:00,4.316,4.316,4.316,4.316,0.0,0.0,0.0,0.162450684613602,-1.0091743119266194,0.0,0.0,0.99987055024599,0.6825288961086691,0.0,0.0,-0.02687673772011112,0
2025-09-21 20:00:00+00:00,4.31,4.311,4.284,4.284,27.55,-0.0074418948103858,-0.7414272474513428,-1.403912543153052,-1.945525291828798,0.1995388756760573,0.6263048015248687,0.9520021491493272,0.6949438017326952,0.6302521006932216,0.0233426703960529,-0.04154995331465916,0
2025-09-21 21:00:00+00:00,4.269,4.309,4.269,4.291,38.21,0.0016326534238855,0.1633986928104791,0.116658889407395,-2.5879682179341668,0.2901107244520838,0.4177303317665929,0.7771614268912105,0.6703471998710328,0.932183639959874,0.4194826379819381,-0.031461197855977785,0
2025-09-21 22:00:00+00:00,4.273,4.273,4.273,4.273,0.5,-0.0042036493474998,-0.4194826380797156,0.4702562896778728,-2.197299153124288,0.0038066597512058,0.0,0.7162080148440817,0.6567207145247328,0.0,0.0,-0.030891645214135233,0
2025-09-21 23:00:00+00:00,4.281,4.281,4.281,4.281,0.58,0.001870470500921,0.1872220922068734,0.5401596993893865,-1.5862068965517229,0.0044331916112975,0.0,0.7175329960956964,0.6548709355367649,0.0,0.0,-0.042279841158607834,0
2025-09-22 00:00:00+00:00,4.272,4.273,4.168,4.168,263.88,-0.0267503227117431,-2.6395701938799254,-3.429101019462455,-4.183908045977002,1.8611441720094064,2.457289959640221,1.0880066146702303,0.8435147861059719,2.519193857361026,0.0239923224510442,-0.03646833013435702,0
2025-09-22 01:00:00+00:00,4.176,4.2,4.176,4.2,366.19,0.0076482208382568,0.7677543186180413,-2.687673772011112,-3.248099516240499,2.356018079153585,0.0,1.207957835638495,0.8651152023678638,0.5714285712925175,0.0,-0.046666666666666856,0
2025-09-22 02:00:00+00:00,4.163,4.163,4.106,4.106,379.53,-0.0226352066925809,-2.23809523809525,-4.154995331465916,-5.565777368905245,2.226221783365408,1.3692048999833852,1.4213380234929949,0.9645721005045786,1.38821237180025,0.0,-0.03872381880175346,0
2025-09-22 03:00:00+00:00,4.156,4.156,4.156,4.156,2.43,0.012103754640239,1.2177301509985303,-3.1461197855977785,-4.415823367065319,0.0142452717274976,0.0,1.6023643983946074,1.0082436168680684,0.0,0.0,-0.0500481231953801,0
2025-09-22 04:00:00+00:00,4.141,4.141,4.141,4.141,12.07,-0.0036157686735506,-0.3609239653512897,-3.0891645214135233,-4.651162790697672,0.0739371911622048,0.0,1.603368675885919,1.0087219229577415,0.0,0.0,-0.04491668679063032,0
2025-09-22 05:00:00+00:00,4.106,4.106,4.1,4.1,4263.98,-0.0099503308531682,-0.990099009901002,-4.227984115860783,-6.1570153353170065,12.51626917146102,0.1461276180842413,1.570971904924824,1.0064868245737784,0.1463414633789466,0.0,-0.035365853658536506,0
2025-09-22 06:00:00+00:00,4.1,4.1,3.941,4.016,19780.12,-0.0207005913208339,-2.0487804878048688,-3.646833013435702,-8.079652094300748,16.98087874225193,2.0487804873051667,1.433824701340496,1.0695333958316873,3.959163345627694,0.0,-0.006972111553784854,0
2025-09-22 07:00:00+00:00,4.003,4.004,4.003,4.004,50.0,-0.002992520936454,-0.2988047808765048,-4.666666666666686,-7.805664287358982,0.0432129708052795,0.0,1.2866608435760614,1.0682836323457563,0.0249750249687736,0.0,-0.005994005994005902,0
2025-09-22 08:00:00+00:00,3.971,3.971,3.947,3.947,57.01,-0.0143380647722639,-1.4235764235764117,-3.8723818801753462,-9.658960860608834,0.0492148408513256,0.6043817676644725,1.132852266353834,1.0713805837217818,0.6080567518094617,0.0,0.012667848999239784,0
2025-09-22 09:00:00+00:00,3.966,3.966,3.948,3.948,103.35,0.000253324890525,0.0253356979984742,-5.00481231953801,-8.079161816065195,0.0911020505306321,0.4538577911109848,0.7947702929108938,1.038925590327373,0.4559270515562555,0.0,0.008105369807497542,0
2025-09-22 10:00:00+00:00,3.955,3.955,3.955,3.955,0.99,0.001771479648382,0.1773049645390045,-4.491668679063032,-7.916181606519201,0.0008729712878413,0.0,0.8868574459231895,1.0421520814239429,0.0,0.0,0.00935524652338815,0
2025-09-22 11:00:00+00:00,3.955,3.955,3.955,3.955,0.0,0.0,0.0,-3.5365853658536506,-7.916181606519201,0.0,0.0,0.9275511856387072,1.0421520814239429,0.0,0.0,0.00935524652338815,0
2025-09-22 12:00:00+00:00,3.958,4.005,3.94,3.988,2040.7,0.0083092508799746,0.8343868520859665,-0.6972111553784854,-7.449524251566498,1.6748831814039506,0.4244694131274709,0.7464886792405345,1.0611960465793049,1.629889668598321,0.4262788364026357,0.0005015045135405849,0
2025-09-22 13:00:00+00:00,4.016,4.016,3.98,3.98,253.02,-0.0020080328032455,-0.200601805416245,-0.5994005994005902,-7.635182176839173,0.2058820936742051,0.8964143424062722,0.7427437680674555,1.0593322159995688,0.9045226128380603,0.0,-0.010301507537688437,0
2025-09-22 14:00:00+00:00,4.017,4.021,3.995,3.997,372.74,0.0042622604328401,0.4271356783919655,1.2667848999239784,-8.009205983889522,0.2995474522210606,0.5968664509831225,0.3688745366182313,1.0430783958080123,0.6504878657366756,0.1000750562671706,-0.002501876407305481,0
2025-09-22 15:00:00+00:00,3.987,3.987,3.98,3.98,64.28,-0.0042622604328401,-0.4253189892419295,0.8105369807497542,-7.139524031731215,0.0546721450325323,0.1755706044204768,0.4509685265539255,1.020538538234356,0.1758793969407367,0.0,0.01155778894472359,0
2025-09-22 16:00:00+00:00,3.987,4.015,3.977,3.992,174.08,0.0030105391528712,0.3015075376884502,0.935524652338815,-6.1368445802962635,0.1477723371111778,0.5728518055858324,0.4561171986681677,1.022838433907346,0.9519038073767728,0.5761523044648839,-0.0045090180360720655,0
2025-09-22 17:00:00+00:00,3.971,4.012,3.971,3.992,82.53,0.0,0.0,0.935524652338815,-6.247064349459841,0.0698968936830644,0.4985044864161149,0.4561171986681677,1.0212135603489916,1.0270541079591418,0.5010020038825038,0.009769539078156253,0
2025-09-22 18:00:00+00:00,3.989,3.99,3.989,3.99,37.07,-0.0005011275474453,-0.0501002004007933,0.0501504513540584,-7.553290083410557,0.0313589918652039,0.0,0.3150825344557214,0.9628301406234876,0.025062656635331,0.0,0.01027568922305755,0
2025-09-22 19:00:00+00:00,3.969,3.975,3.939,3.939,157.7,-0.0128643469130033,-1.2781954887218117,-1.0301507537688437,-8.734939759036141,0.1326672861637995,0.9056603771306522,0.621721550908287,0.9794846602283692,0.913937547368892,0.1523229245614876,0.01396293475501409,0
2025-09-22 20:00:00+00:00,3.952,3.987,3.945,3.987,34.87,0.012112184410449,1.2185833968012094,-0.2501876407305481,-6.932773109243695,0.0293273403997464,0.0,0.8229604176841229,1.0280689686833766,1.0534236265228498,0.0,-0.006270378730875326,0
2025-09-22 21:00:00+00:00,3.987,4.028,3.986,4.026,34.65,0.0097342588183816,0.9781790820165392,1.155778894472359,-6.175716616173399,0.0291459459762332,0.0496524329568832,0.8879837572010798,1.056818816010813,1.0432190757468252,0.0496770988450821,-0.009687034277198192,0
2025-09-22 22:00:00+00:00,3.974,3.974,3.974,3.974,26.32,-0.0130001830879744,-1.2916045702930812,-0.4509018036072065,-6.99742569623214,0.0221191263141011,0.0,1.0703310082050908,1.0774714332252298,0.0,0.0,0.00704579768495206,0
2025-09-22 23:00:00+00:00,4.028,4.031,4.028,4.031,15.02,0.0142413400054035,1.4343231001509693,0.9769539078156252,-5.8397570661060545,0.0126163136410985,0.0,1.2355327545218056,1.1301978091951068,0.074423220026194,0.0,-0.007194244604316502,0
2025-09-23 00:00:00+00:00,4.053,4.06,4.031,4.031,1775.66,0.0,0.0,1.027568922305755,-3.286948176583504,1.4165470306603676,0.7142857141097798,1.2339802281986108,1.005774213392354,0.7194244602531796,0.1736541800611047,-0.003969238402381503,0
2025-09-23 01:00:00+00:00,4.031,4.031,3.994,3.994,108.49,-0.009221249141405,-0.9178863805507144,1.396293475501409,-4.904761904761901,0.0872965449307817,0.917886380323012,1.154354208004824,0.998767224687428,0.9263895841446064,0.0,0.007761642463695484,0
2025-09-23 02:00:00+00:00,3.987,3.987,3.962,3.962,964.88,-0.0080442867172642,-0.8012018027040546,-0.6270378730875326,-3.507062834875785,0.7614477988259134,0.6270378729302617,1.104286227573593,0.9086468093837954,0.6309944470896003,0.0,0.01590106007067149,0
2025-09-23 03:00:00+00:00,3.947,3.987,3.947,3.987,10.52,0.0062901201228587,0.630994447248856,-0.9687034277198192,-4.066410009624633,0.0082997891193407,0.0,1.0443519413402444,0.8780736039043459,1.0032605966884232,0.0,0.007775269626285386,0
2025-09-23 04:00:00+00:00,4.028,4.049,4.002,4.002,85.87,0.0037551677623236,0.3762227238525151,0.704579768495206,-3.35667713112775,0.0675834635507939,1.160780439328051,0.8921980611912042,0.8840602881203589,1.1744127933097568,0.5247376310533088,0.003998000999500206,0
2025-09-23 05:00:00+00:00,4.002,4.002,4.002,4.002,0.0,0.0,0.0,-0.7194244604316502,-2.3902439024390265,0.0,0.0,0.6240516278869325,0.8654656291267904,0.0,0.0,0.003998000999500206,0
2025-09-23 06:00:00+00:00,3.99,4.015,3.99,4.015,133.31,0.0032431112371834,0.3248375812094028,-0.3969238402381503,-0.02490039840638,0.4860110647614233,0.0,0.6500621226633782,0.7601940442338874,0.6226650060715522,0.0,0.0007471980074720275,0
2025-09-23 07:00:00+00:00,4.025,4.025,4.025,4.025,3.49,0.0024875634718019,0.2490660024906832,0.7761642463695484,0.5244755244755428,0.0128140991807134,0.0,0.5002400465472858,0.759076578090397,0.0,0.0,0.0007453416149065806,0
2025-09-23 08:00:00+00:00,4.025,4.025,4.025,4.025,0.0,0.0,0.0,1.590106007067149,1.9761844438814349,0.0,0.0,0.240384993891381,0.6930893282072416,0.0,0.0,0.0027329192546581282,0
2025-09-23 09:00:00+00:00,4.03,4.03,4.018,4.018,59.64,-0.0017406444777842,-0.1739130434782798,0.7775269626285386,1.773049645390068,0.2224048801777956,0.2977667493057763,0.2183522627212337,0.694984882523955,0.2986560477106494,0.0,0.0022399203583873817,0
2025-09-23 10:00:00+00:00,4.018,4.018,4.018,4.018,0.0,0.0,0.0,0.3998000999500206,1.5929203539822856,0.0,0.0,0.1848361193781135,0.6947738996994131,0.0,0.0,0.007715281234445204,0
2025-09-23 11:00:00+00:00,4.018,4.018,4.018,4.018,0.0,0.0,0.0,0.3998000999500206,1.5929203539822856,0.0,0.0,0.1848361193781135,0.6947738996994131,0.0,0.0,-0.007715281234444871,0
2025-09-23 12:00:00+00:00,4.018,4.018,4.018,4.018,0.0,0.0,0.0,0.0747198007472027,0.7522567703109218,0.0,0.0,0.1350913312813267,0.675424941131656,0.0,0.0,-0.006222000995520172,0
2025-09-23 13:00:00+00:00,4.036,4.036,4.028,4.028,2.22,0.0024857084635731,0.2488800398207979,0.074534161490658,1.2060301507537563,0.0128591908942281,0.1982160554513837,0.1350264396832494,0.6749415456786151,0.1986097318275548,0.0,-0.006206554121151786,0
2025-09-23 14:00:00+00:00,4.028,4.036,4.028,4.036,198.28,0.0019841276350466,0.1986097318768642,0.2732919254658128,0.9757317988491332,1.1990082844457943,0.0,0.1542980087506195,0.6710101225459899,0.1982160554513837,0.0,-0.011149653121902747,0
2025-09-23 15:00:00+00:00,4.04,4.051,4.027,4.027,146.46,-0.0022324206220453,-0.2229930624380482,0.2239920358387381,1.18090452261308,0.8676840135616792,0.5924463094069503,0.1689075064601906,0.6661336276341502,0.5959771540610938,0.2731561956113374,-0.004469828656568087,0
2025-09-23 16:00:00+00:00,4.028,4.052,4.028,4.049,261.63,0.005448255180707,0.546312391358339,0.7715281234445204,1.427855711422854,1.5172050519289295,0.0740375123212944,0.2643398310653801,0.6719782242222564,0.5927389477419766,0.0740923684677278,-0.004692516670782965,0
2025-09-23 17:00:00+00:00,4.03,4.03,3.987,3.987,27.65,-0.0154308686508061,-1.5312422820449534,-0.7715281234444871,-0.1252505010020055,0.1624985001447451,1.0669975183456617,0.7387778927090586,0.7474586809629826,1.0785051414400575,0.0,-0.004263857536995208,0
2025-09-23 18:00:00+00:00,3.96,3.993,3.96,3.993,3.18,0.0015037596818662,0.150489089541006,-0.6222000995520172,0.0751879699248059,0.0188451889456244,0.0,0.7465428371527902,0.7480552693139222,0.8264462807847598,0.0,-0.0012521913348358948,0
2025-09-23 19:00:00+00:00,4.003,4.003,4.003,4.003,2.0,0.0025012519293523,0.2504382669672012,-0.6206554121151786,1.6247778624016274,0.0123262132331411,0.0,0.7466899170266877,0.6968919367637103,0.0,0.0,0.01024231826130384,0
2025-09-23 20:00:00+00:00,3.991,3.991,3.991,3.991,25.0,-0.0030022539438396,-0.2997751686235284,-1.1149653121902747,0.1003260596940114,0.1544691795359984,0.0,0.733972006323908,0.6561098713625458,0.0,0.0,0.008268604359809473,0
2025-09-23 21:00:00+00:00,4.009,4.009,4.009,4.009,4.91,0.0045000075937731,0.451014783262349,-0.4469828656568086,-0.4222553402881135,0.0305718206887133,0.0,0.7774721902664795,0.6306981921050797,0.0,0.0,-0.01746071339486166,0
2025-09-23 22:00:00+00:00,4.012,4.03,4.012,4.03,1.99,0.0052245422982216,0.5238214018458365,-0.4692516670782964,1.4091595369904342,0.012469322750692,0.0,0.7739527804757587,0.57701362183745,0.4466501239586645,0.0,-0.005955334987593042,0
2025-09-23 23:00:00+00:00,4.0,4.0,3.97,3.97,35.0,-0.0150002812594925,-1.488833746898266,-0.4263857536995208,-1.5132721409079508,0.2181716179489696,0.7499999998124951,0.7576838138234447,0.5847467839499915,0.7556675061068798,0.0,0.01335012594458429,0
2025-09-24 00:00:00+00:00,3.968,4.006,3.968,3.988,122.08,0.0045237574004928,0.4534005037783339,-0.1252191334835894,-1.0667328206400373,1.33384321222252,0.4493260108713673,0.7848908985007775,0.5941000779784182,0.9528585754882566,0.4513540620733876,0.014794383149448365,0
2025-09-24 01:00:00+00:00,3.999,4.046,3.999,4.044,85.79,0.0139444490586329,1.4042126379137263,1.024231826130384,1.2518778167250666,0.9471272827532404,0.0494315373086098,0.9789516330282036,0.6323028077095725,1.1622156278036102,0.0494559841618721,0.0017309594460930278,0
2025-09-24 02:00:00+00:00,4.04,4.041,4.003,4.024,375.9,-0.0049578683607867,-0.4945598417408381,0.8268604359809473,1.564866229177175,5.692148499522618,0.4206879484234959,1.0007451120860753,0.6170860225951734,0.9443339957891878,0.0248508946260393,0.0027335984095426813,0
2025-09-24 03:00:00+00:00,3.968,3.968,3.939,3.939,274.64,-0.0213495488086692,-2.112326043737578,-1.746071339486166,-1.2039127163280705,3.5647471119686136,0.730846774009361,1.3385705846299252,0.7506518123270608,0.7362274687138268,0.0,0.021579080985021593,0
2025-09-24 04:00:00+00:00,3.939,4.031,3.917,4.006,112.26,0.0168663532548576,1.7009393247017002,-0.5955334987593042,0.0999500249875273,1.43659854004976,0.6201935002182469,1.5484389854823446,0.8268440371925043,2.845731402185286,0.6240639039879887,0.011233150274588155,0
2025-09-24 05:00:00+00:00,4.006,4.023,4.006,4.023,46.61,0.0042346557240244,0.4243634548177555,1.335012594458429,0.5247376311844132,0.5820066179611412,0.0,1.3916819794167536,0.8312578306445408,0.4225702211228873,0.0,0.01118568232662187,0
2025-09-24 06:00:00+00:00,4.03,4.047,4.03,4.047,189.41,0.0059479729260773,0.5965697240865042,1.4794383149448365,0.7970112079701108,2.2980375503982766,0.0,1.3976189863620694,0.8373488467717346,0.420064245016032,0.0,0.005189028910303817,0
2025-09-24 07:00:00+00:00,4.051,4.051,4.051,4.051,123.06,0.000987898326825,0.0988386459105594,0.1730959446093027,0.6459627329192585,1.4079353199280211,0.0,1.2795668737413752,0.8362281948694983,0.0,0.0,0.004196494692668251,0
2025-09-24 08:00:00+00:00,4.035,4.035,4.035,4.035,18.19,-0.0039574624986413,-0.3949642063687975,0.2733598409542681,0.248447204968949,0.2063235502599594,0.0,1.2719930969073108,0.8406702482695124,0.0,0.0,0.017100371747211796,0
2025-09-24 09:00:00+00:00,4.051,4.051,4.024,4.024,35.97,-0.002729868924474,-0.2726146220569991,2.1579080985021593,0.1493280238924921,0.4126123800873218,0.6665020980828218,0.7561838325471202,0.8418553512352527,0.6709741549028427,0.0,0.01988071570576544,0
2025-09-24 10:00:00+00:00,4.051,4.051,4.051,4.051,45.07,0.0066873314231154,0.6709741550695814,1.1233150274588155,0.8213041314086622,0.5060964768576491,0.0,0.4501643047740388,0.8526384867969025,0.0,0.0,0.0002468526289802764,0
2025-09-24 11:00:00+00:00,4.051,4.068,4.051,4.068,80.67,0.0041877139657597,0.4196494692668251,1.118568232662187,1.2444001991040343,0.8729063062075006,0.0,0.4496732382710547,0.8561882887676225,0.4178957717753319,0.0,-0.000983284169124743,0
2025-09-24 12:00:00+00:00,4.068,4.068,4.068,4.068,0.0,0.0,0.0,0.5189028910303817,1.2444001991040343,0.0,0.0,0.404678867576551,0.8561882887676225,0.0,0.0,-0.004178957718780629,0
2025-09-24 13:00:00+00:00,4.068,4.068,4.068,4.068,11.29,0.0,0.0,0.4196494692668251,0.9930486593843212,0.1216682232905919,0.0,0.4060744239292401,0.8552039844740216,0.0,0.0,-0.011061946902654829,0
2025-09-24 14:00:00+00:00,4.053,4.104,4.053,4.104,123.63,0.0088106296821549,0.8849557522123908,1.7100371747211796,1.684836471754214,1.3785234088464058,0.0,0.4459151695466002,0.8718514143231185,1.2426900581767362,0.0,-0.01583820662768043,0
2025-09-24 15:00:00+00:00,4.104,4.104,4.104,4.104,0.0,0.0,0.0,1.988071570576544,1.9120933697541531,0.0,0.0,0.3880641992866125,0.8697794855940013,0.0,0.0,-0.024853801169590684,0
2025-09-24 16:00:00+00:00,4.052,4.052,4.052,4.052,4.86,-0.0127515214820316,-1.2670565302144388,0.0246852628980276,0.0740923684860339,0.0666834366200917,0.0,0.7179906548577645,0.9059777473745854,0.0,0.0,-0.007897334649555776,0
2025-09-24 17:00:00+00:00,4.056,4.066,4.053,4.064,172.09,0.0029571238897438,0.2961500493583457,-0.0983284169124742,1.9312766491096145,2.1811153358405435,0.0491883915274937,0.7054243791060467,0.8452526643183446,0.319881889685066,0.049212598413082,-0.020177165354330673,0
2025-09-24 18:00:00+00:00,4.052,4.052,4.051,4.051,13.27,-0.0032039460556272,-0.3198818897637734,-0.4178957718780629,1.4525419484097135,0.1672961459039995,0.0246791707737575,0.7159825735583362,0.848995474899737,0.0246852628919425,0.0,-0.02196988397926436,0
2025-09-24 19:00:00+00:00,4.046,4.046,4.023,4.023,5.71,-0.0069358712529024,-0.6911873611454067,-1.106194690265483,0.4996252810392176,0.0718464926068342,0.5684626790488371,0.7572612489053038,0.8615720932238863,0.5717126521074682,0.0,-0.008451404424558717,0
2025-09-24 20:00:00+00:00,4.05,4.05,4.031,4.039,42.57,0.0039692436136247,0.3977131493910102,-1.583820662768043,1.2027060886995675,0.5307511285823997,0.271604938204545,0.637169217190696,0.8620314204315367,0.4704134685639018,0.0,-0.010646199554345093,0
2025-09-24 21:00:00+00:00,4.039,4.039,4.002,4.002,56.37,-0.0092029004197341,-0.9160683337459784,-2.4853801169590684,-0.1746071339486343,0.684506913972957,0.9160683335191692,0.6702170376736257,0.8795743135532564,0.9245377309034118,0.0,-0.002748625687156392,0
2025-09-24 22:00:00+00:00,4.0,4.03,3.996,4.02,320.51,0.0044876664693879,0.4497751124437732,-0.7897334649555776,-0.2481389578163906,3.351811586274018,0.2481389577548209,0.5953591281257746,0.8777715381214407,0.8457711440682225,0.2487562188436098,-0.03631840796019892,0
2025-09-24 23:00:00+00:00,4.008,4.02,3.982,3.982,52.85,-0.0094976969889249,-0.9452736318407816,-2.0177165354330673,0.3022670025188967,0.5484261501153743,0.9452736316056376,0.6323248736781488,0.843694275204112,0.9542943242204024,0.3013561023853843,-0.01406328478151686,0
2025-09-25 00:00:00+00:00,4.038,4.038,3.962,3.962,83.18,-0.0050352573656453,-0.5022601707684538,-2.196988397926436,-0.6519558676028048,0.8779277892514753,1.8821198608513832,0.6356164277871813,0.8445921072464165,1.9182231191523935,0.0,-0.007319535588086956,0
2025-09-25 01:00:00+00:00,3.989,3.989,3.989,3.989,6.25,0.0067916246469102,0.6814740030287592,-0.8451404424558717,-1.3600395647873298,0.0683570608279222,0.0,0.7352113772160034,0.8038819656775387,0.0,0.0,-0.014038606166959178,0
2025-09-25 02:00:00+00:00,3.954,4.007,3.95,3.996,111.46,0.0017532878630375,0.1754825770869938,-1.0646199554345093,-0.6958250497017926,1.386088542513023,0.2745195906477285,0.7078127193814285,0.799618278114631,1.4264264260694504,0.2752752752063794,-0.015765765765765827,0
2025-09-25 03:00:00+00:00,3.97,3.991,3.933,3.991,26.15,-0.0012520347197102,-0.125125125125125,-0.2748625687156392,1.320132013201314,0.3732537185556591,0.0,0.6086121308325765,0.6630708305209703,1.453269856814522,0.0,-0.011024805813079408,0
2025-09-25 04:00:00+00:00,3.926,3.933,3.874,3.874,264.74,-0.0297542610817927,-2.931596091205213,-3.631840796019892,-3.2950574138791877,3.464597499286688,1.5001271290363196,1.2833916437761077,0.8268477057455209,1.522973670231543,0.1806917913833958,0.01342281879194629,0
2025-09-25 05:00:00+00:00,3.926,3.926,3.926,3.926,5.07,0.0133335308694651,1.342281879194629,-1.406328478151686,-2.4111359681829314,0.0678877687075607,0.0,1.4871371217970435,0.8733403877373616,0.0,0.0,0.0,0
2025-09-25 06:00:00+00:00,3.926,3.933,3.926,3.933,12.77,0.001781397595403,0.1782985226693734,-0.7319535588086956,-2.8169014084507005,0.1896851577896353,0.0,1.4886538775402665,0.8629729066599917,0.1779811848009118,0.0,-0.011441647597253968,0
2025-09-25 07:00:00+00:00,3.933,3.933,3.933,3.933,0.0,0.0,0.0,-1.4038606166959178,-2.9128610219698925,0.0,0.0,1.44055535779304,0.8621238285527812,0.0,0.0,0.0043224002034072395,0
2025-09-25 08:00:00+00:00,3.933,3.933,3.933,3.933,0.0,0.0,0.0,-1.576576576576583,-2.5278810408921992,0.0,0.0,1.4323063966889835,0.8604667935127257,0.0,0.0,0.009407576913297744,0
2025-09-25 09:00:00+00:00,3.934,3.947,3.934,3.947,2.57,0.0035533032310376,0.355962369692353,-1.1024805813079408,-1.913518886679921,0.0428012324083137,0.0,1.4549330554754871,0.8647347125802158,0.3293640738967889,0.0,-0.009880922219407173,0
2025-09-25 10:00:00+00:00,3.926,3.926,3.926,3.926,16.54,-0.0053347008264406,-0.53204965796807,1.342281879194629,-3.0856578622562303,0.2810236805729039,0.0,0.6203400874112865,0.8542025401018767,0.0,0.0,-0.013499745287824716,0
2025-09-25 11:00:00+00:00,3.926,3.926,3.926,3.926,0.0,0.0,0.0,0.0,-3.490658800393298,0.0,0.0,0.2975176436860098,0.8467372299858179,0.0,0.0,-0.0366785532348447,0
2025-09-25 12:00:00+00:00,3.885,3.888,3.841,3.888,2195.98,-0.0097262092560767,-0.967906265919516,-1.1441647597253968,-4.424778761061942,14.939232282358558,0.0,0.4766829288831002,0.8624728288628272,1.2088477363145893,0.0,-0.0002572016460905546,0
2025-09-25 13:00:00+00:00,3.926,3.95,3.926,3.95,48.27,0.0158206923148379,1.5946502057613277,0.4322400203407239,-2.9006882989183747,0.3249739118704348,0.0,0.8750748511269082,0.9349279989416358,0.6075949365550398,0.0,-0.012658227848101333,0
2025-09-25 14:00:00+00:00,3.94,3.97,3.94,3.97,22.86,0.0050505157860685,0.5063291139240533,0.9407576913297744,-3.2651072124756264,0.1583801713002909,0.0,0.8909245986262948,0.9204147740583026,0.755667506106891,0.0,-0.035264483627204024,0
2025-09-25 15:00:00+00:00,3.926,3.926,3.908,3.908,1279.19,-0.0157403605185628,-1.5617128463476182,-0.9880922219407172,-4.775828460038989,6.472459869339792,0.4584819153187829,1.1226618251324192,0.9651240690568812,0.4605936539251357,0.0,-0.024053224155578312,0
2025-09-25 16:00:00+00:00,3.919,3.946,3.873,3.873,12360.28,-0.0089963336479211,-0.89559877175025,-1.3499745287824716,-4.417571569595246,17.349100632305163,1.8499746574125748,1.1561185921799124,0.9499261321516748,1.8848437898567392,0.697134004467565,-0.015233668990446758,0
2025-09-25 17:00:00+00:00,3.862,3.862,3.782,3.782,396.34,-0.0237764302963494,-2.349599793441781,-3.66785532348447,-6.938976377952755,0.5491080319545724,2.0714655613486643,1.4364423405168931,1.0428990400224498,2.1152829185311273,0.0,0.0005288207297724501,0
2025-09-25 18:00:00+00:00,3.78,3.887,3.78,3.887,1356.67,0.0273846816338204,2.7763088313061957,-0.0257201646090554,-4.048383115280185,1.7443214600812338,0.0,1.9594506275605896,1.2132515212120356,2.7527656283116166,0.0,-0.010805248263442202,0
2025-09-25 19:00:00+00:00,3.892,3.901,3.883,3.9,39.95,0.0033389012655146,0.3344481605351168,-1.265822784810133,-3.05741983594332,0.0512711644617661,0.0256344526978606,1.8185385538512857,1.2121809568385944,0.461538461420113,0.0256410256344481,-0.016666666666666607,0
2025-09-25 20:00:00+00:00,3.861,3.861,3.83,3.83,32.03,-0.018111749943046,-1.7948717948717885,-3.5264483627204024,-5.174548155484027,0.0411299500321301,0.8029008026928549,1.8805844941768617,1.2535875947266446,0.8093994775954606,0.0,0.0033942558746735685,0
2025-09-25 21:00:00+00:00,3.815,3.815,3.814,3.814,31.85,-0.0041862960143272,-0.4177545691905981,-2.405322415557831,-4.697651174412787,0.0409525375946875,0.0262123197834276,1.8188371870275328,1.245584089564816,0.0262191924419952,0.0,0.0,0
2025-09-25 22:00:00+00:00,3.814,3.814,3.814,3.814,0.0,0.0,0.0,-1.5233668990446758,-5.124378109452721,0.0,0.0,1.8070269837533832,1.2387636084808176,0.0,0.0,-0.010487676979548999,0
2025-09-25 23:00:00+00:00,3.805,3.805,3.782,3.784,49.89,-0.0078968559885955,-0.7865757734661805,0.052882072977245,-4.972375690607745,0.0652795436057512,0.5519053875027936,1.5290149513625435,1.2350842109938562,0.6078224099873655,0.0,0.016120507399577377,0
2025-09-26 00:00:00+00:00,3.825,3.845,3.825,3.845,31.26,0.0159919517679756,1.6120507399577375,-1.0805248263442202,-2.9530540131246896,0.0410188670166743,0.0,1.1446749914611385,1.287030976899575,0.5201560466787635,0.0,-0.00676202860858266,0
2025-09-26 01:00:00+00:00,3.835,3.836,3.835,3.835,11.79,-0.0026041681383878,-0.2600780234070288,-1.6666666666666607,-3.8606166959137656,0.0154659629660601,0.0260688216824609,1.1165708547593989,1.2757502598164678,0.026075619289156,0.026075619289156,-0.004172099087353276,0
2025-09-26 02:00:00+00:00,3.855,3.863,3.835,3.843,15.11,0.0020838767634874,0.2086049543676749,0.3394255874673568,-3.828828828828834,0.0199260301626557,0.5177323322501345,0.8304679396342253,1.2761504063654747,0.7285974497193352,0.20817069991981,-0.006245120999219367,0
2025-09-26 03:00:00+00:00,3.814,3.814,3.814,3.814,13.1,-0.0075748044044795,-0.7546187874056698,0.0,-4.434978702079684,0.0172877765961547,0.0,0.8793233212856312,1.2818569505120538,0.0,0.0,0.00498164656528588,0
2025-09-26 04:00:00+00:00,3.822,3.822,3.774,3.774,565.19,-0.0105430602318688,-1.0487676979549,-1.0487676979549,-2.581311306143519,0.7337465671275414,1.255886969844091,0.9790146586125008,1.1538870881576384,1.2718600950525023,0.0,0.007949125596184325,0
2025-09-26 05:00:00+00:00,3.845,3.845,3.845,3.845,31.04,0.0186381560112489,1.8812930577636555,1.6120507399577375,-2.0631686194600096,0.0402405270333109,0.0,1.216682080223126,1.1873121637060695,0.0,0.0,-0.010663198959688036,0
2025-09-26 06:00:00+00:00,3.817,3.827,3.817,3.819,160.9,-0.0067849947142282,-0.676202860858266,-0.676202860858266,-2.898550724637683,0.2069363548524974,0.2090410242463965,1.0633929992595172,1.1918666819147383,0.2618486514108746,0.2094789211287043,0.01256873527101332,0
2025-09-26 07:00:00+00:00,3.819,3.819,3.819,3.819,0.0,0.0,0.0,-0.4172099087353276,-2.898550724637683,0.0,0.0,1.0614896301706296,1.1918666819147383,0.0,0.0,0.01911495155799936,0
2025-09-26 08:00:00+00:00,3.819,3.819,3.819,3.819,0.0,0.0,0.0,-0.6245120999219367,-2.898550724637683,0.0,0.0,1.0539541820551137,1.1918666819147383,0.0,0.0,0.012306886619533941,0
2025-09-26 09:00:00+00:00,3.833,3.833,3.833,3.833,11.45,0.0036591781550388,0.36658811207122,0.498164656528588,-2.888269571826696,0.0147190446118626,0.0,1.013752527921402,1.192053197872276,0.0,0.0,0.017740673102008664,0
2025-09-26 10:00:00+00:00,3.804,3.804,3.804,3.804,5.68,-0.0075946417152742,-0.7565875293503832,0.7949125596184325,-3.107488537952119,0.0073059243264355,0.0,0.9529290187804546,1.1963288254022646,0.0,0.0,0.032860147213459534,0
2025-09-26 11:00:00+00:00,3.804,3.804,3.804,3.804,0.0,0.0,0.0,-1.0663198959688036,-3.107488537952119,0.0,0.0,0.4426050531946423,1.1963288254022646,0.0,0.0,0.0362776025236593,0
2025-09-26 12:00:00+00:00,3.824,3.868,3.824,3.867,37.9,0.0164258679420162,1.6561514195583715,1.256873527101332,-0.5401234567901203,0.0551247670559627,0.0258531540781116,0.7935686547894718,1.234869517153078,1.1378329451414977,0.0258598396623038,0.02560124127230412,0
2025-09-26 13:00:00+00:00,3.885,3.892,3.855,3.892,147.11,0.0064441516985984,0.6464959917248381,1.911495155799936,-1.468354430379759,0.2126944099218652,0.0,0.8033075301401892,1.1961194305576976,0.950668036754708,0.0,0.005652620760534521,0
2025-09-26 14:00:00+00:00,3.879,3.882,3.866,3.866,96.31,-0.0067027835376194,-0.6680369989722434,1.230688661953394,-2.6196473551637345,0.1386333865927672,0.4121586809860491,0.8971016221283774,1.1959695626190636,0.4138644592824979,0.0775995861154712,0.01422659079151578,0
2025-09-26 15:00:00+00:00,3.9,3.901,3.9,3.901,16.36,0.0090125497383801,0.9053285049146264,1.7740673102008664,-0.1791197543500544,0.025479211509732,0.0,0.941943334278826,1.1707455788587728,0.0256344526978606,0.0,0.0012817226352217492,0
2025-09-26 16:00:00+00:00,3.906,3.929,3.906,3.929,23.11,0.0071520100518032,0.7177646757241751,3.2860147213459534,1.4459075651949371,0.1804857730441738,0.0,0.7929901204136129,1.1636240997937892,0.5853906845035831,0.0,-0.0010180707559175328,0
2025-09-26 17:00:00+00:00,3.933,3.961,3.933,3.942,101.22,0.0033032681542057,0.3308729956732037,3.6277602523659302,4.230565838180866,0.874496025795923,0.4796768491593768,0.7588273216459948,1.0419236919524295,0.7102993402561397,0.4819888380309435,-0.008371385083713934,0
2025-09-26 18:00:00+00:00,3.962,3.967,3.946,3.966,118.16,0.0060698213670757,0.60882800608828,2.560124127230412,2.032415744790339,1.8421603081412907,0.0252079657108094,0.5658289907137081,0.8940581929830715,0.5295007562961396,0.0252143217283849,-0.014372163388804982,0
2025-09-26 19:00:00+00:00,3.94,3.941,3.914,3.914,29.56,-0.0131981611237197,-1.3111447302067591,0.5652620760534521,0.3589743589743621,0.4639834665268365,0.6851053030486841,0.8876429125976227,0.9366587728366784,0.689831374376632,0.0255493101620949,-0.0038323965252938796,0
2025-09-26 20:00:00+00:00,3.922,3.922,3.921,3.921,26.93,0.0017868543363099,0.178845171180364,1.422659079151578,2.3759791122715423,0.4241167515288338,0.0254971953020235,0.8053036600484401,0.852254186262006,0.0255036980297193,0.0,-0.005610813567967332,0
2025-09-26 21:00:00+00:00,3.917,3.917,3.904,3.906,223.32,-0.0038328908557073,-0.3825554705432221,0.1281722635221749,2.4121657052962764,3.124467322256167,0.2808271635739445,0.7625056929109684,0.8513530858952765,0.3328213004780257,0.0,-0.0017921146953405742,0
2025-09-26 22:00:00+00:00,3.919,3.925,3.918,3.925,95.45,0.0048525187798844,0.486431131592413,-0.1018070755917532,2.910330361824842,1.2650482648768726,0.0,0.7255393683414165,0.8546476888922664,0.1783439489991397,0.0,-0.0058598726114649224,0
2025-09-26 23:00:00+00:00,3.912,3.926,3.909,3.909,67.53,-0.004084764423554,-0.4076433121019129,-0.8371385083713934,3.303382663847776,0.8863755687668038,0.4330106978010759,0.7174563114621015,0.8404393828432629,0.4348938346290972,0.3581478638121964,-0.006395497569710917,0
2025-09-27 00:00:00+00:00,3.909,3.909,3.909,3.909,0.0,0.0,0.0,-1.4372163388804982,1.6644993498049263,0.0,0.0,0.6282988062661926,0.7806048963971948,0.0,0.0,-0.006395497569710917,0
2025-09-27 01:00:00+00:00,3.9,3.929,3.899,3.899,30.28,-0.0025614768103574,-0.2558199027884345,-0.3832396525293879,1.6688396349413326,0.4002401264466206,0.7635530667438095,0.3527605748672949,0.7805271007968833,0.7694280582791876,0.7437804563365507,-0.0030777122339061824,0
2025-09-27 02:00:00+00:00,3.899,3.899,3.899,3.899,0.0,0.0,0.0,-0.5610813567967332,1.4571948998178597,0.0,0.0,0.3352849289105652,0.78006759062467,0.0,0.0,-0.008207232623749672,0
2025-09-27 03:00:00+00:00,3.899,3.899,3.899,3.899,0.0,0.0,0.0,-0.1792114695340574,2.228631358154165,0.0,0.0,0.3041616751489784,0.7606239421908294,0.0,0.0,-0.011797896896640125,0
2025-09-27 04:00:00+00:00,3.902,3.902,3.902,3.902,34.63,0.0007691322004591,0.0769428058476462,-0.5859872611464922,3.391626921038693,0.6612248794565607,0.0,0.1901646291464329,0.7205032965555519,0.0,0.0,-0.01255766273705794,0
2025-09-27 05:00:00+00:00,3.884,3.884,3.884,3.884,4.99,-0.004623691771841,-0.4613018964633619,-0.6395497569710917,1.0143042912873712,0.0972954528817885,0.0,0.2081842113008211,0.6290416027883292,0.0,0.0,-0.00798146240988662,0
2025-09-27 06:00:00+00:00,3.884,3.884,3.884,3.884,0.0,0.0,0.0,-0.6395497569710917,1.702016234616388,0.0,0.0,0.2081842113008211,0.6102152864249173,0.0,0.0,-0.001544799176107059,0
2025-09-27 07:00:00+00:00,3.887,3.887,3.887,3.887,2.0,0.0007721014410076,0.0772399588053529,-0.3077712233906182,1.780570830060224,0.0447765370935599,0.0,0.2048542858898894,0.6100319339952759,0.0,0.0,-0.009004373552868539,0
2025-09-27 08:00:00+00:00,3.875,3.886,3.867,3.867,162.1,-0.005158639244926,-0.5145356315924832,-0.8207232623749672,1.256873527101332,3.152444311131551,0.4889346370332161,0.2751672525782845,0.6217120263283757,0.4913369535838314,0.2844582362853772,0.004396172743728943,0
2025-09-27 09:00:00+00:00,3.862,3.862,3.853,3.853,55.45,-0.0036269469811393,-0.3620377553659071,-1.1797896896640123,0.5217845030002666,1.0412412271240743,0.2330398756517218,0.2787739384048076,0.6235056930805407,0.2335842200276162,0.0,0.008824292758889074,0
2025-09-27 10:00:00+00:00,3.853,3.853,3.853,3.853,0.0,0.0,0.0,-1.255766273705794,1.2881177707676272,0.0,0.0,0.2650456474311992,0.6010031203871724,0.0,0.0,0.008824292758889074,0
2025-09-27 11:00:00+00:00,3.853,3.853,3.853,3.853,0.0,0.0,0.0,-0.7981462409886619,1.2881177707676272,0.0,0.0,0.2435561023601521,0.6010031203871724,0.0,0.0,0.007007526602647252,0
2025-09-27 12:00:00+00:00,3.878,3.878,3.878,3.878,4.0,0.0064674911764395,0.6488450558006731,-0.1544799176107059,0.2844582363589421,0.0775124948511837,0.0,0.4044565159391915,0.5146884035750925,0.0,0.0,-0.002062919030428101,0
2025-09-27 13:00:00+00:00,3.853,3.853,3.852,3.852,3.47,-0.006727062884581,-0.6704486848891245,-0.9004373552868539,-1.0277492291880796,0.0760638249273195,0.0259538022252996,0.4758409540128433,0.5145260586271027,0.0259605399725007,0.0,0.004672897196261738,0
2025-09-27 14:00:00+00:00,3.87,3.884,3.87,3.884,119.57,0.0082730564931992,0.8307372793354029,0.4396172743728943,0.465597516813232,2.5664994230889064,0.0,0.5752791896054626,0.5258364436866999,0.360453140998848,0.0,-0.001544799176107059,0
2025-09-27 15:00:00+00:00,3.887,3.887,3.887,3.887,1.28,0.0007721014410076,0.0772399588053529,0.8824292758889074,-0.3588823378620764,0.027850052127584,0.0,0.5352700265399348,0.4915325150477124,0.0,0.0,-0.006688963210702337,0
2025-09-27 16:00:00+00:00,3.887,3.887,3.887,3.887,0.0,0.0,0.0,0.8824292758889074,-1.0689742937134097,0.0,0.0,0.5352700265399348,0.4663756425147451,0.0,0.0,0.0028299459737586297,0
2025-09-27 17:00:00+00:00,3.88,3.88,3.88,3.88,2.06,-0.0018024982349041,-0.1800874710573774,0.7007526602647252,-1.572805682394729,0.0504088582544404,0.0,0.5499875788598961,0.4601241831467814,0.0,0.0,0.003350515463917514,0
2025-09-27 18:00:00+00:00,3.87,3.87,3.87,3.87,25.78,-0.0025806465934916,-0.2577319587628857,-0.2062919030428101,-2.4205748865355536,0.696443043655205,0.0,0.4969727914561244,0.4384824829964611,0.0,0.0,0.001033591731266048,0
2025-09-27 19:00:00+00:00,3.87,3.87,3.87,3.87,0.0,0.0,0.0,0.4672897196261738,-1.124169647419515,0.0,0.0,0.3881390130758461,0.3536852741107801,0.0,0.0,-0.008268733850129162,0
2025-09-27 20:00:00+00:00,3.882,3.884,3.859,3.878,41.22,0.0020650497787696,0.2067183462532318,-0.1544799176107059,-1.0966590155572442,1.1330271551462043,0.1544799175709316,0.1695344128981097,0.3545020864208466,0.6446621968425293,0.0515729757473968,-0.010056730273336756,0
2025-09-27 21:00:00+00:00,3.862,3.862,3.861,3.861,31.93,-0.0043933395383607,-0.4383702939659617,-0.6688963210702337,-1.1520737327188946,1.124064892734797,0.0258933195168554,0.2278919652407627,0.3569966851017817,0.0259000258933149,0.0,-0.009583009583009727,0
2025-09-27 22:00:00+00:00,3.898,3.898,3.898,3.898,73.94,0.0095373838032698,0.9583009583009616,0.2829945973758629,-0.6878980891719677,2.687790618323142,0.0,0.49619611297369,0.3979028595720899,0.0,0.0,-0.021292970754232976,0
2025-09-27 23:00:00+00:00,3.893,3.893,3.893,3.893,4.13,-0.0012835324570504,-0.1282709081580346,0.3350515463917514,-0.4093118444615018,0.1660774424811316,0.0,0.4918739724548223,0.3903164426106378,0.0,0.0,-0.01695350629334702,0
2025-09-28 00:00:00+00:00,3.874,3.874,3.874,3.874,6.0,-0.0048925036435144,-0.4880554842024098,0.1033591731266048,-0.8953696597595262,0.2388733141918395,0.0,0.5290250127359316,0.4019868794497154,0.0,0.0,-0.01548786783686118,0
2025-09-28 01:00:00+00:00,3.849,3.849,3.838,3.838,10.43,-0.009336167399296,-0.929272070211673,-0.8268733850129162,-1.564503718902277,0.4293800816317783,0.2857885164235447,0.6569404094282607,0.4399989139592611,0.2866076080545608,0.0,-0.0062532569046378494,0
2025-09-28 02:00:00+00:00,3.859,3.859,3.839,3.839,3.47,0.0002605184331525,0.0260552371026623,-1.0056730273336756,-1.538856116953069,0.1420069912125357,0.5182689814671502,0.6419527408030777,0.4402001424684614,0.5209690022086566,0.0,-0.007293566032821053,0
2025-09-28 03:00:00+00:00,3.832,3.832,3.824,3.824,159.91,-0.0039149208295058,-0.3907267517582746,-0.9583009583009728,-1.9235701461913337,5.142076209706551,0.2087682671689019,0.6382015056778826,0.444929760490878,0.2092050208657938,0.0,-0.007322175732217606,0
2025-09-28 04:00:00+00:00,3.822,3.822,3.815,3.815,17.26,-0.0023563304527344,-0.2353556485355623,-2.1292970754232976,-2.2296258329062013,0.5682382474195274,0.1831501831022662,0.3361211264472798,0.444682880037769,0.1834862384840171,0.0,-0.004980340760157298,0
2025-09-28 05:00:00+00:00,3.827,3.827,3.827,3.827,6.5,0.0031405417071448,0.3145478374836141,-1.695350629334702,-1.4675592173017504,0.2135523613892873,0.0,0.4316986664624443,0.4449575586135723,0.0,0.0,-0.008100339691664571,0
2025-09-28 06:00:00+00:00,3.814,3.814,3.814,3.814,6.14,-0.0034026992653378,-0.3396916644891501,-1.548786783686118,-1.8022657054582836,0.2000434404800155,0.0,0.4217701746258113,0.4483177901009534,0.0,0.0,-0.004719454640797149,0
2025-09-28 07:00:00+00:00,3.814,3.814,3.814,3.814,0.0,0.0,0.0,-0.6253256904637849,-1.8780550553125777,0.0,0.0,0.2676936320453512,0.4474484023843446,0.0,0.0,0.0034084950183534968,0
2025-09-28 08:00:00+00:00,3.826,3.83,3.811,3.811,15.65,-0.0007868852865041,-0.0786575773466191,-0.7293566032821053,-1.4481510214636728,0.638569169800019,0.4960835507843156,0.2608000520644135,0.4376823911253941,0.4985568091056038,0.104959328232758,0.0041983731304120475,0
2025-09-28 09:00:00+00:00,3.805,3.805,3.796,3.796,62.83,-0.0039437411440417,-0.3935974809761267,-0.7322175732217606,-1.4793667272255506,2.5318938159061575,0.2365308803583451,0.2613976276102878,0.4386791349110335,0.2370916753853905,0.0,0.008166491043203328,0
2025-09-28 10:00:00+00:00,3.796,3.796,3.796,3.796,0.0,0.0,0.0,-0.4980340760157298,-1.4793667272255506,0.0,0.0,0.2586851310387602,0.4386791349110335,0.0,0.0,0.023972602739726012,0
2025-09-28 11:00:00+00:00,3.796,3.796,3.796,3.796,0.0,0.0,0.0,-0.8100339691664571,-1.4793667272255506,0.0,0.0,0.1828960386472859,0.4386791349110335,0.0,0.0,0.022918861959957848,0
2025-09-28 12:00:00+00:00,3.796,3.796,3.796,3.796,0.0,0.0,0.0,-0.4719454640797149,-2.1144920061887618,0.0,0.0,0.1577496640953298,0.4123140235674309,0.0,0.0,0.027660695468914698,0
2025-09-28 13:00:00+00:00,3.832,3.832,3.827,3.827,5.8,0.0081333256958837,0.8166491043203328,0.3408495018353497,-0.6490134994807883,0.2343828927334136,0.1304801669805608,0.4009826492312575,0.4319665995282483,0.1306506401539949,0.0,0.008884243532793379,0
2025-09-28 14:00:00+00:00,3.827,3.827,3.827,3.827,0.0,0.0,0.0,0.4198373130412047,-1.4675592173017504,0.0,0.0,0.3969348677898974,0.3919763378213882,0.0,0.0,0.027175333159132453,0
2025-09-28 15:00:00+00:00,3.827,3.827,3.827,3.827,0.0,0.0,0.0,0.8166491043203328,-1.5436068947774606,0.0,0.0,0.3320416311130338,0.3911034016010459,0.0,0.0,0.03214005748628179,0
2025-09-28 16:00:00+00:00,3.867,3.887,3.867,3.887,29.14,0.0155564454265208,1.567807682257638,2.397260273972601,0.0,1.392620322918765,0.0,0.6551637533904402,0.5124106518576392,0.5145356314601147,0.0,0.030872137895549212,0
2025-09-28 17:00:00+00:00,3.883,3.883,3.883,3.883,25.0,-0.0010296011205558,-0.1029071263184966,2.291886195995785,0.0773195876288657,1.1425742196647994,0.0,0.6687802462677549,0.511470575158385,0.0,0.0,0.02910121040432645,0
2025-09-28 18:00:00+00:00,3.892,3.901,3.892,3.901,19.7,0.0046248797749891,0.4635591037857267,2.7660695468914698,0.8010335917312483,0.9108949041096944,0.0,0.642689010896318,0.5165888568160892,0.2307100742807689,0.0,0.02384004101512449,0
2025-09-28 19:00:00+00:00,3.862,3.862,3.861,3.861,4.0,-0.01030671324242,-1.0253781081773772,0.8884243532793379,-0.2325581395348774,0.1835388586093007,0.0258933195168554,0.8457445092320178,0.56045093468421,0.0259000258933149,0.0,0.029785029785029726,0
2025-09-28 20:00:00+00:00,3.903,3.935,3.899,3.931,76.59,0.0179676291576239,1.8130018130018133,2.7175333159132453,1.3666838576585905,3.2917159126123585,0.1016518424138115,1.0711647963990607,0.6703541111037394,0.915797506762708,0.1017552785291897,0.011447468837445962,0
2025-09-28 21:00:00+00:00,3.946,3.95,3.933,3.95,43.63,0.0048217324733072,0.4833375731366107,3.2140057486281792,2.3051023051023023,1.8366659649826644,0.0,1.0487867322809257,0.6670985503551685,0.430379746726495,0.0,0.0037974683544304,0
2025-09-28 22:00:00+00:00,3.961,4.021,3.961,4.007,165.39,0.0143272527409768,1.4430379746835251,3.087213789554921,2.7963057978450445,5.9999093064316575,0.348172096406827,1.0256254114836196,0.7002493715327052,1.497379585351292,0.349388569915307,-0.01048165710007487,0
2025-09-28 23:00:00+00:00,4.008,4.008,3.994,3.996,2.91,-0.0027489708677003,-0.2745195907162379,2.910121040432645,2.6457744669920347,0.1057620958544128,0.2994011975300897,1.048221078534717,0.7030959477595667,0.3503503502626698,0.0,-0.008758758758758756,0
2025-09-29 00:00:00+00:00,3.97,3.994,3.969,3.994,69.46,-0.0005006257926835,-0.0500500500500433,2.384004101512449,3.097573567372236,2.3031458531171443,0.0,1.070398168712589,0.6924888816913476,0.6259389082058329,0.0,-0.00826239359038572,0
2025-09-29 01:00:00+00:00,3.996,3.996,3.966,3.976,267.73,-0.0045169461992958,-0.4506760140210342,2.9785029785029726,3.595622720166758,6.549235049936101,0.5005005003752506,0.9338031124187638,0.666908475673853,0.7545271627880918,0.0,-0.010814889336016154,0
2025-09-29 02:00:00+00:00,3.978,4.098,3.976,3.976,901.08,0.0,0.0,1.1447468837445962,3.5686376660588603,11.51098620322545,2.977061980727898,0.6857641180538544,0.6671353768294921,3.068410462004924,3.018108651152379,-0.014336016096579418,0
2025-09-29 03:00:00+00:00,3.965,3.965,3.965,3.965,16.26,-0.0027704337075162,-0.2766599597585517,0.37974683544304,3.6872384937238545,0.22491311589423,0.0,0.6910302141523873,0.6635248427993844,0.0,0.0,-0.0055485498108448494,0
2025-09-29 04:00:00+00:00,3.965,3.965,3.965,3.965,0.0,0.0,0.0,-1.048165710007487,3.931847968545221,0.0,0.0,0.1864453112733139,0.6592869524705742,0.0,0.0,-0.0055485498108448494,0
2025-09-29 05:00:00+00:00,3.962,3.962,3.961,3.961,6.18,-0.0010093364470316,-0.1008827238335396,-0.8758758758758756,3.5014371570420755,0.0863585814170255,0.0252397778835925,0.1813759668138979,0.6605305146066041,0.0252461499557655,0.0,-0.004544306993183533,0
2025-09-29 06:00:00+00:00,3.961,3.961,3.961,3.961,0.0,0.0,0.0,-0.8262393590385719,3.854221289984272,0.0,0.0,0.1877460106048911,0.6533098835787642,0.0,0.0,-0.01186569048220143,0
2025-09-29 07:00:00+00:00,3.941,3.941,3.933,3.933,38.79,-0.007094025190107,-0.706892198939657,-1.0814889336016154,3.1200839014158266,0.5319345880828005,0.2029941638662792,0.2804021594876986,0.6763896762961001,0.2034070683439089,0.0,0.0030511060259343914,0
2025-09-29 08:00:00+00:00,3.931,3.931,3.919,3.919,15.17,-0.003565974232178,-0.3559623696923419,-1.4336016096579418,2.833901863028077,0.2080861424476787,0.3052658355875693,0.2719715832269052,0.6824340884480056,0.3062005612895638,0.0,0.02219954069915797,0
2025-09-29 09:00:00+00:00,3.943,3.943,3.943,3.943,21.23,0.0061053356779957,0.6124011227353954,-0.5548549810844849,3.872497365648053,0.2983033382860321,0.0,0.4385785366504891,0.6805560767115564,0.0,0.0,0.008115647983768737,0
2025-09-29 10:00:00+00:00,3.943,3.943,3.943,3.943,0.0,0.0,0.0,-0.5548549810844849,3.872497365648053,0.0,0.0,0.4385785366504891,0.6805560767115564,0.0,0.0,0.008115647983768737,0
2025-09-29 11:00:00+00:00,3.943,3.943,3.943,3.943,0.0,0.0,0.0,-0.4544306993183533,3.872497365648053,0.0,0.0,0.44013406077281,0.6805560767115564,0.0,0.0,-0.0065939639868121125,0
2025-09-29 12:00:00+00:00,3.918,3.918,3.914,3.914,42.95,-0.0073819859216056,-0.7354805985290369,-1.186569048220143,3.10853530031614,0.5886888138764886,0.1020929045170769,0.5119823004151042,0.7042899124091123,0.1021972406483911,0.0,0.0007664793050585761,0
2025-09-29 13:00:00+00:00,3.901,3.946,3.867,3.945,148.45,0.0078890853239529,0.7920286152273803,0.3051106025934391,3.0833551084400224,1.881435949407413,0.0253421185947012,0.5747623139079184,0.7032728141014667,2.002534853738272,0.0253485424523915,0.0005069708491762803,0
2025-09-29 14:00:00+00:00,3.961,4.006,3.961,4.006,166.03,0.0153442829457891,1.546261089987344,2.219954069915797,4.67729291873531,1.9346212293857643,0.0,0.7862619773463843,0.7588231394798725,1.123315027178413,0.0,0.0007488766849725881,0
2025-09-29 15:00:00+00:00,3.975,3.975,3.975,3.975,2.4,-0.0077684891373313,-0.7738392411382966,0.8115647983768737,3.867258949568853,0.0279328254340642,0.0,0.8962577369817051,0.7834695770703828,0.0,0.0,0.008553459119496898,0
2025-09-29 16:00:00+00:00,3.975,3.975,3.975,3.975,0.0,0.0,0.0,0.8115647983768737,2.263956779006948,0.0,0.0,0.8962577369817051,0.7249884447976923,0.0,0.0,0.0020125786163522896,0
2025-09-29 17:00:00+00:00,3.917,3.917,3.917,3.917,2.64,-0.014698693422601,-1.4591194968553545,-0.6593963986812112,0.875611640484153,0.0315131379342599,0.0,1.114705891480391,0.7916977474945087,0.0,0.0,0.01684962981873883,0
2025-09-29 18:00:00+00:00,3.917,3.917,3.917,3.917,0.0,0.0,0.0,0.0766479305058576,0.4101512432709508,0.0,0.0,1.0714362865678728,0.7864851577764956,0.0,0.0,0.011233086545825888,0
2025-09-29 19:00:00+00:00,3.951,3.951,3.947,3.947,53.34,0.0076297419970158,0.7658922644881327,0.050697084917628,2.227402227402231,0.6274586688681864,0.1012401923307416,1.0677248512637203,0.7675900287876596,0.1013427919682436,0.0,0.0,0
2025-09-29 20:00:00+00:00,4.006,4.012,4.006,4.009,209.12,0.0155860369796599,1.570813275905758,0.0748876684972588,1.9842279318239784,2.3099099762258866,0.0747756729623995,1.0746582005905665,0.7458207856010645,0.1496632576328936,0.0748316288164357,-0.018458468445996523,0
2025-09-29 21:00:00+00:00,4.009,4.009,4.009,4.009,0.0,0.0,0.0,0.8553459119496898,1.4936708860759484,0.0,0.0,1.0050860417046203,0.7410476846697106,0.0,0.0,-0.015465203292591712,0
2025-09-29 22:00:00+00:00,3.983,3.983,3.983,3.983,25.01,-0.0065065294608627,-0.6485407832377166,0.2012578616352289,-0.5989518342899847,0.301817724697803,0.0,1.0572136047129284,0.694001913251052,0.0,0.0,-0.015566156163695721,0
2025-09-29 23:00:00+00:00,3.983,3.983,3.983,3.983,12.55,0.0,0.0,1.6849629818738832,-0.3253253253253207,0.15072133066938,0.0,0.770635150250076,0.6919642515589003,0.0,0.0,-0.011298016570424285,0
2025-09-30 00:00:00+00:00,3.983,3.983,3.961,3.961,421.22,-0.0055387855597276,-0.5523474767763048,1.1233086545825888,-0.8262393590385719,4.30154670974055,0.5523474766376291,0.840659311027214,0.7007062296100026,0.5554152990266622,0.0,-0.005806614491290052,0
2025-09-30 01:00:00+00:00,3.947,3.947,3.947,3.947,12.66,-0.0035407219590694,-0.3534460994698229,0.0,-0.7293762575452667,0.145025488285182,0.0,0.8105236971544817,0.6984592861822979,0.0,0.0,-0.008360780339498386,0
2025-09-30 02:00:00+00:00,3.934,3.935,3.934,3.935,1.98,-0.0030449148113435,-0.3040283759817574,-1.8458468445996523,-1.031187122736421,0.0397331059039836,0.0,0.2719162684665371,0.7006431926356195,0.02541296060345,0.0,-0.012198221092757366,0
2025-09-30 03:00:00+00:00,3.95,3.95,3.947,3.947,70.47,0.0030449148113434,0.3049555273189286,-1.5465203292591712,-0.4539722572509452,1.3528183715815434,0.0759493670693827,0.3566661484393568,0.7022579560187431,0.0760070939761855,0.0,-0.018748416518875044,0
2025-09-30 04:00:00+00:00,3.925,3.925,3.921,3.921,101.0,-0.0066090733705155,-0.6587281479604856,-1.556615616369572,-1.109709962168981,1.7939742004876749,0.1019108279995132,0.3589311697662067,0.7143364903017966,0.1020147921188435,0.0,-0.008416220351950998,0
2025-09-30 05:00:00+00:00,3.938,3.938,3.938,3.938,126.43,0.0043262569067392,0.4335628666156665,-1.1298016570424283,-0.5806614491290052,2.0621432066210685,0.0,0.4530720733185148,0.7208417464425769,0.0,0.0,-0.012696800406297726,0
2025-09-30 06:00:00+00:00,3.938,3.938,3.938,3.938,0.0,0.0,0.0,-0.5806614491290052,-0.5806614491290052,0.0,0.0,0.4191033462548866,0.7208417464425769,0.0,0.0,-0.014474352463179407,0
2025-09-30 07:00:00+00:00,3.918,3.918,3.914,3.914,42.95,-0.0061131112430493,-0.6094464195022908,-0.8360780339498386,-0.4830917874396045,0.6985632962748939,0.1020929045170769,0.4616511470439584,0.7170562923416831,0.1021972406483911,0.0,-0.008942258559018978,0
2025-09-30 08:00:00+00:00,3.901,3.901,3.887,3.887,122.0,-0.0069222171037983,-0.689831374552885,-1.2198221092757366,-0.8165348303138531,1.850318813442357,0.3588823377700837,0.5135167224432872,0.727104896699047,0.3601749420220746,0.0,-0.006431695394906067,0
2025-09-30 09:00:00+00:00,3.884,3.884,3.873,3.873,22.6,-0.0036082513374708,-0.3601749421147326,-1.8748416518875044,-1.775297996449399,0.3424674832628994,0.2832131822133765,0.4494477371113118,0.716617588480531,0.2840175573756648,0.0,-0.013684482313452206,0
2025-09-30 10:00:00+00:00,3.888,3.888,3.888,3.888,43.67,0.0038654860655774,0.3872966692486379,-0.8416220351950998,-1.3948769972102482,0.6439934376575562,0.0,0.4900195651772849,0.7226861713366759,0.0,0.0,-0.02083333333333337,0
2025-09-30 11:00:00+00:00,3.888,3.888,3.888,3.888,0.0,0.0,0.0,-1.2696800406297726,-1.3948769972102482,0.0,0.0,0.414814174102083,0.7226861713366759,0.0,0.0,-0.018775720164609044,0
2025-09-30 12:00:00+00:00,3.903,3.911,3.881,3.881,26.44,-0.0018020342114234,-0.1800411522633771,-1.4474352463179407,-0.8431272355646446,0.393901772850068,0.7670672460324617,0.4026561435800179,0.7087101763961141,0.7729966501486804,0.2061324400396466,-0.006956969853130546,0
2025-09-30 13:00:00+00:00,3.879,3.879,3.879,3.879,4.0,-0.000515463928939,-0.051533110023183,-0.8942258559018978,-1.6730038022813698,0.0654615379359355,0.0,0.3631641158685171,0.6866351450220816,0.0,0.0,0.004640371229698292,0
2025-09-30 14:00:00+00:00,3.879,3.879,3.862,3.862,69.44,-0.0043922044515073,-0.4382572828048436,-0.6431695394906067,-3.5946080878682007,1.216538191989898,0.4382572826918621,0.2960638229179751,0.5986365932535493,0.4401864317865883,0.0,0.0072501294665976435,0
2025-09-30 15:00:00+00:00,3.858,3.858,3.82,3.82,12921.17,-0.0109347613878389,-1.0875194199896463,-1.3684482313452206,-3.8993710691824,21.70304485572009,0.984966303529046,0.5013424126831459,0.6162240842680249,0.9947643976453564,0.0,0.024345549738219896,0
2025-09-30 16:00:00+00:00,3.825,3.854,3.807,3.807,38.3,-0.0034089452181234,-0.3403141361256523,-2.083333333333337,-4.226415094339631,0.0641586264804023,1.2195121948055274,0.4003000489772585,0.6161668119369553,1.234567900910283,0.761754662263787,0.02258996585237716,0
2025-09-30 17:00:00+00:00,3.815,3.815,3.815,3.815,0.59,0.0020991873360599,0.2101392172314087,-1.8775720164609044,-2.6040336992596336,0.0009884858156457,0.0,0.443900673924139,0.55570889347861,0.0,0.0,0.01520314547837498,0
2025-09-30 18:00:00+00:00,3.834,3.854,3.834,3.854,13.36,0.0101709052557543,1.022280471821757,-0.6956969853130546,-1.6083737554250632,0.022362483697472,0.0,0.7077823502502891,0.6013640575333222,0.5189413594917126,0.0,0.016346652828230335,0
2025-09-30 19:00:00+00:00,3.858,3.897,3.85,3.897,16.51,0.0110954563643975,1.1157239231966765,0.4640371229698292,-1.2667848999240006,0.0277062427847861,0.0,0.8693355731074829,0.6258377687166237,1.2060559401575353,0.0,0.008211444701052173,0
2025-09-30 20:00:00+00:00,3.901,3.917,3.89,3.89,33.95,-0.0017978687262172,-0.1796253528355107,0.7250129466597643,-2.9683212771264733,0.0576796471828161,0.6893030378633307,0.8446154944194656,0.5234065632562857,0.6940874034205351,0.4113110538788407,0.010025706940874013,0
2025-09-30 21:00:00+00:00,3.919,3.927,3.913,3.913,24.17,0.0058951855979204,0.5912596401028258,2.4345549738219896,-2.3946121227238826,0.0409936913755526,0.3565062387684026,0.6068569129013872,0.5430203358697149,0.3577817530391622,0.2044467160223751,0.004088934321492488,0
2025-09-30 22:00:00+00:00,3.923,3.924,3.893,3.893,118.28,-0.0051242745999567,-0.511116790186561,2.258996585237716,-2.259603314084868,0.1992959714228999,0.7900101934785942,0.6512111979264783,0.53764341531132,0.7963010529678174,0.0256871307408943,0.006421782686873989,0
2025-09-30 23:00:00+00:00,3.874,3.874,3.873,3.873,93.13,-0.0051506680957034,-0.5137426149498969,1.520314547837498,-2.7617373838814907,0.1560367263504483,0.0258131130547691,0.7475086508302747,0.5439201627248839,0.0258197779432401,0.0,0.01161890007745936,0
2025-10-01 00:00:00+00:00,3.917,3.917,3.917,3.917,19.04,0.0112966541510789,1.1360702297960046,1.6346652828230337,-1.1108305983337563,0.0328225402128704,0.0,0.771593690798357,0.5915604223964817,0.0,0.0,0.0002552974214962145,0
2025-10-01 01:00:00+00:00,3.916,3.929,3.91,3.929,151.98,0.0030588858926285,0.3063569057952575,0.8211444701052173,-0.4560425639726473,0.2593983839511526,0.0,0.6581761389589293,0.5919823967048626,0.4835836089377411,0.0,-0.0027996945787731597,0
2025-10-01 02:00:00+00:00,3.929,3.929,3.929,3.929,0.0,0.0,0.0,1.0025706940874013,-0.1524777636594754,0.0,0.0,0.6448657569719269,0.588853442584422,0.0,0.0,0.025197251208958882,0
2025-10-01 03:00:00+00:00,3.929,3.929,3.929,3.929,0.0,0.0,0.0,0.4088934321492488,-0.4560425639726473,0.0,0.0,0.6115284743464598,0.5851332999384279,0.0,0.0,0.04428607788241279,0
2025-10-01 04:00:00+00:00,3.897,3.918,3.897,3.918,235.76,-0.0028036210539736,-0.279969457877316,0.6421782686873989,-0.0765110941086333,0.4006182485264475,0.0,0.573640157691569,0.5719922511284072,0.5359877487146624,0.0,0.04619703930576824,0
2025-10-01 05:00:00+00:00,3.918,3.918,3.918,3.918,0.0,0.0,0.0,1.161890007745936,-0.507872016251909,0.0,0.0,0.4951572077699481,0.5644275722452224,0.0,0.0,0.043134252169474196,0
2025-10-01 06:00:00+00:00,3.918,3.918,3.918,3.918,0.0,0.0,0.0,0.0255297421496214,-0.507872016251909,0.0,0.0,0.185505869963354,0.5644275722452224,0.0,0.0,0.043134252169474196,0
2025-10-01 07:00:00+00:00,3.918,3.918,3.918,3.918,0.0,0.0,0.0,-0.279969457877316,0.1021972406745064,0.0,0.0,0.1144573502393232,0.5502557192690708,0.0,0.0,0.04619703930576824,0
2025-10-01 08:00:00+00:00,3.937,4.068,3.937,4.028,310.51,0.0276886553339667,2.80755487493618,2.519725120895888,3.6274762027270313,0.5269244638643669,0.983284168883166,1.158715757521878,0.7696081827458999,3.252234358676203,0.9930486591377744,0.0173783515392254,0
2025-10-01 09:00:00+00:00,4.083,4.103,4.074,4.103,58.87,0.0184484386037331,1.86196623634558,4.428607788241279,5.938548928479204,0.0996447605887797,0.0,1.2664137028941955,0.8350586949223953,0.7067999023380921,0.0,-0.0012186205215695134,0
2025-10-01 10:00:00+00:00,4.077,4.099,4.076,4.099,45.59,-0.0009753719378484,-0.0974896417255566,4.619703930576824,5.426954732510292,0.0771562693698543,0.0,1.2393770068364296,0.8372179439168203,0.5611124663183569,0.0,-0.007074896316174639,0
2025-10-01 11:00:00+00:00,4.1,4.1,4.087,4.087,5.82,-0.0029318369400604,-0.292754330324485,4.31342521694742,5.1183127572016485,0.0098456957857464,0.3170731706543699,1.2800986998550543,0.8426916759560288,0.3180817224570366,0.0,-0.007340347443112183,0
2025-10-01 12:00:00+00:00,4.087,4.087,4.087,4.087,0.0,0.0,0.0,4.31342521694742,5.307910332388555,0.0,0.0,1.2800986998550543,0.8398806223849077,0.0,0.0,0.003914851969659905,0
2025-10-01 13:00:00+00:00,4.041,4.099,4.041,4.099,74.73,0.0029318369400604,0.2936138977245095,4.619703930576824,5.671564836298026,0.126027320253877,0.0,1.2531711919954265,0.8380609522499716,1.41497926288973,0.0,0.003903391070992912,0
2025-10-01 14:00:00+00:00,4.098,4.098,4.098,4.098,12.2,-0.0002439917054925,-0.0243961941937098,1.73783515392254,6.110823407560839,0.0206576002753996,0.0,0.7862233791651583,0.827877681483584,0.0,0.0,0.004148365056124925,0
2025-10-01 15:00:00+00:00,4.098,4.098,4.098,4.098,0.0,0.0,0.0,-0.1218620521569513,7.277486910994768,0.0,0.0,0.1894962274378057,0.7795700370950329,0.0,0.0,0.0009760858955589757,0
2025-10-01 16:00:00+00:00,4.077,4.077,4.07,4.07,894.08,-0.0068560503622043,-0.6832601268911609,-0.7074896316174639,6.9083267664828085,10.176527219753549,0.1716948736395075,0.3342290471531757,0.7947782478440844,0.1719901719479059,0.0,0.007371007371007154,0
2025-10-01 17:00:00+00:00,4.066,4.066,4.02,4.057,94.3,-0.0031992152301934,-0.3194103194103181,-0.7340347443112183,6.343381389252967,1.027662240939088,0.2213477618737328,0.3371917080795685,0.8040658792589944,1.1338427406621103,0.0,0.014789253142716285,0
2025-10-01 18:00:00+00:00,4.059,4.103,4.059,4.103,11.31,0.0112746292357387,1.1338427409415708,0.3914851969659905,6.460819927348194,0.1233689205205996,0.0,0.6172009213447578,0.8089076847387414,1.072386058719857,0.0,0.0012186205215696244,0
2025-10-01 19:00:00+00:00,4.101,4.115,4.101,4.115,40.13,0.0029204206689842,0.2924689251767143,0.3903391070992912,5.594046702591737,0.4330867639407357,0.0,0.6171167224415428,0.7885729949363256,0.3402187119464896,0.0,0.008505467800729027,0
2025-10-01 20:00:00+00:00,4.115,4.115,4.115,4.115,0.0,0.0,0.0,0.4148365056124925,5.784061696658105,0.0,0.0,0.6164904274790107,0.7853901913093924,0.0,0.0,0.00801944106925867,0
2025-10-01 21:00:00+00:00,4.102,4.102,4.102,4.102,121.56,-0.0031641744788441,-0.3159173754556432,0.0976085895558975,4.83005366726299,1.2755007016903783,0.0,0.6367729427670334,0.7893355373530144,0.0,0.0,0.018527547537786404,0
2025-10-01 22:00:00+00:00,4.113,4.113,4.09,4.1,259.89,-0.0004876859399269,-0.0487567040468261,0.7371007371007154,5.317236064731556,2.5679772736375983,0.316070994331147,0.5424793896668721,0.7768035054542273,0.5609756096192883,0.0,0.02146341463414636,0
2025-10-01 23:00:00+00:00,4.1,4.117,4.097,4.117,79.77,0.0041377690775055,0.4146341463414638,1.4789253142716283,6.300025819777955,0.79256812140597,0.0,0.5041732530474261,0.7617973605968575,0.4857906241229455,0.0,0.020160310905999568,0
2025-10-02 00:00:00+00:00,4.127,4.138,4.108,4.108,170.08,-0.0021884507214558,-0.2186057809084318,0.1218620521569624,4.87618075057441,1.5904121437718004,0.7249879166928557,0.284400912005587,0.7439686023435902,0.7302823756742315,0.2677702044138856,0.03140214216163595,0
2025-10-02 01:00:00+00:00,4.116,4.153,4.115,4.15,62.05,0.0101720421762953,1.0223953261928154,0.8505467800729027,5.624840926444397,0.6012961056207247,0.0722369371364521,0.497343591255783,0.7623787743349999,0.9156626503817528,0.0722891566090682,0.011325301204819116,0
2025-10-02 02:00:00+00:00,4.136,4.176,4.083,4.148,1485.96,-0.0004820438753262,-0.0481927710843543,0.801944106925867,5.573937388648509,8.999886438429215,0.670498084130639,0.500459494229034,0.7630687901478903,2.2420443581865843,0.6750241078411338,0.006991321118611449,0
2025-10-02 03:00:00+00:00,4.178,4.178,4.178,4.178,3.35,0.0072063727670932,0.7232401157184265,1.8527547537786404,6.33749045558667,0.0202725191377405,0.0,0.4931805387073157,0.7679516850042721,0.0,0.0,0.003350885591192121,0
2025-10-02 04:00:00+00:00,4.178,4.188,4.178,4.188,16.59,0.0023906298739163,0.2393489707994245,2.146341463414636,6.891271056661541,0.1062669645209497,0.0,0.4649658796029397,0.7594498163172153,0.2387774593508121,0.0,0.00764087870105068,0
2025-10-02 05:00:00+00:00,4.192,4.2,4.192,4.2,153.07,0.0028612322810324,0.2865329512894199,2.0160310905999568,7.197549770290967,0.9420030462574016,0.0,0.4646006352294385,0.7571436445907023,0.1904761904308391,0.0,0.01571428571428557,0
2025-10-02 06:00:00+00:00,4.213,4.243,4.213,4.237,37.98,0.0087709463550995,0.8809523809523823,3.140214216163595,8.141909137314961,0.2314771549871107,0.1414093801222279,0.4174524335839503,0.7636970461282347,0.7080481471069098,0.1416096294213861,0.008024545669105487,0
2025-10-02 07:00:00+00:00,4.236,4.236,4.197,4.197,44.5,-0.0094854872929683,-0.9440641963653572,1.1325301204819116,7.120980091883622,0.2681840325018866,0.9206798864681988,0.650895452029294,0.8047506273001548,0.9292351677557148,0.0,0.021443888491779806,0
2025-10-02 08:00:00+00:00,4.179,4.179,4.13,4.177,12781.1,-0.0047766988364155,-0.4765308553728919,0.6991321118611449,3.699106256206552,18.64387680489448,0.0478583393041896,0.7035119811959899,0.6213158651344818,1.1730907346964203,0.0,0.0047881254488868485,0
2025-10-02 09:00:00+00:00,4.197,4.197,4.192,4.192,37.66,0.0035846615037029,0.3591094086665247,0.3350885591192121,2.1691445283938737,0.0550058058437387,0.1191327138148335,0.6551446043960453,0.5091203179982793,0.1192748091318498,0.0,0.012404580152671763,0
2025-10-02 10:00:00+00:00,4.222,4.222,4.22,4.22,3.77,0.0066571810291793,0.6679389312977069,0.764087870105068,2.951939497438394,0.0055204729742016,0.0473709142474409,0.7005978251872803,0.5206426525413149,0.0473933649176951,0.0,0.009004739336492928,0
2025-10-02 11:00:00+00:00,4.243,4.268,4.238,4.266,233.29,0.0108414920012384,1.0900473933649346,1.571428571428557,4.379740641057017,0.3369341839287392,0.046860356127722,0.8048698328557317,0.5481609007107301,0.7032348802852089,0.046882325352343,0.00961087669948446,0
2025-10-02 12:00:00+00:00,4.259,4.279,4.259,4.271,89.6,0.0011713718101706,0.1172058134083497,0.8024545669105487,4.5020797651088795,0.1287127468354172,0.1869595699492968,0.7459524236078826,0.5470217865339316,0.4682744086939084,0.1873097634775675,0.003980332474830428,0
2025-10-02 13:00:00+00:00,4.271,4.312,4.271,4.287,354.18,0.0037391957565106,0.374619527042852,2.144388849177981,4.586484508416677,0.5004185696567015,0.5797773653572027,0.5250677461704304,0.5479731377164696,0.9563797525177646,0.5831583856815669,0.010030324236062649,0
2025-10-02 14:00:00+00:00,4.245,4.262,4.197,4.197,115.4,-0.0212172032643862,-2.099370188943317,0.4788125448886848,2.4158125915080486,0.1620632875392261,1.525105583874905,1.128207790011038,0.7225530419614,1.548725279592858,0.4050512269704299,0.031212771026924102,0
2025-10-02 15:00:00+00:00,4.189,4.356,4.183,4.244,1293.78,0.0111362364002828,1.1198475101262817,1.2404580152671765,3.562713518789651,1.6890629589716517,2.571166206939588,1.205042841460287,0.7510822356135076,4.07634307161255,2.6390197920266236,0.015315739868049016,0
2025-10-02 16:00:00+00:00,4.279,4.279,4.258,4.258,26.41,0.0032933457195511,0.3298774740810639,0.9004739336492928,4.619164619164606,0.0361869017162933,0.4907688711169015,1.187038096396895,0.7305229045907438,0.4931892906310008,0.0,0.01056834194457501,0
2025-10-02 17:00:00+00:00,4.274,4.307,4.27,4.307,843.14,0.0114420396006858,1.1507750117426108,0.961087669948446,6.16218880946513,1.1079023486440365,0.0,1.196709997449518,0.7471930575071455,0.859066635509871,0.0,0.002089621546319753,0
2025-10-02 18:00:00+00:00,4.307,4.322,4.288,4.288,56.6,-0.0044211823034726,-0.4411423264453207,0.3980332474830428,4.508895929807477,0.0741895350373088,0.7866728364676788,1.22217042491187,0.7355753243255403,0.7929104475762757,0.3498134327542337,-0.004197761194030036,0
2025-10-02 19:00:00+00:00,4.33,4.33,4.33,4.33,2.58,0.0097471182458976,0.9794776119403048,1.0030324236062649,5.2247873633049835,0.0033887341009384,0.0,1.2758556291242336,0.7529391129091889,0.0,0.0,-0.023094688221708903,0
2025-10-02 20:00:00+00:00,4.299,4.328,4.299,4.328,191.87,-0.000462000470218,-0.0461893764434173,3.12127710269241,5.17618469015797,0.2493953156865895,0.0,0.6679865611199637,0.7535640291848762,0.6700554527102439,0.0,-0.013632162661737612,0
2025-10-02 21:00:00+00:00,4.322,4.322,4.309,4.309,72.5,-0.0043996829104795,-0.4390018484288438,1.5315739868049016,5.046318868844457,0.0944875732548977,0.300786672767053,0.6890361173440864,0.757729080222117,0.301694128498096,0.0,-0.014156416802042271,0
2025-10-02 22:00:00+00:00,4.329,4.329,4.303,4.303,2.12,-0.0013934047772384,-0.1392434439545176,1.056834194457501,4.951219512195126,0.0028021710216486,0.6006006004618571,0.7050752226185494,0.7592725599802856,0.6042296071103301,0.0,-0.01719730420636767,0
2025-10-02 23:00:00+00:00,4.307,4.316,4.29,4.316,140.5,0.0030165935394257,0.3021148036253862,0.2089621546319753,4.833616711197464,0.1850908547989446,0.0,0.5374737192629423,0.7582530053168764,0.6024096384146364,0.0,-0.020620945319740347,0
2025-10-03 00:00:00+00:00,4.27,4.275,4.27,4.27,1182.63,-0.010715220155355,-1.065801668211308,-0.4197761194030036,3.9435248296007863,1.4759329257525402,0.1169590643001448,0.6891807923735307,0.7975283638177797,0.1170960187079583,0.1170960187079583,-0.016861826697892046,0
2025-10-03 01:00:00+00:00,4.275,4.28,4.229,4.23,1283.19,-0.0094118341823463,-0.9367681498828828,-2.3094688221708903,1.9277108433734869,1.505813922216212,1.1682242987924667,0.5348254922597468,0.8062720456925344,1.2056737585802226,0.1182033096647248,-0.005200945626477549,0
2025-10-03 02:00:00+00:00,4.246,4.269,4.246,4.269,36.91,0.0091776147176383,0.9219858156028328,-1.3632162661737612,2.9170684667309654,0.0466164843769145,0.0,0.7571335299558184,0.8235422232898516,0.5387678611996254,0.0,-0.018739751698290008,0
2025-10-03 03:00:00+00:00,4.25,4.25,4.248,4.248,139.74,-0.0049313238361872,-0.4919184820801114,-1.415641680204227,1.675442795595994,0.1752307186695616,0.0470588235183339,0.7604035855154075,0.8223087959156666,0.0470809792732808,0.0,-0.010828625235404954,0
2025-10-03 04:00:00+00:00,4.263,4.263,4.229,4.229,281.96,-0.0044827254492862,-0.447269303201514,-1.719730420636767,0.9789875835721108,0.3487359620042191,0.79756040328464,0.7628726410506405,0.8280856353032374,0.803972570157486,0.0,-0.006384488058642779,0
2025-10-03 05:00:00+00:00,4.228,4.228,4.227,4.227,37.9,-0.0004730369056985,-0.0472925041380856,-2.0620945319740347,0.642857142857145,0.0471556525349464,0.0236518448382906,0.7209765447741819,0.8265828610014314,0.0236574402593534,0.0,-0.005914360066240909,0
2025-10-03 06:00:00+00:00,4.236,4.236,4.198,4.198,116.33,-0.0068843001862115,-0.6860657676839299,-1.6861826697892046,-0.920462591456217,0.144153707778665,0.8970727098920831,0.6582445312156954,0.818286188446397,0.9051929488077044,0.0,0.010719390185802702,0
2025-10-03 07:00:00+00:00,4.22,4.22,4.196,4.208,149.49,0.0023792540369673,0.2382086707956032,-0.5200945626477549,0.2620919704550806,0.1842461092863877,0.2843601895060655,0.595630306824371,0.7964666958792279,0.5703422051876568,0.0,0.009980988593155882,0
2025-10-03 08:00:00+00:00,4.189,4.189,4.189,4.189,5.65,-0.0045254334705109,-0.4515209125475317,-1.8739751698290008,0.2872875269332109,0.0202472675147097,0.0,0.3421251730942115,0.7958127956724413,0.0,0.0,0.005729291000238668,0
2025-10-03 09:00:00+00:00,4.202,4.202,4.202,4.202,119.6,0.0030985604579109,0.3103365958462722,-1.0828625235404954,0.2385496183206159,0.4234165395595661,0.0,0.409137435098516,0.794953937756014,0.0,0.0,0.02974773917182305,0
2025-10-03 10:00:00+00:00,4.202,4.202,4.202,4.202,0.0,0.0,0.0,-0.6384488058642779,-0.4265402843601884,0.0,0.0,0.3912073211055115,0.7825949655461298,0.0,0.0,0.03474535935268919,0
2025-10-03 11:00:00+00:00,4.202,4.202,4.202,4.202,0.0,0.0,0.0,-0.5914360066240909,-1.5002344116268218,0.0,0.0,0.3931169113886409,0.7466880519511364,0.0,0.0,0.012137077582103695,0
2025-10-03 12:00:00+00:00,4.235,4.243,4.235,4.243,407.86,0.0097099637973792,0.9757258448358064,1.0719390185802702,-0.6555841723249745,1.426844733637947,0.0,0.4713327321752373,0.7754320732438156,0.1885458401629636,0.0,0.021447089323591628,0
2025-10-03 13:00:00+00:00,4.244,4.25,4.244,4.25,5.87,0.0016484167161375,0.1649776101814604,0.9980988593155882,-0.863074411010023,0.0216338069694827,0.0,0.4704086721501066,0.7718937266566038,0.1411764705550226,0.0,0.016470588235294237,0
2025-10-03 14:00:00+00:00,4.25,4.25,4.213,4.213,163.52,-0.0087439999394459,-0.8705882352941119,0.5729291000238668,0.3812246842983091,0.5982302233920933,0.8705882350892715,0.596019581215808,0.6591170439574672,0.878234037294507,0.0,0.02254925231426541,0
2025-10-03 15:00:00+00:00,4.257,4.327,4.256,4.327,406.26,0.0266994782458681,2.7059102777118316,2.974773917182305,1.95570216776626,1.718821781071345,0.0,1.219100730051886,0.826995715896816,1.6408597176702364,0.0,0.00277328403050614,0
2025-10-03 16:00:00+00:00,4.334,4.375,4.31,4.348,2202.96,0.0048415080162153,0.4853247053385745,3.4745359352689187,2.11366838891498,6.735867950516911,0.6171428570017989,1.196101194780864,0.829619044158141,1.4949402020480909,0.6209751608507448,-0.002069917203311733,0
2025-10-03 17:00:00+00:00,4.309,4.32,4.253,4.253,1001.87,-0.0220913529874665,-2.184912603495859,1.2137077582103697,-1.253772927791974,3.002641138565235,1.5509259255669192,1.6574267323113303,0.9211806214167992,1.575358570050472,0.2586409592620199,0.020221020456148597,0
2025-10-03 18:00:00+00:00,4.248,4.334,4.248,4.334,56.99,0.0188662868426707,1.904537973195386,2.144708932359163,1.0727611940298365,0.1707928024669281,0.0,1.7801075009569032,0.997823336050181,1.9843101056796568,0.0,-0.0034610059990769493,0
2025-10-03 19:00:00+00:00,4.329,4.338,4.32,4.32,89.05,-0.0032355008581481,-0.3230272265805078,1.6470588235294237,-0.2309468822170868,0.2640223255254519,0.4149377592404429,1.8015067189616984,0.980235503075498,0.4166666665702113,0.2083333332851159,-0.002083333333333437,0
2025-10-03 20:00:00+00:00,4.308,4.308,4.308,4.308,12.9,-0.0027816429618769,-0.2777777777777879,2.254925231426541,-0.4621072088724642,0.0391116501173679,0.0,1.741034420776329,0.9817541368925364,0.0,0.0,-0.0025533890436397755,0
2025-10-03 21:00:00+00:00,4.338,4.339,4.338,4.339,1.62,0.0071701475220715,0.7195914577530216,0.277328403050614,0.6962172197725769,0.0049560734844818,0.0,1.3680230772754989,0.9885819303436632,0.0230467849681923,0.0,-0.01590228163171259,0
2025-10-03 22:00:00+00:00,4.339,4.339,4.339,4.339,0.0,0.0,0.0,-0.2069917203311733,0.8366256100395209,0.0,0.0,1.3511965816349905,0.9879598289238828,0.0,0.0,-0.016824153030652322,0
2025-10-03 23:00:00+00:00,4.339,4.339,4.339,4.339,0.0,0.0,0.0,2.0221020456148597,0.5329008341056651,0.0,0.0,0.8470637116175742,0.9863335756611892,0.0,0.0,-0.016824153030652322,0
2025-10-04 00:00:00+00:00,4.319,4.319,4.315,4.319,71.65,-0.0046200128376496,-0.4609356994699332,-0.3461005999076949,1.147540983606565,0.2608885625328065,0.0,0.4218013246882026,0.9645555449762706,0.0926140310042468,0.0,-0.003936096318592375,0
2025-10-04 01:00:00+00:00,4.313,4.313,4.291,4.311,260.9,-0.0018539982135665,-0.1852280620514013,-0.2083333333333437,1.9148936170212627,1.1243609748866523,0.0463714351851626,0.4079350230062836,0.9429678826972993,0.5103224308720977,0.0,-0.002087682672233915,0
2025-10-04 02:00:00+00:00,4.287,4.297,4.287,4.297,57.64,-0.0032527909721396,-0.3247506379030485,-0.2553389043639775,0.6558913094401486,0.2474811083112799,0.0,0.4139663727554888,0.9289300820517402,0.232720502622122,0.0,-0.012334186641843159,0
2025-10-04 03:00:00+00:00,4.27,4.27,4.27,4.27,3.47,-0.0063032775523249,-0.628345357225979,-1.590228163171259,0.517890772128049,0.0152709549297117,0.0,0.254033632178588,0.9326861344113646,0.0,0.0,-0.016627634660421498,0
2025-10-04 04:00:00+00:00,4.266,4.266,4.266,4.266,34.9,-0.0009372071913742,-0.0936768149882749,-1.6824153030652322,0.8749113265547281,0.1608779912523819,0.0,0.2366037712562916,0.9277160871639965,0.0,0.0,-0.0037505860290670823,0
2025-10-04 05:00:00+00:00,4.266,4.266,4.266,4.266,0.0,0.0,0.0,-1.6824153030652322,0.9226401703335664,0.0,0.0,0.2366037712562916,0.9275809921439676,0.0,0.0,-0.016174402250351605,0
2025-10-04 06:00:00+00:00,4.284,4.302,4.282,4.302,374.44,0.0084034107963793,0.8438818565400741,-0.3936096318592375,2.477370176274407,1.6560081376248017,0.0,0.4952829372851712,0.9279993110441574,0.4649000463819287,0.0,-0.021617852161785245,0
2025-10-04 07:00:00+00:00,4.302,4.302,4.302,4.302,0.0,0.0,0.0,-0.2087682672233914,2.2338403041824995,0.0,0.0,0.4920969513800058,0.9277545577684624,0.0,0.0,-0.021617852161785245,0
2025-10-04 08:00:00+00:00,4.249,4.249,4.244,4.244,54.46,-0.0135738100938016,-1.3482101348210151,-1.233418664184316,1.312962520888039,0.2454092783261815,0.1176747469715967,0.7345796415857758,0.9683449500599514,0.1178133835726145,0.0,-0.012959472196041433,0
2025-10-04 09:00:00+00:00,4.232,4.232,4.199,4.199,88.53,-0.0106598190496805,-1.060320452403396,-1.6627634660421498,-0.0713945740123733,0.4012774580756859,0.779773156715563,0.8031412990278405,0.9929732444103035,0.7859014049092962,0.0,-0.0102405334603477,0
2025-10-04 10:00:00+00:00,4.25,4.25,4.25,4.25,23.37,0.0120725812342692,1.2145748987854257,-0.3750586029067082,1.142313184197996,0.1054630649869447,0.0,1.0118214142755633,1.0232479033438369,0.0,0.0,-0.022117647058823575,0
2025-10-04 11:00:00+00:00,4.198,4.198,4.197,4.197,29.05,-0.0125489985848716,-1.2470588235294122,-1.6174402250351605,-0.1189909566872926,0.1303833142265682,0.0238208670738953,1.1201823341094284,1.0572682721903632,0.0238265427629751,0.0,-0.0040505122706696595,0
2025-10-04 12:00:00+00:00,4.209,4.209,4.209,4.209,0.37,0.0028551054369797,0.2859185132237263,-2.1617852161785245,-0.8013198208814631,0.0017976363511133,0.0,1.0292228764755929,1.03885544956321,0.0,0.0,-0.006889997624138777,0
2025-10-04 13:00:00+00:00,4.209,4.209,4.209,4.209,0.0,0.0,0.0,-2.1617852161785245,-0.9647058823529452,0.0,0.0,1.0292228764755929,1.038031538986577,0.0,0.0,-0.006889997624138777,0
2025-10-04 14:00:00+00:00,4.191,4.191,4.189,4.189,18.18,-0.0047630478235356,-0.4751722499405919,-1.2959472196041433,-0.569665321623547,0.0911162111756466,0.0477213075524353,0.9157905257952044,1.0272496970381684,0.0477440916572532,0.0,0.001193602291716278,0
2025-10-04 15:00:00+00:00,4.183,4.183,4.148,4.156,209.67,-0.0079089687279169,-0.7877775125328279,-1.02405334603477,-3.9519297434712386,1.0958314641429474,0.6454697583921931,0.8705812456332981,0.8623435586101029,0.8421559189503991,0.0,0.009143407122232938,0
2025-10-04 16:00:00+00:00,4.156,4.156,4.156,4.156,0.0,0.0,0.0,-2.2117647058823575,-4.415823367065319,0.0,0.0,0.5787833515250745,0.8520254252870838,0.0,0.0,0.009865255052935673,0
2025-10-04 17:00:00+00:00,4.193,4.193,4.173,4.18,3.62,0.0057581732996839,0.5774783445620768,-0.4050512270669659,-1.7164354573242502,0.0624671953742787,0.3100405436894704,0.4975963001049217,0.7481294930055397,0.4784688994070546,0.0,0.0035885167464115852,0
2025-10-04 18:00:00+00:00,4.18,4.18,4.18,4.18,0.0,0.0,0.0,-0.6889997624138777,-3.5532994923857864,0.0,0.0,0.4699534003266943,0.6218197009410915,0.0,0.0,0.0035885167464115852,0
2025-10-04 19:00:00+00:00,4.18,4.18,4.18,4.18,0.0,0.0,0.0,-0.6889997624138777,-3.240740740740755,0.0,0.0,0.4699534003266943,0.6214176267473369,0.0,0.0,0.00454545454545463,0
2025-10-04 20:00:00+00:00,4.175,4.194,4.175,4.194,6.09,0.0033436859430633,0.3349282296650768,0.1193602291716278,-2.646239554317542,0.1180652040430759,0.0,0.4618471979868193,0.6279238468138991,0.4530281353235538,0.0,0.015259895088221231,0
2025-10-04 21:00:00+00:00,4.194,4.194,4.194,4.194,0.0,0.0,0.0,0.9143407122232938,-3.341783821156963,0.0,0.0,0.247101147262554,0.6033549327327505,0.0,0.0,0.0193133047210301,0
2025-10-04 22:00:00+00:00,4.191,4.197,4.191,4.197,31.18,0.0007150518717255,0.0715307582260349,0.9865255052935672,-3.272643466236469,0.5903812168532487,0.0,0.239942231836668,0.6042605328247993,0.1429592565778087,0.0,0.023826542768644154,0
2025-10-04 23:00:00+00:00,4.233,4.238,4.195,4.195,1262.08,-0.0004766444322842,-0.0476530855372803,0.3588516746411585,-3.31873703618345,11.97419354827348,1.014629541997495,0.1398582087670309,0.6038632481586528,1.0250297971334883,0.1191895112946099,0.027890345649582926,0
2025-10-05 00:00:00+00:00,4.195,4.195,4.195,4.195,0.0,0.0,0.0,0.3588516746411585,-2.8710349617967035,0.0,0.0,0.1398582087670309,0.6005276746675672,0.0,0.0,0.02526817640047674,0
2025-10-05 01:00:00+00:00,4.199,4.199,4.199,4.199,5.94,0.0009530617828867,0.0953516090584027,0.454545454545463,-2.59800510322431,0.0647120504398325,0.0,0.1371066213783637,0.6019583950500208,0.0,0.0,0.03905691831388447,0
2025-10-05 02:00:00+00:00,4.243,4.258,4.243,4.258,94.94,0.0139531647692315,1.4050964515360809,1.5259895088221231,-0.9076099604375054,1.0170826098297936,0.0,0.562336138758705,0.6733861063654432,0.3522780647364232,0.0,0.02465946453734147,0
2025-10-05 03:00:00+00:00,4.275,4.275,4.275,4.275,18.01,0.0039845359174359,0.399248473461733,1.93133047210301,0.1170960187353742,0.1916951610522296,0.0,0.549957499890447,0.6667521000075521,0.0,0.0,0.00140350877192974,0
2025-10-05 04:00:00+00:00,4.264,4.297,4.247,4.297,165.05,0.0051330024041342,0.5146198830409121,2.382654276864415,0.7266760431317243,1.6608944309638387,0.0,0.5397025422681201,0.6743197203691915,1.163602513110631,0.0,-0.0065161740749358765,0
2025-10-05 05:00:00+00:00,4.303,4.312,4.302,4.312,235.3,0.0034847288138382,0.3490807540144525,2.7890345649582926,1.0782934833567737,2.155189521710761,0.0,0.4976890021101926,0.6773866229349312,0.2319109461428934,0.0,-0.01576994434137302,0
2025-10-05 06:00:00+00:00,4.301,4.301,4.301,4.301,46.51,-0.0025542798050967,-0.255102040816324,2.526817640047674,-0.0232450023244901,0.4869413483928337,0.0,0.5526401888110396,0.6580798057182894,0.0,0.0,-0.013252731922808736,0
2025-10-05 07:00:00+00:00,4.303,4.363,4.303,4.363,206.98,0.0143123403398733,1.4415252266914758,3.905691831388447,1.417945141794541,1.9875406608780333,0.0,0.656919877891344,0.7200978201159067,1.375200549765035,0.0,-0.027274810909924563,0
2025-10-05 08:00:00+00:00,4.363,4.363,4.363,4.363,0.0,0.0,0.0,2.465946453734147,2.803958529688999,0.0,0.0,0.5776343924862402,0.6543474077962986,0.0,0.0,-0.03277561311024535,0
2025-10-05 09:00:00+00:00,4.294,4.294,4.281,4.281,53.07,-0.0189732669786636,-1.879440751776318,0.140350877192974,1.9528459156942013,0.5286273402979617,0.302748020423205,1.104097363279703,0.7364496870777292,0.3036673673665785,0.0,-0.006774118196682943,0
2025-10-05 10:00:00+00:00,4.264,4.269,4.253,4.269,133.46,-0.0028070193869839,-0.2803083391730854,-0.6516174074935877,0.4470588235294226,1.2712998610714374,0.0,1.080973486607654,0.6991647180977197,0.3747950338780056,0.0,-0.013352073085031724,0
2025-10-05 11:00:00+00:00,4.248,4.248,4.244,4.244,8.67,-0.0058733870240883,-0.5856172405715676,-1.576994434137302,1.1198475101262817,0.0832613079796094,0.0941619585465825,1.069220812372496,0.6583883590813789,0.0942507068581041,0.0,-0.016965127238454336,0
2025-10-05 12:00:00+00:00,4.244,4.244,4.244,4.244,0.0,0.0,0.0,-1.3252731922808736,0.8315514373960609,0.0,0.0,1.074745350518367,0.6564566769597043,0.0,0.0,-0.018850141376060336,0
2025-10-05 13:00:00+00:00,4.244,4.244,4.244,4.244,0.0,0.0,0.0,-2.7274810909924563,0.8315514373960609,0.0,0.0,0.7414939210713976,0.6564566769597043,0.0,0.0,-0.038407163053722715,0
2025-10-05 14:00:00+00:00,4.262,4.263,4.22,4.22,93.94,-0.0056710927038162,-0.5655042412818112,-3.277561311024535,0.7400334208641501,0.8757239241560456,1.0086793335658777,0.7063033051141222,0.6597820115760876,1.0189573457301084,0.0236966824588475,-0.019431279620853004,0
2025-10-05 15:00:00+00:00,4.257,4.257,4.252,4.252,6.79,0.0075543324317811,0.7582938388625671,-0.6774118196682943,2.3099133782483072,0.068712235887702,0.1174536057981056,0.4978052191351849,0.6515100711934579,0.1175917215151452,0.0,-0.025164628410159984,0
2025-10-05 16:00:00+00:00,4.216,4.216,4.212,4.212,15.81,-0.0094518662079724,-0.940733772342428,-1.3352073085031724,1.347449470644846,0.1589317427856555,0.0948766603190626,0.6048951309429267,0.6852079758952646,0.0949667616108922,0.0,-0.015669515669515577,0
2025-10-05 17:00:00+00:00,4.204,4.204,4.172,4.172,187.48,-0.009542057133203,-0.949667616334282,-1.6965127238454336,-0.191387559808609,1.7499008283584176,0.7611798285534783,0.6645629307647182,0.7055921668600749,0.767018216498798,0.0,-0.005992329817833042,0
2025-10-05 18:00:00+00:00,4.164,4.164,4.164,4.164,2.3,-0.0019193863858035,-0.1917545541706644,-1.8850141376060336,-0.3827751196172291,0.0214485545537322,0.0,0.6526019360916826,0.7065848145541626,0.0,0.0,-0.002641690682036568,0
2025-10-05 19:00:00+00:00,4.163,4.163,4.081,4.081,211.8,-0.0201340943290536,-1.9932756964457063,-3.840716305372271,-2.368421052631564,1.824944352680476,1.969733364888362,0.919831539709074,0.8157042827042784,2.009311442781346,0.0,0.017642734623866563,0
2025-10-05 20:00:00+00:00,4.153,4.153,4.138,4.138,16.0,0.0138705228996825,1.3967164910561047,-1.9431279620853004,-1.3352408202193633,0.1373729568443939,0.3611846856823461,1.244780865819436,0.8667730133957863,0.3624939583464171,0.0,0.00845819236346057,0
2025-10-05 21:00:00+00:00,4.129,4.147,4.129,4.145,35.72,0.0016902092639068,0.1691638472691936,-2.5164628410159984,-1.1683357176919484,0.3028155830184533,0.0482276344229175,1.1631344719078696,0.8679337507434907,0.4342581422354186,0.0482509046928385,0.006755126658624988,0
2025-10-05 22:00:00+00:00,4.146,4.146,4.146,4.146,4.0,0.0002412254263296,0.0241254523522416,-1.5669515669515577,-1.2151536812008643,0.0342386361606998,0.0,1.14354728154127,0.8677016583632494,0.0,0.0,0.001205981669078593,0
2025-10-05 23:00:00+00:00,4.142,4.147,4.142,4.147,6.81,0.0002411672506564,0.0241196333815807,-0.5992329817833042,-1.1442193087008334,0.1055418512427299,0.0,1.093992352022778,0.867837146051417,0.120569086057251,0.0,0.0009645526886905564,0
2025-10-06 00:00:00+00:00,4.15,4.172,4.116,4.153,25.61,0.0014457833843721,0.1446829033035834,-0.2641690682036568,-1.0011918951132517,0.3904484210867992,0.4554170660461639,1.096968951253446,0.86868584838618,1.3484228265474554,0.4575006018643179,0.008427642667950819,0
2025-10-06 01:00:00+00:00,4.153,4.153,4.153,4.153,0.0,0.0,0.0,1.7642734623866565,-1.0954989283162742,0.0,0.0,0.5412538566327845,0.8682489603666143,0.0,0.0,0.008427642667950819,0
2025-10-06 02:00:00+00:00,4.145,4.173,4.138,4.173,8.03,0.0048042369607991,0.4815795810257706,0.845819236346057,-1.9962423673085985,0.1300984243974222,0.0,0.1806693852278846,0.8210209367328273,0.8387251375895731,0.0,0.0035945363048166534,0
2025-10-06 03:00:00+00:00,4.173,4.173,4.173,4.173,0.0,0.0,0.0,0.6755126658624988,-2.3859649122807136,0.0,0.0,0.1883247348012452,0.814845905034686,0.0,0.0,0.0011981787682722178,0
2025-10-06 04:00:00+00:00,4.167,4.175,4.151,4.151,108.64,-0.0052859325385138,-0.5271986580397847,0.1205981669078593,-3.397719339073768,1.8532397008753296,0.5748502992635095,0.325355559931021,0.808445361989455,0.5781739338525242,0.1927246446175081,0.005781739339917991,0
2025-10-06 05:00:00+00:00,4.151,4.151,4.151,4.151,0.0,0.0,0.0,0.0964552688690556,-3.7337662337662447,0.0,0.0,0.3254447857581911,0.8023214621975379,0.0,0.0,0.016622500602264445,0
2025-10-06 06:00:00+00:00,4.178,4.188,4.178,4.188,313.14,0.0088740239373887,0.8913514815707124,0.8427642667950819,-2.6272959776796223,5.225350251955211,0.0,0.4858632466085067,0.8297661007276098,0.2387774593508121,0.0,0.014804202483285733,0
2025-10-06 07:00:00+00:00,4.188,4.188,4.188,4.188,0.0,0.0,0.0,0.8427642667950819,-4.011001604400654,0.0,0.0,0.4858632466085067,0.7628448643755602,0.0,0.0,0.0384431709646611,0
2025-10-06 08:00:00+00:00,4.188,4.188,4.188,4.188,0.0,0.0,0.0,0.3594536304816653,-4.011001604400654,0.0,0.0,0.4572606484897262,0.7628448643755602,0.0,0.0,0.0417860553963707,0
2025-10-06 09:00:00+00:00,4.179,4.179,4.178,4.178,71.08,-0.0023906298739162,-0.238777459407824,0.1198178768272217,-2.4059799112356894,1.3655225409573717,0.0239291696520948,0.4736359554619367,0.6689662968509272,0.0239348970742217,0.0,0.04284346577309717,0
2025-10-06 10:00:00+00:00,4.194,4.197,4.175,4.175,29.4,-0.0007183048315552,-0.0718046912398295,0.5781739339917991,-2.201920824549086,0.6161261591530115,0.5241839407852847,0.3985975369328093,0.6678910507706425,0.5269461076582223,0.0718562874079413,0.04886227544910171,0
2025-10-06 11:00:00+00:00,4.213,4.22,4.21,4.22,12.06,0.0107207697451016,1.0778443113772518,1.6622500602264445,-0.5655042412818112,0.2519915375923523,0.0,0.5560881586443663,0.6996068809074347,0.2369668245883914,0.0,0.041469194312796276,0
2025-10-06 12:00:00+00:00,4.243,4.25,4.243,4.25,64.59,0.007083854888405,0.7109004739336511,1.480420248328573,0.1413760603204528,1.2777448070963833,0.0,0.5202943268748411,0.7154118313882478,0.1647058823141791,0.0,0.0348235294117647,0
2025-10-06 13:00:00+00:00,4.258,4.435,4.214,4.349,862.91,0.0230269506791759,2.329411764705891,3.84431709646611,2.474081055607935,9.97530959330699,1.9391206309043567,0.9637646658290576,0.8553180292362527,5.0816279592822005,1.9774660837025697,0.011726833754886146,0
2025-10-06 14:00:00+00:00,4.419,4.419,4.363,4.363,19.47,0.0032139605259712,0.3219130834674732,4.17860553963707,3.3886255924170827,0.2334485721680206,1.267255034789016,0.9301785758516722,0.8442624184624187,1.283520513114003,0.0,0.005500802200320676,0
2025-10-06 15:00:00+00:00,4.4,4.4,4.357,4.357,17.04,-0.0013761470061674,-0.1375200550080224,4.284346577309717,2.4694261523988903,0.2032715506290707,0.9772727270506232,0.9108019229842742,0.8355407164877136,0.9869176036293544,0.0,0.0064264402111544605,0
2025-10-06 16:00:00+00:00,4.379,4.379,4.379,4.379,4.56,0.005036640683956,0.5049345880192568,4.886227544910171,3.964862298195637,0.0547024952008792,0.0,0.840995313235956,0.8085213122759305,0.0,0.0,0.006850879196163673,0
2025-10-06 17:00:00+00:00,4.385,4.399,4.381,4.395,136.21,0.0036471433178791,0.3653802237953973,4.146919431279628,5.345158197507183,1.676972560345009,0.0909297567422402,0.8439772755225388,0.7734147976942071,0.4095563138999825,0.0910125142000073,0.004778156996587235,0
2025-10-06 18:00:00+00:00,4.373,4.398,4.373,4.398,365.78,0.000682360995429,0.0682593856655255,3.4823529411764698,5.619596541786742,3.7956287696603312,0.0,0.8789838185631007,0.7692463032295203,0.5684401999616886,0.0,0.0013642564802183177,0
2025-10-06 19:00:00+00:00,4.378,4.4,4.353,4.4,108.76,0.0004546487916461,0.0454752160072846,1.1726833754886146,7.816711590296488,1.1812056240000943,0.0,0.2404628644685537,0.6058981886841088,1.068181817939063,0.0,0.001136363636363713,0
2025-10-06 20:00:00+00:00,4.345,4.387,4.345,4.387,122.74,-0.0029589187401387,-0.2954545454545654,0.5500802200320676,6.017399710004834,1.2716151172948906,0.0,0.2999172257340974,0.5727408122168774,0.9573740595036716,0.0,-0.001595623432869786,0
2025-10-06 21:00:00+00:00,4.383,4.385,4.349,4.385,229.87,-0.0004559963599305,-0.0455892409391367,0.642644021115446,5.79010856453559,2.197347353306751,0.0,0.2879779330918108,0.5756220321022364,0.8209806155482277,0.0,-0.006157354618016031,0
2025-10-06 22:00:00+00:00,4.409,4.409,4.409,4.409,0.74,0.0054582805516541,0.547320410490304,0.6850879196163673,6.343463579353581,0.0070829212263623,0.0,0.2998691965882605,0.5771795257264444,0.0,0.0,-0.005670220004536097,0
2025-10-06 23:00:00+00:00,4.415,4.421,4.415,4.416,126.7,0.0015864025989937,0.1587661601270218,0.4778156996587235,6.486616831444425,1.157372693941081,0.1130965844575645,0.2762532393918478,0.5754777270445961,0.1358695651866288,0.1132246376555173,-0.010190217391304324,0
2025-10-07 00:00:00+00:00,4.382,4.404,4.382,4.404,56.75,-0.0027210901143607,-0.2717391304347893,0.1364256480218317,6.043823741873355,0.5123247582209705,0.0,0.3116853955002491,0.5853708970537562,0.4995458672798543,0.0,-0.024069028156221584,0
2025-10-07 01:00:00+00:00,4.405,4.43,4.382,4.405,436.62,0.0002270405277092,0.0227066303360556,0.1136363636363713,6.067902720924656,3.385646297819689,0.5643340856513799,0.3114916863025972,0.5849767847986892,1.0896708283564889,0.567536889768992,-0.026560726447219074,0
2025-10-07 02:00:00+00:00,4.381,4.381,4.38,4.38,26.5,-0.005691534999788,-0.5675368898978461,-0.1595623432869786,4.960460100647013,0.2042677835002689,0.0228258388443751,0.3793200974659095,0.6055190848233531,0.0228310502231055,0.0,-0.0239726027397259,0
2025-10-07 03:00:00+00:00,4.373,4.378,4.358,4.358,342.84,-0.0050354878659267,-0.5022831050228382,-0.6157354618016031,4.433261442607228,2.3805578057929817,0.4568296024539097,0.4269827236918741,0.621330214184189,0.4589261127905278,0.1147315281976268,-0.018586507572280753,0
2025-10-07 04:00:00+00:00,4.378,4.385,4.332,4.384,643.99,0.0059483131232865,0.5966039467645956,-0.5670220004536097,5.61310527583716,3.8719258470362794,0.0228050170985495,0.4420759684078289,0.6077365527340735,1.2089416055636522,0.0228102189728864,-0.024406934306569372,0
2025-10-07 05:00:00+00:00,4.371,4.371,4.371,4.371,3.66,-0.0029697337645369,-0.296532846715325,-1.0190217391304324,5.299927728258269,0.0219852280490543,0.0,0.4287716354801583,0.6155442007715161,0.0,0.0,-0.010295126973232871,0
2025-10-07 06:00:00+00:00,4.331,4.331,4.298,4.298,38.81,-0.0168420176608588,-1.670098375657758,-2.4069028156221584,2.626552053486164,0.2503144248427855,0.7619487414541878,0.7572677004714321,0.7100148059921356,0.7677989760893991,0.0,0.016519311307584772,0
2025-10-07 07:00:00+00:00,4.315,4.316,4.288,4.288,186.35,-0.0023293744518178,-0.232666356444855,-2.6560726447219074,2.387774594078329,1.144588642655794,0.6487488413696036,0.7351889674643423,0.7131409309651646,0.6529850744745739,0.0233208955169364,-0.0025652985074626766,0
2025-10-07 08:00:00+00:00,4.28,4.304,4.268,4.275,4137.66,-0.0030363213797773,-0.3031716417910446,-2.39726027397259,2.077363896848161,12.343409458403045,0.6737918214047861,0.734476726169113,0.7176400906477738,0.842105262960922,0.5614035086406078,-0.013801169590643259,0
2025-10-07 09:00:00+00:00,4.277,4.277,4.277,4.277,16.23,0.0004677268560479,0.0467836257309839,-1.8586507572280753,2.3695548109143205,0.0487494743585712,0.0,0.7537297136646566,0.7143810062322788,0.0,0.0,-0.030161328033668555,0
2025-10-07 10:00:00+00:00,4.277,4.277,4.277,4.277,0.0,0.0,0.0,-2.4406934306569372,2.4431137724550966,0.0,0.0,0.6412100515047994,0.7137906186810219,0.0,0.0,-0.026186579378068786,0
2025-10-07 11:00:00+00:00,4.309,4.335,4.309,4.326,33.86,0.0113914982860953,1.1456628477904962,-1.029512697323287,2.5118483412322146,0.1018009079699894,0.2076124566995205,0.906019048553969,0.717879320229152,0.6010171057325389,0.2080443827535806,-0.03721682847896435,0
2025-10-07 12:00:00+00:00,4.332,4.369,4.332,4.369,10.09,0.0098908224384319,0.9939898289412996,1.6519311307584772,2.8000000000000025,0.0305443647563321,0.0,0.6288361301244174,0.730343201659337,0.8468757150728123,0.0,-0.050812542915999015,0
2025-10-07 13:00:00+00:00,4.367,4.367,4.277,4.277,50.51,-0.0212823207245271,-2.1057450217440987,-0.2565298507462676,-1.6555530006898134,0.1703603560551553,2.060911380338694,1.1737718518470956,0.7131321422520978,2.104278699531379,0.0,-0.03039513677811545,0
2025-10-07 14:00:00+00:00,4.253,4.253,4.216,4.216,205.84,-0.0143650180057103,-1.426233341126959,-1.380116959064326,-3.369241347696539,0.676538699086122,0.8699741356995104,1.307604811069088,0.7599699779276141,0.8776091079512294,0.0,-0.00687855787476277,0
2025-10-07 15:00:00+00:00,4.212,4.212,4.148,4.148,4195.68,-0.0162605208717804,-1.6129032258064613,-3.0161328033668555,-4.796878586183162,8.770883435297302,1.5194681857741068,1.4106519437495668,0.8180421122365621,1.5429122464939955,0.0,0.005062680810028919,0
2025-10-07 16:00:00+00:00,4.19,4.19,4.113,4.165,1883.82,0.0040899852515252,0.4098360655737876,-2.6186579378068786,-4.886960493263293,3.3841052514121452,0.5966587110747915,1.4495944973979982,0.8146988301906093,1.8487394953544432,0.0,0.002160864345738478,0
2025-10-07 17:00:00+00:00,4.171,4.171,4.165,4.165,15.32,0.0,0.0,-3.721682847896435,-5.233219567690551,0.0277722386381673,0.1438503955541051,1.2637311898953991,0.8069008505047598,0.1440576230146374,0.0,0.002160864345738478,0
2025-10-07 18:00:00+00:00,4.147,4.147,4.147,4.147,1343.41,-0.0043310943545616,-0.4321728691476512,-5.081254291599901,-5.707139608913126,2.2678769760983046,0.0,1.0059118499285282,0.8054956654942913,0.0,0.0,0.006510730648661811,0
2025-10-07 19:00:00+00:00,4.147,4.147,4.147,4.147,0.0,0.0,0.0,-3.039513677811545,-5.75,0.0,0.0,0.8336101959543242,0.8048364008968221,0.0,0.0,0.007957559681697424,0
2025-10-07 20:00:00+00:00,4.129,4.187,4.127,4.187,413.61,0.009599305772762,0.964552688690623,-0.687855787476277,-4.558924093913818,0.689404577861265,0.0,0.8764670232716735,0.8414909606263309,1.4330069258579037,0.0,-0.0016718414139003102,0
2025-10-07 21:00:00+00:00,4.183,4.183,4.169,4.169,71.74,-0.0043082881383465,-0.4299020778600559,0.5062680810028919,-4.92588369441278,0.1209039143356483,0.33468802287003,0.5328116233190263,0.8422025729863681,0.3358119452300819,0.0,-0.01798992564164048,0
2025-10-07 22:00:00+00:00,4.174,4.174,4.174,4.174,1.19,0.0011986097563493,0.1199328376109587,0.2160864345738478,-5.3300068042639985,0.0020054517954236,0.0,0.5101500122775693,0.8299708808188684,0.0,0.0,-0.02491614758025873,0
2025-10-07 23:00:00+00:00,4.174,4.174,4.174,4.174,0.0,0.0,0.0,0.2160864345738478,-5.480072463768115,0.0,0.0,0.5101500122775693,0.8273835856495725,0.0,0.0,-0.013655965500718792,0
2025-10-08 00:00:00+00:00,4.174,4.174,4.174,4.174,0.0,0.0,0.0,0.6510730648661811,-5.2225249772933635,0.0,0.0,0.4585312917090575,0.828713872491329,0.0,0.0,-0.014853857211308163,0
2025-10-08 01:00:00+00:00,4.173,4.18,4.173,4.18,12.9,0.0014364378816558,0.1437470052707112,0.7957559681697424,-5.107832009080604,0.0227079193868462,0.0,0.4554944976340028,0.8306414699224567,0.1674641147924648,0.0,-0.011244019138755945,0
2025-10-08 02:00:00+00:00,4.18,4.18,4.18,4.18,0.0,0.0,0.0,-0.167184141390031,-4.5662100456621,0.0,0.0,0.2078208051353795,0.8283150977359997,0.0,0.0,-0.007177033492822837,0
2025-10-08 03:00:00+00:00,4.127,4.127,4.094,4.094,328.97,-0.020788759297567,-2.057416267942569,-1.798992564164048,-6.057824690224855,0.580806906758312,0.7996123089896621,0.8726354616122726,0.9120364301413264,0.8060576451377356,0.0,0.0063507572056666906,0
2025-10-08 04:00:00+00:00,4.122,4.122,4.07,4.07,1543.19,-0.0058794877845941,-0.5862237420615535,-2.491614758025873,-7.162408759124084,2.555507409171609,1.261523531959834,0.8517005079339125,0.8956238860702601,1.277641277327351,0.0,0.01228501228501222,0
2025-10-08 05:00:00+00:00,4.108,4.117,4.108,4.117,3.17,0.011481743333264,1.1547911547911571,-1.3655965500718792,-5.81102722489134,0.005249666203195,0.0,1.066887018330683,0.9437983460543004,0.2186057808553384,0.0,0.014573718727228568,0
2025-10-08 06:00:00+00:00,4.104,4.112,4.104,4.112,13.21,-0.0012152146349036,-0.1214476560602362,-1.4853857211308163,-4.327594229874354,0.0219150811342889,0.0,1.0628121345666728,0.8930520357142514,0.1945525291355662,0.0,0.015807392996108893,0
2025-10-08 07:00:00+00:00,4.148,4.148,4.133,4.133,19.05,0.0050940073767313,0.5107003891050566,-1.1244019138755943,-3.614738805970152,0.0319732577126555,0.3616200577720221,1.0997147412902135,0.9040827630257696,0.3629324944681915,0.0,0.0019356399709653527,0
2025-10-08 08:00:00+00:00,4.15,4.15,4.15,4.15,2.62,0.0041047987130116,0.4113234938301513,-0.7177033492822837,-2.923976608187129,0.0061862911865864,0.0,1.126232088896803,0.9106509308315414,0.0,0.0,-0.0014457831325301873,0
2025-10-08 09:00:00+00:00,4.12,4.12,4.12,4.12,16.58,-0.007255170881172,-0.7228915662650715,0.635075720566669,-3.6707972878185617,0.0391470138005285,0.0,0.7164241266711341,0.9179823809483876,0.0,0.0,0.009951456310679507,0
2025-10-08 10:00:00+00:00,4.12,4.12,4.12,4.12,0.0,0.0,0.0,1.228501228501222,-3.6707972878185617,0.0,0.0,0.6385842898438544,0.9179823809483876,0.0,0.0,0.01747572815533993,0
2025-10-08 11:00:00+00:00,4.177,4.177,4.177,4.177,68.51,0.0137401221536031,1.383495145631053,1.4573718727228568,-3.444290337494227,0.1612093248527248,0.0,0.708256596778152,0.9335079479488816,0.0,0.0,0.015082595163993462,0
2025-10-08 12:00:00+00:00,4.177,4.177,4.177,4.177,0.0,0.0,0.0,1.580739299610889,-4.394598306248576,0.0,0.0,0.6974668987704259,0.9025353842032828,0.0,0.0,0.015561407708882147,0
2025-10-08 13:00:00+00:00,4.14,4.141,4.14,4.141,120.48,-0.008655980951608,-0.8618625807996105,0.1935639970965352,-3.179798924479782,0.2818440652319249,0.0,0.8155741489779019,0.8172445678772976,0.0241487563332249,0.0,0.01980198019801982,0
2025-10-08 14:00:00+00:00,4.178,4.188,4.144,4.144,60.81,0.0007242003937517,0.0724462690171456,-0.1445783132530187,-1.707779886148009,0.144295282106307,1.050620821143586,0.7956507373535932,0.7693761594398546,1.0617760615198315,0.2413127412545043,0.019063706563706484,0
2025-10-08 15:00:00+00:00,4.161,4.161,4.161,4.161,360.49,0.0040939250436221,0.4102316602316413,0.9951456310679508,0.3134040501446389,1.3778728378512948,0.0,0.7275426733016402,0.6996185050461098,0.0,0.0,0.013698630136986356,0
2025-10-08 16:00:00+00:00,4.161,4.192,4.161,4.192,10.85,0.0074225170179369,0.7450132179764646,1.7475728155339931,0.648259303721499,0.0590998842510568,0.0,0.7564003202755315,0.711032917889776,0.7395038166174986,0.0,0.008587786259541819,0
2025-10-08 17:00:00+00:00,4.191,4.242,4.191,4.24,123.58,0.0113853222251254,1.1450381679389388,1.5082595163993462,1.8007202881152429,0.6569967835937389,0.0471475718889274,0.6922137631574637,0.7462660023983693,1.2028301883955623,0.0471698113096245,-0.010377358490566202,0
2025-10-08 18:00:00+00:00,4.237,4.242,4.219,4.242,92.87,0.0004715868986243,0.0471698113207574,1.556140770888215,2.290812635640216,0.6829053072729531,0.0,0.6890748281404453,0.73846489849864,0.5421970767227184,0.0,-0.01084394153701096,0
2025-10-08 19:00:00+00:00,4.223,4.223,4.223,4.223,1.18,-0.0044890801906842,-0.4479019330504541,1.980198019801982,1.8326501085121685,0.0086738131699209,0.0,0.5626654772677817,0.7465995762461587,0.0,0.0,-0.02273265451101114,0
2025-10-08 20:00:00+00:00,4.223,4.223,4.223,4.223,0.0,0.0,0.0,1.9063706563706484,0.8598041557200675,0.0,0.0,0.569943558566821,0.7224915952086203,0.0,0.0,-0.03362538479753718,0
2025-10-08 21:00:00+00:00,4.2,4.218,4.2,4.218,1616.05,-0.0011846938952236,-0.1183992422448487,1.3698630136986356,1.1753418085872047,8.823441090108112,0.0,0.5926968216456143,0.7165113428944889,0.4267425319045132,0.0,-0.027501185395922167,0
2025-10-08 22:00:00+00:00,4.229,4.229,4.228,4.228,78.0,0.0023679859514082,0.2370791844475972,0.8587786259541819,1.2937230474364902,0.4185569177016829,0.0236462520634634,0.5381890177139077,0.7174134115547313,0.0236518448383116,0.0,-0.028145695364238388,0
2025-10-08 23:00:00+00:00,4.196,4.196,4.196,4.196,11.4,-0.0075973774739404,-0.7568590350047311,-1.0377358490566202,0.5270723526592969,0.0610181738702461,0.0,0.365975220484901,0.7363901279498606,0.0,0.0,-0.019065776930409895,0
2025-10-09 00:00:00+00:00,4.196,4.196,4.196,4.196,0.0,0.0,0.0,-1.084394153701096,0.5270723526592969,0.0,0.0,0.3607483124946448,0.7363901279498606,0.0,0.0,-0.019065776930409895,0
2025-10-09 01:00:00+00:00,4.169,4.169,4.127,4.127,134.57,-0.0165809397636059,-1.6444232602478517,-2.273265451101114,-1.2679425837320513,0.701253696599162,1.0074358356902249,0.7092672761407651,0.811454151871776,1.0176883932595815,0.0,-0.015507632662951298,0
2025-10-09 02:00:00+00:00,4.133,4.133,4.081,4.081,400.12,-0.0112086943467759,-1.1146110976496093,-3.3625384797537183,-2.368421052631564,1.9183890364891936,1.258165980823081,0.7352700035363561,0.8400139844539682,1.2741975003003585,0.0,-0.022298456260720467,0
2025-10-09 03:00:00+00:00,4.111,4.123,4.102,4.102,255.07,0.0051326032265202,0.5145797598627766,-2.7501185395922167,0.1954079140205289,1.241266880240522,0.5093378606574467,0.8492640945284683,0.734516927378638,0.5119453923666614,0.2925402242095332,-0.019990248659190857,0
2025-10-09 04:00:00+00:00,4.109,4.109,4.109,4.109,32.66,0.0017050302510837,0.1706484641638139,-2.814569536423839,0.9582309582309544,0.2291079043730839,0.0,0.8386760787613406,0.7239963941457878,0.0,0.0,-0.026040399123874458,0
2025-10-09 05:00:00+00:00,4.117,4.117,4.116,4.116,99.36,0.0017021280705303,0.1703577512776721,-1.9065776930409897,-0.0242895312120516,0.6779437434921017,0.0242895312061559,0.8613370739338522,0.6853899751868892,0.0242954324528032,0.0,-0.020165208940718937,0
2025-10-09 06:00:00+00:00,4.116,4.116,4.116,4.116,0.0,0.0,0.0,-1.9065776930409897,0.0972762645914393,0.0,0.0,0.8613370739338522,0.684909700288838,0.0,0.0,-0.016277939747327275,0
2025-10-09 07:00:00+00:00,4.07,4.07,4.063,4.063,38.19,-0.0129602009662134,-1.2876579203109806,-1.5507632662951298,-1.6936849745947335,0.260135835088865,0.1719901719479277,0.7550337542264143,0.724968447365724,0.1722864877744941,0.0,-0.011321683485109424,0
2025-10-09 08:00:00+00:00,4.056,4.056,3.99,3.99,105.79,-0.0181303861038175,-1.7967019443760668,-2.2298456260720467,-3.855421686746996,0.7001014735681187,1.6272189345100505,0.9424108142540096,0.7990325737342048,1.6541353379312902,0.0,0.011027568922305608,0
2025-10-09 09:00:00+00:00,3.988,4.02,3.988,4.02,53.07,0.0074906717291574,0.7518796992481036,-1.9990248659190857,-2.4271844660194275,0.3477102414631671,0.0,0.9905900609548444,0.8105736935357167,0.7960199002994873,0.0,-0.005970149253731294,0
2025-10-09 10:00:00+00:00,4.024,4.024,4.002,4.002,10.07,-0.004487666469388,-0.4477611940298498,-2.604039912387446,-2.86407766990292,0.0657969246848512,0.5467196817726899,0.9589496696342787,0.8132808995458249,0.5497251372939278,0.0,-0.007996001999000413,0
2025-10-09 11:00:00+00:00,4.033,4.033,4.033,4.033,0.81,0.0077162797296896,0.7746126936531983,-2.0165208940718937,-3.4474503231984532,0.0053918822217302,0.0,1.061416981312976,0.7734536496900346,0.0,0.0,0.0004959087527893757,0
2025-10-09 12:00:00+00:00,4.055,4.093,4.049,4.049,164.12,0.0039594211587929,0.3967270022315894,-1.6277939747327277,-3.064400287287506,1.0449232532284896,1.075006107726595,1.098411008867218,0.7808940499074897,1.0866880708602793,0.9385033339248016,-0.0034576438626822137,0
2025-10-09 13:00:00+00:00,4.017,4.017,4.017,4.017,24.68,-0.0079345816728789,-0.7903185971844917,-1.1321683485109424,-2.9944457860420104,0.1612307893307991,0.0,1.021301094707961,0.7780719246012858,0.0,0.0,0.004480955937266495,0
2025-10-09 14:00:00+00:00,4.009,4.034,3.987,4.034,66.39,0.0042230841548747,0.4232013940751677,1.1027568922305608,-2.654440154440163,0.4330582825058994,0.0,0.6514794199668342,0.7852097214381151,1.1650966779461762,0.0,0.0002478929102629479,0
2025-10-09 15:00:00+00:00,4.034,4.034,3.996,3.996,15.67,-0.0094645787457128,-0.9419930589985026,-0.5970149253731294,-3.9653929343907657,0.1127845254152925,0.9419930587649946,0.7207652995731251,0.7947753620082382,0.9509509507129704,0.0,0.009759759759759845,0
2025-10-09 16:00:00+00:00,4.008,4.008,3.97,3.97,161.12,-0.0065277660872079,-0.6506506506506415,-0.7996001999000413,-5.295801526717558,1.1096514260549095,0.948103792178612,0.7449270477684755,0.7760568644384988,0.957178841068716,0.0,0.031234256926952142,0
2025-10-09 17:00:00+00:00,4.0,4.035,4.0,4.035,47.47,0.016240207022813,1.6372795969773255,0.0495908752789375,-4.834905660377364,0.3342310468019626,0.0,0.992332988283047,0.8183647744920102,0.8674101608754904,0.0,0.014622057001239197,0
2025-10-09 18:00:00+00:00,4.028,4.035,4.028,4.035,3.21,0.0,0.0,-0.3457643862682213,-4.879773691654876,0.0232118107862135,0.0,0.9743991682624836,0.8177856857953851,0.1734820321751113,0.0,0.014622057001239197,0
2025-10-09 19:00:00+00:00,4.035,4.035,4.035,4.035,0.0,0.0,0.0,0.4480955937266495,-4.451811508406345,0.0,0.0,0.9060211748553306,0.817180349917788,0.0,0.0,0.016109045848822667,0
2025-10-09 20:00:00+00:00,4.035,4.035,4.035,4.035,0.0,0.0,0.0,0.0247892910262947,-4.451811508406345,0.0,0.0,0.8898584896368603,0.817180349917788,0.0,0.0,0.007682775712515522,0
2025-10-09 21:00:00+00:00,4.035,4.035,4.035,4.035,0.0,0.0,0.0,0.9759759759759844,-4.338549075391174,0.0,0.0,0.7624095173573379,0.8179870437266143,0.0,0.0,0.023543990086740907,0
2025-10-09 22:00:00+00:00,4.046,4.094,4.046,4.094,54.15,0.0145161855171857,1.4622057001239197,3.123425692695214,-3.169347209082296,0.7745303709243645,0.0,0.7959958363803523,0.8804154598812702,1.172447483836726,0.0,0.005373717635564157,0
2025-10-09 23:00:00+00:00,4.094,4.094,4.094,4.094,0.0,0.0,0.0,1.4622057001239197,-2.4308865586272543,0.0,0.0,0.592620792144734,0.8705489249537084,0.0,0.0,0.005373717635564157,0
2025-10-10 00:00:00+00:00,4.094,4.094,4.094,4.094,0.0,0.0,0.0,1.4622057001239197,-2.4308865586272543,0.0,0.0,0.592620792144734,0.8705489249537084,0.0,0.0,0.01319003419638487,0
2025-10-10 01:00:00+00:00,4.1,4.1,4.1,4.1,6.08,0.0014644864711642,0.14655593551538,1.6109045848822667,-0.6542282529682586,0.0948746123272776,0.0,0.5836106859777368,0.8058814742140603,0.0,0.0,-0.007317073170731603,0
2025-10-10 02:00:00+00:00,4.051,4.066,4.051,4.066,22.53,-0.0083272585041072,-0.8292682926829276,0.7682775712515522,-0.3675569713305737,0.4659611871262764,0.0,0.7381668381348526,0.7908888611329568,0.3689129364562359,0.0,0.000983767830792015,0
2025-10-10 03:00:00+00:00,4.087,4.13,4.087,4.13,138.14,0.0156176917667864,1.5740285292670908,2.3543990086740907,0.682593856655278,3.1771233624246467,0.0,0.9336621476487852,0.8482379126472898,1.041162227350812,0.0,-0.0065375302663438495,0
2025-10-10 04:00:00+00:00,4.136,4.136,4.116,4.116,68.28,-0.0033955890011382,-0.3389830508474634,0.5373717635564157,0.1703577512776721,1.5185566150172385,0.4835589940803885,0.8026745350659845,0.8509068772972486,0.4859086490559129,0.0,-0.003158406219630705,0
2025-10-10 05:00:00+00:00,4.116,4.116,4.116,4.116,0.0,0.0,0.0,0.5373717635564157,0.0,0.0,0.0,0.8026745350659845,0.8501972303598452,0.0,0.0,0.012876579203109806,0
2025-10-10 06:00:00+00:00,4.148,4.148,4.148,4.148,2.41,0.0077444723954777,0.7774538386783325,1.319003419638487,0.7774538386783325,0.0588894092718102,0.0,0.8465091283848085,0.8647691517374356,0.0,0.0,0.017357762777242103,0
2025-10-10 07:00:00+00:00,4.07,4.07,4.07,4.07,4.0,-0.0189832909127771,-1.8804243008678776,-0.7317073170731603,0.1722864878169083,0.1012668909983959,0.0,1.213374425778346,0.9124199006555052,0.0,0.0,0.051597051597051635,0
2025-10-10 08:00:00+00:00,4.07,4.07,4.07,4.07,0.0,0.0,0.0,0.0983767830792015,2.0050125313283207,0.0,0.0,1.162431388109943,0.8261395838486973,0.0,0.0,0.028009828009827986,0
2025-10-10 09:00:00+00:00,4.071,4.164,4.071,4.103,221.18,0.0080754140055453,0.8108108108108025,-0.653753026634385,2.0646766169154285,5.25414971629885,1.4649375596866132,0.9898630780116614,0.8282736792599231,2.2666341695669905,1.4867170359525417,-0.006824274920789519,0
2025-10-10 10:00:00+00:00,4.103,4.103,4.103,4.103,0.0,0.0,0.0,-0.3158406219630705,2.5237381309345386,0.0,0.0,0.9837546881618796,0.8207273532343006,0.0,0.0,-0.015354618571776668,0
2025-10-10 11:00:00+00:00,4.149,4.178,4.149,4.169,18.46,0.0159577854386108,1.608579088471851,1.2876579203109806,3.372179518968488,0.435253318128239,0.215414073667932,1.1940876993020426,0.865881532872479,0.6956104579765846,0.2158791076479144,-0.04197649316382812,0
2025-10-10 12:00:00+00:00,4.188,4.22,4.188,4.22,62.04,0.0121589291492606,1.2233149436315705,1.7357762777242105,4.223265003704602,1.625839420797957,0.0,1.2479669629829666,0.8922678144947571,0.7582938386828695,0.0,-0.057582938388625604,0
2025-10-10 13:00:00+00:00,4.187,4.28,4.187,4.28,297.28,0.014117881545785,1.4218009478673022,5.1597051597051635,6.547174508339548,6.003584621347771,0.0,0.7002397372740591,0.9019792875968982,2.172897195753995,0.0,-0.07686915887850476,0
2025-10-10 14:00:00+00:00,4.241,4.241,4.184,4.184,55.25,-0.0226852828310836,-2.242990654205612,2.8009828009827986,3.7183936539415097,1.1263346555785556,1.344022635853791,1.452206479016121,1.0383990943995158,1.3623326956590862,0.0,-0.1187858508604207,0
2025-10-10 15:00:00+00:00,4.183,4.194,4.02,4.075,1804.62,-0.0263969800697957,-2.6051625239005727,-0.6824274920789519,1.9769769769769852,14.601371442323742,2.837386742289602,1.9002171335970683,1.1659702437208876,4.26993864925892,0.2699386502405088,-0.09938650306748475,0
2025-10-10 16:00:00+00:00,4.055,4.075,4.031,4.04,662.97,-0.0086260547197673,-0.8588957055214785,-1.5354618571776668,1.76322418136019,4.5879350762498685,0.8588957053107039,1.9223581757931312,1.172484542154671,1.0891089106215197,0.4950495048279694,-0.1861386138613862,0
2025-10-10 17:00:00+00:00,4.013,4.013,3.994,3.994,41.6,-0.0114514569794352,-1.1386138613861396,-4.197649316382812,-1.0161090458488231,0.2883715556562529,0.4734612508164733,1.707413251732484,1.1492210322232868,0.4757135702364183,0.0,-0.1895343014521783,0
2025-10-10 18:00:00+00:00,3.982,3.982,3.977,3.977,33.8,-0.0042654687680699,-0.4256384576865391,-5.75829383886256,-1.4374225526641915,0.2322498632882095,0.1255650426605898,1.4479288032743447,1.1518296398294707,0.1257229066819992,0.0,-0.2466683429720895,0
2025-10-10 19:00:00+00:00,3.977,3.977,3.884,3.951,463.96,-0.0065590547962998,-0.6537591149107347,-7.686915887850477,-2.081784386617102,2.8141884121899174,0.6537591147463467,0.9076725537336184,1.1581002719328275,2.3538344716897397,0.0,-0.2662617058972412,0
2025-10-10 20:00:00+00:00,3.936,3.936,3.687,3.687,1511.21,-0.0691555921772463,-6.68185269552013,-11.87858508604207,-8.624535315985138,6.633011214390888,6.326219510587854,2.482308859385848,1.8114056155647649,6.753458094181328,0.0,-0.1358828315703824,0
2025-10-10 21:00:00+00:00,3.682,3.819,3.15,3.67,10675.7,-0.0046214571855285,-0.4610794684024921,-9.938650306748476,-9.045848822800496,15.871047829279052,3.901544906022115,2.5472843501060014,1.80969254261611,18.22888282882047,3.7329700262307983,-0.14495912806539513,0
2025-10-10 22:00:00+00:00,3.67,3.725,3.15,3.288,11532.7,-0.1099121848725454,-10.408719346049043,-18.61386138613862,-19.687347337567186,10.020371288168452,11.731543621011673,4.473614911182108,2.77991259926993,17.487834544559668,1.672749391218755,-0.030109489051094784,0
2025-10-10 23:00:00+00:00,3.288,3.623,3.15,3.237,17124.2,-0.015632502249826,-1.55109489051094,-18.95343014521783,-20.93307278944797,9.184665317279745,10.654154013068135,4.43393526357414,2.7758888454571617,14.612295330672762,10.349088659144565,-0.03552672227371034,0
2025-10-11 00:00:00+00:00,3.237,3.238,2.9,2.996,7006.1,-0.0773689092891343,-7.445165276490584,-24.66683429720895,-26.81973619931608,3.249048210413795,7.473749225610331,4.424060235758088,3.088898814034005,11.281708941494758,0.0333778371050104,0.06809078771695609,0
2025-10-11 01:00:00+00:00,2.999,2.999,2.893,2.899,1135.73,-0.0329122157154545,-3.237650200267017,-26.62617058972412,-29.29268292682926,0.5154388549935862,3.3344448138264635,4.055224794443895,3.098549127142302,3.6564332515845455,0.0,0.10486374611935134,0
2025-10-11 02:00:00+00:00,2.966,3.188,2.965,3.186,2379.63,0.0944003615483382,9.899965505346664,-13.58828315703824,-21.642892277422533,1.033886406153435,0.062735257194883,7.03875867280606,3.813704721488784,6.999372251412636,0.0627746390261292,0.00910232266164468,0
2025-10-11 03:00:00+00:00,3.122,3.157,3.071,3.138,2462.84,-0.0151805571770159,-1.5065913370998163,-14.495912806539511,-24.019370460048428,1.0268258125392236,0.6018371870124091,6.992643211796256,3.774804781992208,2.7405991068385553,0.6054811980224766,0.027087316762268943,0
2025-10-11 04:00:00+00:00,3.138,3.189,3.076,3.189,908.95,0.0161217337170797,1.6252390057361454,-3.0109489051094784,-22.521865889212823,0.3735114835928425,0.0,5.754919570221408,3.8137238802758775,3.543430541378666,0.0,0.03606146127312626,0
2025-10-11 05:00:00+00:00,3.189,3.189,3.118,3.122,359.9,-0.0212335659346802,-2.1009720915647567,-3.5526722273710343,-24.149659863945573,0.1469866261160681,2.1009720909059406,5.77991893259828,3.812615387035286,2.2741832151588195,0.0,0.042280589365791155,0
2025-10-11 06:00:00+00:00,3.189,3.2,3.189,3.2,182.32,0.0246769877124407,2.498398462524043,6.809078771695609,-22.854387656702013,0.074233973552013,0.0,4.6522288835664405,3.865113597211413,0.3437499998925818,0.0,-0.011562500000000142,0
2025-10-11 07:00:00+00:00,3.155,3.205,3.155,3.203,17.21,0.00093706082134,0.0937499999999813,10.486374611935132,-21.302211302211315,0.0070057066385758,0.0624024960803806,4.196443835968305,3.8681898161119177,1.5610365277674023,0.0624414611107027,-0.018732438339057134,0
2025-10-11 08:00:00+00:00,3.209,3.266,3.209,3.215,134.15,0.0037394870625616,0.3746487667811493,0.910232266164468,-21.007371007371013,0.0544847169996292,1.5615431715978176,1.7614513583049731,3.8731351674577943,1.772939346260359,1.58631415191717,-0.01990668740279944,0
2025-10-11 09:00:00+00:00,3.283,3.3,3.223,3.223,266.28,0.0024852451437181,0.2488335925350027,2.7087316762268943,-21.44772117962467,0.1080665371366677,2.3333333326262617,1.5631453354810465,3.863570819785181,2.389078497552255,0.5274588890699756,-0.02140862550418865,0
2025-10-11 10:00:00+00:00,3.276,3.304,3.223,3.304,141.42,0.0248212528254308,2.513186472230844,3.606146127312626,-19.47355593468194,0.0572566833877651,0.0,1.7249802849801856,3.924409103952655,2.451573849136932,0.0,-0.04328087167070216,0
2025-10-11 11:00:00+00:00,3.302,3.302,3.2,3.254,104.89,-0.0152488468618855,-1.513317191283292,4.2280589365791155,-21.94770928280162,0.0424049625408846,1.4536644453501937,1.5445384666835922,3.889580802765405,3.1346035638799576,0.0,-0.028580208973570942,0
2025-10-11 12:00:00+00:00,3.239,3.239,3.133,3.163,110.67,-0.0283640644733343,-2.7965580823601788,-1.1562500000000142,-25.047393364928904,0.0447050815826153,2.346403210143132,1.8174917169539435,3.875666475124015,3.351248813357173,0.0,-0.0006323110970596346,0
2025-10-11 13:00:00+00:00,3.125,3.143,3.085,3.143,122.91,-0.0063431865080812,-0.6323110970597567,-1.8732438339057136,-26.565420560747675,0.0497955654559184,0.0,1.8187575814948824,3.8380075537949274,1.845370664382632,0.0,-0.04136175628380523,0
2025-10-11 14:00:00+00:00,3.154,3.154,3.151,3.151,103.41,0.0025421049597069,0.2545338848234157,-1.990668740279944,-24.689292543021036,0.0418613335735032,0.0951173113205117,1.81032130116531,3.8444850397033257,0.0952078704870845,0.0,-0.052681688352903766,0
2025-10-11 15:00:00+00:00,3.151,3.154,3.15,3.154,157.15,0.000951625765709,0.0952078705172887,-2.140862550418865,-22.60122699386503,0.0654340671446664,0.0,1.8014936444809224,3.839911146647643,0.1268230817606776,0.0,-0.04850982878883958,0
2025-10-11 16:00:00+00:00,3.154,3.161,3.154,3.161,18.75,0.002216944692634,0.221940393151554,-4.3280871670702155,-21.757425742574256,0.0078953629305308,0.0,1.2355484594871302,3.848795132014729,0.2214489085031834,0.0,-0.05472951597595699,0
2025-10-11 17:00:00+00:00,3.152,3.161,3.152,3.161,452.09,0.0,0.0,-2.858020897357094,-20.85628442663996,0.1890075196011052,0.0,1.1974183360750994,3.8543005804902055,0.2847200252183706,0.0,-0.054413160392280946,0
2025-10-11 18:00:00+00:00,3.161,3.161,3.16,3.161,338.38,0.0,0.0,-0.0632311097059634,-20.51797837566004,0.1407215838351327,0.0,0.3238890849991317,3.857919370802579,0.0316355583575936,0.0,-0.05346409364125282,0
2025-10-11 19:00:00+00:00,3.125,3.125,2.985,3.013,2201.84,-0.0479521730853165,-4.68206263840557,-4.136175628380522,-23.74082510756771,0.8889075792241891,3.5839999988531233,2.007138734153436,3.9356244044805497,4.6465316944419115,0.0,-0.026219714570195785,0
2025-10-11 20:00:00+00:00,3.027,3.027,2.937,2.985,197.59,-0.0093365133035987,-0.9293063391968116,-5.268168835290377,-19.03986981285598,0.0815717811754788,1.3875123880450986,1.9515313619057333,3.737685548707138,3.0150753758743565,0.0,-0.024455611390284737,0
2025-10-11 21:00:00+00:00,2.934,3.001,2.9,3.001,227.6,0.0053458196136645,0.5360134003350003,-4.850982878883958,-18.228882833787463,0.1145476381154676,0.0,2.003977442100279,3.748053996993995,3.3655448172723936,0.0,-0.001666111296234507,0
2025-10-11 22:00:00+00:00,3.005,3.014,2.988,2.988,116.54,-0.0043412991876591,-0.4331889370209896,-5.472951597595699,-9.12408759124087,0.0771138016930581,0.8626410083401922,1.952445386634058,3.061290023859211,0.8701472553982037,0.3012048191763001,0.019410977242302563,0
2025-10-11 23:00:00+00:00,3.0,3.018,2.989,2.989,26.67,0.0003346160312299,0.0334672021419013,-5.441316039228095,-7.6614148903305646,0.0333844120539799,0.9609012587936018,1.9557058377372625,3.0522166540907536,0.9702241549112638,0.6022080961518138,-0.0026764804282368715,0
2025-10-12 00:00:00+00:00,3.003,3.017,2.947,2.992,1432.61,0.00100317681043,0.1003680160588826,-5.346409364125282,-0.1335113484646211,2.5282226665141603,0.8286377193143365,1.9656756575398913,2.6132246436069124,2.339572191731421,0.4679144383462782,0.0050133689839573226,0
2025-10-12 01:00:00+00:00,2.989,2.994,2.934,2.934,350.81,-0.0195753803914407,-1.9385026737967823,-2.6219714570195785,1.2073128665057054,0.6570188246059951,2.0040080153627247,0.8958257587686433,2.553822718893834,2.0449897743541294,0.1704158145295221,0.04089979550102241,0
2025-10-12 02:00:00+00:00,2.993,2.994,2.912,2.912,376.57,-0.0075265493863505,-0.7498295841854241,-2.4455611390284737,-8.600125549278093,0.8359282434045014,2.7388109543290637,0.8788792398200169,1.59003688522148,2.815934064967066,0.034340659328878,0.04807692307692313,0
2025-10-12 03:00:00+00:00,2.993,2.996,2.993,2.996,361.94,0.0284379353205336,2.884615384615397,-0.1666111296234507,-4.525175270873161,0.997234419931471,0.0,1.5925215302655031,1.6992022128578568,0.100133511315046,0.0,-0.005340453938584733,0
2025-10-12 04:00:00+00:00,2.99,3.046,2.99,3.046,130.66,0.016551188817997,1.6688918558077417,1.9410977242302565,-4.48416431483224,0.3953224513247649,0.0,1.7099829175547625,1.7012072298582743,1.838476690138373,0.0,-0.009192383453709763,0
2025-10-12 05:00:00+00:00,3.043,3.046,2.981,2.981,344.32,-0.0215704397770356,-2.1339461588969155,-0.2676480428236871,-4.516335682254969,1.0438183200714113,2.133946158196339,1.993788147046201,1.7028838432519249,2.180476349486588,0.100637369976293,0.012411942301241208,0
2025-10-12 06:00:00+00:00,3.042,3.055,3.007,3.007,129.58,0.0086840893104576,0.8721905400872254,0.5013368983957323,-6.031249999999999,0.3954608572680847,1.5711947621698228,2.029301202764002,1.6237075940295824,1.5962753569683168,0.4323245758455969,0.017292983039574272,0
2025-10-12 07:00:00+00:00,3.052,3.055,2.991,3.054,145.36,0.0155093027900485,1.563019620884587,4.089979550102241,-4.651888854199193,0.4365061391170035,0.0327332242118822,1.818094864294503,1.664218769405429,2.0956123110361475,0.0327439423599507,-0.01080550098231825,0
2025-10-12 08:00:00+00:00,3.052,3.052,3.052,3.052,20.7,-0.00065509337423,-0.0654878847413109,4.807692307692313,-5.069984447900467,0.063055767800243,0.0,1.7302195657326602,1.6600590960371413,0.0,0.0,0.02916120576671033,0
2025-10-12 09:00:00+00:00,2.985,2.985,2.979,2.98,172.73,-0.0238738129048974,-2.3591087811271283,-0.5340453938584733,-7.539559416692521,0.5324879675367229,0.1675041875485712,1.800437044340185,1.7142465384989516,0.2013422818116228,0.0,0.06879194630872476,0
2025-10-12 10:00:00+00:00,3.041,3.06,2.985,3.018,171.5,0.0126710598283439,1.2751677852348875,-0.9192383453709764,-8.656174334140431,0.5266612669795618,1.3725490191593062,1.7308759176922517,1.6442011871818127,2.4850894623972595,0.6295559971406418,0.07687210072895967,0
2025-10-12 11:00:00+00:00,3.018,3.018,3.018,3.018,0.0,0.0,0.0,1.2411942301241208,-7.252612169637373,0.0,0.0,1.4293598424188498,1.627301085138624,0.0,0.0,0.08383035122597748,0
2025-10-12 12:00:00+00:00,3.029,3.059,3.029,3.059,48.04,0.0134937048231094,1.3585155732273255,1.7292983039574272,-3.28801770471071,0.1507580660973988,0.0,1.4863173493300736,1.5684154359843474,0.9807126508726094,0.0,0.056881333769205566,0
2025-10-12 13:00:00+00:00,3.02,3.057,2.994,3.021,372.74,-0.0125001627642316,-1.242236024844734,-1.080550098231825,-3.881641743557107,1.1327216691661008,1.1776251222840624,1.448865626011813,1.581842184989367,2.0854021840167394,1.1916583908667149,0.06752730883813318,0
2025-10-12 14:00:00+00:00,3.021,3.141,2.985,3.141,1189.0,0.0389533181519745,3.972194637537241,2.916120576671033,-0.3173595683909846,3.176606921601591,0.0,2.21291928667448,1.7853146160672204,4.966571154101701,0.0,0.04934734161095178,0
2025-10-12 15:00:00+00:00,3.107,3.196,3.106,3.185,192.99,0.0139110684676171,1.4008277618592802,6.879194630872476,0.9828788839568948,0.5135552571720926,0.3441802251739148,1.7158579963555725,1.808187690135986,2.825745682001345,0.3453689166890559,0.021036106750392358,0
2025-10-12 16:00:00+00:00,3.205,3.265,3.205,3.25,375.83,0.0202027073175194,2.0408163265306145,7.687210072895967,2.8155646947168655,0.9620129499585556,0.459418070303398,1.756814945034025,1.8527352931410248,1.8461538455858004,0.4615384613964535,0.0018461538461538307,0
2025-10-12 17:00:00+00:00,3.271,3.271,3.271,3.271,76.36,0.0064407522146007,0.6461538461538519,8.383035122597748,3.4799114204365766,0.2036185219252466,0.0,1.6844979754734355,1.8556489831750067,0.0,0.0,-0.010700091715071802,0
2025-10-12 18:00:00+00:00,3.267,3.267,3.219,3.233,90.75,-0.0116852498129507,-1.161724243350648,5.688133376920557,2.2777602024675714,0.2488366486792152,1.0407101313006646,1.9714032308124512,1.8747825396350757,1.484689142751412,0.0,-0.006186204763377723,0
2025-10-12 19:00:00+00:00,3.242,3.26,3.225,3.225,131.13,-0.0024775484955601,-0.2474481905351044,6.752730883813318,7.036176568204455,0.4709833253999084,1.0736196315725002,1.78411448986556,1.5630622936984226,1.0852713174929296,0.558139534710648,0.004961240310077608,0
2025-10-12 20:00:00+00:00,3.275,3.296,3.265,3.296,651.81,0.0217766617994893,2.2015503875968845,4.934734161095178,10.418760469011731,2.1921123728948846,0.0,1.3216336988937134,1.5865871393581192,0.9405339802971588,0.0,-0.023361650485436924,0
2025-10-12 21:00:00+00:00,3.262,3.29,3.209,3.252,141.91,-0.0134394203616611,-1.3349514563106846,2.103610675039236,8.363878707097626,0.4830601867922937,1.1550151972173284,1.5329227999931396,1.6261694152355246,2.4907749069831553,0.8610086098213389,0.00030750307503080165,0
2025-10-12 22:00:00+00:00,3.256,3.265,3.256,3.256,8.16,0.0012292564547296,0.1230012300122984,0.184615384615383,8.969210174029453,0.0282101994044114,0.2756508421820469,1.2961108661228042,1.6186770661168013,0.2764127763278935,0.2764127763278935,-0.014434889434889353,0
2025-10-12 23:00:00+00:00,3.26,3.26,3.222,3.236,16.26,-0.0061614489440484,-0.6142506142505999,-1.0700091715071802,8.263633322181342,0.0562973905615094,0.7361963187925649,1.2788359221040475,1.6297315211120773,1.1742892456198055,0.0,-0.0006180469715698633,0
2025-10-13 00:00:00+00:00,3.216,3.216,3.209,3.213,67.13,-0.0071329190625238,-0.7107540173053151,-0.6186204763377723,7.3863636363636465,0.2894428595027655,0.0932835820605496,1.220585477702182,1.643141787479426,0.217864923679473,0.0,0.017740429505135324,0
2025-10-13 01:00:00+00:00,3.254,3.255,3.241,3.241,323.61,0.008676844025689,0.8714596949891185,0.4961240310077608,10.463531015678251,1.4021534261946658,0.4301075267495765,1.2778103480386158,1.5743681099874758,0.4319654426312908,0.0308546744736606,0.023141005862387987,0
2025-10-13 02:00:00+00:00,3.21,3.219,3.21,3.219,128.0,-0.0068111718427392,-0.6788028386300549,-2.3361650485436924,10.542582417582413,0.5806623558004927,0.0,0.7739743506803621,1.5721281044925723,0.2795899346754892,0.0,0.033550792171481936,0
2025-10-13 03:00:00+00:00,3.253,3.253,3.253,3.253,3.41,0.0105068951745434,1.0562286424355527,0.0307503075030801,8.578104138851806,0.0165937412559665,0.0,0.8030091336404803,1.4924012532653876,0.0,0.0,0.029818628957885007,0
2025-10-13 04:00:00+00:00,3.202,3.209,3.202,3.209,358.16,-0.0136182853634946,-1.3525976022133457,-1.4434889434889353,5.3512803676953435,1.6660283594393264,0.0,0.9707095656975128,1.5040819348639505,0.2181364910507557,0.0,0.041445933312558525,0
2025-10-13 05:00:00+00:00,3.234,3.234,3.234,3.234,4.63,0.0077603990271951,0.7790588968525913,-0.0618046971569863,8.487084870848705,0.0230549463772169,0.0,1.028173964789731,1.4195650780286089,0.0,0.0,-0.0012368583797155441,0
2025-10-13 06:00:00+00:00,3.25,3.27,3.25,3.27,73.13,0.0110702237542468,1.1131725417439675,1.7740429505135324,8.746258729630863,0.3684641449048687,0.0,1.0476332636993708,1.4242588724882153,0.6116207949199942,0.0,-0.01192660550458724,0
2025-10-13 07:00:00+00:00,3.288,3.316,3.288,3.316,47.47,0.0139692523638865,1.4067278287461793,2.3141005862387987,8.5789129011133,0.2441950937196068,0.0,1.1251041614666832,1.418946963441659,0.8443908320734655,0.0,0.00512665862484929,0
2025-10-13 08:00:00+00:00,3.325,3.339,3.325,3.327,34.74,0.0033117597632912,0.3317249698431945,3.3550792171481936,9.010484927916115,0.1781732624699965,0.3593890385266882,1.003226058164518,1.416290122018632,0.4207995189597774,0.3606853019655292,-0.018935978358881944,0
2025-10-13 09:00:00+00:00,3.297,3.35,3.294,3.35,366.85,0.0068893488006355,0.6913134956417322,2.9818628957885007,12.416107382550344,1.806545866402245,0.0,0.977662253362384,1.2905036583928553,1.67164179054578,0.0,-0.007462686567164201,0
2025-10-13 10:00:00+00:00,3.355,3.355,3.342,3.342,12.68,-0.0023909156637731,-0.2388059701492584,4.1445933312558525,10.735586481113325,0.0645458228252904,0.3874813709724318,0.5782699684364092,1.2875707059527726,0.3889886294467389,0.0,-0.00418910831837227,0
2025-10-13 11:00:00+00:00,3.321,3.321,3.23,3.23,120.82,-0.0340872929386368,-3.3512866546977937,-0.1236858379715544,7.024519549370445,0.5996513366432794,2.740138511671147,1.7570005562336188,1.5059632972841246,2.817337460428075,0.0,0.04241486068111455,0
2025-10-13 12:00:00+00:00,3.298,3.302,3.231,3.231,149.32,0.0003095496077959,0.0309597523219684,-1.192660550458724,5.62275253350768,0.7258982881900505,2.1502119920804983,1.6717257771763618,1.489322668766862,2.1974620853613605,0.1238006808654285,0.038687712782420336,0
2025-10-13 13:00:00+00:00,3.279,3.339,3.279,3.333,319.48,0.0310811124832415,3.1569173630455083,0.512665862484929,10.327706057596831,1.570045232739237,0.1796945192633374,2.091824172933119,1.5650476211960336,1.8001800174616938,0.1800180017461627,0.018901890189018777,0
2025-10-13 14:00:00+00:00,3.338,3.341,3.264,3.264,479.84,-0.0209193622237422,-2.070207020702086,-1.8935978358881944,3.9159503342884423,2.758711884367067,2.304699191168914,2.2618402764953123,1.4588316734893805,2.359068626728239,0.0919117646777266,0.043811274509804043,0
2025-10-13 15:00:00+00:00,3.28,3.325,3.28,3.325,79.72,0.0185162370059569,1.868872549019618,-0.7462686567164201,4.395604395604402,0.4711119866021603,0.0,2.4103570053560732,1.4786223007345782,1.3533834582395952,0.0,0.031879699248120286,0
2025-10-13 16:00:00+00:00,3.307,3.328,3.297,3.328,1394.77,0.0009018488511445,0.0902255639097626,-0.418910831837227,2.400000000000002,6.5892829724853765,0.0,2.4109839996438613,1.4256770339312077,0.9314903843354806,0.0,0.022235576923077094,0
2025-10-13 17:00:00+00:00,3.332,3.367,3.328,3.367,198.49,0.0116506172199752,1.171875,4.241486068111455,2.934882298991126,0.9157079505635084,0.0,1.786368958745523,1.4382511270311458,1.1583011579571467,0.0,0.01039501039501034,0
2025-10-13 18:00:00+00:00,3.369,3.39,3.329,3.356,189.24,-0.0032723515739777,-0.3267003267003354,3.8687712782420336,3.804515929477259,0.8568129853038878,1.0029498522115263,1.8185865673366155,1.4155406280634906,1.8176400471341936,0.6257449342593104,0.0041716328963052884,0
2025-10-13 19:00:00+00:00,3.397,3.402,3.396,3.396,81.53,0.0118484798441411,1.1918951132300348,1.8901890189018775,5.30232558139534,0.372626238772206,0.1763668429816742,1.4210384856086602,1.4279442367193456,0.1766784451776632,0.147232037648057,-0.010306242638398078,0
2025-10-13 20:00:00+00:00,3.396,3.407,3.373,3.407,75.42,0.0032338702297286,0.3239104829210859,4.381127450980404,3.3677184466019527,0.387201937205618,0.0,0.8179528272051582,1.365968409322389,0.9979454062230804,0.0,-0.024655121808042302,0
2025-10-13 21:00:00+00:00,3.415,3.433,3.415,3.431,143.13,0.0070196251974831,0.7044320516583547,3.187969924812029,5.504305043050439,0.7346294581430605,0.0582580832920827,0.6053738799567935,1.3329022961035628,0.5246283880720929,0.0582920431191156,-0.03963858933255615,0
2025-10-13 22:00:00+00:00,3.412,3.412,3.402,3.402,43.46,-0.0084882699026426,-0.8452346254736232,2.2235576923077094,4.484029484029506,0.2213915933841233,0.2930832355530174,0.8222014636058391,1.3507229477199978,0.293944738302773,0.0,-0.04938271604938271,0
2025-10-13 23:00:00+00:00,3.402,3.402,3.402,3.402,0.0,0.0,0.0,1.039501039501034,5.129789864029655,0.0,0.0,0.7280859934175288,1.3406963263086602,0.0,0.0,-0.0587889476778366,0
2025-10-14 00:00:00+00:00,3.433,3.433,3.37,3.37,88.16,-0.0094507496093997,-0.9406231628453888,0.4171632896305288,4.88639900404606,0.4486456915283588,1.835129623700799,0.8468749099328555,1.3484371160427733,1.8694362012256784,0.0,-0.06617210682492591,0
2025-10-14 01:00:00+00:00,3.356,3.361,3.356,3.361,87.89,-0.0026741956213017,-0.2670623145400563,-1.0306242638398078,3.7025609379821134,0.4708035550848151,0.0,0.6486362188236507,1.343854426218775,0.1487652483937127,0.0,-0.07140731925022326,0
2025-10-14 02:00:00+00:00,3.35,3.35,3.323,3.323,20.4,-0.0113705593705114,-1.1306158881285389,-2.46551218080423,3.2308170239204737,0.1119664100763623,0.8059701490131472,0.6974458395512182,1.3592705694711416,0.8125188080612381,0.0,-0.0529641889858562,0
2025-10-14 03:00:00+00:00,3.315,3.315,3.29,3.295,1531.8,-0.0084618214179867,-0.84261209750226,-3.963858933255615,1.2911158930218214,6.229857671302019,0.603318250195078,0.4399311768979221,1.3587071921180107,0.7587253411961352,0.0,-0.04036418816388465,0
2025-10-14 04:00:00+00:00,3.288,3.288,3.234,3.234,563.2,-0.0186864067995554,-1.8512898330804273,-4.938271604938271,0.7790588968525913,2.2136298203205733,1.6423357659238589,0.661932351958026,1.3853374943552486,1.669758812099636,0.0,-0.04143475572046995,0
2025-10-14 05:00:00+00:00,3.271,3.276,3.202,3.202,79.51,-0.0099441465803922,-0.9894867037724242,-5.87889476778366,-0.9894867037724242,0.3087242458793556,2.258852258162739,0.5169384769041178,1.39113954997192,2.311055589534331,0.1561524046982626,-0.01717676452217365,0
2025-10-14 06:00:00+00:00,3.2,3.2,3.077,3.147,564.6,-0.0173259964922531,-1.7176764522173649,-6.617210682492591,-3.7614678899082654,2.0307769778061755,1.6562499994824336,0.5917793941755338,1.4098458904121658,3.908484269492068,0.0,-0.016523673339688516,0
2025-10-14 07:00:00+00:00,3.121,3.121,3.121,3.121,8.01,-0.0082961547936273,-0.8261836669844258,-7.140731925022326,-5.8805790108564455,0.0289820987597435,0.0,0.4543337614851169,1.375803612533543,0.0,0.0,0.006408202499198934,0
2025-10-14 08:00:00+00:00,3.152,3.155,3.147,3.147,30.36,0.0082961547936273,0.8330663248958592,-5.296418898585619,-5.410279531109108,0.1099223374785571,0.2535657685408669,0.9632787130667796,1.388699530012021,0.2542103589913537,0.095328884621747,0.006037496027963218,0
2025-10-14 09:00:00+00:00,3.142,3.162,3.142,3.162,111.83,0.0047551207050105,0.4766444232602529,-4.036418816388466,-5.611940298507467,0.4210955714597097,0.0,1.1185662717449811,1.3832200223493996,0.6325110687436719,0.0,0.0221378874130298,0
2025-10-14 10:00:00+00:00,3.143,3.143,3.077,3.1,244.59,-0.0198026272961796,-1.9607843137254832,-4.143475572046995,-7.241172950329144,0.8886681997130713,1.3681196304905667,1.1428209684407589,1.428069255131274,2.1290322573777263,0.0,0.040000000000000036,0
2025-10-14 11:00:00+00:00,3.128,3.155,3.128,3.147,124.09,0.0150475065911692,1.5161290322580625,-1.7176764522173649,-2.569659442724459,0.4506327888085027,0.2535657685408669,1.4345685805306438,1.3125227597556797,0.8579599615958086,0.2542103589913537,0.031776294884016565,0
2025-10-14 12:00:00+00:00,3.136,3.136,3.095,3.095,9.92,-0.0166617119457103,-1.6523673339688516,-1.6523673339688516,-4.209223150727315,0.0368007122717139,1.307397958766771,1.4213929188532408,1.3498704553496306,1.3247172855170517,0.0,0.05621970920840069,0
2025-10-14 13:00:00+00:00,3.095,3.141,3.07,3.141,2844.69,0.0147533144199499,1.4862681744749473,0.6408202499198934,-5.760576057605771,7.59035204258285,0.0,1.5482126580276896,1.210991150709183,2.260426615007829,0.0,0.02164915631964348,0
2025-10-14 14:00:00+00:00,3.129,3.166,3.129,3.166,53.85,0.0079277409023109,0.7959248646927763,0.6037496027963218,-3.0024509803921573,0.1508287176753868,0.0,1.5448404017228814,1.1621071389070006,1.1686670874388263,0.0,0.016424510423246996,0
2025-10-14 15:00:00+00:00,3.166,3.232,3.166,3.232,234.75,0.0206321792000286,2.0846493998736726,2.21378874130298,-2.796992481203009,0.6458276256933132,0.0,1.7449765570427946,1.1784585404986878,2.0420792072889693,0.0,0.004950495049504955,0
2025-10-14 16:00:00+00:00,3.211,3.269,3.21,3.224,1230.17,-0.002478316014467,-0.2475247524752477,4.0000000000000036,-3.124999999999989,3.4494414709878285,1.3765677573029749,1.3856413248231572,1.1778794908941352,1.830024813328161,1.3957816372841845,0.008684863523573005,0
2025-10-14 17:00:00+00:00,3.213,3.262,3.192,3.247,83.65,0.0071086684763268,0.7133995037220675,3.1776294884016565,-3.5640035640035705,0.2377475797133308,0.4598405884549882,1.324682170041144,1.1596364129886756,2.155836155788158,0.4619648905260387,0.0033877425315675946,0
2025-10-14 18:00:00+00:00,3.265,3.269,3.265,3.269,21.17,0.0067526346213646,0.6775485063135189,5.621970920840069,-2.592371871275323,0.061390641576008,0.0,0.787218770754084,1.171019668717302,0.1223615784269313,0.0,-0.011318446007953509,0
2025-10-14 19:00:00+00:00,3.273,3.273,3.209,3.209,81.97,-0.0185247656143537,-1.8354236769654309,2.164915631964348,-5.506478209658416,0.2376912314440309,1.955392605574278,1.3095953543995755,1.189047971903536,1.994390775321164,0.0,0.0018697413524462192,0
2025-10-14 20:00:00+00:00,3.218,3.218,3.218,3.218,3.1,0.0028006864424716,0.2804612028669329,1.6424510423246996,-5.54740240680951,0.0090684153431471,0.0,1.292081764479091,1.1881945024569025,0.0,0.0,-0.0009322560596644047,0
2025-10-14 21:00:00+00:00,3.235,3.248,3.235,3.248,17.51,0.0092793737292402,0.9322560596644048,0.4950495049504955,-5.33372194695424,0.052018399045234,0.0,1.0347235543202948,1.196829226604921,0.4002463052955012,0.0,-0.011083743842364546,0
2025-10-14 22:00:00+00:00,3.256,3.258,3.252,3.252,16.87,0.0012307693861324,0.1231527093595863,0.8684863523573005,-4.409171075837747,0.0502825974372856,0.1841620625585821,1.022057504660432,1.1913533240976948,0.1845018449617222,0.0615006149872453,-0.012300123001229846,0
2025-10-14 23:00:00+00:00,3.258,3.258,3.258,3.258,11.02,0.0018433184942893,0.1845018450184588,0.3387742531567594,-4.232804232804233,0.0328012392239734,0.0,0.9856184994281676,1.1932100168918254,0.0,0.0,0.0003069367710251125,0
2025-10-15 00:00:00+00:00,3.237,3.24,3.22,3.232,546.43,-0.0080123695210044,-0.7980356046654369,-1.1318446007953509,-4.094955489614238,1.538990163560722,0.2469135801707058,0.9845129201395986,1.1895568563294483,0.6188118809966553,0.0928217821495017,0.008353960396039417,0
2025-10-15 01:00:00+00:00,3.219,3.219,3.215,3.215,101.27,-0.0052737829692663,-0.5259900990099098,0.1869741352446219,-4.343945254388581,0.284774264301886,0.1242621931891078,0.6169157510617368,1.1916241798001013,0.1244167962287973,0.0,0.015241057542768166,0
2025-10-15 02:00:00+00:00,3.215,3.215,3.215,3.215,0.0,0.0,0.0,-0.0932256059664404,-3.250075233222993,0.0,0.0,0.604789649263914,1.1746103541423805,0.0,0.0,0.027060653188180517,0
2025-10-15 03:00:00+00:00,3.209,3.221,3.209,3.212,12.67,-0.0009335616050673,-0.0933125972006121,-1.1083743842364546,-2.5189681335356484,0.0434696214418906,0.2794163302454434,0.3926597555593149,1.164878737523801,0.3735990036196768,0.2801992527147541,0.015566625155666092,0
2025-10-15 04:00:00+00:00,3.212,3.212,3.212,3.212,0.0,0.0,0.0,-1.2300123001229846,-0.6802721088435271,0.0,0.0,0.3761675632239923,1.1027563346758649,0.0,0.0,0.010585305105853093,0
2025-10-15 05:00:00+00:00,3.256,3.279,3.256,3.259,193.79,0.0145266037709091,1.4632627646326224,0.0306936771025112,1.7801374141161783,0.7104704787862093,0.6099420553187129,0.7796010642074014,1.1225107080579673,0.7057379562118059,0.6136851793146109,-0.009205277692543645,0
2025-10-15 06:00:00+00:00,3.259,3.259,3.259,3.259,0.0,0.0,0.0,0.8353960396039417,3.5589450270098633,0.0,0.0,0.6755316853132249,1.054987217062289,0.0,0.0,-0.009818962872046644,0
2025-10-15 07:00:00+00:00,3.264,3.264,3.264,3.264,18.93,0.001533037246436,0.1534212948757218,1.5241057542768166,4.581864786927259,0.0758131237867481,0.0,0.5934827902958,1.0343553752111676,0.0,0.0,-0.04013480392156854,0
2025-10-15 08:00:00+00:00,3.286,3.316,3.286,3.302,205.71,0.0115749083960757,1.1642156862745168,2.7060653188180517,4.925325707022576,0.8004306109910846,0.4221954160367261,0.6773458057845637,1.0453235650791397,0.9085402783438644,0.4239854632271331,-0.04633555420956992,0
2025-10-15 09:00:00+00:00,3.272,3.314,3.262,3.262,186.57,-0.0121878412991141,-1.2113870381586955,1.5566625155666092,3.162555344718543,0.7172642694182643,1.569100784076917,0.9551205176637314,1.0824825386017,1.5941140399772809,1.2875536476739644,-0.037093807480073626,0
2025-10-15 10:00:00+00:00,3.267,3.267,3.242,3.246,9.7,-0.0049170351064226,-0.4904966278356792,1.0585305105853091,4.709677419354841,0.0387494319910966,0.6427915516857053,1.0015913659653632,0.9954778661499296,0.7701786812168245,0.0,-0.026802218114602594,0
2025-10-15 11:00:00+00:00,3.252,3.252,3.222,3.229,37.14,-0.0052509773162613,-0.5237215033887854,-0.9205277692543644,2.6056561804893574,0.1505451892280179,0.7072570723532323,0.8029548092083625,0.9648315142247764,0.9290802103037782,0.0,-0.01424589656240327,0
2025-10-15 12:00:00+00:00,3.221,3.231,3.192,3.227,188.32,-0.0006195787063134,-0.0619386807061084,-0.9818962872046644,4.264943457188997,0.7410186120299799,0.1238006808654285,0.8009721285020593,0.8892425919479028,1.208552835076361,0.1239541369309099,-0.019522776572667988,0
2025-10-15 13:00:00+00:00,3.187,3.199,3.133,3.133,307.34,-0.02956190109977,-2.912922218779046,-4.013480392156854,-0.2546959567016893,2.070832385799356,2.0631447320840386,1.3630175879640862,1.052406154955578,2.1066070851878,0.3830194700341467,0.0019150973507819913,0
2025-10-15 14:00:00+00:00,3.193,3.215,3.149,3.149,68.94,0.0050939301488328,0.5106926268751977,-4.633555420956991,-0.5369551484523005,0.4625526276031163,2.05287713777515,1.204479459308991,1.04456091368218,2.09590346075074,0.6986344869169085,-0.015560495395363638,0
2025-10-15 15:00:00+00:00,3.143,3.143,3.133,3.141,49.61,-0.002543721562378,-0.2540489044140948,-3.7093807480073626,-2.815594059405946,0.3510265693336956,0.0636334711856011,1.2002729199552975,0.9458266607088736,0.318369945775743,0.0,-0.011142948105698824,0
2025-10-15 16:00:00+00:00,3.141,3.159,3.141,3.159,23.38,0.0057143012634386,0.5730659025787954,-2.6802218114602594,-2.016129032258074,0.2567949146231217,0.0,1.2991676515057131,0.9557072284566166,0.5698005696201895,0.0,-0.0167774612219056,0
2025-10-15 17:00:00+00:00,3.148,3.183,3.148,3.183,29.19,0.0075686264800075,0.7597340930674212,-1.424589656240327,-1.9710502001847872,0.3288041565133828,0.0,1.38732358911595,0.957416883568206,1.0995915799247182,0.0,-0.012880929940307873,0
2025-10-15 18:00:00+00:00,3.164,3.164,3.164,3.164,3.15,-0.0059870983945482,-0.5969211435752353,-1.9522776572667988,-3.2119914346895095,0.0357851188809771,0.0,1.3909144161811056,0.9488296045985692,0.0,0.0,-0.011378002528445008,0
2025-10-15 19:00:00+00:00,3.164,3.17,3.139,3.139,18.28,-0.007932772045591,-0.7901390644753592,0.1915097350781991,-2.181364911187289,0.2141225621277849,0.977917980764068,0.6641085924110918,0.8882181299948191,0.9875756607239372,0.1911436762691413,0.007327174259318392,0
2025-10-15 20:00:00+00:00,3.181,3.181,3.1,3.1,2100.19,-0.0125021663687158,-1.2424338961452563,-1.5560495395363638,-3.666873834679918,12.157365756403925,2.5463690655308477,0.7880284078438975,0.914881741665634,2.612903224963578,0.0,0.01838709677419348,0
2025-10-15 21:00:00+00:00,3.127,3.127,3.106,3.106,10.34,0.0019336132353947,0.1935483870967758,-1.1142948105698824,-4.371921182266025,0.059958829043539,0.6715701948603839,0.8097251383347052,0.8889747358928147,0.676110753162872,0.0,0.016419832582099225,0
2025-10-15 22:00:00+00:00,3.106,3.106,3.106,3.106,0.0,0.0,0.0,-1.67774612219056,-4.489544895448949,0.0,0.0,0.7326501139676217,0.8874663696158182,0.0,0.0,0.016419832582099225,0
2025-10-15 23:00:00+00:00,3.142,3.142,3.142,3.142,7.93,0.011523815106934,1.159047005795233,-1.2880929940307873,-3.5604665438919603,0.0462067358114077,0.0,0.8527626235620266,0.9264292389844552,0.0,0.0,0.004774029280713021,0
2025-10-16 00:00:00+00:00,3.128,3.128,3.128,3.128,6.01,-0.0044657171503647,-0.4455760661998709,-1.1378002528445008,-3.2178217821782207,0.0403078419205559,0.0,0.8412945569671555,0.9184010394567624,0.0,0.0,0.006713554987212156,0
2025-10-16 01:00:00+00:00,3.155,3.162,3.155,3.162,10.19,0.0108109161042156,1.0869565217391353,0.7327174259318392,-1.648522550544318,0.0701271441593164,0.0,0.9173626186641232,0.9468673557966036,0.2213788740602887,0.0,-0.004111321948134017,0
2025-10-16 02:00:00+00:00,3.164,3.166,3.143,3.157,244.65,-0.0015825292114256,-0.1581277672359271,1.838709677419348,-1.8040435458786863,1.5732992499959115,0.2842703726202524,0.6641256624731142,0.9469150864587944,0.7285397526992313,0.063351282843404,-0.0025340513145390986,0
2025-10-16 03:00:00+00:00,3.157,3.157,3.157,3.157,0.0,0.0,0.0,1.6419832582099223,-1.7123287671232943,0.0,0.0,0.6751488505683136,0.947031808649618,0.0,0.0,0.002850807728856486,0
2025-10-16 04:00:00+00:00,3.157,3.157,3.157,3.157,0.0,0.0,0.0,1.6419832582099223,-1.7123287671232943,0.0,0.0,0.6751488505683136,0.947031808649618,0.0,0.0,0.006651884700665134,0
2025-10-16 05:00:00+00:00,3.157,3.157,3.157,3.157,0.0,0.0,0.0,0.4774029280713021,-3.1297944154648594,0.0,0.0,0.5206581057441746,0.8900601672857729,0.0,0.0,0.0044345898004434225,0
2025-10-16 06:00:00+00:00,3.149,3.149,3.149,3.149,15.44,-0.0025372674569669,-0.2534051314539098,0.6713554987212156,-3.3752684872660255,0.1046481088721829,0.0,0.4865309554691017,0.8899248733893701,0.0,0.0,0.013337567481740198,0
2025-10-16 07:00:00+00:00,3.149,3.149,3.149,3.149,0.0,0.0,0.0,-0.4111321948134017,-3.5232843137254832,0.0,0.0,0.1105742955818167,0.8882537472862183,0.0,0.0,0.0019053667831057108,0
2025-10-16 08:00:00+00:00,3.149,3.149,3.149,3.149,0.0,0.0,0.0,-0.2534051314539098,-4.633555420956991,0.0,0.0,0.1035835101755526,0.8445552043382413,0.0,0.0,-0.0019053667831058219,0
2025-10-16 09:00:00+00:00,3.131,3.166,3.049,3.166,674.19,0.0053840193399328,0.5398539218799625,0.2850807728856486,-2.942979767014109,4.253575850593171,0.0,0.2610544937508274,0.8281934767812003,3.695514844063324,0.0,-0.03632343651295,0
2025-10-16 10:00:00+00:00,3.173,3.193,3.173,3.178,36.92,0.0037831066557038,0.379027163613399,0.6651884700665134,-2.0948860135551417,0.2312794130299434,0.4697776384372799,0.2912437089297583,0.8304577655379594,0.6293266203180224,0.4719949652385202,-0.018250471994965323,0
2025-10-16 11:00:00+00:00,3.188,3.19,3.171,3.171,65.7,-0.0022050725583139,-0.2202643171806184,0.4434589800443422,-1.7962217404769332,0.4085217512935215,0.5956112850797497,0.3204263083086248,0.8258052955738494,0.5991800691897927,0.0630715862304971,-0.028066855881425434,0
2025-10-16 12:00:00+00:00,3.196,3.196,3.187,3.191,72.15,0.0062873517398961,0.6307158625039389,1.3337567481740198,-1.1155872327238914,0.462549417669863,0.1564455568972428,0.341862274953265,0.8382401061669176,0.2820432465427737,0.0,-0.04293324976496393,0
2025-10-16 13:00:00+00:00,3.155,3.155,3.155,3.155,65.29,-0.0113458513029299,-1.1281729865246004,0.190536678310571,0.7022023619533968,0.4475046764973397,0.0,0.6569887660215739,0.6164812662663639,0.0,0.0,-0.04881141045958792,0
2025-10-16 14:00:00+00:00,3.145,3.162,3.114,3.143,81.56,-0.0038107381777458,-0.38034865293185,-0.1905366783105821,-0.1905366783105821,0.5570134626345998,0.6008855153064919,0.6787290166619273,0.6131087189409979,1.527203308454598,0.5408845050776666,-0.05058860960865408,0
2025-10-16 15:00:00+00:00,3.12,3.12,3.051,3.051,175.85,-0.0297083520808977,-2.9271396754692813,-3.632343651295,-2.865329512893977,1.1593199666994038,2.2115384608296336,1.308724643435762,0.8611486462403278,2.261553588245966,0.0,-0.005571943625041098,0
2025-10-16 16:00:00+00:00,3.05,3.12,3.03,3.12,386.07,0.0223635960868583,2.2615535889872085,-1.8250471994965325,-1.2345679012345625,2.3146261647084634,0.0,1.7400092817279535,0.978439250898379,2.884615383690838,0.0,-0.04038461538461535,0
2025-10-16 17:00:00+00:00,3.086,3.086,3.082,3.082,56.84,-0.012254264923467,-1.2179487179487247,-2.806685588142543,-3.173107131636821,0.3384382559056944,0.1296176279554059,1.7779712349132226,0.9908009495331288,0.1297858532998749,0.0,-0.021739130434782483,0
2025-10-16 18:00:00+00:00,3.051,3.054,3.048,3.054,335.87,-0.0091265301014833,-0.9085009733938998,-4.293324976496393,-3.4766118836915383,1.8473554304156243,0.0,1.6961644172948838,0.9992346014203708,0.1964636541596315,0.0,-0.006876227897838816,0
2025-10-16 19:00:00+00:00,3.038,3.038,3.001,3.001,684.17,-0.0175066403382106,-1.735428945645057,-4.881141045958792,-4.396304555590946,3.2648448311358984,1.2179065170447945,1.7434442286027074,1.04423555470118,1.2329223588027558,0.0,0.007664111962679243,0
2025-10-16 20:00:00+00:00,3.001,3.001,2.976,2.984,160.45,-0.0056808841167156,-0.566477840719759,-5.058860960865408,-3.741935483870973,1.246366867113136,0.5664778405309939,1.73537940514005,1.023117577674266,0.837801608298321,0.0,0.013404825737265424,0
2025-10-16 21:00:00+00:00,3.018,3.034,3.018,3.034,18.4,0.0166171985848259,1.6756032171581614,-0.5571943625041098,-2.318094011590477,0.1425583016956492,0.0,1.6390691101659676,1.0870072571241782,0.5273566247437853,0.0,-0.007251153592616966,0
2025-10-16 22:00:00+00:00,2.995,2.995,2.994,2.994,25.58,-0.0132715949289037,-1.3183915622939857,-4.038461538461535,-3.605924018029605,0.1965638467483599,0.0333889816249081,1.217590460623631,1.1152114425398871,0.033400133589375,0.0,0.006012024048096087,0
2025-10-16 23:00:00+00:00,2.99,3.02,2.99,3.015,16.36,0.0069895441817121,0.7014028056112176,-2.1739130434782483,-4.042011457670269,0.1253763942143031,0.165562913852459,1.2981961668762303,1.0958070145555938,0.9950248752918592,0.1658374792153074,-0.0009950248756219748,0
2025-10-17 00:00:00+00:00,3.021,3.134,3.021,3.033,333.32,0.0059523985272951,0.5970149253731183,-0.6876227897838816,-3.037084398976986,2.3127146573993915,3.222718569488602,1.317096236067988,1.1050498061848255,3.7256841398860256,3.3300362666237917,-0.040224200461589144,0
2025-10-17 01:00:00+00:00,3.053,3.053,3.024,3.024,20.7,-0.0029717703891574,-0.2967359050445095,0.7664111962679243,-4.364326375711569,0.1431902487661264,0.9498853583524748,1.065776616529434,1.0748564607421205,0.9589947086775784,0.0,-0.06911375661375663,0
2025-10-17 02:00:00+00:00,3.024,3.024,3.024,3.024,0.0,0.0,0.0,1.3404825737265424,-4.212860310421284,0.0,0.0,1.0157077018512772,1.075518870273288,0.0,0.0,-0.07142857142857151,0
2025-10-17 03:00:00+00:00,3.03,3.03,3.012,3.012,279.26,-0.0039761483796394,-0.3968253968253954,-0.7251153592616966,-4.592968007602149,1.9126742234723972,0.5940594057445281,0.7432819249602174,1.075698610146039,0.5976095615545717,0.0,-0.05179282868525903,0
2025-10-17 04:00:00+00:00,3.012,3.012,3.012,3.012,0.0,0.0,0.0,0.6012024048096087,-4.592968007602149,0.0,0.0,0.4537353798107188,1.075698610146039,0.0,0.0,-0.053120849933599,0
2025-10-17 05:00:00+00:00,3.012,3.012,3.012,3.012,0.0,0.0,0.0,-0.0995024875621974,-4.592968007602149,0.0,0.0,0.3461417243037288,1.075698610146039,0.0,0.0,-0.0431606905710491,0
2025-10-17 06:00:00+00:00,3.011,3.012,2.911,2.911,1259.65,-0.0341076451741609,-3.35325365205843,-4.022420046158914,-7.557954906319464,6.366785796237246,3.3532536509451343,1.346882384914776,1.2602726667374464,3.4695980750705595,0.0343524561888136,-0.006870491240123622,0
2025-10-17 07:00:00+00:00,2.91,2.91,2.815,2.815,2878.77,-0.0335344031718324,-3.297835795259363,-6.911375661375663,-10.606541759288667,9.05855174309798,3.2646048098747125,1.702255206668967,1.4004879047143777,3.374777973934366,0.0,0.04120781527531081,0
2025-10-17 08:00:00+00:00,2.814,2.914,2.787,2.808,1688.82,-0.002489775428089,-0.248667850799289,-7.142857142857151,-10.828834550651,4.350797344749158,3.6376115292938977,1.670068543651562,1.397796400355525,4.52279202118135,3.561253559985312,0.026709401709401837,0
2025-10-17 09:00:00+00:00,2.812,2.885,2.812,2.856,297.75,0.0169495583137732,1.709401709401703,-5.1792828685259025,-9.791535060012636,0.7993753551639263,1.0051993064106732,2.0542550657355,1.4531838131272226,2.556022408068618,1.0154061621094488,0.019607843137254832,0
2025-10-17 10:00:00+00:00,2.837,2.865,2.802,2.852,739.16,-0.0014015419252884,-0.1400560224089631,-5.3120849933599,-10.258023914411584,1.8399040834991935,0.4537521813425069,2.0429259143601457,1.444482743260383,2.208976156308219,0.4558204766985322,0.008064516129032251,0
2025-10-17 11:00:00+00:00,2.867,2.933,2.867,2.882,91.22,0.0104639950252809,1.051893408134652,-4.31606905710491,-9.113844213181954,0.2264638097321018,1.7388339578115026,2.1764224629749465,1.4760745712724457,2.290076335083243,1.7696044407461369,0.012838306731436377,0
2025-10-17 12:00:00+00:00,2.928,2.933,2.891,2.891,137.25,0.0031179654568786,0.3122831367106116,-0.6870491240123622,-9.40144155437167,0.3384591989174111,1.431980906433004,1.7500298600151862,1.4678828227939258,1.452784503129435,0.1729505360868345,0.007263922518159882,0
2025-10-17 13:00:00+00:00,2.924,2.931,2.89,2.931,956.5,0.0137411986945464,1.3836042891733014,4.120781527531081,-7.099841521394601,2.160859599658131,0.0,0.8145084706163843,1.503046249342043,1.3988399858755212,0.0,-0.012623677925622578,0
2025-10-17 14:00:00+00:00,2.924,2.924,2.861,2.883,193.37,-0.0165122430724902,-1.6376663254861867,2.6709401709401837,-8.272351256761045,0.4322984976740067,1.4021887820101928,1.2281242389122848,1.527928532563753,2.185223724528182,0.0,0.01768990634755463,0
2025-10-17 15:00:00+00:00,2.873,2.912,2.872,2.912,16.4,0.0100087116781744,1.0058966354491885,1.9607843137254832,-4.555883316945275,0.0372166555879453,0.0,1.113540808556437,1.4457053913809557,1.3736263731546623,0.0,0.013392857142857206,0
2025-10-17 16:00:00+00:00,2.929,2.941,2.874,2.875,203.02,-0.0127874560851257,-1.270604395604391,0.8064516129032251,-7.8525641025641075,0.4688295618327148,2.244134647315828,1.291226026341512,1.364529508058759,2.3304347817981004,0.4173913042026468,0.012173913043478368,0
2025-10-17 17:00:00+00:00,2.9,2.919,2.9,2.919,49.14,0.015188417622664,1.5304347826087028,1.2838306731436375,-5.288773523685908,0.1135620443014142,0.0,1.3700043875147816,1.401649376382193,0.6509078449294637,0.0,-0.01164782459746494,0
2025-10-17 18:00:00+00:00,2.916,2.916,2.9,2.912,26.46,-0.0024009615375381,-0.2398081534772167,0.7263922518159882,-4.649639816633922,0.0630265737040406,0.1371742112012435,1.3804999555433235,1.3940352565995642,0.549450549261865,0.0,-0.0003434065934065922,0
2025-10-17 19:00:00+00:00,2.906,2.906,2.894,2.894,34.05,-0.0062005021251473,-0.6181318681318659,-1.2623677925622578,-3.565478173942016,0.0866997749750328,0.4129387472770344,1.252475662078412,1.3579340949495473,0.4146510019299758,0.0,0.008293020041465038,0
2025-10-17 20:00:00+00:00,2.905,2.934,2.905,2.934,198.15,0.0137270515114978,1.3821700069108545,1.768990634755463,-1.6756032171581725,0.5025292365359697,0.0,1.1625631984032423,1.389455496101578,0.9884117242711736,0.0,-0.008179959100204526,0
2025-10-17 21:00:00+00:00,2.941,2.955,2.941,2.951,76.58,0.0057774162400124,0.5794137695978252,1.3392857142857206,-2.735662491760049,0.1930282066600116,0.1353637901403169,1.1231465953263529,1.347693082237999,0.4744154522282643,0.1355472720652162,0.0006777363605556808,0
2025-10-17 22:00:00+00:00,2.921,2.921,2.899,2.91,24.05,-0.0139910147774011,-1.3893595391392677,1.2173913043478368,-2.8056112224448926,0.0606303794754342,0.3765833617334421,1.155901847827213,1.3505820085606015,0.7560137454446618,0.0,0.0006872852233676952,0
2025-10-17 23:00:00+00:00,2.896,2.896,2.885,2.885,431.71,-0.0086281812233383,-0.85910652920963,-1.164782459746494,-4.311774461028206,1.0428480986514763,0.3798342540124924,1.0132493652500214,1.3470995216139072,0.3812824955350882,0.0,0.014904679376083196,0
2025-10-18 00:00:00+00:00,2.896,2.917,2.895,2.911,68.4,0.0089717648034234,0.901213171577142,-0.0343406593406592,-4.022420046158914,0.169754953512408,0.2056907781262556,1.1053719882399105,1.3560699129131526,0.7557540361539765,0.2061147371328971,0.006526966678117585,0
2025-10-18 01:00:00+00:00,2.921,2.925,2.918,2.918,25.48,0.0024017853371078,0.2404671934043367,0.8293020041465038,-3.505291005291,0.063204960315868,0.2393162392344106,1.0647981974584144,1.3583313699623114,0.2398903357642484,0.1370801918652913,0.004112405757368043,0
2025-10-18 02:00:00+00:00,2.941,2.941,2.91,2.91,1056.92,-0.0027453689171927,-0.2741603838245399,-0.8179959100204526,-3.769841269841267,2.3635687669939345,1.0540632434362145,0.8787796814871485,1.358180865333,1.065292095853841,0.0,0.0020618556701030855,0
2025-10-18 03:00:00+00:00,2.93,2.953,2.93,2.953,52.33,0.0146685215783844,1.4776632302405446,0.067773636055568,-1.9588313413014704,0.1195524493628029,0.0,1.0761795532597385,1.3967795308458182,0.7788689465699628,0.0,-0.005079580088045987,0
2025-10-18 04:00:00+00:00,2.939,2.939,2.908,2.912,29.07,-0.013981472427346,-1.3884185573992514,0.0687285223367695,-3.3200531208499418,0.066229679379017,0.9186798227564932,1.075929479086727,1.4221189422282332,1.064560439194867,0.0,0.006524725274725363,0
2025-10-18 05:00:00+00:00,2.913,2.935,2.905,2.928,81.73,0.0054794657646255,0.5494505494505475,1.4904679376083196,-2.7888446215139417,0.1847705063494435,0.2385008517074994,0.997987297456176,1.4288582021077718,1.0245901635845065,0.2390710381697202,0.0017076502732240595,0
2025-10-18 06:00:00+00:00,2.926,2.93,2.926,2.93,18.32,0.0006828269299109,0.0683060109289757,0.6526966678117585,0.6526966678117585,0.0469009509687161,0.0,0.9459274486727564,1.2448970421371703,0.1365187712844646,0.0,0.0010238907849828838,0
2025-10-18 07:00:00+00:00,2.941,2.961,2.93,2.93,95.64,0.0,0.0,0.4112405757368043,4.085257548845478,0.3482292399919354,1.0469435997815015,0.9443175797785532,1.0161467328970126,1.05802047745459,0.6825938564223234,-0.0017064846416383617,0
2025-10-18 08:00:00+00:00,2.916,2.916,2.916,2.916,1.82,-0.0047896088825643,-0.4778156996587124,0.2061855670103085,3.8461538461538542,0.0089060703187643,0.0,0.9626745702976264,1.0213097762343128,0.0,0.0,-0.000685871056241405,0
2025-10-18 09:00:00+00:00,2.919,2.938,2.919,2.938,30.93,0.0075162636052738,0.7544581618655677,-0.5079580088045987,2.8711484593837655,0.1600620997468914,0.0,0.7759956687001518,0.976737311332429,0.6466984340889429,0.0,-0.0017018379850239906,0
2025-10-18 10:00:00+00:00,2.941,2.941,2.931,2.931,20.44,-0.0023854160229301,-0.2382573179033342,0.6524725274725363,2.769985974754574,0.1251754282994544,0.3400204011084523,0.4659748040758967,0.9780732432774,0.3411804843598766,0.0,0.0023882633913341333,0
2025-10-18 11:00:00+00:00,2.938,2.938,2.933,2.933,29.4,0.0006821282665586,0.0682360968952577,0.1707650273224059,1.769604441360162,0.1829325202987715,0.170183798444469,0.413693485777403,0.9576916495525324,0.1704739174325127,0.0,0.0013637913399249246,0
2025-10-18 12:00:00+00:00,2.951,2.951,2.933,2.933,33.62,0.0,0.0,0.1023890784982883,1.4527845036319542,0.2149656456708327,0.6099627242934805,0.4133171512251058,0.9564266744175918,0.6137061027570125,0.0,0.0,0
2025-10-18 13:00:00+00:00,2.932,2.932,2.916,2.925,21.22,-0.0027313093114941,-0.272758267984996,-0.1706484641638361,-0.2047082906857844,0.1807078860979909,0.2387448839567758,0.4302649256424286,0.9162926535216036,0.547008546821536,0.0,-0.0013675213675213849,0
2025-10-18 14:00:00+00:00,2.933,2.933,2.914,2.914,12.68,-0.0037677729108065,-0.3760683760683614,-0.0685871056241405,1.0752688172043,0.1153793657764111,0.6478008862434939,0.4104325363036035,0.8516002354960741,0.6520247080809689,0.0,0.009265614275909329,0
2025-10-18 15:00:00+00:00,2.92,2.933,2.919,2.933,123.92,0.0064990822223007,0.6520247083047215,-0.170183798502399,0.7211538461538325,1.0834219767635178,0.0,0.3730045845267901,0.8373590429042588,0.4773269688109963,0.0,0.0023866348448686736,0
2025-10-18 16:00:00+00:00,2.909,2.94,2.9,2.938,148.84,0.0017032877563716,0.1704739174906322,0.2388263391334133,2.191304347826084,1.3274963766651082,0.0680272108612077,0.3641767507149436,0.7897845535529638,1.3614703875556613,0.0680735193777755,0.006807351940095296,0
2025-10-18 17:00:00+00:00,2.912,2.937,2.912,2.937,26.48,-0.0003404255352026,-0.0340367597004842,0.1363791339924924,0.6166495375128367,0.2381794741081326,0.0,0.364970536203643,0.7289295654362283,0.8512087160874302,0.0,0.006809669731018042,0
2025-10-18 18:00:00+00:00,2.936,2.936,2.912,2.933,497.42,-0.001362862221169,-0.1361933946203652,0.0,0.7211538461538325,3.802905198747685,0.102179836477463,0.3708603649747229,0.7275910749305726,0.8182748036760066,0.0,-0.007159904534606132,0
2025-10-18 19:00:00+00:00,2.921,2.921,2.921,2.921,2.12,-0.00409976658971,-0.4091374019774996,-0.1367521367521385,0.9329647546648224,0.0163745023765578,0.0,0.3944733910821461,0.7206622033859198,0.0,0.0,0.000684697021567926,0
2025-10-18 20:00:00+00:00,2.941,2.941,2.941,2.941,6.59,0.0068236361662539,0.6846970215679482,0.9265614275909329,0.2385821404226273,0.0542440777713483,0.0,0.4388746940323779,0.6775919316654662,0.0,0.0,-0.006120367222033241,0
2025-10-18 21:00:00+00:00,2.948,2.948,2.94,2.94,35.45,-0.0003400782212677,-0.034002040122405,0.2386634844868673,-0.3727549983056577,0.2959736726731893,0.2713704205320998,0.3671869962432827,0.666722520339196,0.2721088434448611,0.0,-0.00170068027210879,0
2025-10-18 22:00:00+00:00,2.94,2.958,2.939,2.958,55.04,0.0061037829380178,0.612244897959191,0.6807351940095296,1.6494845360824684,0.4546302446642444,0.0,0.4359910740223592,0.6091083437989283,0.6423258956584471,0.0,-0.006423258958755951,0
2025-10-18 23:00:00+00:00,2.953,2.957,2.928,2.957,17.15,-0.000338123418268,-0.0338066260987313,0.6809669731018042,2.4956672443674277,0.1652341821173076,0.0,0.4359755480703388,0.5766593470033415,0.9807237061275847,0.0,-0.006087250591815918,0
2025-10-19 00:00:00+00:00,2.918,2.932,2.912,2.912,23.91,-0.0153351105359005,-1.5218126479540015,-0.7159904534606132,0.0343524562006036,0.234553569966471,0.6821282398764916,0.8092172033570127,0.6409297751258631,0.6868131865773313,0.4807692306041242,0.0024038461538462563,0
2025-10-19 01:00:00+00:00,2.934,2.934,2.901,2.923,35.85,0.0037703557946694,0.3777472527472625,0.0684697021567926,0.1713502398903221,0.3501988285969641,0.3749147919649275,0.8165185530732804,0.643748885636174,1.1289770779579402,0.0,-0.0013684570646596006,0
2025-10-19 02:00:00+00:00,2.923,2.923,2.923,2.923,0.0,0.0,0.0,-0.6120367222033241,0.4467353951890018,0.0,0.0,0.7491138360360438,0.6409592908141308,0.0,0.0,-0.0023947998631543843,0
2025-10-19 03:00:00+00:00,2.938,2.938,2.935,2.935,8.48,0.0040969671509507,0.4105371193978691,-0.170068027210879,-0.6095496105655185,0.1500752145801243,0.1021102790666783,0.7785293290236213,0.569437601283188,0.1022146507317876,0.0,0.008177172061328841,0
2025-10-19 04:00:00+00:00,2.936,2.939,2.919,2.939,1517.59,0.0013619341567205,0.136286201022151,-0.6423258958755951,0.92719780219781,12.803785364648148,0.0,0.7227928107252521,0.4890887250937357,0.6805035724122144,0.0,0.01633208574345013,0
2025-10-19 05:00:00+00:00,2.939,2.939,2.939,2.939,0.0,0.0,0.0,-0.6087250591815918,0.3756830601092886,0.0,0.0,0.7236126423594377,0.4769088016677403,0.0,0.0,0.014630826811840913,0
2025-10-19 06:00:00+00:00,2.919,2.919,2.919,2.919,60.0,-0.0068282955648025,-0.6805035726437536,0.2403846153846256,-0.3754266211604129,0.5134440328132374,0.0,0.396283833225075,0.4975034926297986,0.0,0.0,0.01747173689619741,0
2025-10-19 07:00:00+00:00,2.919,2.919,2.919,2.919,0.0,0.0,0.0,-0.13684570646596,-0.3754266211604129,0.0,0.0,0.3604249844232813,0.4975034926297986,0.0,0.0,0.035286056868790494,0
2025-10-19 08:00:00+00:00,2.941,2.941,2.916,2.916,13.18,-0.001028277725566,-0.1027749229188135,-0.2394799863154384,0.0,0.1162808650474428,0.8500510027711459,0.3615655995665665,0.4881103107596218,0.8573388200077683,0.0,0.04115226337448563,0
2025-10-19 09:00:00+00:00,2.901,2.959,2.89,2.959,205.13,0.0146385592716609,1.4746227709190762,0.8177172061328841,0.7147719537100139,1.700847466396447,0.0,0.711015262465309,0.5531170265217448,2.3318688738317426,0.0,0.026022304832713727,0
2025-10-19 10:00:00+00:00,2.961,2.987,2.961,2.987,72.57,0.0094181658159002,0.9462656302805073,1.633208574345013,1.910610713067218,0.5910732223772888,0.0,0.7834939956097048,0.5800521548167472,0.8704385668328041,0.0,0.01573485102109129,0
2025-10-19 11:00:00+00:00,2.996,3.005,2.982,2.982,1001.48,-0.001675322891426,-0.1673920321392685,1.4630826811840911,1.670644391408138,6.133512983793891,0.7653910147203253,0.7978936912736535,0.5822322361920756,0.7712944330076036,0.3018108650899325,0.014419852448021464,0
2025-10-19 12:00:00+00:00,2.975,2.975,2.964,2.97,61.03,-0.0040322635279384,-0.4024144869215318,1.747173689619741,1.2615069894306383,0.3711788511759856,0.1680672268342595,0.7390675728468884,0.5900759370798601,0.3703703702456705,0.0,0.01851851851851838,0
2025-10-19 13:00:00+00:00,2.982,3.022,2.982,3.022,71.25,0.0173569110359395,1.750841750841747,3.5286056868790494,3.316239316239322,0.4279107943600182,0.0,0.9208150647396984,0.6778606452388289,1.3236267368220822,0.0,0.001323626737260053,0
2025-10-19 14:00:00+00:00,3.036,3.036,3.036,3.036,1324.02,0.0046219956828357,0.4632693580410407,4.115226337448563,4.186684969114607,5.987089967000718,0.0,0.8644325130948243,0.67187707918777,0.0,0.0,-0.004940711462450675,0
2025-10-19 15:00:00+00:00,3.036,3.036,3.036,3.036,0.0,0.0,0.0,2.6022304832713727,3.511762700306864,0.0,0.0,0.8005014577649923,0.6647909559239765,0.0,0.0,-0.007246376811594235,0
2025-10-19 16:00:00+00:00,3.018,3.034,3.018,3.034,159.27,-0.000658978607043,-0.0658761528326778,1.573485102109129,3.2675289312457334,0.7359400540203691,0.0,0.776532177528968,0.6661287145568795,0.5273566247437853,0.0,-0.003625576796308372,0
2025-10-19 17:00:00+00:00,3.028,3.056,3.025,3.025,594.89,-0.0029707894435356,-0.2966381015161445,1.4419852448021464,2.9962546816479474,2.4776673689076008,1.0143979054272303,0.7924418519813438,0.6711581107755226,1.024793388090982,0.9256198344047546,-0.0072727272727272085,0
2025-10-19 18:00:00+00:00,3.025,3.025,3.025,3.025,8.3,0.0,0.0,1.851851851851838,3.136720081827482,0.0377752071756003,0.0,0.7426572550150445,0.6694432077397474,0.0,0.0,-0.021157024793388435,0
2025-10-19 19:00:00+00:00,3.023,3.038,3.009,3.026,105.06,0.0003305238833592,0.0330578512396595,0.1323626737260053,3.594659363231778,0.4689969197782733,0.3949967082307454,0.2467400288696569,0.6599853280408551,0.9583608721221516,0.3965631194988228,-0.018836748182418983,0
2025-10-19 20:00:00+00:00,3.02,3.039,3.005,3.021,197.55,-0.0016537129616292,-0.1652346331791121,-0.4940711462450675,2.720163209792581,0.8516309814591825,0.5923000985217913,0.1266114102223833,0.65274083311843,1.125455146929682,0.5958291954333647,-0.010923535253227423,0
2025-10-19 21:00:00+00:00,3.014,3.014,3.014,3.014,3.3,-0.0023198022002312,-0.2317113538563453,-0.7246376811594235,2.517006802721089,0.0143088138317913,0.0,0.1316801644720821,0.6559071336503954,0.0,0.0,0.00995355009953558,0
2025-10-19 22:00:00+00:00,3.027,3.036,3.023,3.023,26.81,0.0029816155930173,0.2986065029860762,-0.3625576796308372,2.1974306964164914,0.1168442040955026,0.4281949932713422,0.2179098241018829,0.6484724501119018,0.4300363875520852,0.2977174990745194,0.013231888852133666,0
2025-10-19 23:00:00+00:00,3.001,3.003,3.001,3.003,422.35,-0.0066379267961277,-0.6615944426066833,-0.7272727272727209,1.5556307067974284,1.714540884496137,0.0,0.3234119017209664,0.666233187728939,0.0666000665778962,0.0,0.026640026640026626,0
2025-10-20 00:00:00+00:00,3.0,3.016,2.947,2.961,863.74,-0.014084739881739,-1.3986013986014068,-2.1157024793388435,1.6826923076923128,3.0702340839808815,1.823607426451064,0.6055487067286757,0.653563478847932,2.3302938188685247,0.5403579869840066,0.052347180006754535,0
2025-10-20 01:00:00+00:00,2.981,2.994,2.958,2.969,72.53,0.0026981466621686,0.2701789935832588,-1.8836748182418983,1.5737256243585351,0.2564207567755974,0.8350033397344796,0.6425846919234766,0.6517339775275178,1.2125294707940295,0.4378578644534108,0.03772313910407554,0
2025-10-20 02:00:00+00:00,2.971,2.989,2.968,2.988,143.25,0.0063790714889482,0.6399461098012926,-1.0923535253227423,2.223742730071842,0.4959765024262306,0.0334560053417641,0.754426040323008,0.6618938328615489,0.7028112447447052,0.0334672021306967,0.02978580990629176,0
2025-10-20 03:00:00+00:00,2.986,3.063,2.985,3.044,289.81,0.0185681727288685,1.8741633199464536,0.995355009953558,3.713798977853489,0.964277544634264,0.6203068884687253,1.1204751346900832,0.7519196078751555,2.5624178703802927,0.6241787120157142,0.022667542706964472,0
2025-10-20 04:00:00+00:00,3.054,3.063,3.054,3.063,86.89,0.0062223878511987,0.6241787122207576,1.3231888852133666,4.219122150391286,0.3606385572782533,0.0,1.13587910630443,0.7579980315192161,0.2938295787483527,0.0,0.016323865491348233,0
2025-10-20 05:00:00+00:00,3.07,3.083,3.069,3.083,76.52,0.0065083210533751,0.6529546196539338,2.6640026640026626,4.899625723035039,0.3134497254605324,0.0,1.0554618929596369,0.7631941980240885,0.4541031461387999,0.0,-0.00259487512163481,0
2025-10-20 06:00:00+00:00,3.094,3.116,3.094,3.116,133.2,0.0106469791044885,1.0703859876743491,5.2347180006754535,6.748886605001725,0.5388958097659805,0.0,0.5536996923069464,0.7587230497531898,0.7060333758966594,0.0,-0.00962772785622601,0
2025-10-20 07:00:00+00:00,3.105,3.105,3.081,3.081,101.0,-0.011295908393971,-1.123234916559701,3.7723139104075543,5.549845837615619,0.401781496501875,0.7729468596544461,0.9787511306573,0.8096638026006742,0.7789678673226336,0.0,0.008438818565400963,0
2025-10-20 08:00:00+00:00,3.08,3.08,3.077,3.077,87.76,-0.001299123274626,-0.1298279779292421,2.978580990629176,5.521262002743477,0.344849378898429,0.0974025973709768,1.0246153384854626,0.8101594044365935,0.0974975625292537,0.0,0.013324666883327785,0
2025-10-20 09:00:00+00:00,3.068,3.113,3.068,3.113,71.4,0.0116317951195664,1.1699707507312418,2.266754270696447,5.2044609665427455,0.2868439465805235,0.0,0.8663530888479222,0.7922791587908656,1.445550915051218,0.0,-0.007067137809187218,0
2025-10-20 10:00:00+00:00,3.113,3.113,3.113,3.113,0.0,0.0,0.0,1.6323865491348233,4.218279209909603,0.0,0.0,0.8678746204735183,0.7777185921458305,0.0,0.0,-0.019916479280436827,0
2025-10-20 11:00:00+00:00,3.109,3.109,3.075,3.075,6.13,-0.0122819902009898,-1.2206874397687084,-0.259487512163481,3.118712273641844,0.0299874033336894,1.0935992276958448,1.027291803051691,0.826469507842371,1.1056910565509883,0.0,-0.007479674796748048,0
2025-10-20 12:00:00+00:00,3.052,3.09,3.052,3.086,25.04,0.0035708526824877,0.3577235772357579,-0.9627727856226008,3.9057239057239017,0.1233986369799691,0.1294498381458092,0.9083867884060968,0.8197678283535355,1.2313674655763491,0.1296176279554059,-0.0019442644199610948,0
2025-10-20 13:00:00+00:00,3.089,3.107,3.089,3.107,47.48,0.0067818764699414,0.6804925469864109,0.8438818565400963,2.8127068166777125,0.2351319563366602,0.0,0.8183018360583546,0.7574213599705535,0.579336980824167,0.0,-0.0028966849050532373,0
2025-10-20 14:00:00+00:00,3.098,3.118,3.098,3.118,165.12,0.0035341402246743,0.3540392661731451,1.3324666883327785,2.7009222661396493,1.0747084666632878,0.0,0.8101596563563112,0.7555801136984391,0.6414368182676603,0.0,-0.008017960230917276,0
2025-10-20 15:00:00+00:00,3.118,3.12,3.091,3.091,272.56,-0.0086971074856054,-0.865939704939056,-0.7067137809187218,1.8115942028985588,1.651895473681642,0.9294871791892642,0.7607084364489292,0.781547105808799,0.9382076994700044,0.0647039792738008,-0.00291167906826284,0
2025-10-20 16:00:00+00:00,3.057,3.057,3.038,3.051,126.51,-0.0130252574154467,-1.2940795858945364,-1.9916479280436827,0.5603164139749595,0.7731309839023848,0.1962708537140031,0.8943456510742881,0.8304607264123468,0.6227466402416474,0.0,0.011143887250081974,0
2025-10-20 17:00:00+00:00,3.064,3.072,3.052,3.052,29.79,0.000327707687678,0.0327761389708358,-0.7479674796748048,0.8925619834710741,0.2126528062802701,0.6510416664547396,0.7838940061584081,0.8276530825749352,0.6553079945428223,0.2621231978171289,0.008519003931847902,0
2025-10-20 18:00:00+00:00,3.064,3.08,3.064,3.08,82.9,0.0091324835632724,0.917431192660545,-0.1944264419961094,1.81818181818183,0.5789274594774364,0.0,0.8793854658970226,0.846652405186089,0.5194805193118575,0.0,-0.0032467532467532756,0
2025-10-20 19:00:00+00:00,3.098,3.098,3.098,3.098,66.48,0.0058271450091937,0.5844155844155763,-0.2896684905053237,2.379378717779246,0.4695302108191386,0.0,0.8646963608135269,0.8528776800107406,0.0,0.0,-0.01355713363460287,0
2025-10-20 20:00:00+00:00,3.093,3.093,3.093,3.093,2.7,-0.0016152482917442,-0.1613944480309825,-0.8017960230917276,2.383316782522349,0.0202293281551397,0.0,0.8421046775038225,0.852826400333834,0.0,0.0,-0.011639185257032003,0
2025-10-20 21:00:00+00:00,3.107,3.115,3.082,3.082,60.83,-0.0035627568050086,-0.3556417717426541,-0.291167906826284,2.2561380225613714,0.4477183513215331,1.0593900478140117,0.7758965869708802,0.8552921318385802,1.070733289723979,0.2595717065997498,-0.018494484101233,0
2025-10-20 22:00:00+00:00,3.085,3.085,3.085,3.085,11.37,0.0009729204594271,0.09733939000649,1.1143887250081974,2.0509427720807105,0.0840831217485832,0.0,0.4759090693208369,0.8541789039998544,0.0,0.0,-0.04084278768233385,0
2025-10-20 23:00:00+00:00,3.086,3.092,3.078,3.078,38.07,-0.0022716219406637,-0.2269043760129707,0.8519003931847902,2.49750249750249,0.3193479385380121,0.4527813711342956,0.5035348070487979,0.8421108251597037,0.4548408055702347,0.194931773815819,-0.021442495126705596,0
2025-10-21 00:00:00+00:00,3.059,3.07,3.059,3.07,16.51,-0.0026024738175816,-0.2599090318388564,-0.3246753246753275,3.681188787571776,0.1967574546243651,0.0,0.3474909211119422,0.7830658994296571,0.3583061888083588,0.0,-0.01889250814332244,0
2025-10-21 01:00:00+00:00,3.07,3.082,3.055,3.056,380.3,-0.0045706902948317,-0.4560260586319198,-1.355713363460287,2.930279555405857,3.931392734343108,0.8436080464491797,0.1898421536731669,0.792258593889884,0.8835078531140252,0.3926701569395716,-0.014397905759162333,0
2025-10-21 02:00:00+00:00,3.04,3.057,3.04,3.057,147.49,0.0003271716044234,0.0327225130890118,-1.1639185257032003,2.309236947791171,1.521914474630233,0.0,0.2178399879021527,0.784663771753231,0.5561007521896923,0.0,-0.014720314033366044,0
2025-10-21 03:00:00+00:00,3.038,3.064,3.025,3.025,110.87,-0.0105229514258926,-1.046777886817141,-1.8494484101233,-0.6241787122207687,1.2393941087559175,1.272845952587196,0.416005538305608,0.7229595570119282,1.2892561979209118,0.8595041319472795,-0.010909090909090868,0
2025-10-21 04:00:00+00:00,3.025,3.025,2.959,2.959,84.81,-0.0220597180647321,-2.1818181818181737,-4.084278768233385,-3.3953640222004644,0.9489938643335748,2.181818181096914,0.825198289237518,0.8345709673742782,2.230483270621663,0.0,0.012166272389320776,0
2025-10-21 05:00:00+00:00,2.955,3.012,2.955,3.012,5.11,0.0177529365195745,1.7911456573166618,-2.1442495126705596,-2.30295167045087,0.0591483676799218,0.0,1.3130082746903182,0.909342600326402,1.892430278256163,0.0,-0.006308100929614868,0
2025-10-21 06:00:00+00:00,3.012,3.012,3.012,3.012,0.0,0.0,0.0,-1.889250814332244,-3.3376123234916566,0.0,0.0,1.3212851211970271,0.875543519087622,0.0,0.0,0.0033200531208499307,0
2025-10-21 07:00:00+00:00,3.012,3.012,3.012,3.012,0.0,0.0,0.0,-1.4397905759162333,-2.2395326192794496,0.0,0.0,1.3248270954620038,0.85010633704106,0.0,0.0,0.005644090305444882,0
2025-10-21 08:00:00+00:00,3.012,3.012,3.012,3.012,0.0,0.0,0.0,-1.4720314033366044,-2.1124471888202767,0.0,0.0,1.3235383834326506,0.8502838007644506,0.0,0.0,0.03984063745019917,0
2025-10-21 09:00:00+00:00,2.992,2.992,2.992,2.992,0.5,-0.0066622498254163,-0.6640106241699861,-1.0909090909090868,-3.886925795053009,0.007140434495337,0.0,1.2854028271570412,0.8143956781655285,0.0,0.0,0.06183155080213898,0
2025-10-21 10:00:00+00:00,2.993,3.001,2.981,2.995,19.63,0.0010021714551818,0.100267379679142,1.2166272389320776,-3.79055573401863,0.2770968121358367,0.1999333554815211,0.8199802506481865,0.8155356061007791,0.6677796324982378,0.2003338897494639,0.06477462437395665,0
2025-10-21 11:00:00+00:00,2.988,2.993,2.988,2.993,12.15,-0.0006680026968508,-0.0667779632721243,-0.6308100929614868,-2.6666666666666727,0.1709041038060146,0.0,0.2798644182441367,0.7832775368554992,0.1670564650293795,0.0,0.04109589041095907,0
2025-10-21 12:00:00+00:00,3.022,3.022,3.022,3.022,3.39,0.0096426349799859,0.9689274974941542,0.332005312084993,-2.0738820479585196,0.0482971915674865,0.0,0.5234224158653491,0.8085074391090521,0.0,0.0,0.031105228325612355,0
2025-10-21 13:00:00+00:00,3.009,3.029,3.009,3.029,69.03,0.0023136681945524,0.2316346790205203,0.5644090305444882,-2.5104602510460317,0.9710454129701864,0.0,0.5270486451073745,0.7951477498156861,0.6602839218685103,0.0,0.03631561571475728,0
2025-10-21 14:00:00+00:00,3.044,3.132,3.026,3.132,480.37,0.0334392460834563,3.4004621987454575,3.984063745019917,0.4490057729313657,5.703498122492723,0.0,1.419841506172592,1.0603505267662965,3.384418900579697,0.0,-0.013409961685823868,0
2025-10-21 15:00:00+00:00,3.092,3.18,3.092,3.177,418.83,0.0142655771588224,1.436781609195403,6.183155080213898,2.78227110967324,4.637264490362194,0.0943396226118464,1.2818486714213777,1.0801194601089426,2.769908718045357,0.0944287062970043,-0.03336480956877552,0
2025-10-21 16:00:00+00:00,3.17,3.189,3.167,3.189,247.62,0.0037700327405413,0.3777148253068851,6.477462437395665,4.523107177974439,2.596561441807835,0.0,1.247515194159477,1.037913232851483,0.6898714328347922,0.0,-0.044841643148322397,0
2025-10-21 17:00:00+00:00,3.181,3.181,3.116,3.116,34.68,-0.0231572600194186,-2.2891188460332335,4.109589041095907,2.096985583224109,0.3628817076748273,2.0433825834506796,1.8439978416575675,1.1567297478086265,2.0860077015128327,0.0,-0.038510911424903704,0
2025-10-21 18:00:00+00:00,3.116,3.116,3.116,3.116,0.0,0.0,0.0,3.1105228325612355,1.1688311688311748,0.0,0.0,1.8553359329088643,1.1432925492169996,0.0,0.0,-0.038510911424903704,0
2025-10-21 19:00:00+00:00,3.136,3.155,3.135,3.139,1169.78,0.0073541498513146,0.7381258023106518,3.631561571475728,1.3234344738541015,8.471448745276668,0.5071315370817338,1.8515757184444908,1.1468146982617853,0.637145587563828,0.5097164700510625,-0.04205160879260905,0
2025-10-21 20:00:00+00:00,3.115,3.115,3.086,3.09,8.33,-0.0157331869501623,-1.5610066900286657,-1.3409961685823868,-0.0969932104752713,0.0602228534759643,0.8025682180409204,1.4319337479273295,1.1936444744005634,0.9385113265571278,0.0,-0.026213592233009675,0
2025-10-21 21:00:00+00:00,3.108,3.108,3.071,3.071,41.93,-0.0061678494509686,-0.6148867313915729,-3.336480956877552,-0.3569110966904487,0.3048743172025566,1.1904761900931518,1.1817023455530191,1.1981627413222082,1.2048192767161097,0.0,-0.020188863562357606,0
2025-10-21 22:00:00+00:00,3.087,3.087,3.034,3.046,68.45,-0.0081739869857153,-0.8140670791273341,-4.48416431483224,-1.264181523500818,0.4892416278238332,1.3281503073119163,1.088054493362157,1.2089381095334062,1.7399868674524133,0.0,-0.012147078135259282,0
2025-10-21 23:00:00+00:00,3.038,3.078,2.996,2.996,109.03,-0.016551188817997,-1.641497045305318,-3.8510911424903704,-2.6640675763482724,0.7631568969939088,2.6640675754827545,0.9201802281175304,1.252244664833524,2.736982642611149,1.335113484200564,0.0003337783711614417,0
2025-10-22 00:00:00+00:00,3.01,3.039,2.984,2.996,344.36,0.0,0.0,-3.8510911424903704,-2.4104234527687285,2.1999968056590697,1.4149391242464875,0.9201802281175304,1.252036485747698,1.835781040775779,0.96795727604542,0.0020026702269693164,0
2025-10-22 01:00:00+00:00,3.004,3.016,3.0,3.007,115.81,0.0036648383514189,0.3671562082776969,-4.205160879260905,-1.6034031413612593,0.7959062703078311,0.2984084879647152,0.8150450530327911,1.253157471968143,0.5320917856561056,0.2993016294315557,-0.015297638842700412,0
2025-10-22 02:00:00+00:00,3.009,3.031,3.009,3.009,36.55,0.0006648936415159,0.0665114732291138,-2.6213592233009675,-1.5701668302257166,0.2594322184512067,0.7258330581571069,0.7417142040701984,1.2532936771255887,0.7311399133495793,0.7311399133495793,-0.008308408109006238,0
2025-10-22 03:00:00+00:00,3.008,3.009,3.008,3.009,11.59,0.0,0.0,-2.0188863562357606,-0.5289256198347081,0.0847544904699845,0.0,0.7553807210342174,1.2355680734686605,0.0332336324249768,0.0,-0.019940179461615193,0
2025-10-22 04:00:00+00:00,3.009,3.009,3.009,3.009,75.53,0.0,0.0,-1.2147078135259282,1.689760054072309,0.5538963598489021,0.0,0.7251496036419838,1.144758775683966,0.0,0.0,-0.020272515785975442,0
2025-10-22 05:00:00+00:00,3.017,3.017,2.979,2.997,300.38,-0.0039960093133819,-0.3988035892322994,0.0333778371161441,-0.4980079681274896,2.020527251005204,0.6629101754514721,0.2442238822257558,1.0885868303865385,1.2679346008448604,0.0,-0.013680347013680372,0
2025-10-22 06:00:00+00:00,3.002,3.002,3.002,3.002,15.58,0.0016669448767441,0.1668335001668408,0.2002670226969316,-0.3320053120850041,0.104344331829457,0.0,0.2527955995377216,1.0892569082781536,0.0,0.0,-0.0009993337774815148,0
2025-10-22 07:00:00+00:00,2.979,2.979,2.961,2.961,184.08,-0.013751684091816,-1.365756162558296,-1.5297638842700412,-1.6932270916334755,1.1726085571642049,0.6042296070479336,0.5808435203871045,1.1241080843399205,0.6079027353570149,0.0,0.017899358324890313,0
2025-10-22 08:00:00+00:00,2.962,2.984,2.962,2.984,22.97,0.0077376332220602,0.7767646065518496,-0.8308408109006238,-0.9296148738379806,0.1454345916304169,0.0,0.7157168668204896,1.1372567060239445,0.7372654153025182,0.0,0.0016756032171580948,0
2025-10-22 09:00:00+00:00,2.959,2.973,2.948,2.949,63.38,-0.0117985525083753,-1.172922252010733,-1.9940179461615193,-1.4371657754010725,0.3947423737146002,0.8072653882249367,0.8237936106344919,1.1542802979282605,0.8477449980170384,0.4747371988895361,0.006442861987114412,0
2025-10-22 10:00:00+00:00,2.953,2.983,2.948,2.948,28.12,-0.0003391555060489,-0.0339097999321746,-2.027251578597544,-1.569282136894834,0.1747515497381642,1.173315453847368,0.821141594767569,1.1537938457464767,1.1872455898279404,1.0176390769953818,0.010515603799186035,0
2025-10-22 11:00:00+00:00,2.947,2.992,2.934,2.956,53.62,0.0027100287588651,0.2713704206241507,-1.3680347013680372,-1.2362178416304714,0.329680971251313,1.2032085557475918,0.8565039334165442,1.155841066590783,1.9621109600940028,1.2178619752307651,-0.0030446549391068833,0
2025-10-22 12:00:00+00:00,2.996,2.999,2.963,2.999,45.62,0.0144418966809166,1.4546684709066282,-0.0999333777481514,-0.7610853739245416,0.2774911041030961,0.0,1.0991329996445298,1.178121368309316,1.200400132977527,0.0,-0.009336445481827327,0
2025-10-22 13:00:00+00:00,3.001,3.014,3.001,3.014,98.02,0.0049892004374315,0.5001667222407358,1.789935832489031,-0.495212941564882,0.5918739605915004,0.0,0.880385267919035,1.1819797521718882,0.4313205041700961,0.0,-0.024552090245520852,0
2025-10-22 14:00:00+00:00,2.995,3.008,2.987,2.989,854.13,-0.0083292169025028,-0.8294625082946205,0.1675603217158094,-4.565772669220958,4.714186170027726,0.6316489359602273,0.9476648357278508,0.949713047483704,0.702576112177121,0.4349280694429782,-0.020742723318835643,0
2025-10-22 15:00:00+00:00,3.004,3.004,2.968,2.968,78.08,-0.0070505579966667,-0.7025761124121788,0.6442861987114412,-6.578533207428395,0.4675869090010026,1.198402130093742,0.8403950335861958,0.8892482798352009,1.2129380049821648,0.0,-0.02863881401617252,0
2025-10-22 16:00:00+00:00,2.982,2.982,2.979,2.979,86.98,0.0036993484260112,0.3706199460916437,1.0515603799186035,-6.585136406396986,0.5426358201161885,0.1006036216966491,0.8430165506493201,0.8890211392355671,0.1007049345079914,0.0,-0.0372608257804633,0
2025-10-22 17:00:00+00:00,2.974,2.974,2.947,2.947,137.69,-0.0107999699755875,-1.0741859684457844,-0.3044654939106883,-5.423620025673948,0.8365953503864348,0.9078681906833036,0.9811437701682604,0.7972754477118649,0.9161859515045224,0.0,-0.011197828299966073,0
2025-10-22 18:00:00+00:00,2.938,2.971,2.934,2.971,22.78,0.0081108927249128,0.8143875127248013,-0.9336445481827328,-4.653401797175871,0.1376161337490019,0.0,0.8067520553011919,0.8242853156313348,1.2453719282243756,0.0,-0.016156176371592057,0
2025-10-22 19:00:00+00:00,2.978,2.978,2.94,2.94,105.0,-0.0104890151298804,-1.043419723998662,-2.4552090245520852,-6.339598598279705,0.8665719856462674,1.2760241768717264,0.8027774018332647,0.816818345525093,1.2925170063630982,0.0,0.0006802721088436936,0
2025-10-22 20:00:00+00:00,2.941,2.941,2.921,2.927,216.27,-0.0044315736408414,-0.4421768707483009,-2.0742723318835643,-5.275080906148865,1.665777692183771,0.4760285615518363,0.7775003256267298,0.7698133023838903,0.6832934743138737,0.0,0.005124701059104897,0
2025-10-22 21:00:00+00:00,2.913,2.922,2.849,2.883,1954.22,-0.0151465890534837,-1.503245644004103,-2.863881401617252,-6.121784435037448,9.327573862778255,1.3347022582701271,0.9104627947693988,0.8103884517441509,2.5320846331834583,0.3121748177897535,0.020464793617759325,0
2025-10-22 22:00:00+00:00,2.874,2.912,2.868,2.868,35.52,-0.0052164959188912,-0.5202913631633721,-3.7260825780463303,-5.84372948128693,0.1706560753979041,1.510989010470129,0.8104240481198092,0.8038170383866234,1.53417015288209,1.3249651320345244,0.01882845188284521,0
2025-10-22 23:00:00+00:00,2.912,2.914,2.912,2.914,83.21,0.0159117850356392,1.6039051603905286,-1.1197828299966073,-2.736982643524699,0.4018601506372596,0.0,1.1697228318579842,0.8299575050879594,0.0686341797980055,0.0,0.0020590253946464188,0
2025-10-23 00:00:00+00:00,2.923,2.923,2.923,2.923,5.53,0.0030837783560958,0.308853809196985,-1.6156176371592057,-2.4365821094793016,0.0286611411762712,0.0,1.0997879569470383,0.8342017264344309,0.0,0.0,0.01710571330824484,0
2025-10-23 01:00:00+00:00,2.93,2.942,2.92,2.942,114.31,0.0064791360501368,0.6500171057133075,0.0680272108843693,-2.1616228799467896,0.5926431577188468,0.0,1.0778372368458742,0.8430163515733384,0.747790618372615,0.0,0.010537049626104578,0
2025-10-23 02:00:00+00:00,2.918,2.942,2.918,2.942,74.27,0.0,0.0,0.5124701059104897,-2.226653373213683,0.3819425397676463,0.0,1.0554146279753924,0.8425852460289392,0.8157715836792081,0.0,0.01359619306594162,0
2025-10-23 03:00:00+00:00,2.942,2.942,2.942,2.942,30.47,0.0,0.0,2.0464793617759325,-2.226653373213683,0.1560643310788974,0.0,0.7259290469480906,0.8425852460289392,0.0,0.0,0.00611828687967364,0
2025-10-23 04:00:00+00:00,2.92,2.941,2.92,2.922,72.11,-0.006821308850738,-0.679809653297081,1.882845188284521,-2.891326021934193,0.3696100667595965,0.6460387621060625,0.7657839820806934,0.8507480009897074,0.7186858313762166,0.6502395617213308,0.013347022587268942,0
2025-10-23 05:00:00+00:00,2.922,2.922,2.92,2.92,36.08,-0.0006846970483174,-0.0684462696783128,0.2059025394646418,-2.5692359025692335,0.1959964146986663,0.0684462696548857,0.4422280225321489,0.8487371284373617,0.0684931506614826,0.0,0.009931506849315097,0
2025-10-23 06:00:00+00:00,2.943,2.973,2.943,2.973,76.47,0.0179879277357701,1.815068493150673,1.710571330824484,-0.9660226515656234,0.409758580730256,0.0,0.8539292303562457,0.9329486188467428,1.0090817352811634,0.0,-0.010763538513286264,0
2025-10-23 07:00:00+00:00,2.973,2.973,2.973,2.973,0.0,0.0,0.0,1.0537049626104578,0.4052684903748771,0.0,0.0,0.8393483517752457,0.8885846152298873,0.0,0.0,-0.005718129835183272,0
2025-10-23 08:00:00+00:00,2.976,2.982,2.976,2.982,12.89,0.0030226723265861,0.3027245206861817,1.359619306594162,-0.0670241286863215,0.0721999080460018,0.0,0.8358295034918823,0.8762490347534432,0.2012072433932982,0.0,-0.0046948356807512415,0
2025-10-23 09:00:00+00:00,2.96,2.96,2.955,2.96,45.51,-0.0074049480065777,-0.7377598926894824,0.611828687967364,0.3730077992539993,0.2559797511059215,0.0,0.9255630334885204,0.8549185121654941,0.1689189188618481,0.0,0.013851351351351404,0
2025-10-23 10:00:00+00:00,2.961,2.961,2.961,2.961,13.22,0.0003377807834851,0.0337837837837806,1.3347022587268942,0.4409769335142366,0.0746190028217801,0.0,0.8471354562814865,0.8548600120018245,0.0,0.0,0.017899358324890313,0
2025-10-23 11:00:00+00:00,2.955,2.955,2.949,2.949,86.96,-0.004060919286315,-0.4052684903748771,0.9931506849315096,-0.2368064952638748,0.4870185329491502,0.2030456852104829,0.8807532717186993,0.857328070213066,0.2034587995240976,0.0,0.02509325194981349,0
2025-10-23 12:00:00+00:00,2.949,2.949,2.922,2.941,223.66,-0.0027164702612812,-0.2712783994574419,-1.0763538513286264,-1.9339779926642264,1.202640151627497,0.2712783993654535,0.3699602982533411,0.8004563931687905,0.9180550829928305,0.0,0.024141448486909356,0
2025-10-23 13:00:00+00:00,2.956,2.98,2.934,2.956,103.78,0.0050873435140974,0.51003060183612,-0.5718129835183272,-1.92435301924353,0.5573152776566912,0.8053691272465212,0.4655199509785757,0.8007681826172043,1.5561569683504144,0.8119079834871766,0.01150202976995951,0
2025-10-23 14:00:00+00:00,2.968,2.968,2.968,2.968,0.94,0.0040513222191787,0.4059539918809252,-0.4694835680751241,-0.7025761124121788,0.0062390243227506,0.0,0.4846049958049689,0.7900265108608078,0.0,0.0,0.0074123989218328745,0
2025-10-23 15:00:00+00:00,2.988,3.001,2.988,3.001,140.49,0.011057241153096,1.1118598382749312,1.3851351351351404,1.1118598382749312,0.9166476364406966,0.0,0.5603604910919612,0.8089326158392107,0.4331889368766415,0.0,-0.0036654448517159377,0
2025-10-23 16:00:00+00:00,2.998,3.014,2.998,3.014,20.52,0.0043225337460737,0.4331889370210007,1.789935832489031,1.1748909029875687,0.1363492898465427,0.0,0.5561545639877689,0.810116539847194,0.5308560051324157,0.0,-0.014598540145985273,0
2025-10-23 17:00:00+00:00,3.022,3.023,3.022,3.023,20.17,0.0029816155930173,0.2986065029860762,2.509325194981349,2.5788937902952114,0.1385310126536539,0.0,0.4407706334939092,0.7747051430219193,0.0330797221194024,0.0,-0.00893152497519023,0
2025-10-23 18:00:00+00:00,3.014,3.014,3.012,3.012,60.97,-0.0036454058596739,-0.363876943433683,2.4141448486909356,1.3800067317401463,0.4142253373578043,0.0663570006415464,0.4702753386509279,0.7653004760138532,0.0664010623949458,0.0,-0.007304116865869736,0
2025-10-23 19:00:00+00:00,2.991,2.991,2.99,2.99,179.82,-0.0073309225350519,-0.7304116865869736,1.150202976995951,1.7006802721088563,1.1963441712626823,0.0334336342248597,0.6503584415210139,0.7479756774568033,0.0334448160423224,0.0,0.0,0
2025-10-23 20:00:00+00:00,2.99,2.99,2.99,2.99,0.0,0.0,0.0,0.7412398921832875,2.1523744448240567,0.0,0.0,0.6446370506173196,0.7401793600737702,0.0,0.0,0.004347826086956497,0
2025-10-23 21:00:00+00:00,2.99,2.99,2.99,2.99,0.0,0.0,0.0,-0.3665444851715937,3.711411723898728,0.0,0.0,0.4297865876401863,0.6574763875134637,0.0,0.0,0.0036789297658861297,0
2025-10-23 22:00:00+00:00,2.97,2.97,2.97,2.97,44.34,-0.0067114345879868,-0.6688963210702337,-1.4598540145985273,3.556485355648542,0.7360761419793143,0.0,0.4121156788138766,0.6648017822142008,0.0,0.0,0.02760942760942764,0
2025-10-23 23:00:00+00:00,2.985,2.996,2.985,2.996,149.04,0.0087161128403647,0.8754208754208737,-0.893152497519023,2.8140013726835944,2.3664185769198545,0.0,0.5909827442354245,0.610806726876731,0.3671562081551588,0.0,0.01869158878504673,0
2025-10-24 00:00:00+00:00,2.99,2.99,2.99,2.99,46.83,-0.0020046782523778,-0.2002670226969205,-0.7304116865869736,2.292165583304828,0.7237788582172323,0.0,0.5827830926101437,0.6126538850206843,0.0,0.0,0.023076923076922995,0
2025-10-24 01:00:00+00:00,2.99,2.99,2.99,2.99,0.0,0.0,0.0,0.0,1.6315431679129857,0.0,0.0,0.5000654200609033,0.6013755963406178,0.0,0.0,0.020066889632106788,0
2025-10-24 02:00:00+00:00,3.003,3.003,3.003,3.003,49.54,0.0043384015985981,0.4347826086956496,0.4347826086956496,2.0734194425560792,0.8409616567854358,0.0,0.5305044502407293,0.6057648830425435,0.0,0.0,0.02231102231102211,0
2025-10-24 03:00:00+00:00,3.001,3.003,3.0,3.001,121.56,-0.0006662225429632,-0.0666000666000754,0.367892976588613,2.0054384772263623,1.9386271512748177,0.0666000665778962,0.5330118383457806,0.6063261550856504,0.0999666777407679,0.0666444518271835,0.027324225258247292,0
2025-10-24 04:00:00+00:00,3.034,3.052,3.034,3.052,50.23,0.0168515469639805,1.6994335221592882,2.760942760942764,4.449007529089655,0.8128818222144616,0.0,0.7205607701060551,0.6660969601679485,0.5897771950885473,0.0,-0.002948885976408855,0
2025-10-24 05:00:00+00:00,3.052,3.052,3.052,3.052,0.0,0.0,0.0,1.869158878504673,4.520547945205489,0.0,0.0,0.7072478526156475,0.6651262890593461,0.0,0.0,0.00589777195281771,0
2025-10-24 06:00:00+00:00,3.052,3.059,3.044,3.059,287.51,0.0022909517465557,0.2293577981651307,2.3076923076922995,2.8927009754456945,4.161835486495685,0.0,0.6659385691829418,0.5698036123210121,0.4903563254363047,0.0,0.0052304674730303535,0
2025-10-24 07:00:00+00:00,3.06,3.06,3.05,3.05,71.11,-0.0029464745494462,-0.2942137953579671,2.006688963210679,2.5899764547594906,0.9870162917929728,0.326797385514126,0.7090549649386907,0.575619540760752,0.3278688523515259,0.0,0.0026229508196722318,0
2025-10-24 08:00:00+00:00,3.066,3.07,3.066,3.07,4.37,0.0065359709797854,0.6557377049180246,2.231102231102211,2.951039570757863,0.0609565434702087,0.0,0.7209963333097237,0.585201142099574,0.1302931595666798,0.0,-0.004234527687296374,0
2025-10-24 09:00:00+00:00,3.045,3.09,3.045,3.083,98.02,0.0042255873049076,0.4234527687296596,2.732422525824729,4.155405405405421,1.326776005576825,0.2265372167551553,0.6890003919998017,0.5582803839684455,1.4596172554461158,0.2270515730693855,-0.008433344145313049,0
2025-10-24 10:00:00+00:00,3.043,3.043,3.043,3.043,2.65,-0.0130592779891792,-1.2974375608173827,-0.2948885976408855,2.7693346842283084,0.0360849016454567,0.0,0.6979911340549599,0.6342620455936875,0.0,0.0,-0.0036148537627341826,0
2025-10-24 11:00:00+00:00,3.033,3.07,3.025,3.07,928.6,0.0088336906842716,0.8872822872165509,0.589777195281771,4.103085791793837,8.558032371328306,0.0,0.7966432465532145,0.642862126970784,1.4657980451251449,0.0,-0.01237785016286641,0
2025-10-24 12:00:00+00:00,3.089,3.13,3.075,3.075,308.02,0.0016273396593754,0.1628664495114007,0.5230467473030354,4.5562733764025865,2.749656873113363,1.757188497841145,0.7949180933870507,0.6360379637343875,1.788617885597188,1.3333333328997266,-0.010081300813008176,0
2025-10-24 13:00:00+00:00,3.08,3.085,3.048,3.058,257.79,-0.0055437937516107,-0.5528455284552924,0.2622950819672232,3.4506089309878085,2.176575714488469,0.8752025929091769,0.8263069359070482,0.649437209320222,1.2099411376030254,0.1635055591355408,0.001308044473512071,0
2025-10-24 14:00:00+00:00,3.065,3.065,3.03,3.057,75.64,-0.000327064598173,-0.0327011118377962,-0.4234527687296374,2.998652291105119,0.62229108534326,0.2610114191644337,0.7706127869968776,0.6478528819232566,1.1449133133317306,0.0,0.0013084723585214952,0
2025-10-24 15:00:00+00:00,3.057,3.057,3.057,3.057,0.0,0.0,0.0,-0.8433344145313049,1.86604465178275,0.0,0.0,0.7350012173542869,0.6133331509891051,0.0,0.0,0.007850834151128527,0
2025-10-24 16:00:00+00:00,3.01,3.032,3.01,3.032,26.49,-0.0082115751285722,-0.8177952240758901,-0.3614853762734182,0.5972130059721303,0.2284687533670595,0.0,0.5945875072108987,0.6347609713481227,0.7255936673068701,0.0,0.016160949868073926,0
2025-10-24 17:00:00+00:00,3.032,3.032,3.032,3.032,0.0,0.0,0.0,-1.237785016286641,0.2977174991730003,0.0,0.0,0.38746335877773,0.632090544144555,0.0,0.0,0.016160949868073926,0
2025-10-24 18:00:00+00:00,3.044,3.044,3.044,3.044,5.65,0.0039499722193142,0.3957783641161061,-1.0081300813008176,1.0624169986719778,0.0500884674623682,0.0,0.4399130334728513,0.6314119468259602,0.0,0.0,0.01215505913271997,0
2025-10-24 19:00:00+00:00,3.07,3.07,3.062,3.062,252.83,0.0058958572360525,0.5913272010512394,0.1308044473512071,2.4080267558528323,2.1825323175675373,0.2605863191333597,0.4850063083996299,0.6182187242957704,0.2612671455711083,0.0,0.002286087524493885,0
2025-10-24 20:00:00+00:00,3.061,3.061,3.061,3.061,41.06,-0.0003266372722165,-0.0326583932070523,0.1308472358521495,2.374581939799314,0.3492882663158627,0.0,0.4850053484670173,0.6184823774892378,0.0,0.0,0.0026135249918326497,0
2025-10-24 21:00:00+00:00,3.081,3.081,3.081,3.081,25.0,0.0065125596512553,0.6533812479581735,0.7850834151128527,3.0434782608695476,0.210801467176434,0.0,0.5479433857747088,0.6282157968299266,0.0,0.0,-0.008114248620577746,0
2025-10-24 22:00:00+00:00,3.081,3.081,3.081,3.081,0.0,0.0,0.0,1.6160949868073926,3.737373737373728,0.0,0.0,0.3163774972613828,0.6057760650043562,0.0,0.0,-0.007465108730931536,0
2025-10-24 23:00:00+00:00,3.081,3.081,3.081,3.081,0.0,0.0,0.0,1.6160949868073926,2.837116154873165,0.0,0.0,0.3163774972613828,0.5866388304326384,0.0,0.0,-0.009737098344693274,0
2025-10-25 00:00:00+00:00,3.081,3.081,3.081,3.081,0.0,0.0,0.0,1.215505913271997,3.0434782608695476,0.0,0.0,0.3254320960058761,0.5833464139059573,0.0,0.0,-0.009737098344693274,0
2025-10-25 01:00:00+00:00,3.056,3.078,3.056,3.069,46.86,-0.0039024439769317,-0.3894839337877265,0.2286087524493885,2.6421404682274163,0.4239237371471639,0.2923976607237141,0.3372837040525125,0.5923491882100274,0.7168458779026178,0.293255131869252,-0.008145975887911328,0
2025-10-25 02:00:00+00:00,3.069,3.069,3.069,3.069,0.0,0.0,0.0,0.261352499183265,2.19780219780219,0.0,0.0,0.3361757027667137,0.5886021143587213,0.0,0.0,-0.008145975887911328,0
2025-10-25 03:00:00+00:00,3.056,3.056,3.056,3.056,6.51,-0.004244904333325,-0.4235907461713872,-0.8114248620577746,1.8327224258580577,0.0627888471826571,0.0,0.2106421976277374,0.5972275599138086,0.0,0.0,-0.0062172774869110325,0
2025-10-25 04:00:00+00:00,3.059,3.068,3.058,3.058,62.49,0.0006542362025964,0.0654450261780015,-0.7465108730931536,0.1965923984272644,0.599760057580423,0.3259452410932457,0.2205380630395671,0.4891880832265654,0.3270111182710961,0.2943100064439763,-0.00686723348593854,0
2025-10-25 05:00:00+00:00,3.051,3.051,3.051,3.051,6.88,-0.0022917017723378,-0.2289077828646069,-0.9737098344693274,-0.0327653997378774,0.0658509738855024,0.0,0.2143413478694771,0.4915855437983656,0.0,0.0,-0.004588659455916133,0
2025-10-25 06:00:00+00:00,3.051,3.051,3.051,3.051,0.0,0.0,0.0,-0.9737098344693274,-0.2615233736515177,0.0,0.0,0.2143413478694771,0.489134056723888,0.0,0.0,-0.004588659455916133,0
2025-10-25 07:00:00+00:00,3.044,3.044,3.044,3.044,3.3,-0.0022969657350932,-0.2294329727958066,-0.8145975887911328,-0.1967213114754007,0.0368002379001174,0.0,0.1888117113022553,0.4876734416731513,0.0,0.0,0.003942181340341744,0
2025-10-25 08:00:00+00:00,3.044,3.044,3.044,3.044,0.0,0.0,0.0,-0.8145975887911328,-0.8469055374592749,0.0,0.0,0.1888117113022553,0.4669172674549719,0.0,0.0,0.014783180026281206,0
2025-10-25 09:00:00+00:00,3.037,3.037,3.037,3.037,7.47,-0.0023022539358277,-0.2299605781866054,-0.6217277486911033,-1.4920531949400018,0.0871458847766466,0.0,0.1398115850957376,0.458005872156758,0.0,0.0,0.017122160026341815,0
2025-10-25 10:00:00+00:00,3.037,3.037,3.037,3.037,0.0,0.0,0.0,-0.686723348593854,-0.1971738416036927,0.0,0.0,0.1258108797390667,0.3736882966961914,0.0,0.0,0.008890352321369921,0
2025-10-25 11:00:00+00:00,3.037,3.037,3.037,3.037,0.0,0.0,0.0,-0.4588659455916133,-1.0749185667752403,0.0,0.0,0.1187514590196854,0.3219778195236291,0.0,0.0,0.007573263088574311,0
2025-10-25 12:00:00+00:00,3.037,3.037,3.037,3.037,0.0,0.0,0.0,-0.4588659455916133,-1.2357723577235855,0.0,0.0,0.1187514590196854,0.319113012584985,0.0,0.0,0.015805070793546205,0
2025-10-25 13:00:00+00:00,3.061,3.061,3.044,3.056,95.52,0.0062366852406623,0.6256173855778702,0.3942181340341744,-0.0654022236755924,3.49623303327145,0.163345311936179,0.2885018464205797,0.3289003500116077,0.5562827223310561,0.0,0.009489528795811442,0
2025-10-25 14:00:00+00:00,3.063,3.089,3.063,3.089,3.24,0.0107405426321705,1.0798429319371694,1.4783180026281206,1.0467778868171518,0.133310474878794,0.0,0.4973196061574391,0.3953838912534421,0.8416963415857184,0.0,0.0016186468112657781,0
2025-10-25 15:00:00+00:00,3.089,3.089,3.089,3.089,0.0,0.0,0.0,1.7122160026341815,1.0467778868171518,0.0,0.0,0.4609073394589013,0.3953838912534421,0.0,0.0,-0.01586273875040467,0
2025-10-25 16:00:00+00:00,3.064,3.064,3.064,3.064,32.22,-0.0081261620580997,-0.8093234056328891,0.8890352321369921,1.055408970976246,1.3128024038987705,0.0,0.6437905160473681,0.3945748891606261,0.0,0.0,0.011096605744125299,0
2025-10-25 17:00:00+00:00,3.072,3.072,3.06,3.06,12.35,-0.0013063359140554,-0.1305483028720577,0.7573263088574311,0.923482849604218,0.4928664072436249,0.3906249998728437,0.6519346039704375,0.3961026489760997,0.3921568626169425,0.0,0.012745098039215641,0
2025-10-25 18:00:00+00:00,3.065,3.085,3.065,3.085,4.11,0.0081367413930617,0.8169934640522847,1.5805070793546203,1.34691195795007,0.1644438516872055,0.0,0.7031618955085331,0.4209360642929385,0.6482982169697581,0.0,0.004213938411669282,0
2025-10-25 19:00:00+00:00,3.085,3.085,3.085,3.085,0.0,0.0,0.0,0.9489528795811442,0.7511430437622479,0.0,0.0,0.6847474121861443,0.4053417638670764,0.0,0.0,-0.005186385737439236,0
2025-10-25 20:00:00+00:00,3.094,3.094,3.094,3.094,32.25,0.0029130947935233,0.291734197730964,0.1618646811265778,1.0780790591309986,2.2885866349647364,0.0,0.5329122653342002,0.4085053542794202,0.0,0.0,-0.015190691661279843,0
2025-10-25 21:00:00+00:00,3.04,3.04,3.04,3.04,1.64,-0.0176072367327439,-1.7453135100193862,-1.586273875040467,-1.3307367737747433,0.1250158810729247,0.0,0.9053570360327644,0.5310901958351922,0.0,0.0,0.007894736842105177,0
2025-10-25 22:00:00+00:00,3.09,3.099,3.09,3.098,37.66,0.0188992265765464,1.907894736842097,1.10966057441253,0.5517689061992792,2.5640851062084025,0.0322684736907921,1.2027449761529183,0.6633668438950759,0.2905100063620155,0.032278889595789,-0.003873466752743693,0
2025-10-25 23:00:00+00:00,3.1,3.1,3.082,3.099,306.82,0.0003227368109345,0.0322788896062187,1.274509803921564,0.584225900681612,11.168597948995863,0.0322580645057196,1.1960439228698652,0.6633510580326835,0.5808325264340726,0.0,-0.004194901581155319,0
2025-10-26 00:00:00+00:00,3.069,3.098,3.069,3.098,5.21,-0.0003227368109343,-0.0322684737012024,0.4213938411669282,0.5517689061992792,0.1881630626088876,0.0,1.1601231547794026,0.6634351081044143,0.9360877982775674,0.0,-0.0016139444803098257,0
2025-10-26 01:00:00+00:00,3.076,3.076,3.069,3.069,8.14,-0.0094049663570776,-0.9360877985797212,-0.5186385737439236,0.0,0.3121714258201497,0.2275682704071662,1.2327505185208385,0.6874091321255317,0.2280873247872024,0.0,0.00782013685239491,0
2025-10-26 02:00:00+00:00,3.035,3.047,3.035,3.047,11.48,-0.007194275634027,-0.7168458781361964,-1.5190691661279845,-0.7168458781361964,0.4323306500802211,0.0,1.239808749777203,0.702920324352074,0.393829996588832,0.0,0.019691499835904125,0
2025-10-26 03:00:00+00:00,3.064,3.064,3.064,3.064,6.5,0.0055637518747728,0.5579258286839472,0.7894736842105177,0.2617801047120505,0.2447903590166411,0.0,1.0180854781769877,0.7074851226848515,0.0,0.0,0.026762402088772896,0
2025-10-26 04:00:00+00:00,3.05,3.086,3.05,3.086,4.88,0.0071545020626242,0.7180156657963455,-0.3873466752743693,0.915631131458472,0.2020459916765589,0.0,0.6634021437263151,0.7219578123988349,1.1665586515986537,0.0,0.005184705119896327,0
2025-10-26 05:00:00+00:00,3.086,3.086,3.086,3.086,0.0,0.0,0.0,-0.4194901581155319,1.147164863979011,0.0,0.0,0.662589119576285,0.7197830873824115,0.0,0.0,0.005184705119896327,0
2025-10-26 06:00:00+00:00,3.093,3.093,3.093,3.093,19.36,0.0022657397619634,0.2268308489954629,-0.1613944480309825,1.3765978367748175,0.7846660474223897,0.0,0.6738723433893388,0.7206180076790163,0.0,0.0,0.019721952796637465,0
2025-10-26 07:00:00+00:00,3.093,3.093,3.093,3.093,0.0,0.0,0.0,0.782013685239491,1.6097240473061714,0.0,0.0,0.5077797330848404,0.7181663869045751,0.0,0.0,0.02780472033624304,0
2025-10-26 08:00:00+00:00,3.107,3.107,3.107,3.107,5.53,0.0045161367079779,0.4526349822179254,1.9691499835904125,2.069645203679382,0.2232914970130909,0.0,0.2976422499299266,0.7222520985439974,0.0,0.0,0.023495333118764172,0
2025-10-26 09:00:00+00:00,3.099,3.146,3.099,3.146,237.49,0.0124741742251755,1.2552301255229992,2.6762402088772896,3.589068159367792,6.913828238517794,0.0,0.4818051618029152,0.7563564890696679,1.4939605843947903,0.0,0.008582326764144943,0
2025-10-26 10:00:00+00:00,3.126,3.126,3.102,3.102,90.2,-0.0140847398817389,-1.3986013986013957,0.5184705119896327,2.1402700032927324,2.366936365562206,0.7677543183724401,0.8660911172029578,0.8201999882333484,0.7736943904662501,0.0,0.022566086395873652,0
2025-10-26 11:00:00+00:00,3.102,3.102,3.102,3.102,0.0,0.0,0.0,0.5184705119896327,2.1402700032927324,0.0,0.0,0.8660911172029578,0.8201999882333484,0.0,0.0,0.022566086395873652,0
2025-10-26 12:00:00+00:00,3.147,3.154,3.147,3.154,85.24,0.0166244237864995,1.676337846550613,1.9721952796637463,3.852486005926892,2.046087373930723,0.0,1.083680544016293,0.8804131076448569,0.2219403930811893,0.0,0.00665821179454662,0
2025-10-26 13:00:00+00:00,3.142,3.179,3.142,3.179,305.96,0.0078951933878189,0.7926442612555373,2.780472033624304,4.0248691099476375,6.067224113307984,0.0,1.0841855292302405,0.8848707586877639,1.1638880147329678,0.0,-0.0009436929852153497,0
2025-10-26 14:00:00+00:00,3.166,3.18,3.166,3.18,33.17,0.0003145148634199,0.0314564328405264,2.3495333118764172,2.945937196503734,0.6418912925912504,0.0,1.0980895944226363,0.8636086821205542,0.4402515721886074,0.0,-0.005974842767295652,0
2025-10-26 15:00:00+00:00,3.168,3.173,3.168,3.173,2.51,-0.002203684191027,-0.2201257861635275,0.8582326764144943,2.7193266429265117,0.0484743144061708,0.0,1.029435831164907,0.8661186668842903,0.1575795776370658,0.0,-0.0037819098644815696,0
2025-10-26 16:00:00+00:00,3.172,3.172,3.172,3.172,1.57,-0.0003152088284568,-0.031515915537339,2.2566086395873652,3.524804177545704,0.0310873134383772,0.0,0.7221704272665471,0.8442723190863063,0.0,0.0,0.01607818411097095,0
2025-10-26 17:00:00+00:00,3.169,3.172,3.169,3.172,6.81,0.0,0.0,2.2566086395873652,3.6601307189542576,0.1354628562876587,0.0,0.7221704272665471,0.8428423786532268,0.0945775535641342,0.0,0.011349306431273742,0
2025-10-26 18:00:00+00:00,3.174,3.175,3.167,3.175,128.05,0.0009453285720533,0.0945775535939441,0.665821179454662,2.917341977309551,2.3098604252215864,0.0,0.3491202969217051,0.8309126665581279,0.2519685038576479,0.0,0.008503937007874107,0
2025-10-26 19:00:00+00:00,3.175,3.176,3.175,3.176,49.46,0.0003149110402343,0.0314960629921312,-0.0943692985215349,2.9497568881685643,0.8602175472519294,0.0,0.1086162881528273,0.8307400792913441,0.0314861460858146,0.0,0.01700251889168758,0
2025-10-26 20:00:00+00:00,3.161,3.161,3.161,3.161,257.41,-0.0047341101514086,-0.4722921914357747,-0.5974842767295652,2.1654815772462976,3.8489056687834498,0.0,0.2115403449580794,0.8385577221508428,0.0,0.0,0.018981335020563206,0
2025-10-26 21:00:00+00:00,3.161,3.161,3.161,3.161,0.0,0.0,0.0,-0.3781909864481569,3.9802631578947256,0.0,0.0,0.2054804947497392,0.7410173488481016,0.0,0.0,0.019297690604239248,0
2025-10-26 22:00:00+00:00,3.184,3.23,3.181,3.223,163.45,0.0194241695998199,1.9614046187915068,1.607818411097095,4.034861200774698,2.268511022151671,0.2167182661867781,0.8465234455737287,0.7463954355291618,1.5203226802605243,0.217188954322936,-0.000310269934843288,0
2025-10-26 23:00:00+00:00,3.205,3.222,3.205,3.208,34.37,-0.0046649128290326,-0.4654049022649653,1.1349306431273742,3.5172636334301455,0.5662312344170474,0.4345127248806537,0.8958099500193013,0.7571128684302714,0.5299251868672272,0.4364089774200654,0.010598503740648413,0
2025-10-27 00:00:00+00:00,3.201,3.202,3.188,3.202,161.74,-0.0018720754297451,-0.1870324189526262,0.8503937007874107,3.357004519044549,2.406069471612733,0.0,0.9089821671969824,0.7593387866627491,0.4372267331551381,0.0,0.003435352904434863,0
2025-10-27 01:00:00+00:00,3.227,3.23,3.227,3.23,239.79,0.0087065226600422,0.8744534665833914,1.700251889168758,5.246008471814934,3.119270231995717,0.0,0.9522662033827708,0.7372147106127301,0.0928792569371926,0.0,-0.013622291021671784,0
2025-10-27 02:00:00+00:00,3.211,3.221,3.211,3.221,73.12,-0.0027902668855033,-0.2786377708978271,1.8981335020563208,5.710534952412205,0.9204189634890776,0.0,0.9243650371888652,0.7182320347339873,0.3104625891616145,0.0,-0.011176653213287757,0
2025-10-27 03:00:00+00:00,3.214,3.222,3.214,3.222,52.17,0.0003104144057209,0.0310462589258042,1.9297690604239248,5.156657963446465,0.6413424303811993,0.0,0.9223448805322996,0.7158985064706184,0.2482929856460917,0.0,-0.022346368715083775,0
2025-10-27 04:00:00+00:00,3.222,3.222,3.222,3.222,0.99,0.0,0.0,-0.0310269934843288,4.406999351911867,0.0121946838157182,0.0,0.466766562193398,0.7087750721894996,0.0,0.0,-0.022346368715083775,0
2025-10-27 05:00:00+00:00,3.207,3.242,3.207,3.242,83.73,0.0061881385587018,0.6207324643078937,1.0598503740648413,5.055087491898913,0.9888786095192542,0.0,0.4625112701839203,0.7131957896779711,1.079580505527586,0.0,-0.029302899444787256,0
2025-10-27 06:00:00+00:00,3.213,3.213,3.213,3.213,223.46,-0.0089853431797629,-0.8945095619987686,0.3435352904434863,3.879728419010675,2.398261351719617,0.0,0.6336477387870197,0.7478828827987324,0.0,0.0,-0.022097727980081028,0
2025-10-27 07:00:00+00:00,3.19,3.19,3.186,3.186,1.33,-0.0084388686458647,-0.8403361344537896,-1.3622291021671784,3.0067895247332777,0.0142656030031318,0.1253918494904728,0.5775317563263519,0.7750094777006966,0.1255492780522445,0.0,-0.01914626490897675,0
2025-10-27 08:00:00+00:00,3.187,3.187,3.185,3.185,127.81,-0.0003139224637301,-0.031387319522913,-1.1176653213287755,2.510460251046021,1.299856345570996,0.0627549419319808,0.5820380765181875,0.7723837687788961,0.0627943484889116,0.0,-0.01883830455259028,0
2025-10-27 09:00:00+00:00,3.162,3.162,3.15,3.15,149.18,-0.011049836186585,-1.098901098901106,-2.2346368715083775,0.127145581691046,1.5761780657718938,0.3795066412462031,0.6742640158241114,0.7701407527431644,0.380952380831444,0.0,0.009841269841269984,0
2025-10-27 10:00:00+00:00,3.15,3.15,3.15,3.15,0.0,0.0,0.0,-2.2346368715083775,1.547388781431347,0.0,0.0,0.6742640158241114,0.7089586574684809,0.0,0.0,0.014603174603174729,0
2025-10-27 11:00:00+00:00,3.231,3.236,3.147,3.147,90.35,-0.0009528347552719,-0.0952380952381037,-2.9302899444787256,1.4506769825918695,0.9545400520221208,2.7503090226358875,0.5052464110006913,0.7095990284897601,2.8280902437788216,0.1588814743696067,0.01843025103272966,0
2025-10-27 12:00:00+00:00,3.168,3.241,3.142,3.142,70.63,-0.0015900782488403,-0.1588814744200806,-2.209772798008103,-0.3804692454026592,0.7510301010969912,3.0546127728927512,0.4767130068333358,0.6228668946139743,3.150859324267715,2.3233609158741677,0.020050922978994246,0
2025-10-27 13:00:00+00:00,3.147,3.147,3.125,3.125,77.66,-0.0054252566450645,-0.5410566518141313,-1.9146264908976751,-1.6986473733878515,0.9187089650712508,0.6990784872262159,0.4307663814039165,0.607127990516931,0.7039999997747135,0.0,0.025600000000000067,0
2025-10-27 14:00:00+00:00,3.125,3.125,3.125,3.125,0.0,0.0,0.0,-1.883830455259028,-1.729559748427678,0.0,0.0,0.4351730107944402,0.6069302798983477,0.0,0.0,0.025600000000000067,0
2025-10-27 15:00:00+00:00,3.142,3.181,3.142,3.181,28.24,0.0177613295786421,1.7919999999999936,0.9841269841269984,0.2521273242987787,0.3353056418538146,0.0,0.8152915438543825,0.713309969314315,1.2260295500704133,0.0,-0.009430996541967995,0
2025-10-27 16:00:00+00:00,3.175,3.196,3.175,3.196,21.7,0.0047044151370212,0.4715498270984053,1.460317460317473,0.7566204287515754,0.2551127874764884,0.0,0.8190678306720933,0.7193579679209355,0.6570713389683867,0.0,-0.014080100125156592,0
2025-10-27 17:00:00+00:00,3.204,3.205,3.204,3.205,60.21,0.0028120624686051,0.281602002503134,1.843025103272966,1.040353089533408,0.6898059526856074,0.0,0.8023459208090318,0.7211121744094131,0.0312012480401833,0.0,-0.026209048361934495,0
2025-10-27 18:00:00+00:00,3.205,3.205,3.205,3.205,0.0,0.0,0.0,2.005092297899425,0.9448818897637824,0.0,0.0,0.786447914812061,0.7210773384035388,0.0,0.0,-0.026209048361934495,0
2025-10-27 19:00:00+00:00,3.205,3.205,3.205,3.205,0.0,0.0,0.0,2.5600000000000067,0.9130982367758111,0.0,0.0,0.6913891178910269,0.7211205985516542,0.0,0.0,-0.014664586583463368,0
2025-10-27 20:00:00+00:00,3.205,3.205,3.205,3.205,0.0,0.0,0.0,2.5600000000000067,1.3919645681746309,0.0,0.0,0.6913891178910269,0.712955507180752,0.0,0.0,-0.02808112324492973,0
2025-10-27 21:00:00+00:00,3.139,3.151,3.139,3.151,51.44,-0.0169922275974959,-1.6848673946957993,-0.9430996541967996,-0.3163555836760645,0.7213869589759588,0.0,0.779499894610806,0.7981997347684778,0.3808314819483242,0.0,-0.010790225325293501,0
2025-10-27 22:00:00+00:00,3.151,3.151,3.151,3.151,0.0,0.0,0.0,-1.4080100125156592,-2.2339435308718625,0.0,0.0,0.7254386905479956,0.6811864471014958,0.0,0.0,-0.010790225325293501,0
2025-10-27 23:00:00+00:00,3.133,3.133,3.121,3.121,15.31,-0.0095663994864951,-0.952078705172954,-2.6209048361934495,-2.711970074812975,0.2403359365764242,0.3830194700341467,0.724833340517055,0.6999254121556578,0.3844921498287436,0.0,-0.003844921499519427,0
2025-10-28 00:00:00+00:00,3.121,3.121,3.121,3.121,0.0,0.0,0.0,-2.6209048361934495,-2.5296689569019315,0.0,0.0,0.724833340517055,0.7001237213478656,0.0,0.0,0.013136815123357959,0
2025-10-28 01:00:00+00:00,3.15,3.158,3.15,3.158,6.75,0.0117854525448079,1.185517462351804,-1.4664586583463368,-2.2291021671826616,0.1428470654597309,0.0,0.9826232664509464,0.7213124656172997,0.2533248890901443,0.0,0.001266624445851905,0
2025-10-28 02:00:00+00:00,3.161,3.161,3.115,3.115,48.64,-0.0137097635940337,-1.3616212792906812,-2.808112324492973,-3.290903446134741,1.052054794497793,1.455235684449461,1.0694796366150003,0.7665170659582798,1.4767255211952668,0.0,0.01508828250401284,0
2025-10-28 03:00:00+00:00,3.142,3.142,3.117,3.117,10.6,0.0006418485457835,0.0642054574638839,-1.07902253252935,-3.2588454376163867,0.2381955562992456,0.7956715465322468,0.8934944623238468,0.7668673168761403,0.8020532560789021,0.0,0.014436958614052031,0
2025-10-28 04:00:00+00:00,3.117,3.117,3.117,3.117,0.0,0.0,0.0,-1.07902253252935,-3.2588454376163867,0.0,0.0,0.8934944623238468,0.7668673168761403,0.0,0.0,0.005453962143086244,0
2025-10-28 05:00:00+00:00,3.115,3.115,3.109,3.109,12.04,-0.0025698697085832,-0.256657042027586,-0.3844921499519427,-4.1024059222702025,0.2903099412197042,0.1926163723298254,0.8141219795416238,0.7499366625278493,0.1929880990051574,0.0,0.010935992280475926,0
2025-10-28 06:00:00+00:00,3.109,3.162,3.109,3.162,1.97,0.0169036077106635,1.7047282084271531,1.313681512335796,-1.5873015873015928,0.0610963223303099,0.0,1.0873944678089915,0.8238227353201945,1.6761543321707273,0.0,-0.006008855154965298,0
2025-10-28 07:00:00+00:00,3.162,3.162,3.162,3.162,0.0,0.0,0.0,0.1266624445851905,-0.7532956685499026,0.0,0.0,0.9802435615941234,0.8070459439850476,0.0,0.0,0.006325110689437086,0
2025-10-28 08:00:00+00:00,3.162,3.162,3.162,3.162,0.0,0.0,0.0,1.508828250401284,-0.7221350078493005,0.0,0.0,0.7146609286023469,0.8070715754970753,0.0,0.0,-0.02024035420619863,0
2025-10-28 09:00:00+00:00,3.162,3.162,3.162,3.162,0.0,0.0,0.0,1.4436958614052031,0.3809523809523707,0.0,0.0,0.718461564413444,0.7739300519387196,0.0,0.0,-0.02024035420619863,0
2025-10-28 10:00:00+00:00,3.134,3.134,3.134,3.134,6.68,-0.0088945948534512,-0.8855154965211942,0.5453962143086244,-0.5079365079365128,0.3192226514124062,0.0,0.8561767206952651,0.7957117384981547,0.0,0.0,-0.01148691767708998,0
2025-10-28 11:00:00+00:00,3.138,3.171,3.138,3.143,29.99,0.0028676138816013,0.2871729419272384,1.0935992280475926,-0.1271051795360689,1.6289322408928295,0.8830022072270578,0.8406570593859799,0.7979838427767774,1.0499522745625325,0.8908685965985155,0.00222717149220486,0
2025-10-28 12:00:00+00:00,3.143,3.143,3.143,3.143,0.0,0.0,0.0,-0.6008855154965298,0.0318268618714201,0.0,0.0,0.4031946024154511,0.7973119851259425,0.0,0.0,0.00031816735602929747,0
2025-10-28 13:00:00+00:00,3.175,3.182,3.175,3.182,642.45,0.0123321721001647,1.2408526885141713,0.6325110689437086,1.8240000000000032,16.472724941352382,0.0,0.6823394900316122,0.8265076589074191,0.2199874292206236,0.0,-0.03362664990571962,0
2025-10-28 14:00:00+00:00,3.135,3.135,3.098,3.098,15.53,-0.0267531879209182,-2.6398491514770583,-2.024035420619863,-0.8640000000000092,0.3916977562824857,1.180223285109974,1.330763538336277,0.9994288755193506,1.1943189150437938,0.0,-0.020658489347966436,0
2025-10-28 15:00:00+00:00,3.098,3.098,3.098,3.098,0.0,0.0,0.0,-2.024035420619863,-2.6092423766111317,0.0,0.0,1.330763538336277,0.9221715060085396,0.0,0.0,-0.02291801162040019,0
2025-10-28 16:00:00+00:00,3.098,3.098,3.098,3.098,0.0,0.0,0.0,-1.148691767708998,-3.066332916145187,0.0,0.0,1.3067454936745624,0.9142595099254726,0.0,0.0,-0.01839896707553257,0
2025-10-28 17:00:00+00:00,3.171,3.171,3.15,3.15,20.47,0.0166457108428647,1.6785022595222632,0.222717149220486,-1.716068642745716,0.5700163597599633,0.6622516554202899,1.5126601363915588,0.982366794885834,0.6666666664550235,0.0,-0.03142857142857136,0
2025-10-28 18:00:00+00:00,3.156,3.161,3.138,3.144,81.08,-0.0019065782705815,-0.1904761904761853,0.0318167356029297,-1.9032761310452395,2.063651307015719,0.5378044920791477,1.5155945344505692,0.9825290778755134,0.7315521626171949,0.1590330788298206,-0.0298982188295166,0
2025-10-28 19:00:00+00:00,3.127,3.134,3.067,3.075,593.93,-0.0221909733084789,-2.194656488549618,-3.362664990571962,-4.056162246489858,9.274842537984355,1.8825781742557095,1.6086576761822469,1.074754014814722,2.178861787909304,0.227642276348738,-0.007479674796748048,0
2025-10-28 20:00:00+00:00,3.048,3.048,3.002,3.034,49.25,-0.0134230203321407,-1.333333333333342,-2.0658489347966436,-5.335413416536672,0.7452100395189012,0.4593175851511502,1.327181120980658,1.1000145968793724,1.5161502961383904,0.0,0.0019775873434411118,0
2025-10-28 21:00:00+00:00,3.001,3.049,3.0,3.027,30.66,-0.0023098508867588,-0.2307185234014408,-2.291801162040019,-3.9352586480482232,0.4700801737558489,0.7215480483038477,1.3183917736594084,1.0545507556178066,1.6187644527192693,0.7267922032617071,0.0029732408325073845,0
2025-10-28 22:00:00+00:00,3.02,3.041,3.02,3.041,6.88,0.0046143786556459,0.4625041295011511,-1.8398967075532568,-3.4909552523008536,0.1050228020057367,0.0,1.3582953947764316,1.0619140211278315,0.6905623148008643,0.0,0.0042749095692207195,0
2025-10-28 23:00:00+00:00,3.051,3.051,3.051,3.051,1.31,0.0032829970393049,0.3288391976323579,-3.142857142857136,-2.242870874719638,0.0201767389920074,0.0,1.0427890807121003,1.0517175239860403,0.0,0.0,0.0068829891838742,0
2025-10-29 00:00:00+00:00,3.047,3.05,3.047,3.05,114.03,-0.0003278151152124,-0.0327761389708358,-2.98982188295166,-2.274911887215647,1.6365397724999242,0.0,1.055051132434451,1.051610716807467,0.0983606557054447,0.0,0.00721311475409836,0
2025-10-29 01:00:00+00:00,3.041,3.052,3.041,3.052,13.78,0.0006555228028903,0.0655737704918113,-0.7479674796748048,-3.3565547815072816,0.1969403736074611,0.0,0.6461054698571685,1.016935656609627,0.3604193969985559,0.0,-0.011140235910878205,0
2025-10-29 02:00:00+00:00,3.04,3.04,3.04,3.04,9.99,-0.0039395980040802,-0.3931847968545177,0.1977587343441111,-2.4077046548956704,0.1461380924495884,0.0,0.3250017059788488,0.9846532743336152,0.0,0.0,-0.007236842105263208,0
2025-10-29 03:00:00+00:00,3.051,3.051,3.036,3.036,46.07,-0.0013166558847467,-0.1315789473684159,0.2973240832507384,-2.5986525505293567,0.6596703080252299,0.4916420844013012,0.3111037015466251,0.9840313908839956,0.4940711460823258,0.0,0.0019762845849802257,0
2025-10-29 04:00:00+00:00,3.054,3.054,3.054,3.054,3.28,0.0059113472630571,0.5928853754940677,0.4274909569220719,-2.02117420596728,0.0468741626417181,0.0,0.3477943218779474,0.9942420023024632,0.0,0.0,-0.003929273084479323,0
2025-10-29 05:00:00+00:00,3.07,3.072,3.07,3.072,336.39,0.0058766084889851,0.5893909626719207,0.68829891838742,-1.1900932775812167,4.0291454978706325,0.0,0.3985669963261778,1.0028046278604648,0.0651041666454811,0.0,0.01106770833333326,0
2025-10-29 06:00:00+00:00,3.072,3.072,3.072,3.072,0.0,0.0,0.0,0.721311475409836,-2.8462998102466774,0.0,0.0,0.396365772222515,0.9321357704140782,0.0,0.0,0.01139322916666674,0
2025-10-29 07:00:00+00:00,3.018,3.018,3.018,3.018,24.78,-0.0177344549397686,-1.757812500000011,-1.1140235910878205,-4.554079696394686,0.2934642619194971,0.0,0.8721542465391798,0.990640699971294,0.0,0.0,0.03313452617627566,0
2025-10-29 08:00:00+00:00,3.018,3.018,3.018,3.018,0.0,0.0,0.0,-0.7236842105263208,-4.554079696394686,0.0,0.0,0.8682520274578283,0.990640699971294,0.0,0.0,0.03313452617627566,0
2025-10-29 09:00:00+00:00,3.042,3.042,3.042,3.042,15.27,0.007920833491444,0.7952286282306265,0.1976284584980225,-3.79506641366224,0.1794869283265382,0.0,0.9445415639522172,1.0103895572660897,0.0,0.0,0.021696252465483346,0
2025-10-29 10:00:00+00:00,3.042,3.042,3.042,3.042,0.0,0.0,0.0,-0.3929273084479323,-2.935545628589664,0.0,0.0,0.9046564843839922,0.9987616951201044,0.0,0.0,0.021696252465483346,0
2025-10-29 11:00:00+00:00,3.084,3.106,3.084,3.106,217.95,0.0208205308893941,2.103879026955946,1.106770833333326,-1.1772192173083007,2.352930592390594,0.0,1.2574203692364954,1.093602875983885,0.7083065033134814,0.0,0.012234385061171915,0
2025-10-29 12:00:00+00:00,3.107,3.107,3.107,3.107,5.53,0.000321905684415,0.0321957501609793,1.139322916666674,-1.14540248170536,0.0595522809971016,0.0,1.2565494681636404,1.0936857607687505,0.0,0.0,0.008690054715159157,0
2025-10-29 13:00:00+00:00,3.107,3.118,3.107,3.118,164.59,0.0035341402246743,0.3540392661731451,3.313452617627566,-2.0113136392206132,2.256241539406004,0.0,0.8145297463498714,1.0631941007463852,0.3527902500472025,0.0,0.012828736369467686,0
2025-10-29 14:00:00+00:00,3.098,3.118,3.098,3.118,127.87,0.0,0.0,3.313452617627566,0.6455777921239525,1.6471813258264234,0.0,0.8145297463498714,0.9088025056112232,0.6414368182676603,0.0,0.018922386144964776,0
2025-10-29 15:00:00+00:00,3.108,3.108,3.108,3.108,32.03,-0.0032123381301837,-0.3207184092366866,2.1696252465483346,0.3227888960619873,0.4056270249112282,0.0,0.8713458588963024,0.9115758843525968,0.0,0.0,0.01866151866151866,0
2025-10-29 16:00:00+00:00,3.108,3.108,3.108,3.108,0.0,0.0,0.0,2.1696252465483346,0.3227888960619873,0.0,0.0,0.8713458588963024,0.9115758843525968,0.0,0.0,0.005791505791505669,0
2025-10-29 17:00:00+00:00,3.134,3.155,3.102,3.144,27.1,0.011516442061559,1.158301158301156,1.2234385061171915,-0.1904761904761853,0.3419971920851586,0.3486529317436814,0.5116570147929737,0.8765203911247311,1.6857506355961331,0.3498727734256027,-0.021310432569974558,0
2025-10-29 18:00:00+00:00,3.166,3.192,3.034,3.134,335.62,-0.003185730633131,-0.3180661577608212,0.8690054715159157,-0.3180661577608212,3.735492577556264,1.81704260594705,0.5533695253089941,0.8780672500590192,5.041480534447529,0.82961072085846,-0.01659221442246328,0
2025-10-29 19:00:00+00:00,3.147,3.166,3.146,3.158,97.55,0.0076287718996213,0.7657945118060061,1.2828736369467686,2.6991869918699063,1.4104209213437615,0.2526847756624497,0.6069810144212835,0.7546751216931967,0.6333122227253608,0.2533248890901443,-0.024065864471184306,0
2025-10-29 20:00:00+00:00,3.165,3.177,3.151,3.177,32.34,0.0059984394539288,0.601646611779616,1.8922386144964776,4.713249835201072,0.4723983883267778,0.0,0.6143447125884746,0.6937330988717411,0.8183821212406807,0.0,-0.024866225999370495,0
2025-10-29 21:00:00+00:00,3.171,3.171,3.166,3.166,39.69,-0.0034683938285587,-0.3462385898646558,1.866151866151866,4.592005285761469,0.5765927181296945,0.1576789655762568,0.6196924983674331,0.6971980457420032,0.1579279847890276,0.0,-0.017687934301958363,0
2025-10-29 22:00:00+00:00,3.131,3.131,3.126,3.126,42.39,-0.0127147294595355,-1.2634238787113117,0.5791505791505669,2.795133179875031,0.6028585650202253,0.1596933886427007,0.9001031090377895,0.7548943254679539,0.1599488163275881,0.0,-0.03390914907229681,0
2025-10-29 23:00:00+00:00,3.129,3.129,3.077,3.077,53.83,-0.01579913565938,-1.5674984005118353,-2.131043256997456,0.8521796132415549,0.7424486230415734,1.661872802281282,0.9490004394490312,0.828353758555344,1.6899577505070027,0.0,-0.006174845628859282,0
2025-10-30 00:00:00+00:00,3.083,3.083,3.082,3.082,53.0,0.0016236405580192,0.1624959376015589,-1.659221442246328,1.0491803278688483,0.7575712456340301,0.0324359390099245,0.9731040748412716,0.8286135620805088,0.0324464633249795,0.0,-0.0038935756002596023,0
2025-10-30 01:00:00+00:00,3.082,3.082,3.082,3.082,14.22,0.0,0.0,-2.4065864471184306,0.9829619921362998,0.2032045442337395,0.0,0.8520812404283256,0.8286457089788118,0.0,0.0,-0.0038935756002596023,0
2025-10-30 02:00:00+00:00,3.098,3.098,3.098,3.098,10.0,0.0051780050967528,0.5191434133679396,-2.4866225999370495,1.907894736842097,0.1428996725195417,0.0,0.8331596722199885,0.8287494458070106,0.0,0.0,-0.004519044544867623,0
2025-10-30 03:00:00+00:00,3.11,3.11,3.11,3.11,6.41,0.0038659841964659,0.3873466752743804,-1.7687934301958363,2.43741765480896,0.0938140306357623,0.0,0.8973176247670076,0.8297798952336698,0.0,0.0,-0.008360128617363238,0
2025-10-30 04:00:00+00:00,3.065,3.065,2.984,3.02,1776.51,-0.0293658948043644,-2.893890675241151,-3.3909149072296807,-1.113294040602486,12.492049679526115,1.468189232799936,1.384208897764707,1.0278688725206968,2.682119204409893,0.0,0.02119205298013238,0
2025-10-30 05:00:00+00:00,3.018,3.058,3.018,3.058,328.24,0.0125042761200923,1.2582781456953684,-0.6174845628859282,-0.455729166666674,2.3136402617225875,0.0,1.453762173526909,1.0542169106312236,1.3080444730843557,0.0,-0.0186396337475474,0
2025-10-30 06:00:00+00:00,3.058,3.07,3.026,3.07,25.3,0.0039164540922351,0.3924133420536213,-0.3893575600259602,-0.065104166666674,0.1770148853413926,0.0,1.4651091113468118,1.0575502557012344,1.4332247552334787,0.0,-0.04625407166123774,0
2025-10-30 07:00:00+00:00,3.07,3.07,3.07,3.07,1.62,0.0,0.0,-0.3893575600259602,1.7229953611663351,0.0114115982693953,0.0,1.4651091113468118,0.9881242234554464,0.0,0.0,-0.05700325732899014,0
2025-10-30 08:00:00+00:00,3.083,3.084,3.083,3.084,16.12,0.0045498941019773,0.4560260586319309,-0.4519044544867623,2.1868787276342116,0.113017720364482,0.0,1.4603284626161297,0.9910595008809976,0.0324254215199622,0.0,-0.06420233463035019,0
2025-10-30 09:00:00+00:00,3.084,3.084,3.084,3.084,0.0,0.0,0.0,-0.8360128617363238,1.3806706114398493,0.0,0.0,1.44430335237725,0.9797921565410108,0.0,0.0,-0.07328145265888453,0
2025-10-30 10:00:00+00:00,3.084,3.084,3.084,3.084,0.0,0.0,0.0,2.119205298013238,1.3806706114398493,0.0,0.0,0.4880626112730634,0.9797921565410108,0.0,0.0,-0.05966277561608302,0
2025-10-30 11:00:00+00:00,3.006,3.006,3.001,3.001,33.57,-0.027281889242853,-2.691309987029833,-1.86396337475474,-3.380553766902772,0.2499371806665368,0.1663339986139904,1.2011140929677775,1.0378376515709336,0.1666111295679367,0.0,-0.06497834055314888,0
2025-10-30 12:00:00+00:00,2.992,2.992,2.915,2.928,420.44,-0.0246259703591649,-2.432522492502498,-4.6254071661237735,-5.761184422272292,2.773320434013874,2.139037432440163,1.4125475452140572,1.1394603795519482,2.6297814198668763,0.0,-0.04132513661202186,0
2025-10-30 13:00:00+00:00,2.935,2.935,2.865,2.895,286.97,-0.0113344850741065,-1.127049180327866,-5.700325732899014,-7.152020525978187,1.8313240197499612,1.362862009757118,1.3607189467025602,1.1457856403969255,2.417962002619006,0.0,-0.02901554404145079,0
2025-10-30 14:00:00+00:00,2.88,2.886,2.88,2.886,122.74,-0.0031136506732793,-0.3108808290155362,-6.420233463035019,-7.440667094291209,0.784345885837536,0.0,1.2288630919662566,1.143893672713547,0.2079002078281782,0.0,-0.025987525987526072,0
2025-10-30 15:00:00+00:00,2.883,2.883,2.858,2.858,1226.98,-0.0097493808440035,-0.970200970200974,-7.328145265888453,-8.043758043758043,5.948224875946796,0.8671522716381681,1.1123107915070611,1.1516271186565856,0.8747375784203126,0.0,-0.002799160251924393,0
2025-10-30 16:00:00+00:00,2.858,2.9,2.85,2.9,773.84,0.0145886574847526,1.469559132260323,-5.966277561608302,-6.692406692406694,3.244340097252875,0.0,1.5271325044904784,1.207993626817048,1.7241379304399462,0.0,-0.01724137931034475,0
2025-10-30 17:00:00+00:00,2.859,2.859,2.806,2.806,1309.04,-0.0329507553121591,-3.2413793103448274,-6.497834055314888,-10.750636132315528,4.484024651661246,1.8537950325799928,1.6648833500110631,1.313860018702597,1.888809692840764,0.0,0.02280826799714908,0
2025-10-30 18:00:00+00:00,2.839,2.839,2.807,2.807,502.86,0.0003563156994762,0.0356379187455457,-4.132513661202186,-10.433950223356735,1.6823546139571188,1.1271574494092444,1.5716684717288976,1.3176645269774654,1.1400071246384025,0.0,0.02778767367296031,0
2025-10-30 19:00:00+00:00,2.806,2.841,2.797,2.811,842.21,0.0014239945446494,0.1425008906305702,-2.901554404145079,-10.987967067764403,2.5526929954761535,1.0559662087096298,1.5880690221581926,1.2985945010690012,1.565279259492965,1.067235858745211,0.036286019210245435,0
2025-10-30 20:00:00+00:00,2.811,2.811,2.811,2.811,17.78,0.0,0.0,-2.5987525987526072,-11.520302171860251,0.0539894936079415,0.0,1.6001445429963568,1.2824797632656844,0.0,0.0,0.031661330487370964,0
2025-10-30 21:00:00+00:00,2.842,2.85,2.842,2.85,9.11,0.0137787023561644,1.3874066168623411,-0.2799160251924393,-9.981048641819324,0.0277702275318655,0.0,1.7258499442370112,1.339091153334622,0.2807017542874733,0.0,0.020701754385964888,0
2025-10-30 22:00:00+00:00,2.84,2.85,2.834,2.85,480.45,0.0,0.0,-1.724137931034475,-8.829174664107475,1.3873742064922563,0.0,1.5667466397026604,1.329807470775315,0.5614035085749467,0.0,0.027368421052631486,0
2025-10-30 23:00:00+00:00,2.851,2.87,2.851,2.87,14.73,0.0069930354909706,0.7017543859649145,2.280826799714908,-6.727331816704574,0.0427362206150977,0.0,0.5588275103348598,1.3221365396909497,0.66202090569268,0.0,0.0202090592334494,0
2025-10-31 00:00:00+00:00,2.876,2.885,2.875,2.885,279.26,0.0052128701885329,0.522648083623678,2.778767367296031,-6.391953277092799,0.7886472747789082,0.0,0.5343252021552477,1.329487481249816,0.3466204504864326,0.0,0.008665511265164794,0
2025-10-31 01:00:00+00:00,2.909,2.913,2.909,2.913,45.99,0.0096585780172347,0.9705372616984452,3.628601921024543,-5.483452303698899,0.129394842071951,0.0,0.543098291131415,1.352598409152612,0.1373154822734929,0.0,-0.0106419498798489,0
2025-10-31 02:00:00+00:00,2.9,2.9,2.9,2.9,8.15,-0.0044727409848691,-0.4462753175420442,3.1661330487370964,-6.39122014202711,0.0229353495177771,0.0,0.6592267690910057,1.3435611225587487,0.0,0.0,-0.006206896551724017,0
2025-10-31 03:00:00+00:00,2.909,2.909,2.909,2.909,6.86,0.0030986425206362,0.3103448275862064,2.070175438596489,-6.463022508038585,0.0193040731546913,0.0,0.5079285511194349,1.3420082005650351,0.0,0.0,-0.003093846682708845,0
2025-10-31 04:00:00+00:00,2.914,2.928,2.914,2.928,213.04,0.0065102165860005,0.6531454107940871,2.7368421052631486,-3.0463576158940464,0.7340617058823571,0.0,0.4895900147135528,1.2280093910170515,0.4781420763394252,0.0,-0.0095628415300546,0
2025-10-31 05:00:00+00:00,2.928,2.928,2.928,2.928,0.0,0.0,0.0,2.02090592334494,-4.251144538914319,0.0,0.0,0.5014677335796682,1.1929698316343558,0.0,0.0,-0.015710382513661192,0
2025-10-31 06:00:00+00:00,2.912,2.912,2.91,2.91,3.77,-0.0061665149156639,-0.6147540983606481,0.8665511265164794,-5.2117263843648125,0.0136769087283515,0.0686813186577255,0.6178937897428125,1.1896760109896585,0.0687285223131441,0.0,-0.0085910652920963,0
2025-10-31 07:00:00+00:00,2.888,2.888,2.882,2.882,1.96,-0.0096685836060707,-0.9621993127147732,-1.06419498798489,-6.123778501628651,0.0071101759858989,0.2077562326150353,0.607320841518311,1.19813581266138,0.2081887577348332,0.0,0.00485773768216502,0
2025-10-31 08:00:00+00:00,2.882,2.882,2.882,2.882,0.0,0.0,0.0,-0.6206896551724017,-6.549935149156938,0.0,0.0,0.5950309421830987,1.189847164593814,0.0,0.0,0.012838306731436377,0
2025-10-31 09:00:00+00:00,2.896,2.9,2.896,2.9,193.48,0.0062262394150978,0.6245662734212232,-0.3093846682708845,-5.966277561608302,0.6835511236898493,0.0,0.6497016671647282,1.2029841326631547,0.1379310344351963,0.0,0.0065517241379311475,0
2025-10-31 10:00:00+00:00,2.9,2.9,2.9,2.9,0.0,0.0,0.0,-0.95628415300546,-5.966277561608302,0.0,0.0,0.5565700498318736,1.2029841326631547,0.0,0.0,-0.01758620689655166,0
2025-10-31 11:00:00+00:00,2.882,2.882,2.882,2.882,160.26,-0.0062262394150978,-0.6206896551724017,-1.5710382513661192,-3.9653448850383137,0.5558214545813622,0.0,0.5783559552076409,1.085962705522899,0.0,0.0,-0.017349063150589927,0
2025-10-31 12:00:00+00:00,2.922,2.929,2.885,2.885,364.6,0.0010404023827324,0.1040943789035298,-0.85910652920963,-1.4685792349726778,1.2748103168916165,1.5022191869231083,0.5651344536833812,0.9704684682535016,1.5251299821403377,0.2426343153404967,0.001386481802426287,0
2025-10-31 13:00:00+00:00,2.895,2.896,2.895,2.896,3.9,0.003805574563407,0.3812824956672456,0.485773768216502,0.034542314335062,0.0142227408862254,0.0,0.4223340714571468,0.9466847904208366,0.0345303867284042,0.0,0.0006906077348067807,0
2025-10-31 14:00:00+00:00,2.919,2.919,2.919,2.919,8.54,0.0079106173485078,0.7941988950276313,1.2838306731436375,1.1434511434511352,0.0316941428616643,0.0,0.5070562754146307,0.957530710219686,0.0,0.0,-0.013703323055841099,0
2025-10-31 15:00:00+00:00,2.919,2.919,2.919,2.919,0.0,0.0,0.0,0.6551724137931147,2.134359692092369,0.0,0.0,0.4686174768873292,0.9326310468728596,0.0,0.0,-0.013703323055841099,0
2025-10-31 16:00:00+00:00,2.892,2.892,2.849,2.849,354.69,-0.0242730363562064,-2.3980815347721784,-1.758620689655166,-1.758620689655166,1.7658421633374588,1.4868603037735513,1.1433476536763745,1.01774686942609,1.5093015087717334,0.0,0.01053001053001057,0
2025-10-31 17:00:00+00:00,2.845,2.845,2.832,2.832,141.75,-0.005984879684298,-0.5967005967006056,-1.7349063150589927,0.926585887384168,0.9311899359164096,0.4569420033543382,1.142009109730206,0.7638571476204359,0.4590395478605208,0.0,0.027895480225988756,0
2025-10-31 18:00:00+00:00,2.889,2.889,2.889,2.889,6.91,0.0199272456526247,2.0127118644067687,0.1386481802426287,2.9212682579266014,0.0525235633927293,0.0,1.4824537211631166,0.8617387723138975,0.0,0.0,-0.0003461405330563716,0
2025-10-31 19:00:00+00:00,2.903,2.903,2.898,2.898,3.45,0.0031104224143925,0.3115264797507899,0.069060773480678,3.09498399146213,0.0357099729152547,0.1722356182665358,1.4793697019587475,0.8626166969134109,0.1725327811688946,0.0,-0.0034506556245686992,0
2025-10-31 20:00:00+00:00,2.903,2.903,2.879,2.879,10.32,-0.0065778322684519,-0.6556245686680562,-1.37033230558411,2.4190679473496957,0.1071641816864807,0.8267309676793906,1.4445107360666871,0.8771546011623363,0.8336227853999234,0.0,0.009378256339006574,0
2025-10-31 21:00:00+00:00,2.879,2.879,2.879,2.879,0.0,0.0,0.0,-1.37033230558411,1.017543859649117,0.0,0.0,1.4445107360666871,0.8338759648097249,0.0,0.0,0.009378256339006574,0
2025-10-31 22:00:00+00:00,2.879,2.879,2.879,2.879,0.0,0.0,0.0,1.053001053001057,1.017543859649117,0.0,0.0,0.9670253958927532,0.8338759648097249,0.0,0.0,0.009030913511635985,0
2025-10-31 23:00:00+00:00,2.88,2.911,2.872,2.911,43.29,0.0110536531334474,1.1114970475859742,2.7895480225988756,1.4285714285714235,0.5615332230688909,0.0,0.9445164120407034,0.85171715291855,1.3397457913638848,0.0,-0.0020611473720372198,0
2025-11-01 00:00:00+00:00,2.862,2.898,2.862,2.888,70.72,-0.0079324437329064,-0.7901064926142287,-0.0346140533056371,0.1039861351819881,1.0338677452214726,0.3450655623378045,0.6899703476611063,0.862896785713874,1.2465373956902583,0.3462603876917461,0.005886426592797811,0
2025-11-01 01:00:00+00:00,2.888,2.888,2.888,2.888,0.0,0.0,0.0,-0.3450655624568699,-0.8582217645039414,0.0,0.0,0.6728795061728073,0.8382747240949447,0.0,0.0,0.005886426592797811,0
2025-11-01 02:00:00+00:00,2.877,2.906,2.877,2.906,58.53,0.0062133441175114,0.6232686980609525,0.9378256339006574,0.206896551724145,0.8533780458786802,0.0,0.6468233783591987,0.8438365042003416,0.9979353059195114,0.0,0.002752924982794225,0
2025-11-01 03:00:00+00:00,2.906,2.906,2.906,2.906,6.85,0.0,0.0,0.9378256339006574,-0.1031282227569541,0.0998748526770609,0.0,0.6468233783591987,0.8413938101530639,0.0,0.0,0.0010323468685478066,0
2025-11-01 04:00:00+00:00,2.899,2.905,2.899,2.905,26.01,-0.0003441748442167,-0.0344115622849416,0.9030913511635984,-0.7855191256830651,0.4278458976098722,0.0,0.6486291099950203,0.8297350817686001,0.2065404474331972,0.0,0.008605851979346157,0
2025-11-01 05:00:00+00:00,2.905,2.905,2.905,2.905,0.0,0.0,0.0,-0.2061147372037219,-0.7855191256830651,0.0,0.0,0.4493066839159501,0.8297350817686001,0.0,0.0,0.016179001721170483,0
2025-11-01 06:00:00+00:00,2.89,2.905,2.89,2.905,55.39,0.0,0.0,0.5886426592797811,-0.1718213058419349,0.8799920563855826,0.0,0.2568381206891338,0.820366015463204,0.5163511185830006,0.0,0.016179001721170483,0
2025-11-01 07:00:00+00:00,2.905,2.905,2.905,2.905,253.41,0.0,0.0,0.5886426592797811,0.7980569049271136,3.4514726746025564,0.0,0.2568381206891338,0.7945219858739836,0.0,0.0,0.012736660929432153,0
2025-11-01 08:00:00+00:00,2.914,2.914,2.914,2.914,6.01,0.0030933174691386,0.3098106712564608,0.2752924982794225,1.1103400416377474,0.0815786348123375,0.0,0.1298263334322509,0.7964679668902189,0.0,0.0,0.005833905284831742,0
2025-11-01 09:00:00+00:00,2.923,2.93,2.908,2.909,188.15,-0.0017173282599486,-0.1715854495538904,0.1032346868547806,0.3103448275862064,2.5616355982814194,0.7167235492434509,0.1578533844640789,0.7879236163237882,0.7562736332910796,0.2406325196835267,0.007562736335510634,0
2025-11-01 10:00:00+00:00,2.924,2.93,2.924,2.93,335.23,0.0071930435159115,0.7218975592987453,0.8605851979346157,1.0344827586207028,3.8348339616627016,0.0,0.3225512384054284,0.800983361808967,0.2047781569267046,0.0,0.009897610921501654,0
2025-11-01 11:00:00+00:00,2.925,2.952,2.925,2.952,3.1,0.0074804837092499,0.7508532423208036,1.6179001721170485,2.4288688410825765,0.0383337197614859,0.0,0.3931518228386635,0.8003339085210707,0.9146341460316324,0.0,0.004065040650406582,0
2025-11-01 12:00:00+00:00,2.952,2.952,2.952,2.952,0.0,0.0,0.0,1.6179001721170485,2.3223570190641363,0.0,0.0,0.3931518228386635,0.8005927608234308,0.0,0.0,-0.002371273712737154,0
2025-11-01 13:00:00+00:00,2.942,2.942,2.942,2.942,57.81,-0.0033932845589801,-0.3387533875338633,1.273666092943215,1.5883977900552626,0.8511066398265038,0.0,0.4583296195558844,0.8029368528315995,0.0,0.0,0.00305914343983682,0
2025-11-01 14:00:00+00:00,2.912,2.931,2.912,2.931,326.0,-0.0037459604504904,-0.373895309313399,0.5833905284831742,0.4110996916752318,4.017210749480693,0.0,0.510986957706108,0.7923351457480668,0.6482429202837836,0.0,0.008188331627430934,0
2025-11-01 15:00:00+00:00,2.931,2.931,2.931,2.931,0.0,0.0,0.0,0.7562736335510634,0.4110996916752318,0.0,0.0,0.4975604685329784,0.7923351457480668,0.0,0.0,0.008188331627430934,0
2025-11-01 16:00:00+00:00,2.958,2.959,2.958,2.959,32.22,0.0095077116893172,0.9553053565336088,0.9897610921501654,3.8610038610038537,0.4758206934674217,0.0,0.5580929084992203,0.6206757549107452,0.0337952010700215,0.0,0.0016897600540721758,0
2025-11-01 17:00:00+00:00,2.959,2.964,2.959,2.964,49.91,0.0016883340157677,0.1689760054072175,0.4065040650406581,4.661016949152552,0.7812118879947635,0.0,0.4817690618200706,0.5994210366172015,0.1686909581077255,0.0,0.001686909581646301,0
2025-11-01 18:00:00+00:00,2.945,2.945,2.945,2.945,7.22,-0.0064308903302905,-0.6410256410256499,-0.2371273712737154,1.9383869851159696,0.1129875718869656,0.0,0.5642882595839293,0.4853423394570946,0.0,0.0,0.00679117147707986,0
2025-11-01 19:00:00+00:00,2.952,2.952,2.951,2.951,16.89,0.0020352788572523,0.2037351443124002,0.305914343983682,1.8288474810213895,0.2620195726046253,0.0338753387419084,0.5499509344161021,0.4836101031754371,0.0338868180163002,0.0,0.004066418163334529,0
2025-11-01 20:00:00+00:00,2.955,2.955,2.955,2.955,2.61,0.0013545548972592,0.1355472721111583,0.8188331627430934,2.6398054880166777,0.0406925000805686,0.0,0.5089137611347153,0.457728887249156,0.0,0.0,0.002707275803722542,0
2025-11-01 21:00:00+00:00,2.955,2.955,2.955,2.955,0.0,0.0,0.0,0.8188331627430934,2.6398054880166777,0.0,0.0,0.5089137611347153,0.457728887249156,0.0,0.0,0.003045685279187804,0
2025-11-01 22:00:00+00:00,2.964,2.964,2.964,2.964,0.67,0.0030410565757789,0.3045685279187804,0.1689760054072175,2.95241403265023,0.0104414228385017,0.0,0.3433859276608956,0.4588008108789131,0.0,0.0,0.004385964912280604,0
2025-11-01 23:00:00+00:00,2.956,2.969,2.956,2.969,16.09,0.0016854883477821,0.1686909581646301,0.1686909581646301,1.992442459635857,0.2552583916089646,0.0,0.3433626275796271,0.4085296516803392,0.4378578644533958,0.0,0.010104412260020235,0
2025-11-02 00:00:00+00:00,2.965,2.965,2.965,2.965,1.69,-0.0013481633319339,-0.1347254968002698,0.679117147707986,2.6662049861495785,0.0280927281663716,0.0,0.156517280867045,0.3672012618551385,0.0,0.0,0.009443507588532851,0
2025-11-02 01:00:00+00:00,2.946,2.963,2.945,2.963,97.34,-0.0006747638582605,-0.0674536256323743,0.4066418163334528,2.596952908587258,1.5158747152826944,0.0,0.1640229952655069,0.3683337784771676,0.6074924061399025,0.0,0.014512318596017426,0
2025-11-02 02:00:00+00:00,2.963,2.963,2.963,2.963,0.0,0.0,0.0,0.2707275803722542,1.9614590502408769,0.0,0.0,0.1621325911728403,0.352075274256478,0.0,0.0,0.010124873439081972,0
2025-11-02 03:00:00+00:00,2.962,2.964,2.962,2.964,57.21,0.0003374388424122,0.033749578130271,0.3045685279187804,1.9958706125257963,0.8956789479037311,0.0,0.1608370240818904,0.3518052802084714,0.0674763832430842,0.0,0.009109311740890691,0
2025-11-02 04:00:00+00:00,2.97,2.982,2.97,2.977,107.41,0.0043763745997987,0.4385964912280604,0.4385964912280604,2.478485370051642,1.5968185534587551,0.1676727028277535,0.2058549591742806,0.3581326559494739,0.403090359286836,0.1679543163695261,0.004702720859926179,0
2025-11-02 05:00:00+00:00,2.987,2.999,2.987,2.999,3965.28,0.0073628177332328,0.7389989922741202,1.0104412260020237,3.235800344234097,17.0560681333546,0.0,0.3432325584199296,0.3798891075737144,0.4001333776591756,0.0,-0.0036678892964321363,0
2025-11-02 06:00:00+00:00,2.985,3.0,2.985,2.993,138.76,-0.0020026708963102,-0.2000666888963054,0.9443507588532852,3.0292598967297746,0.5880688891571596,0.2333333332555594,0.3555824874012949,0.3850942515026384,0.5011693950881534,0.2338790510411402,-0.0016705646508519134,0
2025-11-02 07:00:00+00:00,3.0,3.006,3.0,3.006,75.71,0.0043340624602208,0.4343468092215197,1.4512318596017426,3.476764199655769,0.3312556628507869,0.0,0.3512089772049104,0.3891503971390803,0.1996007983367856,0.0,-0.0059880239520957446,0
2025-11-02 08:00:00+00:00,3.002,3.002,2.993,2.993,11.66,-0.0043340624602208,-0.4324683965402531,1.0124873439081972,2.7110501029512513,0.0509637658986364,0.2998001331446334,0.4430403536980686,0.4045276959642303,0.3007016370528861,0.0,-0.027731373204142873,0
2025-11-02 09:00:00+00:00,3.003,3.013,2.991,2.991,125.14,-0.0006684492227508,-0.0668225860340765,0.9109311740890692,2.818838088690278,0.5533138661901309,0.730169266269436,0.4509644344397439,0.4018932341782074,0.7355399529469875,0.3343363422486266,-0.027081243731193583,0
2025-11-02 10:00:00+00:00,2.991,2.991,2.991,2.991,0.0,0.0,0.0,0.4702720859926179,2.081911262798642,0.0,0.0,0.4302746187948081,0.3812217298802773,0.0,0.0,-0.01437646272149784,0
2025-11-02 11:00:00+00:00,2.988,2.988,2.988,2.988,31.66,-0.0010035123772401,-0.100300902708128,-0.3667889296432136,1.2195121951219523,0.148369157709877,0.0,0.2855950267819806,0.3556239505121175,0.0,0.0,-0.03279785809906288,0
2025-11-02 12:00:00+00:00,2.976,2.988,2.959,2.988,72.08,0.0,0.0,-0.1670564650851913,1.2195121951219523,0.3331022690497107,0.0,0.2776910045627816,0.3556239505121175,0.9705488617903087,0.0,-0.02376171352074974,0
2025-11-02 13:00:00+00:00,2.988,2.988,2.988,2.988,0.0,0.0,0.0,-0.5988023952095745,1.5635622025832685,0.0,0.0,0.1686766415074382,0.3460683260923633,0.0,0.0,-0.028447121820615817,0
2025-11-02 14:00:00+00:00,2.938,2.938,2.91,2.91,109.53,-0.0264511860871697,-2.610441767068272,-2.7731373204142873,-0.7164790174002067,0.5343926099976367,0.9530292712889628,1.067052514390708,0.6490674160814625,0.9621993123841248,0.0,0.013058419243986208,0
2025-11-02 15:00:00+00:00,2.91,2.91,2.91,2.91,4.0,0.0,0.0,-2.7081243731193583,-0.7164790174002067,0.0194999878124125,0.0,1.0724229929283815,0.6490674160814625,0.0,0.0,0.013058419243986208,0
2025-11-02 16:00:00+00:00,2.914,2.948,2.877,2.948,114.31,0.0129738931436889,1.3058419243986208,-1.437646272149784,-0.371747211895912,0.5481212426324871,0.0,1.2915457653709126,0.6751699572375669,2.40841248222239,0.0,-0.00915875169606517,0
2025-11-02 17:00:00+00:00,2.905,2.905,2.89,2.89,345.73,-0.0198704722027493,-1.9674355495250984,-3.279785809906288,-2.496626180836703,1.5652774293032874,0.5163511185830006,1.4679763219531026,0.7841898124211446,0.5190311416889055,0.0,0.03183391003460212,0
2025-11-02 18:00:00+00:00,2.917,2.917,2.917,2.917,26.27,0.0092991887612433,0.9342560553633028,-2.376171352074974,-0.9507640067911716,0.1185103871394117,0.0,1.582977398159542,0.80280605992217,0.0,0.0,0.023997257456290777,0
2025-11-02 19:00:00+00:00,2.909,2.91,2.897,2.903,121.63,-0.0048110058430914,-0.4799451491258044,-2.8447121820615817,-1.6265672653337893,0.5381084578521315,0.2405498280960349,1.5707519995584662,0.8059411346410238,0.4478126074930147,0.0344471236533194,0.00034447123665160007,0
2025-11-02 20:00:00+00:00,2.946,2.948,2.905,2.948,191.0,0.0153822892845972,1.550120564932822,1.3058419243986208,-0.2368866328257279,0.8166508407870064,0.0,1.3276591661928676,0.86970661127538,1.4586160103600403,0.0,-0.02815468113975572,0
2025-11-02 21:00:00+00:00,2.948,2.948,2.948,2.948,0.0,0.0,0.0,1.3058419243986208,-0.2368866328257279,0.0,0.0,1.3276591661928676,0.86970661127538,0.0,0.0,-0.05020352781546811,0
2025-11-02 22:00:00+00:00,2.925,2.94,2.92,2.921,52.56,-0.0092009509214863,-0.915875169606517,-0.915875169606517,-1.4507422402159298,0.2226701923712469,0.6462585031815491,1.2740636506217056,0.8862332538248983,0.6846970213335518,0.5135227660001677,-0.03594659363231767,0
2025-11-02 23:00:00+00:00,2.942,2.982,2.942,2.982,150.77,0.0206681929369428,2.0883259157822742,3.183391003460212,0.4378578646008879,0.6239038301691157,0.0,1.1784666485529591,0.9866231117292578,1.3413816226219388,0.0,-0.06103286384976536,0
2025-11-03 00:00:00+00:00,2.987,2.987,2.987,2.987,1.67,0.0016753228914259,0.1676727028839586,2.3997257456290777,0.7419898819561732,0.006910678446517,0.0,1.16676867533462,0.9865145804988878,0.0,0.0,-0.06427854034147984,0
2025-11-03 01:00:00+00:00,2.925,2.96,2.903,2.904,134.04,-0.0281804422714231,-2.778707733511887,0.03444712366516,-1.9912251096861344,0.5511872003705647,1.8918918912527407,1.7580505022600563,1.1454045401110438,1.962809916679471,1.2052341593645937,-0.03925619834710736,0
2025-11-03 02:00:00+00:00,2.902,2.902,2.865,2.865,173.02,-0.0135207467958466,-1.342975206611563,-2.815468113975572,-3.307458656766782,0.6909928379322227,1.2749827700637524,1.6466048840792695,1.1739972563603285,1.2914485161286364,0.0,-0.034554973821989576,0
2025-11-03 03:00:00+00:00,2.866,2.866,2.8,2.8,1580.33,-0.0229489329855447,-2.268760907504374,-5.02035278154681,-5.533063427800277,5.0351965334334094,2.302861129691963,1.7754258319873637,1.2525969578991605,2.35714285630103,0.0,-0.0071428571428571175,0
2025-11-03 04:00:00+00:00,2.778,2.816,2.763,2.816,134.82,0.0056980211146377,0.5714285714285783,-3.594659363231767,-5.408128988915017,0.4280016984180794,0.0,1.8669145913907452,1.2559785843940268,1.8821022720589105,0.0,-0.030894886363636243,0
2025-11-03 05:00:00+00:00,2.816,2.83,2.8,2.8,210.63,-0.0056980211146377,-0.5681818181818232,-6.103286384976537,-6.635545181727254,1.328434927934607,1.0600706710035173,1.3493495866568253,1.2404143691284442,1.0714285710459273,0.4999999998214369,-0.009642857142857064,0
2025-11-03 06:00:00+00:00,2.775,2.796,2.734,2.795,902.47,-0.0017873105740957,-0.1785714285714279,-6.427854034147984,-6.615436017373866,4.7404547573306,0.035765379100223,1.2931167039600169,1.240486935069606,2.218246868616006,0.0357781753002543,-0.012522361359570744,0
2025-11-03 07:00:00+00:00,2.77,2.79,2.755,2.79,65.24,-0.0017905107737882,-0.1788908765652963,-3.925619834710736,-7.18562874251496,0.34347688743633,0.0,1.013409122853059,1.231327374011672,1.2544802862887217,0.0,0.00035842293906807043,0
2025-11-03 08:00:00+00:00,2.766,2.766,2.766,2.766,3.94,-0.0086393625907078,-0.8602150537634468,-3.4554973821989576,-7.58436351486802,0.0207785815364858,0.0,0.9659380018684138,1.2363187153372417,0.0,0.0,0.00433839479392617,0
2025-11-03 09:00:00+00:00,2.797,2.797,2.78,2.78,11.74,0.005048694459979,0.5061460592913791,-0.7142857142857117,-7.054496823804756,0.0634960698056708,0.6077940648524278,0.570786577723781,1.247043728170923,0.6115107911469511,0.0,-0.0025179856115106203,0
2025-11-03 10:00:00+00:00,2.773,2.82,2.729,2.729,199.67,-0.0185156859763441,-1.8345323741007056,-3.0894886363636243,-8.759612169842868,1.0334195220676667,3.226950353465611,0.7971022575787795,1.2840896703594118,3.3345547807495124,1.7222425790684237,-0.010626603151337455,0
2025-11-03 11:00:00+00:00,2.75,2.773,2.75,2.773,32.12,0.0159945249074395,1.6123122022718928,-0.9642857142857064,-7.195448460508702,0.1662249842042299,0.0,1.1743385734478091,1.3456971340102726,0.8294266134765909,0.0,-0.026325279480706842,0
2025-11-03 12:00:00+00:00,2.768,2.785,2.76,2.76,72.48,-0.0046990869045824,-0.4688063469167058,-1.2522361359570744,-7.63052208835342,0.3750606407525272,0.8976660679003122,1.181189831698655,1.344391136457341,0.9057971011211008,0.6159420287623525,-0.021739130434782483,0
2025-11-03 13:00:00+00:00,2.76,2.791,2.76,2.791,26.35,0.0111692748251265,1.1231884057971042,0.035842293906807,-6.593038821954488,0.13558246432422,0.0,1.300458434763505,1.3753141568824303,1.1107130056930492,0.0,-0.032604801146542406,0
2025-11-03 14:00:00+00:00,2.791,2.791,2.76,2.778,137.09,-0.0046687102220331,-0.4657828735220359,0.433839479392617,-4.53608247422681,0.7012455561487444,0.4657828733551441,1.2567039058032323,1.2814040252589003,1.1159107267401378,0.0,-0.028077753779697567,0
2025-11-03 15:00:00+00:00,2.76,2.803,2.711,2.773,354.25,-0.0018014776985109,-0.1799856011518996,-0.251798561151062,-4.707903780068734,1.6861921449783193,1.0702818405029249,1.2405421182356458,1.2807491935942816,3.317706453906347,1.0818608001868444,-0.026325279480706842,0
2025-11-03 16:00:00+00:00,2.772,2.879,2.694,2.7,978.83,-0.0266779936233576,-2.632527948070684,-1.0626603151337457,-8.412483039348706,3.9771985812439454,6.217436607774417,1.4969259935215065,1.3337213701156414,6.851851849314131,3.962962961495206,-0.007407407407407418,0
2025-11-03 17:00:00+00:00,2.7,2.7,2.7,2.7,21.55,0.0,0.0,-2.632527948070684,-6.57439446366782,0.0926471615607028,0.0,1.236909386089501,1.2896733978086212,0.0,0.0,-0.007407407407407418,0
2025-11-03 18:00:00+00:00,2.7,2.7,2.7,2.7,123.93,0.0,0.0,-2.1739130434782483,-7.439149811450108,0.5236359026971977,0.0,1.2497985150926392,1.2653776008483977,0.0,0.0,-0.014814814814814836,0
2025-11-03 19:00:00+00:00,2.7,2.7,2.7,2.7,100.0,0.0,0.0,-3.2604801146542406,-6.992766104030313,0.42414067332152,0.0,1.0522583943045596,1.2665594219373144,0.0,0.0,-0.020740740740740726,0
2025-11-03 20:00:00+00:00,2.7,2.7,2.7,2.7,7.85,0.0,0.0,-2.8077753779697567,-8.412483039348706,0.0344087592572482,0.0,1.0768292509684252,1.206900092421916,0.0,0.0,-0.020740740740740726,0
2025-11-03 21:00:00+00:00,2.7,2.7,2.7,2.7,1.0,0.0,0.0,-2.632527948070684,-8.412483039348706,0.004382481032055,0.0,1.0891245289741494,1.206900092421916,0.0,0.0,-0.02259259259259272,0
2025-11-03 22:00:00+00:00,2.693,2.693,2.68,2.68,42.52,-0.007434978487518,-0.7407407407407418,-0.7407407407407418,-8.250599109893864,0.1866853508117029,0.4827330113320672,0.3035317257164858,1.2039105805735684,0.4850746266846699,0.0,-0.005223880597015063,0
2025-11-03 23:00:00+00:00,2.68,2.699,2.68,2.68,175.31,0.0,0.0,-0.7407407407407418,-10.12743125419182,0.7662638753529254,0.7039644310100052,0.3035317257164858,1.091536267577857,0.7089552236160497,0.7089552236160497,0.0029850746268655914,0
2025-11-04 00:00:00+00:00,2.68,2.68,2.66,2.66,82.6,-0.0074906717291576,-0.7462686567164201,-1.4814814814814836,-10.947438901908267,0.3557929422897998,0.74626865643796,0.3853826557213824,1.0851930262773035,0.7518796989654594,0.0,-0.018045112781954864,0
2025-11-04 01:00:00+00:00,2.677,2.677,2.644,2.644,236.56,-0.0060332008041678,-0.6015037593984918,-2.0740740740740726,-8.953168044077131,1.0005533722178923,1.2327231971487742,0.386202901736769,0.965579623745186,1.2481089253978377,0.0,-0.012102874432677768,0
2025-11-04 02:00:00+00:00,2.644,2.644,2.644,2.644,0.0,0.0,0.0,-2.0740740740740726,-7.713787085514834,0.0,0.0,0.386202901736769,0.9463077864827814,0.0,0.0,-0.012102874432677768,0
2025-11-04 03:00:00+00:00,2.644,2.644,2.639,2.639,189.29,-0.0018928644682529,-0.1891074130106029,-2.259259259259272,-5.75,1.1052785238753633,0.1891074129390795,0.3587144614778584,0.8492860473979615,0.1894657066353043,0.0,-0.010231148162182513,0
2025-11-04 04:00:00+00:00,2.642,2.666,2.639,2.666,180.46,0.0101791642353298,1.0231148162182624,-0.5223880597015063,-5.326704545454541,1.0421475114716954,0.0,0.6247174837350317,0.8726234972524418,1.0127531879172018,0.0,-0.030757689422355572,0
2025-11-04 05:00:00+00:00,2.639,2.689,2.639,2.688,254.46,0.0082182009043863,0.8252063015754096,0.2985074626865591,-3.999999999999993,1.4541575489653096,0.0371885459140202,0.7290625909265762,0.8948806885505622,1.8601190469270488,0.0372023809385366,-0.014136904761904878,0
2025-11-04 06:00:00+00:00,2.639,2.639,2.511,2.612,2308.56,-0.0286812112467184,-2.8273809523809534,-1.8045112781954864,-6.547406082289797,9.883591993963895,1.0231148158305623,1.39891509747929,1.0508088863483491,4.900459416194298,0.0,-0.003828483920367609,0
2025-11-04 07:00:00+00:00,2.612,2.612,2.612,2.612,0.0,0.0,0.0,-1.2102874432677768,-6.379928315412187,0.0,0.0,1.3947307828895292,1.0522073595862542,0.0,0.0,0.03330781010719752,0
2025-11-04 08:00:00+00:00,2.612,2.612,2.612,2.612,0.0,0.0,0.0,-1.2102874432677768,-5.567606652205348,0.0,0.0,1.3947307828895292,1.0459314553447947,0.0,0.0,0.03330781010719752,0
2025-11-04 09:00:00+00:00,2.565,2.612,2.565,2.612,19.66,0.0,0.0,-1.0231148162182513,-6.043165467625888,0.0850999361530366,0.0,1.397240022869955,1.035349971430269,1.7993874418838545,0.0,0.03369065849923425,0
2025-11-04 10:00:00+00:00,2.612,2.627,2.584,2.584,115.11,-0.0107776254938292,-1.071975497702915,-3.075768942235557,-5.3133015756687385,0.5059798753819349,1.6368481150982577,1.2989572957268796,0.9948807002312108,1.6640866866624937,0.5804953558124895,-0.008126934984520107,0
2025-11-04 11:00:00+00:00,2.622,2.698,2.608,2.65,759.87,0.0252210540777752,2.554179566563453,-1.4136904761904878,-4.435629282365672,2.9472649905424557,1.7790956257305073,1.7556109569792528,1.0825130465926722,3.3962264138127396,1.8113207540334657,-0.04415094339622638,0
2025-11-04 12:00:00+00:00,2.602,2.632,2.602,2.602,88.08,-0.0182792599078173,-1.811320754716983,-0.3828483920367609,-5.724637681159416,0.3407718112677902,1.1398176287462791,1.4723707792984593,1.1321853703302107,1.152959261662977,1.152959261662977,-0.04265949269792457,0
2025-11-04 13:00:00+00:00,2.649,2.699,2.649,2.699,97.34,0.0366009539455539,3.727901614142959,3.330781010719752,-3.29630956646364,0.3723367631856622,0.0,2.1199501924239113,1.361122085874465,1.8525379763421432,0.0,-0.08929233049277496,0
2025-11-04 14:00:00+00:00,2.672,2.7,2.672,2.699,65.04,0.0,0.0,3.330781010719752,-2.843772498200148,0.2516755961920329,0.0370370370233319,2.1199501924239113,1.3595776733746403,1.0374212667516047,0.0370507595268553,-0.07743608743979236,0
2025-11-04 15:00:00+00:00,2.7,2.7,2.7,2.7,398.19,0.0003704389744159,0.0370507595405911,3.369065849923425,-2.632527948070684,1.529977378276312,0.0,2.1180948690904744,1.3598841575517866,0.0,0.0,-0.08259259259259266,0
2025-11-04 16:00:00+00:00,2.7,2.7,2.55,2.563,2359.64,-0.0520733256283493,-5.074074074074075,-0.8126934984520107,-5.074074074074075,7.425096564558872,5.0740740721947875,3.1656068080222264,1.6378593385540614,5.852516579846865,0.0,-0.015606710885680886,0
2025-11-04 17:00:00+00:00,2.55,2.56,2.529,2.533,5427.0,-0.011774076362396,-1.1705033164260747,-4.415094339622638,-6.185185185185194,9.99411469965096,1.054687499588018,2.8928620641035283,1.6486755050304658,1.2238452423119497,0.3947887878425717,-0.003947887879984124,0
2025-11-04 18:00:00+00:00,2.514,2.514,2.477,2.491,4819.73,-0.0167201347394946,-1.6581129095933569,-4.265949269792458,-7.740740740740748,6.5248058609127355,0.91487669016909,2.881950537672197,1.6721054339294754,1.4853472495040725,0.0,0.015656362906463217,0
2025-11-04 19:00:00+00:00,2.507,2.515,2.458,2.458,76.22,-0.0133362251362002,-1.3247691690084218,-8.929233049277496,-8.962962962962962,0.1033229423721056,2.2664015895561005,1.9234004952706725,1.6825911072058073,2.318958501904408,0.3254678599164087,0.029292107404393697,0
2025-11-04 20:00:00+00:00,2.459,2.49,2.4,2.49,3299.97,0.0129346993327732,1.3018714401952902,-7.743608743979236,-7.777777777777772,3.772003194797134,0.0,2.187433156934987,1.7160511977200557,3.6144578298737233,0.0,0.02449799196787139,0
2025-11-04 21:00:00+00:00,2.49,2.571,2.477,2.477,599.09,-0.0052345599693938,-0.5220883534136633,-8.259259259259267,-8.259259259259267,0.6658189277917277,3.656164914952884,2.127850667802905,1.714902973747583,3.794913199921323,3.270084778655596,0.03794913201453376,0
2025-11-04 22:00:00+00:00,2.506,2.544,2.49,2.523,100.22,0.0184005191516983,1.857085183689966,-1.5606710885680886,-5.858208955223876,0.1110860689806827,0.825471697788726,1.475191648247565,1.769934130380095,2.1403091549186177,0.8323424491350172,0.01545778834720557,0
2025-11-04 23:00:00+00:00,2.524,2.524,2.523,2.523,20.64,0.0,0.0,-0.3947887879984124,-5.858208955223876,0.023042432852187,0.0396196513313666,1.4057709967622656,1.769934130380095,0.0396353547207109,0.0,0.02179944510503362,0
2025-11-05 00:00:00+00:00,2.523,2.55,2.523,2.53,377.03,0.0027706330805081,0.2774474831549689,1.5656362906463217,-4.887218045112796,0.4152282288671721,0.7843137251826229,1.1649844893288597,1.769786770427965,1.0671936754675002,0.7905138336796396,0.020158102766798525,0
2025-11-05 01:00:00+00:00,2.53,2.53,2.53,2.53,0.0,0.0,0.0,2.9292107404393697,-4.311649016641461,0.0,0.0,0.8967021035122985,1.7682231161324224,0.0,0.0,0.02292490118577084,0
2025-11-05 02:00:00+00:00,2.55,2.566,2.55,2.551,86.6,0.0082661364202456,0.830039525691717,2.449799196787139,-3.5173978819969753,0.0960345990702283,0.5845674198812941,0.8298872969576367,1.77996723487944,0.6272050173942753,0.58800470380712,-0.0023520188161506583,0
2025-11-05 03:00:00+00:00,2.534,2.571,2.534,2.571,458.69,0.007809489124078,0.784006272050175,3.794913201453376,-2.576733611216353,0.5024078570249523,0.0,0.6990740093776309,1.7900068000518732,1.439128743119762,0.0,0.001944768572539779,0
2025-11-05 04:00:00+00:00,2.562,2.562,2.562,2.562,10.5,-0.00350672480921,-0.3500583430571913,1.545778834720557,-3.900975243810956,0.0115906619739689,0.0,0.4691988390965444,1.774283781112774,0.0,0.0,-0.004683840749414525,0
2025-11-05 05:00:00+00:00,2.572,2.578,2.572,2.578,36.97,0.0062257010424531,0.6245120999219367,2.179944510503362,-4.0922619047619175,0.0412225337585461,0.0,0.4701917041113204,1.7699224859540434,0.2327385569306593,0.0,0.011249030256012649,0
2025-11-05 06:00:00+00:00,2.549,2.581,2.549,2.581,108.17,0.0011630162194813,0.1163692785104864,2.0158102766798525,-1.1868300153139444,0.13434652469275,0.0,0.4802953079696482,1.6746945788446177,1.23982952296016,0.0,0.008911274699728855,0
2025-11-05 07:00:00+00:00,2.56,2.588,2.56,2.588,455.76,0.0027084559021772,0.2712127082526105,2.292490118577084,-0.9188361408882127,0.5530083642063472,0.0,0.4548335808945815,1.6759564791341088,1.0819165374490285,0.0,0.013137557959814528,0
2025-11-05 08:00:00+00:00,2.555,2.557,2.545,2.545,385.95,-0.0167547266361681,-1.6615146831530203,-0.2352018816150658,-2.565084226646253,0.4593396533772323,0.4692999607081349,0.8950191344260299,1.708857372514512,0.4715127699522547,0.0785854616587004,0.01964636542239706,0
2025-11-05 09:00:00+00:00,2.569,2.576,2.557,2.576,148.1,0.0121071582396212,1.2180746561886169,0.1944768572539779,-1.3782542113323082,0.1751461399008765,0.0,0.9863263428786644,1.7299331914321154,0.7375776394652309,0.0,0.020962732919254545,0
2025-11-05 10:00:00+00:00,2.55,2.55,2.55,2.55,0.54,-0.0101444490717724,-1.0093167701863417,-0.4683840749414525,-1.3157894736842255,0.0006422410247304,0.0,1.0714365048778458,1.7283576733909929,0.0,0.0,0.033333333333333215,0
2025-11-05 11:00:00+00:00,2.578,2.607,2.578,2.607,298.05,0.0221067757810299,2.2352941176470686,1.1249030256012649,-1.622641509433953,0.3627839606599255,0.0,1.4189831400737758,1.7092298008536688,1.112389719557977,0.0,0.004986574606827832,0
2025-11-05 12:00:00+00:00,2.607,2.607,2.6,2.604,19.09,-0.0011514106050419,-0.115074798619108,0.8911274699728855,0.0768639508070823,0.0233177749174844,0.115074798574966,1.4244064430968884,1.6678147868377378,0.2688172041978474,0.0,0.016897081413210557,0
2025-11-05 13:00:00+00:00,2.62,2.622,2.62,2.622,24.53,0.0068886609951853,0.691244239631339,1.3137557959814528,-2.8529084846239283,0.0300739896156707,0.0,1.4417423041948676,1.4847977835844886,0.0762776506192602,0.0,0.006102212051868783,0
2025-11-05 14:00:00+00:00,2.6,2.6,2.577,2.595,73.77,-0.010350868723656,-1.0297482837528515,1.964636542239706,-3.8532789922193222,0.0904023345050706,0.1923076922337237,1.2892122287957706,1.4961321580688995,0.886319845515874,0.0,0.022350674373795787,0
2025-11-05 15:00:00+00:00,2.607,2.63,2.607,2.63,1319.96,0.0133973295718211,1.348747591522148,2.0962732919254545,-2.592592592592602,1.5448502942016094,0.0,1.307895016424398,1.5270437660811786,0.8745247144963666,0.0,-0.007224334600760329,0
2025-11-05 16:00:00+00:00,2.618,2.635,2.618,2.635,15.04,0.0018993358036523,0.1901140684410496,3.3333333333333215,2.809207959422544,0.0198748790030582,0.0,1.1388853481765338,1.0738045283538582,0.645161290077734,0.0,0.013282732447817969,0
2025-11-05 17:00:00+00:00,2.62,2.62,2.62,2.62,57.53,-0.00570886422032,-0.5692599620493288,0.4986574606827831,3.4346624555862793,0.1079349444774654,0.0,0.8573017878618694,1.0489033048232093,0.0,0.0,0.007251908396946449,0
2025-11-05 18:00:00+00:00,2.643,2.65,2.574,2.648,286.74,0.0106303203017563,1.06870229007634,1.6897081413210555,6.302689682858298,0.8332275921498074,0.0754716980847193,0.9343355386406728,0.9903357519777414,2.870090633357219,0.0755287008778131,-0.003398791540785595,0
2025-11-05 19:00:00+00:00,2.63,2.64,2.63,2.638,889.86,-0.003783583779639,-0.3776435045317328,0.6102212051868783,7.323026851098446,2.353919407453433,0.0757575757288881,0.9423144288937996,0.9417288832799646,0.3790750567175693,0.0758150113435206,0.0011372251705838998,0
2025-11-05 20:00:00+00:00,2.652,2.671,2.624,2.653,467.99,0.0056700208604797,0.5686125852918833,2.2350674373795787,6.546184738955807,1.7997250361261514,0.6739049042778265,0.7664465382173694,0.9196386386311964,1.7715793434709353,0.678477195371844,0.009423294383716474,0
2025-11-05 21:00:00+00:00,2.631,2.633,2.611,2.611,289.14,-0.0159577854386106,-1.583113456464369,-0.7224334600760329,5.409769882922899,1.1700408203133636,0.8355488033286862,0.9397405112607616,0.9834084510772608,0.8425890460196823,0.0765990041836167,0.02259670624281873,0
2025-11-05 22:00:00+00:00,2.651,2.67,2.651,2.67,27.72,0.0223451826951662,2.259670624281873,1.3282732447817969,5.826397146254458,0.1135605979132889,0.0,1.35425131155583,1.0144763033911877,0.7116104866248698,0.0,-0.008614232209737893,0
2025-11-05 23:00:00+00:00,2.671,2.674,2.613,2.639,88.0,-0.0116784148909711,-1.1610486891385774,0.7251908396946449,4.597701149425282,0.3564117838631604,1.3089005230707231,1.4429899146053855,1.0535422312727971,2.311481620950554,0.1136794239811792,-0.00985221674876835,0
2025-11-06 00:00:00+00:00,2.639,2.639,2.639,2.639,0.0,0.0,0.0,-0.3398791540785595,4.308300395256914,0.0,0.0,1.3673889435482074,1.0540337071320751,0.0,0.0,-0.010231148162182513,0
2025-11-06 01:00:00+00:00,2.639,2.665,2.621,2.641,213.1,0.0007575757938081,0.0757862826828326,0.1137225170583899,4.387351778656146,0.8876392793881593,0.9005628514444425,1.358566329491732,1.0535978338039442,1.666035591947735,0.9087466865169463,-0.007951533510034081,0
2025-11-06 02:00:00+00:00,2.635,2.678,2.619,2.678,383.39,0.0139126139539856,1.400984475577438,0.9423294383716474,4.9784398275186215,1.5187296053972212,0.0,1.4627486113555903,1.0747813702234807,2.2031366683333964,0.0,-0.02576549663928307,0
2025-11-06 03:00:00+00:00,2.67,2.67,2.67,2.67,3.74,-0.0029917748568225,-0.29873039581777,2.259670624281873,3.8506417736289262,0.0160181596247466,0.0,1.2292763432273497,1.072114811599839,0.0,0.0,-0.02397003745318349,0
2025-11-06 04:00:00+00:00,2.662,2.662,2.647,2.647,218.66,-0.008651549167194,-0.8614232209737893,-0.8614232209737893,3.3177205308352775,0.902962937468311,0.5634861004645103,0.8964878788203272,1.0877455406617058,0.5666792593250221,0.0,-0.01133358519078198,0
2025-11-06 05:00:00+00:00,2.642,2.646,2.612,2.613,421.54,-0.0129279367064887,-1.2844729882886208,-0.985221674876835,1.3576415826221933,1.6327236753068028,1.2471655324084756,0.92598896424866,1.1202716996028776,1.3011863753152677,0.1530807500370913,-0.009184845005740572,0
2025-11-06 06:00:00+00:00,2.613,2.613,2.612,2.612,16.33,-0.0003827751242907,-0.0382701875239144,-1.0231148162182513,1.201084850833012,0.0642015028181463,0.0382701875092685,0.9247557339387448,1.1203554188606963,0.0382848391890138,0.0,-0.012633996937212788,0
2025-11-06 07:00:00+00:00,2.611,2.651,2.6,2.62,346.11,0.0030581063588208,0.3062787136294043,-0.7951533510034081,1.2364760432766575,1.3856223977738913,1.1693700485969822,0.9416673557363154,1.120678116554754,1.9465648847532084,1.183206106418612,-0.004961832061068705,0
2025-11-06 08:00:00+00:00,2.609,2.609,2.609,2.609,20.62,-0.0042073116184141,-0.4198473282442827,-2.576549663928307,2.514734774066807,0.0879075592183905,0.0,0.5737044015507575,1.0644831124722796,0.0,0.0,0.004599463395937198,0
2025-11-06 09:00:00+00:00,2.606,2.606,2.606,2.606,22.07,-0.001150527451938,-0.1149865848984355,-2.397003745318349,1.1645962732919068,0.0962438584756102,0.0,0.5871919217015042,1.038611553531589,0.0,0.0,-0.020337682271680757,0
2025-11-06 10:00:00+00:00,2.59,2.621,2.59,2.617,110.66,0.0042121448453555,0.4221028396009352,-1.133358519078198,2.6274509803921653,0.4731047947479078,0.15261350623708,0.6192638987131521,1.015838464890988,1.184562475665056,0.152846771053555,-0.018723729461215144,0
2025-11-06 11:00:00+00:00,2.589,2.589,2.589,2.589,62.4,-0.0107569227786082,-1.069927397783721,-0.9184845005740572,-0.6904487917146263,0.2784683496981803,0.0,0.543666810688757,0.9386535706703154,0.0,0.0,0.006952491309385911,0
2025-11-06 12:00:00+00:00,2.571,2.579,2.571,2.579,108.03,-0.0038699738701927,-0.3862495171880975,-1.2633996937212788,-0.9600614439324028,0.4742552035582343,0.0,0.5474749842313145,0.9413763291080453,0.3101977509460267,0.0,0.021713842574641262,0
2025-11-06 13:00:00+00:00,2.582,2.63,2.582,2.607,107.9,0.0107984080521569,1.085692128732063,-0.4961832061068705,-0.5720823798626928,0.466569374626381,0.8745247144963666,0.7482476881732576,0.9577813489026707,1.8411967771993891,0.8822401224080277,0.009973149213655441,0
2025-11-06 14:00:00+00:00,2.591,2.621,2.574,2.621,314.56,0.0053557893899045,0.537015726889134,0.4599463395937198,1.0019267822735989,1.3036302319543838,0.0,0.7635893719350255,0.9391643011814828,1.793208698285695,0.0,0.01068294544067161,0
2025-11-06 15:00:00+00:00,2.64,2.64,2.553,2.553,350.36,-0.0262867860819225,-2.594429607020221,-2.0337682271680757,-2.927756653992397,1.7439920024635835,3.295454544206274,1.3522942988641953,1.0441401243689152,3.407755580333828,0.0,0.03760282021151595,0
2025-11-06 16:00:00+00:00,2.551,2.568,2.53,2.568,2246.71,0.005858247568368,0.5875440658049458,-1.8723729461215144,-2.542694497153686,7.644947796422671,0.0,1.3724063327358142,1.0524066589769652,1.4797507782399824,0.0,0.031542056074766345,0
2025-11-06 17:00:00+00:00,2.59,2.625,2.558,2.607,231.49,0.01507274912365,1.5186915887850594,0.6952491309385911,-0.4961832061068705,0.7687377544556546,0.6857142854530534,1.4864509504658712,1.0971491170945622,2.570003834840818,0.6904487914497623,0.012658227848101333,0
2025-11-06 18:00:00+00:00,2.607,2.635,2.58,2.635,108.49,0.0106830470419607,1.074031453778268,2.171384257464126,-0.4909365558912526,0.3693868662624129,0.0,1.5066590357193754,1.0973760701361612,2.0872865267220817,0.0,0.053889943074003854,0
2025-11-06 19:00:00+00:00,2.631,2.641,2.63,2.633,82.42,-0.0007593014791531,-0.0759013282732312,0.997314921365544,-0.1895375284306277,0.3169273708096372,0.3029155621723154,1.469337954132394,1.094821607563622,0.4177744016643515,0.3038359284831617,0.0645651348271934,0
2025-11-06 20:00:00+00:00,2.667,2.667,2.623,2.649,118.77,0.0060583297757603,0.6076718571971229,1.068294544067161,-0.1507727101394684,0.4837709450254471,0.6749156352924873,1.4731528684414252,1.0957364689794578,1.6610041518833354,0.0,0.040392600981502325,0
2025-11-06 21:00:00+00:00,2.649,2.649,2.649,2.649,0.0,0.0,0.0,3.7602820211515953,1.4553810800459477,0.0,0.0,0.6096202240243767,1.0421994890847046,0.0,0.0,0.05549263873159682,0
2025-11-06 22:00:00+00:00,2.649,2.649,2.649,2.649,0.0,0.0,0.0,3.1542056074766345,-0.786516853932584,0.0,0.0,0.6600931322020436,0.9336713742828108,0.0,0.0,0.05700264250660614,0
2025-11-06 23:00:00+00:00,2.668,2.668,2.627,2.64,4.73,-0.0034032931317078,-0.3397508493771184,1.265822784810133,0.0378931413414385,0.0206697644607332,1.04947526197546,0.5227214102137274,0.904769042473284,1.5530303024420478,0.0,0.07045454545454533,0
2025-11-07 00:00:00+00:00,2.669,2.792,2.669,2.777,2623.42,0.0505922911664377,5.189393939393949,5.388994307400385,5.229253505115583,7.758250261821676,0.5372492834751859,2.0732953206549545,1.3727360218362208,4.4292401856574495,0.540151242153337,0.013683831472812269,0
2025-11-07 01:00:00+00:00,2.771,2.803,2.771,2.803,51.91,0.0093190638579886,0.9362621534029448,6.456513482719339,6.134040136312002,0.1566245217996584,0.0,2.021031953929558,1.3801355930939296,1.1416339632031285,0.0,0.007491972886193299,0
2025-11-07 02:00:00+00:00,2.735,2.771,2.698,2.756,333.53,-0.016909919031239,-1.6767748840528007,4.0392600981502325,2.9126213592232997,1.0126852595659022,0.541320822612303,2.316297543967926,1.412166548016169,2.6487663270505184,0.5442670535035361,0.036647314949201926,0
2025-11-07 03:00:00+00:00,2.792,2.799,2.792,2.796,3969.65,0.0144094712201517,1.4513788098693858,5.549263873159682,4.719101123595504,8.026007635809476,0.1071811360817542,2.308873508945401,1.434228428969366,0.250357653701593,0.1072961373006849,0.005364806866952732,0
2025-11-07 04:00:00+00:00,2.8,2.826,2.736,2.8,674.49,0.0014295928095943,0.1430615164520698,5.700264250660614,5.780128447298827,1.313281719652908,0.9200283082377904,2.298440886443597,1.4165708254889329,3.2142857131377505,0.9285714282398048,0.003928571428571503,0
2025-11-07 05:00:00+00:00,2.799,2.826,2.693,2.826,391.96,0.0092428670811775,0.9285714285714342,7.0454545454545325,8.151549942594727,0.7650108444507584,0.0,2.2158158530237575,1.38459636305715,4.706298653677885,0.0,0.002123142250530785,0
2025-11-07 06:00:00+00:00,2.83,2.898,2.796,2.815,701.94,-0.003900022670682,-0.3892427459306513,1.368383147281227,7.771822358346081,1.2976640358866864,2.864044167403718,1.1422097500071875,1.3904742852481298,3.623445824645324,2.4156305497635437,-0.033037300177619855,0
2025-11-07 07:00:00+00:00,2.811,2.824,2.81,2.824,388.94,0.0031920580393419,0.3197158081705176,0.7491972886193299,7.78625954198473,0.7166621241363987,0.0,1.092855550633758,1.390474440478337,0.4957507080397409,0.0,-0.01947592067988657,0
2025-11-07 08:00:00+00:00,2.841,2.874,2.84,2.857,79.15,0.0116178036176405,1.1685552407932231,3.664731494920193,9.505557684936772,0.1451896193546808,0.5915100902604316,0.6922119734981834,1.3917178345251169,1.1900595025586158,0.5950297512793001,-0.026251312565628293,0
2025-11-07 09:00:00+00:00,2.836,2.836,2.811,2.811,58.65,-0.0162318313242413,-1.610080504025213,0.5364806866952732,7.866462010744435,0.1072852770086207,0.8815232719035501,1.0065268971775705,1.4478791057116562,0.889363215620999,0.0,0.029882604055496254,0
2025-11-07 10:00:00+00:00,2.811,2.811,2.811,2.811,0.0,0.0,0.0,0.3928571428571503,7.413068398930078,0.0,0.0,1.0066911169602466,1.449094549734403,0.0,0.0,0.09925293489861264,0
2025-11-07 11:00:00+00:00,2.778,2.832,2.755,2.832,3527.79,0.0074428839070784,0.7470651013874008,0.2123142250530785,9.385863267670905,5.139151763676519,0.0,0.9782555334961844,1.4214411059066003,2.718926552712242,0.0,0.12994350282485878,0
2025-11-07 12:00:00+00:00,2.832,2.832,2.655,2.722,1812.3,-0.0396162716021989,-3.8841807909604458,-3.3037300177619855,5.5447848003101985,2.3925857960402226,3.884180789588915,1.921131142856029,1.6701479420747425,6.502571636112209,0.0,0.18589272593681128,0
2025-11-07 13:00:00+00:00,2.656,2.769,2.656,2.769,744.56,0.0171193399595505,1.726671565025728,-1.9475920679886571,6.214039125431525,0.9497029627184576,0.0,2.122211491628942,1.6890931599788443,4.080895628717625,0.0,0.17081979053810037,0
2025-11-07 14:00:00+00:00,2.792,2.797,2.782,2.782,14.58,0.0046838493124264,0.4694835680751241,-2.6251312565628293,6.142693628386109,0.0188984134664993,0.5362888807521357,2.042245541181301,1.6886569129140876,0.5391804455286958,0.1797268151762426,0.15564342199856207,0
2025-11-07 15:00:00+00:00,2.835,2.898,2.835,2.895,1916.14,0.0398150175237074,4.0618260244428495,2.988260405549626,13.396004700352538,2.2900224185073235,0.1035196687013429,2.600227605415058,1.7373630019180484,2.176165802357116,0.1036269429693901,0.12815198618307422,0
2025-11-07 16:00:00+00:00,2.861,3.2,2.861,3.09,6044.6,0.0651859798846955,6.735751295336789,9.925293489861264,20.327102803738303,6.075099530930668,3.437499998925791,3.544518392124733,2.1253222683884307,10.97087378285732,3.559870549009761,0.05339805825242716,0
2025-11-07 17:00:00+00:00,3.078,3.2,3.055,3.2,2174.7,0.0349797188960269,3.5598705501618255,12.99435028248588,22.746451860375917,2.0211968375117526,0.0,3.5930485895781663,2.1930718264837807,4.531249998583984,0.0,0.015312500000000062,0
2025-11-07 18:00:00+00:00,3.2,3.332,3.174,3.228,2491.86,0.0087119406020215,0.8750000000000036,18.589272593681127,22.504743833017105,2.120274025926639,3.121248498463,2.2821616454822253,2.192603255059008,4.894671621779838,3.2218091687664665,-0.009293680297397855,0
2025-11-07 19:00:00+00:00,3.248,3.296,3.242,3.242,994.06,0.004327672905782,0.4337050805452325,17.081979053810038,23.12951006456514,0.8193440903525218,1.6383495140660294,2.4615003887750104,2.1857541512687497,1.665638494242549,1.4805675504378135,0.048426896977174616,0
2025-11-07 20:00:00+00:00,3.222,3.222,3.215,3.215,68.67,-0.0083630656239017,-0.8328192473781693,15.564342199856206,21.36655341638354,0.0566981208993866,0.2172563624403337,2.733120991116054,2.212899084077391,0.2177293934003988,0.0,0.06874027993779164,0
2025-11-07 21:00:00+00:00,3.224,3.266,3.22,3.266,1382.86,0.0157386368586906,1.5863141524105728,12.815198618307422,23.291808229520573,1.0899213772906065,0.0,2.631263326868344,2.2112684922482564,1.4084507037941,0.0,0.03827311696264535,0
2025-11-07 22:00:00+00:00,3.266,3.3,3.221,3.255,1673.35,-0.0033737188877408,-0.3368034292712818,5.339805825242716,22.87655719139297,1.2501743253599191,1.3636363632231383,1.5467391428398012,2.218117470397557,2.427035329515496,1.0445468506775528,0.049769585253456095,0
2025-11-07 23:00:00+00:00,3.22,3.278,3.194,3.249,1209.41,-0.0018450189735692,-0.1843317972350155,1.5312500000000062,23.06818181818182,0.8709009580977222,0.8846857837447547,0.8815550198095841,2.2146815055855136,2.585410894864449,0.8925823327508183,0.015389350569405824,0
2025-11-08 00:00:00+00:00,3.29,3.31,3.192,3.198,310.36,-0.0158216422752008,-1.5697137580794165,-0.9293680297397856,15.1602448685632,0.2401589400896919,3.383685799581971,1.0834707163326285,2.078546637231788,3.68980612767673,0.625390869097752,0.039399624765478425,0
2025-11-08 01:00:00+00:00,3.245,3.399,3.245,3.399,1477.13,0.0609556563022165,6.285178236397759,4.842689697717462,21.262932572244033,1.0927983013911478,0.0,2.802003089156512,2.363405279579006,4.530744335236612,0.0,-0.034716092968520074,0
2025-11-08 02:00:00+00:00,3.4,3.526,3.397,3.436,1348.59,0.0108267334080299,1.0885554574874945,6.874027993779164,24.673439767779403,0.9674321954910212,2.552467384415065,2.6866382693287094,2.3031809155464464,3.7543655402344687,2.619324795512416,-0.038416763678696175,0
2025-11-08 03:00:00+00:00,3.434,3.473,3.354,3.391,1479.76,-0.0131831409785073,-1.3096623981373678,3.827311696264535,21.280400572246073,1.1468840674476068,2.361071119389264,2.841339262033612,2.344484232020108,3.509289294158268,1.1501032140518628,-0.04806841639634318,0
2025-11-08 04:00:00+00:00,3.405,3.417,3.385,3.417,115.65,0.0076381099896532,0.7667354762606937,4.9769585253456095,22.035714285714292,0.0912815827665334,0.0,2.801959720956091,2.3402959120882807,0.9364940003112404,0.0,-0.05648229441030128,0
2025-11-08 05:00:00+00:00,3.427,3.427,3.28,3.299,4605.4,-0.0351435808867103,-3.4533216271583234,1.5389350569405824,16.737438075017685,3.192610148046122,3.735045227973436,3.3200809456587246,2.5022791764340737,4.455895724626895,0.0,-0.008790542588663186,0
2025-11-08 06:00:00+00:00,3.345,3.345,3.265,3.324,570.18,0.0075494847467574,0.757805395574418,3.9399624765478425,18.081705150976912,0.3967770303827277,0.6278026903952862,3.196288001871863,2.49258789599509,2.4067388681086848,0.0,-0.017148014440433235,0
2025-11-08 07:00:00+00:00,3.251,3.281,3.23,3.281,135.74,-0.0130206230142371,-1.2936221419975855,-3.4716092968520074,16.18271954674222,0.0951573936870106,0.0,1.7904671806301402,2.5249052498542426,1.5544041446039656,0.0,-0.01371533069186226,0
2025-11-08 08:00:00+00:00,3.244,3.304,3.233,3.304,96.09,0.0069856016797668,0.7010057909173861,-3.8416763678696175,15.64578228911444,0.0673283618125308,0.0,1.7243945010499282,2.5223926181707896,2.148910410971871,0.0,-0.03147699757869238,0
2025-11-08 09:00:00+00:00,3.23,3.23,3.212,3.228,34.84,-0.0232711052510291,-2.300242130750596,-4.806841639634318,14.834578441835644,0.0244286798591183,0.0619195046247859,1.8470663355398356,2.5533393169276906,0.5576208176711147,0.0,-0.030359355638166163,0
2025-11-08 10:00:00+00:00,3.213,3.238,3.211,3.224,259.78,-0.0012399257633205,-0.123915737298641,-5.648229441030129,14.692280327285667,0.1807773048328035,0.4323656576799299,1.7263276223106976,2.5546812663306864,0.8374689823705163,0.4342431760439627,-0.02667493796526066,0
2025-11-08 11:00:00+00:00,3.247,3.27,3.247,3.27,1171.83,0.01416716026478,1.4267990074441572,-0.8790542588663186,15.466101694915269,0.8752500588184088,0.0,1.418539451406606,2.5603434298300862,0.7033639141579967,0.0,-0.016207951070336346,0
2025-11-08 12:00:00+00:00,3.274,3.274,3.261,3.267,258.72,-0.0009178522902289,-0.0917431192660633,-1.7148014440433237,20.022042615723738,0.203057929562944,0.2138057421460616,1.3513733743715015,2.375834984504131,0.3979185796149591,0.0,-0.0189776553412917,0
2025-11-08 13:00:00+00:00,3.284,3.284,3.236,3.236,45.23,-0.0095341334226877,-0.948882767064574,-1.371533069186226,16.86529433008306,0.03632988872312,1.461632155462341,1.3057900135323204,2.3916662747828763,1.4833127313092231,0.0,-0.019468479604449973,0
2025-11-08 14:00:00+00:00,3.256,3.256,3.181,3.2,1286.19,-0.0111871893905643,-1.1124845488257096,-3.147699757869238,15.02516175413373,0.9909287428959652,1.7199017193734825,1.2571393514960147,2.418677522046441,2.3437499992675694,0.0,0.004687499999999956,0
2025-11-08 15:00:00+00:00,3.168,3.168,3.13,3.13,2069.15,-0.0221178052536191,-2.187500000000009,-3.0359355638166163,8.117443868739205,1.586358358235631,1.199494949116329,1.2246847019470868,2.370249866578639,1.214057507599351,0.0,0.023642172523961724,0
2025-11-08 16:00:00+00:00,3.12,3.166,3.095,3.138,58.29,0.0025526497587789,0.2555910543130979,-2.667493796526066,1.553398058252431,0.0552558986074117,0.8843967148185741,1.2581592555240957,1.96964014309817,2.2625876347155467,0.8922880812962761,0.021351179094964978,0
2025-11-08 17:00:00+00:00,3.155,3.246,3.155,3.217,2463.8,0.0248635939460484,2.517527087316762,-1.6207951070336346,0.5312500000000053,2.3091864939717355,0.8934072702115169,1.6039349826561873,1.9026477526566297,2.828722411305967,0.9014609882183804,0.010568852968604325,0
2025-11-08 18:00:00+00:00,3.202,3.233,3.202,3.205,39.59,-0.0037371578842559,-0.3730183400683873,-1.89776553412917,-0.7125154894671692,0.041035350536156,0.8660686666049904,1.6017155509614185,1.8954482264685812,0.9672386892457956,0.8736349451252315,0.015600624024960874,0
2025-11-08 19:00:00+00:00,3.204,3.204,3.144,3.173,523.64,-0.0100345777715748,-0.9984399375975062,-1.9468479604449973,-2.128315854410856,0.5540125858243805,0.9675405739801728,1.605802905079826,1.902866955142398,1.8909549316448313,0.0,0.028364323983611772,0
2025-11-08 20:00:00+00:00,3.143,3.215,3.142,3.215,35.25,0.0131498450885242,1.3236684525685494,0.4687499999999955,0.0,0.0373496247156993,0.0,1.6720311858423862,1.9167836746198617,2.270606531175549,0.0,-0.007153965785380967,0
2025-11-08 21:00:00+00:00,3.204,3.204,3.197,3.204,88.15,-0.0034273284834698,-0.3421461897356037,2.3642172523961724,-1.8983466013472117,0.0990629383988113,0.0,1.2907636946133063,1.8880716531075117,0.2184769038019771,0.0,-0.01716604244694142,0
2025-11-08 22:00:00+00:00,3.205,3.205,3.205,3.205,1000.0,0.0003120611665206,0.0312109862671716,2.135117909496498,-1.5360983102918555,1.1603861571719911,0.0,1.2986393462376082,1.88738485528941,0.0,0.0,-0.0177847113884555,0
2025-11-08 23:00:00+00:00,3.221,3.251,3.221,3.251,116.3,0.0142505509491347,1.4352574102963978,1.0568852968604323,0.0615574022776232,0.1424833304915236,0.0,0.9839489675732094,1.9113792912807168,0.9227929864894456,0.0,-0.039987696093509606,0
2025-11-09 00:00:00+00:00,3.253,3.292,3.239,3.255,129.31,0.0012296343387641,0.1230390649030965,1.5600624024960874,1.7823639774859237,0.1599001680180168,1.123936816183492,0.9487950110333598,1.881367636515897,1.6282642084091334,1.1367127492667526,-0.03870967741935483,0
2025-11-09 01:00:00+00:00,3.254,3.304,3.254,3.263,366.0,0.002454741950651,0.2457757296467022,2.836432398361177,-4.001176816710805,0.480066107463349,1.2409200964767169,0.7280056975199821,1.379179569858597,1.5323322091534324,1.2565124115058168,-0.035243640821330025,0
2025-11-09 02:00:00+00:00,3.26,3.276,3.192,3.192,244.32,-0.0219993380236211,-2.1759117376647152,-0.7153965785380967,-7.101280558789281,0.3410462618668541,2.56410256331986,1.1813885905266452,1.4119160394206507,2.63157894654398,0.5012531326750465,-0.024749373433583965,0
2025-11-09 03:00:00+00:00,3.203,3.205,3.133,3.149,121.08,-0.0135627374686747,-1.347117794486219,-1.716604244694142,-7.13653789442642,0.1835179193822359,1.747269890250463,1.2873720188758675,1.4131190314325988,2.286440139000815,0.063512226083363,-0.020323912353128026,0
2025-11-09 04:00:00+00:00,3.141,3.186,3.141,3.148,24.18,-0.0003176115637307,-0.0317561130517618,-1.77847113884555,-7.872402692420244,0.0368619569511337,1.1927181414963162,1.2844971714627536,1.3960999383322212,1.4294790338534031,1.207115628587314,-0.01969504447268111,0
2025-11-09 05:00:00+00:00,3.109,3.138,3.095,3.121,2040.96,-0.0086138672665145,-0.8576874205845075,-3.9987696093509606,-5.395574416489845,3.716856544912198,0.5417463350727355,0.9717934254498164,1.228996885171875,1.3777635368863208,0.5446972122573832,0.010253123998718472,0
2025-11-09 06:00:00+00:00,3.11,3.134,3.11,3.129,11.93,0.0025600013981027,0.2563280999679618,-3.870967741935482,-5.866425992779778,0.0226871319937098,0.1595405232420066,0.9950225324726936,1.2157402637458374,0.7670182164375148,0.159795461757812,0.009907318632150997,0
2025-11-09 07:00:00+00:00,3.141,3.161,3.138,3.148,42.21,0.0060538658684117,0.6072227548737708,-3.5243640821330025,-4.053642182261507,0.0808695568872963,0.4112622586487592,1.0685153713605555,1.206414966636472,0.7306226173028559,0.4129606097798695,0.02064803049555275,0
2025-11-09 08:00:00+00:00,3.137,3.137,3.113,3.113,4.59,-0.0111804390956857,-1.1118170266836147,-2.4749373433583965,-5.780871670702171,0.0088586238896393,0.765062161056723,0.8022202954940032,1.2063806236123318,0.7709604880273182,0.0,0.03180212014134276,0
2025-11-09 09:00:00+00:00,3.122,3.131,3.085,3.085,40.57,-0.0090352341021199,-0.8994539029874682,-2.032391235312802,-4.429987608426278,0.0782633648068953,1.4691791755128722,0.7125599791890487,1.1324470498743184,1.4910858990304363,0.2917341976363875,0.05121555915721232,0
2025-11-09 10:00:00+00:00,3.064,3.091,3.048,3.086,109.28,0.0003240965836179,0.032414910858991,-1.9695044472681111,-4.280397022332516,0.2133928694922105,0.1617599481844949,0.7186077056054346,1.1332858856979666,1.3933895005206174,0.1620220349442682,0.044069993519118666,0
2025-11-09 11:00:00+00:00,3.099,3.166,3.099,3.153,62.14,0.0214786266219546,2.17109526895658,1.0253123998718472,-3.5779816513761498,0.1333848498505304,0.4106127604514774,1.1780780059499665,1.1867062645459654,2.124960354543296,0.4123057404337723,0.009197589597208955,0
2025-11-09 12:00:00+00:00,3.134,3.182,3.134,3.16,142.53,0.002217647035897,0.2220107833809104,0.9907318632150997,-3.275176002448721,0.3091564246257762,0.6913890632647991,1.1776610890744037,1.1891193722892852,1.518987341291461,0.6962025314252459,0.025316455696202445,0
2025-11-09 13:00:00+00:00,3.165,3.217,3.165,3.213,139.85,0.0166330525349007,1.6772151898734269,2.064803049555275,-0.7107540173053151,0.3007712842454221,0.1243394466508115,1.3266752233900665,1.2304212899195033,1.6184251473332023,0.124494242102554,0.0009337068160597539,0
2025-11-09 14:00:00+00:00,3.189,3.241,3.175,3.212,135.28,-0.000311284049206,-0.0311235605353177,3.180212014134276,0.374999999999992,0.3243995044155124,0.894785559736256,1.1501230154534854,1.2084006586229683,2.0547945199082296,0.9028642587475488,-0.003424657534246589,0
2025-11-09 15:00:00+00:00,3.225,3.259,3.225,3.243,213.02,0.0096050312406656,0.9651307596513004,5.121555915721232,3.610223642172517,0.6271234883026383,0.4909481434516886,0.9160564685211086,1.1247739202788358,1.04841196390736,0.493370335956408,-0.014184397163120477,0
2025-11-09 16:00:00+00:00,3.244,3.246,3.198,3.222,425.49,-0.0064965425703982,-0.6475485661424529,4.406999351911867,2.676864244741872,1.198637943436767,0.7393715339681548,1.065348244935188,1.1361241241866522,1.4897579138765509,0.062073246411516,0.0012414649286158763,0
2025-11-09 17:00:00+00:00,3.195,3.195,3.168,3.182,55.28,-0.0124923548391874,-1.2414649286157653,0.9197589597208956,-1.0879701585328028,0.2171053600495487,0.4068857588710811,1.056620302698194,1.0489623211120969,0.8485229412795243,0.0,0.020427404148334327,0
2025-11-09 18:00:00+00:00,3.176,3.24,3.176,3.24,60.85,0.0180633998886429,1.8227529855436853,2.5316455696202445,1.0920436817472678,0.2381523137652305,0.0,1.256491027580628,1.111820183603306,1.9753086413656469,0.0,-0.002777777777777879,0
2025-11-09 19:00:00+00:00,3.227,3.233,3.216,3.216,38.38,-0.007434978487518,-0.7407407407407418,0.0933706816059753,1.3551843681058884,0.1631181434218623,0.525827404724455,1.1593426348472944,1.1023853870990674,0.5286069650097586,0.1865671641210993,0.002798507462686617,0
2025-11-09 20:00:00+00:00,3.199,3.205,3.199,3.201,27.76,-0.004675090328994,-0.4664179104477695,-0.3424657534246589,-0.4354587869362269,0.1181389707520161,0.1248049921607473,1.1764191273981242,1.0735510743483083,0.1874414244962765,0.1249609496641797,0.005310840362386715,0
2025-11-09 21:00:00+00:00,3.185,3.2,3.185,3.197,98.21,-0.0012503909100216,-0.1249609497032233,-1.4184397163120477,-0.2184769038701683,0.4172106656831,0.0937499999707066,1.0669906279282688,1.071607594587904,0.4691898653521496,0.0938379730704327,0.019705974350954003,0
2025-11-09 22:00:00+00:00,3.193,3.226,3.193,3.226,114.08,0.0090301096253127,0.9071004066312228,0.1241464928615876,0.6552262090483651,0.5747585859405084,0.0,1.1334288887618047,1.0876892446030078,1.0229386233654845,0.0,0.0055796652200867936,0
2025-11-09 23:00:00+00:00,3.231,3.25,3.222,3.247,566.17,0.0064885134176916,0.6509609423434481,2.0427404148334327,-0.1230390649031076,2.6063408823561756,0.0923076922792934,0.9596635008855946,1.0553781087144225,0.8623344623152658,0.0923929781052104,-0.0027717893440097896,0
2025-11-10 00:00:00+00:00,3.235,3.267,3.214,3.231,166.56,-0.0049398062783477,-0.4927625500461996,-0.2777777777777879,-0.7373271889400956,0.7613127342501083,1.101928374318358,0.671497780803111,1.059627416335321,1.640359021466925,0.9904054469234284,0.012999071494893322,0
2025-11-10 01:00:00+00:00,3.261,3.261,3.196,3.225,442.97,-0.0018587365946253,-0.1857010213556109,0.2798507462686617,-1.1645724793135082,1.9954764635239868,1.1039558414277972,0.5892683437853785,1.0583944569341468,2.015503875344028,0.0,0.01116279069767434,0
2025-11-10 02:00:00+00:00,3.218,3.218,3.218,3.218,23.89,-0.0021729016775443,-0.2170542635658967,0.5310840362386715,0.8145363408521344,0.1122637187057846,0.0,0.5533701474149996,0.9555747866412184,0.0,0.0,0.010876320696084463,0
2025-11-10 03:00:00+00:00,3.232,3.265,3.21,3.26,320.94,0.0129671468084248,1.3051584835301444,1.9705974350954003,3.524928548745621,1.451363451356888,0.1531393567678083,0.7223579769141493,0.941118871677924,1.6871165638996624,0.1533742330817974,0.0024539877300613355,0
2025-11-10 04:00:00+00:00,3.252,3.252,3.214,3.244,99.73,-0.0049200591254496,-0.490797546012256,0.5579665220086794,3.0495552731893305,0.4446715106052067,0.2460024599489403,0.7237027027691849,0.949514973703402,1.1713933411925364,0.0,-0.0030826140567201676,0
2025-11-10 05:00:00+00:00,3.238,3.249,3.234,3.238,1040.29,-0.0018512809977232,-0.1849568434032167,-0.2771789344009789,3.7487984620314,5.697617526212518,0.3385657124227289,0.6739067908614522,0.9287731707456904,0.4632489189427929,0.3397158738913823,0.004014823965410752,0
2025-11-10 06:00:00+00:00,3.248,3.275,3.248,3.273,519.07,0.0107511402636,1.0809141445336623,1.2999071494893322,4.60210930009588,2.5480309420345604,0.0610687022714226,0.7638634347954797,0.9475693747500056,0.8249312554766384,0.0611060189241894,-0.005194011610143656,0
2025-11-10 07:00:00+00:00,3.264,3.264,3.249,3.261,119.73,-0.0036730987118613,-0.3666361136571927,1.116279069767434,3.58958068614994,0.5785618504157954,0.0919117646777129,0.7861841894586399,0.949716833811267,0.4599816005949053,0.0,0.008279668813247376,0
2025-11-10 08:00:00+00:00,3.253,3.253,3.253,3.253,66.6,-0.0024562493159676,-0.2453235203925152,1.0876320696084465,4.497269514937363,0.3178574056345657,0.0,0.7891635363630866,0.9152649953950622,0.0,0.0,-0.025207500768521407,0
2025-11-10 09:00:00+00:00,3.225,3.268,3.203,3.268,358.76,0.0046005295065418,0.4611128189363489,0.2453987730061335,5.9319286871960974,1.6103357858558769,0.0,0.6048300723426256,0.88674487671857,1.9889840875186693,0.0,-0.02233782129742956,0
2025-11-10 10:00:00+00:00,3.24,3.24,3.234,3.234,50.92,-0.0104584158428413,-1.040391676866581,-0.3082614056720167,4.795852235904086,0.2310825375804962,0.1851851851280362,0.7314284098012735,0.9242475044446028,0.1855287568999672,0.0,-0.03215831787260359,0
2025-11-10 11:00:00+00:00,3.243,3.257,3.238,3.251,226.3,0.0052428801668532,0.5256648113791007,0.4014823965410752,3.1081509673327012,0.9960643062241356,0.1842186060226601,0.762190573955092,0.8296906091019539,0.5844355581099899,0.1845585972978973,-0.013534297139341733,0
2025-11-10 12:00:00+00:00,3.25,3.256,3.25,3.256,377.94,0.0015368068185254,0.1537988311288707,-0.5194011610143656,3.037974683544298,1.5946639193894816,0.0,0.5922802679296725,0.8294707792817281,0.184275184218582,0.0,-0.01259213759213762,0
2025-11-10 13:00:00+00:00,3.278,3.354,3.278,3.288,1574.21,0.0097800290536397,0.9828009828009908,0.8279668813247376,2.334267040149385,5.304515453275454,1.9677996416315529,0.7081573709239665,0.7847943209698437,2.311435522411366,2.007299269462509,-0.01338199513381988,0
2025-11-10 14:00:00+00:00,3.248,3.248,3.171,3.171,501.63,-0.0362324816377232,-3.558394160583944,-2.5207500768521407,-1.2764632627646488,1.6076210010123704,2.3706896544425335,1.7089171408842925,1.0923804344782897,2.42825606987442,0.0,0.021759697256386046,0
2025-11-10 15:00:00+00:00,3.178,3.205,3.178,3.195,1513.13,0.0075400922732878,0.7568590350047311,-2.233782129742956,-1.480111008325624,4.1319347494280665,0.3120124804018753,1.7432516532940554,1.0848335030035452,0.8450704222707177,0.3129890452854567,0.012206572769953183,0
2025-11-10 16:00:00+00:00,3.161,3.161,3.13,3.13,1045.14,-0.0205540832774362,-2.0344287949921713,-3.2158317872603592,-2.8553693358162713,2.6660204452482548,0.9807023090855146,1.8652313080272684,1.153699038391797,0.9904153351468366,0.0,0.053674121405750785,0
2025-11-10 17:00:00+00:00,3.137,3.207,3.137,3.207,179.14,0.0243029161589561,2.460063897763587,-1.353429713934173,0.7856693903205425,0.4510259745698014,0.0,2.2135088049111578,1.2385717111539942,2.182725287750938,0.0,0.0190208917991892,0
2025-11-10 18:00:00+00:00,3.215,3.215,3.215,3.215,3.39,0.0024914369785648,0.2494543186778886,-1.259213759213762,-0.7716049382716195,0.0085868617637466,0.0,2.217133451448384,1.1810663004229605,0.0,0.0,0.0018662519440124647,0
2025-11-10 19:00:00+00:00,3.183,3.244,3.183,3.244,117.04,0.0089797785635839,0.9020217729393654,-1.338199513381988,0.8706467661691475,0.2940211019922274,0.0,2.208773781922661,1.1856087879505983,1.8803945740196188,0.0,0.0055487053020961685,0
2025-11-10 20:00:00+00:00,3.249,3.254,3.236,3.24,173.76,-0.0012338064489284,-0.1233045622688,2.1759697256386046,1.2183692596063669,0.4299393789423977,0.4302397048462628,1.4704356587698797,1.1813263088550547,0.5555555553840814,0.1543209876066877,0.018827160493827044,0
2025-11-10 21:00:00+00:00,3.219,3.234,3.203,3.234,262.62,-0.0018535686493229,-0.1851851851851882,1.2206572769953183,1.1573350015639638,0.6389774544008637,0.0,1.4699456606023351,1.1817799840686058,0.958565243983132,0.0,0.02504638218923927,0
2025-11-10 22:00:00+00:00,3.236,3.298,3.201,3.298,1027.72,0.0195964629824921,1.9789734075448484,5.3674121405750785,2.2318660880347174,2.2885582664073403,0.0,1.1053194982256087,1.2335673565484433,2.9411764696964284,0.0,-0.014554275318374832,0
2025-11-10 23:00:00+00:00,3.269,3.269,3.252,3.268,3107.54,-0.0091380471396507,-0.9096422073984312,1.90208917991892,0.6467508469356398,5.599583152504134,0.030590394606743,1.0001551609443486,1.2440914248,0.5201958382741245,0.0,-0.01835985312117494,0
2025-11-11 00:00:00+00:00,3.262,3.262,3.221,3.221,1508.86,-0.0144863066486945,-1.438188494492032,0.1866251944012464,-0.3095017022593516,2.4699440432335367,1.256897608443622,1.2348225493324605,1.276312396853495,1.272896615562588,0.0,-0.004036013660353888,0
2025-11-11 01:00:00+00:00,3.269,3.374,3.259,3.262,1048.66,0.0126486338497603,1.2728966159577748,0.5548705302096169,1.1472868217054175,1.648511398103521,3.319502073704952,1.2940025145442986,1.3018631959452434,3.525444511488221,3.218884119184891,-0.01839362354383811,0
2025-11-11 02:00:00+00:00,3.293,3.336,3.29,3.301,262.8,0.0118849486722339,1.1955855303494856,1.8827160493827044,2.5792417650714716,0.4067607726591029,1.049160671148324,1.3594634172339817,1.3209157386917858,1.3935171156032913,1.0602847618720646,-0.0430172674946987,0
2025-11-11 03:00:00+00:00,3.306,3.35,3.305,3.315,217.64,0.0042321707667698,0.4241139048773101,2.504638218923927,1.6871165644171793,0.3391215260775025,1.0447761190911158,1.3375619012512894,1.298528289002571,1.357466062938922,1.05580693784139,-0.044343891402714886,0
2025-11-11 04:00:00+00:00,3.308,3.308,3.25,3.25,62.58,-0.0198026272961796,-1.9607843137254832,-1.4554275318374832,0.1849568434032056,0.0977464405577996,1.7533252715376837,1.3919963933411603,1.360572408743744,1.7846153840662669,0.0,-0.025230769230769168,0
2025-11-11 05:00:00+00:00,3.25,3.266,3.208,3.208,4091.22,-0.0130073063373779,-1.2923076923076815,-1.835985312117494,-0.9264978381717026,5.331621815331555,1.7758726265229976,1.4374341962046162,1.3862612704883284,1.8079800493117213,0.4987531170515112,-0.004675810473815489,0
2025-11-11 06:00:00+00:00,3.208,3.208,3.208,3.208,0.0,0.0,0.0,-0.4036013660353887,-1.9859456156431363,0.0,0.0,1.324959908436198,1.3659228638972436,0.0,0.0,-0.01340399002493775,0
2025-11-11 07:00:00+00:00,3.192,3.202,3.163,3.202,227.97,-0.0018720754297451,-0.1870324189526262,-1.8393623543838111,-1.8092609628948209,0.3038659703632102,0.0,1.154607713133874,1.3647905694338636,1.217988756646479,0.0,-0.0012492192379762734,0
2025-11-11 08:00:00+00:00,3.147,3.159,3.143,3.159,110.49,-0.0135200927545748,-1.342910680824494,-4.30172674946987,-2.889640332001242,0.1469163066372331,0.0,0.9416125570374796,1.389233144124442,0.5064893952179526,0.0,0.012978790756568603,0
2025-11-11 09:00:00+00:00,3.164,3.168,3.164,3.168,38.09,0.0028449521322313,0.2849002849002913,-4.434389140271488,-3.0599755201958234,0.0515635866857671,0.0,0.9086769376697356,1.3864936642719787,0.1262626262227707,0.0,0.010101010101010166,0
2025-11-11 10:00:00+00:00,3.168,3.168,3.168,3.168,0.0,0.0,0.0,-2.5230769230769168,-2.0408163265306034,0.0,0.0,0.7137820529224408,1.372808635410746,0.0,0.0,0.004419191919191823,0
2025-11-11 11:00:00+00:00,3.172,3.193,3.172,3.193,113.18,0.0078604397804655,0.7891414141414144,-0.4675810473815489,-1.7840664410950446,0.1546460951619743,0.0,0.71065724797158,1.3788935522192138,0.6576886938121835,0.0,0.006890072032571082,0
2025-11-11 12:00:00+00:00,3.155,3.172,3.154,3.165,3192.87,-0.0088078581365054,-0.8769182586908841,-1.340399002493775,-2.794840294840284,3.7600629646741144,0.2206809583163085,0.7789805466145376,1.38757504317934,0.5687203789672365,0.2211690362650371,-0.0006319115323855096,0
2025-11-11 13:00:00+00:00,3.2,3.2,3.195,3.198,373.09,0.0103725588156229,1.0426540284360186,-0.1249219237976273,-2.737226277372262,0.4668838536359765,0.0624999999804757,0.9355010410162052,1.389661266790421,0.1563477172744484,0.0,-0.020325203252032464,0
2025-11-11 14:00:00+00:00,3.2,3.2,3.2,3.2,49.58,0.0006251953939185,0.0625390869293474,1.2978790756568603,0.9145380006307268,0.0635420054243142,0.0,0.6748699648892199,1.171751588986616,0.0,0.0,-0.03593750000000007,0
2025-11-11 15:00:00+00:00,3.2,3.2,3.2,3.2,0.0,0.0,0.0,1.0101010101010166,0.156494522691708,0.0,0.0,0.6789857863478965,1.1617832137624873,0.0,0.0,-0.038125000000000075,0
2025-11-11 16:00:00+00:00,3.202,3.21,3.182,3.182,59.9,-0.0056408798900858,-0.5625000000000102,0.4419191919191823,1.6613418530351476,0.0885868620801813,0.8722741430304449,0.7428656672347838,1.0839825060211137,0.8799497168824805,0.2514142048235658,-0.012256442489000707,0
2025-11-11 17:00:00+00:00,3.215,3.215,3.215,3.215,3.39,0.0103174277739874,1.0370835952231203,0.6890072032571082,0.2494543186778886,0.0050684041441728,0.0,0.7949465939971097,0.9845353261863736,0.0,0.0,-0.051944012441679566,0
2025-11-11 18:00:00+00:00,3.163,3.163,3.163,3.163,21.17,-0.0163064133660709,-1.617418351477451,-0.0631911532385509,-1.617418351477451,0.0316163425775359,0.0,1.0120100891048194,1.0380340792150482,0.0,0.0,-0.03635788808093576,0
2025-11-11 19:00:00+00:00,3.154,3.154,3.133,3.133,169.63,-0.0095299323534569,-0.9484666455896184,-2.0325203252032464,-3.421701602959315,0.2525076351687887,0.6658211792435541,0.9220630372954046,1.0318913555748046,0.6702840725597532,0.0,-0.027130545802744988,0
2025-11-11 20:00:00+00:00,3.117,3.198,3.085,3.085,545.21,-0.0154393546127036,-1.532077880625604,-3.5937500000000067,-4.783950617283961,0.7933111073510621,3.5334584104022952,1.0100609686547954,1.0706088174549746,3.6628849258791294,2.6256077787275163,-0.011993517017828137,0
2025-11-11 21:00:00+00:00,3.078,3.078,3.078,3.078,8.09,-0.0022716219406637,-0.2269043760129707,-3.812500000000007,-4.823747680890545,0.0119559006088613,0.0,0.9866089966789396,1.0706107386520651,0.0,0.0,0.0032488628979858714,0
2025-11-11 22:00:00+00:00,3.143,3.143,3.143,3.143,1.61,0.0208977223987431,2.1117608836907165,-1.2256442489000707,-4.699818071558526,0.0025398377895483,0.0,1.495372665146135,1.082320566404926,0.0,0.0,-0.017499204581609806,0
2025-11-11 23:00:00+00:00,3.05,3.05,3.048,3.048,203.46,-0.0306921199910306,-3.0225898822780706,-5.194401244167956,-6.731946144430834,0.3966890586036042,0.0655737704702964,1.7347913511010924,1.224201756536139,0.0656167978787274,0.0,0.015419947506561726,0
2025-11-12 00:00:00+00:00,3.048,3.048,3.048,3.048,0.0,0.0,0.0,-3.635788808093576,-5.371002794163305,0.0,0.0,1.7230625394982886,1.2000862643069934,0.0,0.0,0.015419947506561726,0
2025-11-12 01:00:00+00:00,3.048,3.048,3.048,3.048,0.0,0.0,0.0,-2.7130545802744988,-6.560392397302273,0.0,0.0,1.729834693613696,1.1586408470443768,0.0,0.0,0.009842519685039353,0
2025-11-12 02:00:00+00:00,3.048,3.048,3.048,3.048,0.0,0.0,0.0,-1.1993517017828137,-7.664344138139956,0.0,0.0,1.649009698381708,1.117701446317142,0.0,0.0,0.02296587926509175,0
2025-11-12 03:00:00+00:00,3.073,3.112,3.073,3.088,39.1,0.0130379943381298,1.3123359580052396,0.3248862897985871,-6.847662141779787,0.1007880240110047,0.7712082259732628,1.758952438651058,1.1573304464607188,1.2629533674666649,0.7772020722871762,0.011010362694300557,0
2025-11-12 04:00:00+00:00,3.088,3.088,3.088,3.088,0.0,0.0,0.0,-1.7499204581609806,-4.984615384615387,0.0,0.0,1.4560568902417192,1.101229527562101,0.0,0.0,0.009715025906735786,0
2025-11-12 05:00:00+00:00,3.094,3.095,3.094,3.095,52.95,0.0022642739740296,0.226683937823835,1.5419947506561726,-3.5224438902743183,0.24392584715557,0.0,0.521708086464107,1.0795561992595852,0.0323101776955486,0.0,0.009369951534733412,0
2025-11-12 06:00:00+00:00,3.095,3.095,3.095,3.095,0.0,0.0,0.0,1.5419947506561726,-3.5224438902743183,0.0,0.0,0.521708086464107,1.0795561992595852,0.0,0.0,0.0009693053311792266,0
2025-11-12 07:00:00+00:00,3.079,3.079,3.078,3.078,145.86,-0.005507870719872,-0.5492730210016283,0.9842519685039351,-3.8725796377264254,0.682696039328509,0.0324780772872865,0.6155720951409295,1.0826561398850416,0.0324886289693127,0.0,0.013970110461338558,0
2025-11-12 08:00:00+00:00,3.115,3.118,3.115,3.118,14.0,0.0129117352188972,1.299545159194282,2.296587926509175,-1.2978790756568492,0.0667835378575994,0.0,0.7566210429893117,1.0910180514291192,0.0962155227401383,0.0,-0.028864656831302127,0
2025-11-12 09:00:00+00:00,3.113,3.122,3.113,3.122,13.03,0.0012820514576555,0.128287363694679,1.1010362694300555,-1.45202020202021,0.0624675397310693,0.0,0.6063591271617456,1.089372291147763,0.2882767455835083,0.0,-0.03907751441383722,0
2025-11-12 10:00:00+00:00,3.118,3.118,3.118,3.118,35.94,-0.0012820514576555,-0.1281229980781506,0.9715025906735786,-1.5782828282828398,0.1710729344743803,0.0,0.6162547814289121,1.0893747843200507,0.0,0.0,-0.0689544579858884,0
2025-11-12 11:00:00+00:00,3.124,3.124,3.124,3.124,7.98,0.0019224613418549,0.1924310455420297,0.9369951534733412,-2.1609771374882514,0.0387938892330487,0.0,0.6156882167229977,1.0758341827346871,0.0,0.0,-0.06145966709346995,0
2025-11-12 12:00:00+00:00,3.098,3.098,3.098,3.098,14.09,-0.0083574899827627,-0.8322663252240847,0.0969305331179226,-2.1169036334913183,0.1923461958473924,0.0,0.7398971739993815,1.0744351149732294,0.0,0.0,-0.04228534538411877,0
2025-11-12 13:00:00+00:00,3.153,3.153,3.121,3.121,12.38,0.0073967212939654,0.742414460942542,1.3970110461338558,-2.407754846779231,0.2126280083262822,1.014906437990833,0.7296252925260374,1.062521898946062,1.0253123995433164,0.0,-0.074975969240628,0
2025-11-12 14:00:00+00:00,3.121,3.121,3.028,3.028,562.12,-0.03025112771344,-2.979814162127526,-2.8864656831302127,-5.375000000000007,7.063620798797049,2.97981416117276,1.3443916997009953,1.2174274836758956,3.0713342129883294,0.0,-0.03269484808454437,0
2025-11-12 15:00:00+00:00,3.038,3.038,2.955,3.0,959.48,-0.0092900469070926,-0.9247027741083214,-3.907751441383722,-6.25,8.025231843634847,1.2508229093973529,1.3164427040834674,1.224538146720854,2.766666665744436,0.0,-0.01433333333333342,0
2025-11-12 16:00:00+00:00,2.95,3.006,2.902,2.903,4656.19,-0.0328676036256168,-3.2333333333333325,-6.89544579858884,-8.768070395977368,14.968302954270843,3.4264803714482683,1.6487504621746627,1.3704929260593812,3.5825008599440107,1.9290389245852295,0.019290389252497375,0
2025-11-12 17:00:00+00:00,2.91,3.055,2.903,2.932,10381.98,0.0099400989819121,0.99896658629004,-6.145966709346995,-8.802488335925352,13.963447089719269,4.026186578060175,1.808054543115248,1.3688207914554107,5.184174623061336,4.195088675240428,-0.0006821282401090478,0
2025-11-12 18:00:00+00:00,2.957,2.973,2.956,2.967,134.9,0.0118665572842798,1.193724420191011,-4.228534538411877,-6.196648751185574,0.1802873371197056,0.2018163470562267,2.0322054661248674,1.378028503741246,0.5729693290957266,0.2022244690926032,-0.010111223458038499,0
2025-11-12 19:00:00+00:00,2.913,2.916,2.887,2.887,439.75,-0.0273334406278866,-2.6963262554769107,-7.497596924062799,-7.851899138206198,0.578995529982582,0.9945130312090118,2.0278695588412416,1.4619518563681897,1.0045029438848243,0.1039140976432619,0.028056806373397913,0
2025-11-12 20:00:00+00:00,2.963,2.963,2.929,2.929,28.84,0.0144431671647982,1.4547973675095085,-3.269484808454437,-5.05672609400325,0.0390791423771825,1.1474856560420317,2.0869899361398816,1.4821333315539118,1.1608057353496823,0.0,0.013315124615910001,0
2025-11-12 21:00:00+00:00,2.957,2.957,2.935,2.957,73.33,0.0095141730247438,0.955957664731999,-1.433333333333342,-3.9311241065627,0.098999886932356,0.0,2.1593534227214395,1.501157527983368,0.7439972943036802,0.0,0.015218126479540128,0
2025-11-12 22:00:00+00:00,2.92,2.959,2.92,2.959,119.86,0.0006761325477325,0.0676361176868534,1.9290389252497375,-5.854279350938585,0.1607488918838832,0.0,1.565551142982197,1.4237294041497788,1.3180128417309906,0.0,0.0074349442379182396,0
2025-11-12 23:00:00+00:00,2.931,2.943,2.911,2.93,242.06,-0.0098489503890965,-0.9800608313619396,-0.0682128240109047,-3.8713910761154824,0.3239373162686979,0.441726129649427,1.602771412690331,1.302804539223894,1.0921501702757177,0.409556313853394,0.027303754266211566,0
2025-11-13 00:00:00+00:00,2.929,2.937,2.929,2.937,62.36,0.0023862291875069,0.2389078498293395,-1.01112234580385,-3.641732283464571,0.0831642235581958,0.0,1.5047798752287875,1.305023305533128,0.2723867891479788,0.0,0.034388832141641235,0
2025-11-13 01:00:00+00:00,2.945,2.968,2.945,2.968,6.64,0.0104996730886509,1.0554988083077976,2.8056806373397913,-2.6246719160105014,0.0088519366944208,0.0,0.8773961894599274,1.3278301893730784,0.7749326142941646,0.0,0.005390835579514919,0
2025-11-13 02:00:00+00:00,2.968,2.968,2.968,2.968,0.0,0.0,0.0,1.331512461591,-2.6246719160105014,0.0,0.0,0.741290274302119,1.3278301893730784,0.0,0.0,0.005390835579514919,0
2025-11-13 03:00:00+00:00,2.954,3.01,2.954,3.002,104.32,0.0113904079061362,1.1455525606469008,1.5218126479540128,-2.7849740932642586,0.1385693870839854,0.2657807308087109,0.781176483447357,1.320604791663408,1.8654230506777272,0.2664890072396775,-0.011325782811459018,0
2025-11-13 04:00:00+00:00,2.981,2.981,2.981,2.981,20.25,-0.0070199185153357,-0.6995336442371713,0.743494423791824,-3.4650259067357525,0.0268681817151162,0.0,0.8750024750289197,1.325649310271824,0.0,0.0,0.02381751090238171,0
2025-11-13 05:00:00+00:00,3.008,3.052,3.008,3.01,116.1,0.0096812640648498,0.9728279100972737,2.7303754266211566,-2.746365105008086,0.1535083128297291,1.376146788539934,0.7317720921704512,1.3432602072296345,1.4617940194479104,1.39534883674574,-0.012292358803986714,0
2025-11-13 06:00:00+00:00,3.01,3.038,3.01,3.038,30.77,0.0092593254127967,0.930232558139532,3.4388832141641235,-1.8416801292407192,0.040615480059323,0.0,0.7459194856569286,1.3599314000545115,0.9216589858717392,0.0,-0.021395655036207994,0
2025-11-13 07:00:00+00:00,2.994,2.994,2.984,2.984,15.62,-0.0179347218320666,-1.7774851876234288,0.5390835579514919,-3.053931124106557,0.0207666855565232,0.3340013358937948,1.162169815979325,1.4017511256256805,0.3351206433193373,0.0,-0.0023458445040215326,0
2025-11-13 08:00:00+00:00,2.984,2.984,2.984,2.984,0.0,0.0,0.0,0.5390835579514919,-4.297626683771649,0.0,0.0,1.162169815979325,1.36926720942102,0.0,0.0,0.0170911528150135,0
2025-11-13 09:00:00+00:00,2.968,2.968,2.968,2.968,73.74,-0.0053763570363804,-0.536193029490617,-1.1325782811459018,-4.932735426008961,0.0977838187271822,0.0,1.0561033413010184,1.3694324074786677,0.0,0.0,0.0121293800539084,0
2025-11-13 10:00:00+00:00,2.977,3.052,2.977,3.052,10508.35,0.0279087881170766,2.8301886792452935,2.381751090238171,-2.1167415009621493,8.827112422296095,0.0,1.559858954849639,1.5004490561827797,2.4574049795355872,0.0,-0.044560943643512485,0
2025-11-13 11:00:00+00:00,3.018,3.018,2.973,2.973,8.91,-0.0262255694062499,-2.58846657929227,-1.2292358803986714,-4.833546734955196,0.0074842398372611,1.4910536774383496,1.9377712655694104,1.5851190890178952,1.5136226029217523,0.0,-0.03632694248234092,0
2025-11-13 12:00:00+00:00,2.973,2.973,2.973,2.973,0.0,0.0,0.0,-2.139565503620799,-4.034861200774698,0.0,0.0,1.8650896410213436,1.579864087451344,0.0,0.0,-0.04877228388832833,0
2025-11-13 13:00:00+00:00,2.998,2.998,2.977,2.977,101.35,0.0013445380176787,0.1345442314160783,-0.2345844504021532,-4.613905799423268,0.0849096517181589,0.7004669777516905,1.7300142321621768,1.569482138956688,0.7054081287519742,0.0,-0.05979173664763182,0
2025-11-13 14:00:00+00:00,2.994,3.035,2.974,3.035,17.35,0.0192953424778222,1.948270070540814,1.70911528150135,0.2311756935270859,0.0148173716245783,0.0,1.9088419728290111,1.505852601689183,2.009884678085703,0.0,-0.06622734761120264,0
2025-11-13 15:00:00+00:00,3.008,3.008,2.947,3.004,583.54,-0.0102666906095733,-1.0214168039538785,1.21293800539084,0.1333333333333408,0.5051162780628105,0.132978723360047,1.960600795688609,1.5086287878177598,2.030625831547726,0.0,-0.07090545938748338,0
2025-11-13 16:00:00+00:00,2.973,2.999,2.916,2.916,196.29,-0.0297319197554766,-2.929427430093212,-4.456094364351248,0.4478126076472577,0.202479894748894,2.7675891954759684,1.8466018048516435,1.479961765611047,2.846364882425807,0.8916323728080907,-0.03978052126200282,0
2025-11-13 17:00:00+00:00,2.917,2.917,2.859,2.865,2390.0,-0.0176444639797087,-1.7489711934156271,-3.632694248234092,-2.28512960436561,3.755320200618284,1.7826534104275993,1.7009591777542383,1.5077693990030905,2.02443280906651,0.0,0.0024432809773122788,0
2025-11-13 18:00:00+00:00,2.858,2.858,2.8,2.828,2692.93,-0.0129986021323766,-1.2914485165794187,-4.877228388832833,-4.684866868891147,3.6243279072379098,1.0496850941043876,1.689440249628147,1.5011930290592077,2.0509193769268417,0.0,0.01379066478076374,0
2025-11-13 19:00:00+00:00,2.822,2.847,2.799,2.799,55.48,-0.0103075375010098,-1.0254596888260248,-5.979173664763183,-3.0481468652580612,0.0763132239688222,1.6859852470368877,1.621545567529525,1.4139618457396477,1.7148981773080048,0.893176134014582,0.024294390853876413,0
2025-11-13 20:00:00+00:00,2.783,2.841,2.772,2.834,268.96,0.0124269307351722,1.250446588067167,-6.622734761120263,-3.2434277910549647,0.364934608984812,0.2463921153655823,1.376812363133767,1.404776883561298,2.4347212412015944,0.2470007056291499,0.007057163020465884,0
2025-11-13 21:00:00+00:00,2.83,2.83,2.767,2.791,197.94,-0.0152891867143036,-1.517290049400144,-7.090545938748338,-5.61379776800811,0.2666933141408042,1.3780918723045663,1.3836463116508064,1.4124093709101575,2.257255463182645,0.0,0.022572554639914033,0
2025-11-13 22:00:00+00:00,2.793,2.863,2.793,2.8,30.12,0.003219462626973,0.322465066284483,-3.978052126200282,-5.373436971949996,0.0407874929187828,2.2004889967864227,1.192016409691381,1.415773552432164,2.4999999991071373,2.249999999196435,0.010714285714285898,0
2025-11-13 23:00:00+00:00,2.844,2.877,2.844,2.872,48.89,0.0253892340048195,2.57142857142858,0.2443280977312278,-1.979522184300353,0.0669347418211727,0.1737921445346532,1.6231958945606928,1.5134492798076824,1.149025069237802,0.1740947074602697,0.0024373259052925533,0
2025-11-14 00:00:00+00:00,2.879,2.879,2.823,2.867,106.36,-0.0017424642847449,-0.1740947075208887,1.379066478076374,-2.3833844058563147,0.1452516827499693,0.4168113926999617,1.4974525606411857,1.511976662805659,1.9532612480107232,0.0,0.01464945936519002,0
2025-11-14 01:00:00+00:00,2.867,2.867,2.867,2.867,0.0,0.0,0.0,2.4294390853876413,-3.402964959568733,0.0,0.0,1.3785284538554874,1.4923028290824365,0.0,0.0,0.01464945936519002,0
2025-11-14 02:00:00+00:00,2.854,2.854,2.854,2.854,328.04,-0.004544667846588,-0.4534356470177858,0.7057163020465884,-3.8409703504043047,0.43994543821758,0.0,1.3447566109952305,1.4932758027588564,0.0,0.0,0.01927119831814994,0
2025-11-14 03:00:00+00:00,2.854,2.854,2.854,2.854,0.0,0.0,0.0,2.2572554639914033,-4.930046635576268,0.0,0.0,1.091445179829041,1.4679744387111255,0.0,0.0,0.01927119831814994,0
2025-11-14 04:00:00+00:00,2.815,2.83,2.752,2.83,135.87,-0.0084448073994983,-0.8409250175192673,1.0714285714285898,-5.065414290506531,0.1821048205101708,0.0,1.2005736201788295,1.4703342285026022,2.7561837446091326,0.0,0.02791519434628964,0
2025-11-14 05:00:00+00:00,2.835,2.879,2.835,2.879,14.45,0.0171662999748925,1.7314487632508868,0.2437325905292553,-4.352159468438533,0.0194777185682828,0.0,0.8817019103228053,1.5041066793447184,1.5283084398998594,0.0,-0.006946856547412339,0
2025-11-14 06:00:00+00:00,2.883,2.909,2.883,2.909,21.48,0.0103663678830256,1.0420284821118342,1.464945936519002,-4.246214614878207,0.0289688446683549,0.0,0.95797857374145,1.507828167492543,0.8937779302530775,0.0,-0.02543829494671701,0
2025-11-14 07:00:00+00:00,2.909,2.909,2.909,2.909,0.0,0.0,0.0,1.464945936519002,-2.5134048257372754,0.0,0.0,0.95797857374145,1.468354268732404,0.0,0.0,-0.03815744242007557,0
2025-11-14 08:00:00+00:00,2.909,2.909,2.909,2.909,0.0,0.0,0.0,1.927119831814994,-2.5134048257372754,0.0,0.0,0.9085524829259944,1.468354268732404,0.0,0.0,-0.010312822275696076,0
2025-11-14 09:00:00+00:00,2.909,2.909,2.909,2.909,0.0,0.0,0.0,1.927119831814994,-1.9878706199460972,0.0,0.0,0.9085524829259944,1.4655823784806767,0.0,0.0,-0.008250257820556883,0
2025-11-14 10:00:00+00:00,2.909,2.909,2.909,2.909,0.0,0.0,0.0,2.791519434628964,-4.68545216251639,0.0,0.0,0.7427006638188532,1.3322406812294574,0.0,0.0,-0.01959436232382261,0
2025-11-14 11:00:00+00:00,2.865,2.865,2.841,2.859,66.95,-0.0173374661728897,-1.7188037126160127,-0.6946856547412339,-3.834510595358221,0.2214443219397306,0.209424083696544,0.8943712292120823,1.2730055169952876,0.8394543543758475,0.0,-0.0020986358866735833,0
2025-11-14 12:00:00+00:00,2.821,2.835,2.772,2.835,537.47,-0.0084299761604593,-0.8394543546694666,-2.543829494671701,-4.64177598385469,1.6551394949823737,0.0,0.7224846719872549,1.279926130839092,2.2222222214383756,0.0,0.006349206349206327,0
2025-11-14 13:00:00+00:00,2.841,2.841,2.798,2.798,382.82,-0.0131370609364259,-1.3051146384479684,-3.815744242007557,-6.012764528048365,1.1378016431048026,1.5135515658171288,0.7641656089680077,1.2975834960035868,1.536812008028307,0.0,0.0196568977841316,0
2025-11-14 14:00:00+00:00,2.858,2.879,2.807,2.879,20.25,0.0285381353867493,2.894924946390276,-1.0312822275696076,-5.1400329489291625,0.0601645984568345,0.0,1.6375283258094258,1.3766501840367298,2.5008683561997698,0.0,-0.022229940951719374,0
2025-11-14 15:00:00+00:00,2.885,2.885,2.885,2.885,3.39,0.0020818883300239,0.2084056964223535,-0.8250257820556883,-3.961384820239688,0.0108513422133669,0.0,1.6441139041257578,1.3682356301404952,0.0,0.0,-0.02426343154246091,0
2025-11-14 16:00:00+00:00,2.853,2.853,2.852,2.852,500.0,-0.0115043974080133,-1.1438474870017257,-1.9594362323822612,-2.1947873799725626,1.5381854538881592,0.0350508236820829,1.6911999189563458,1.2513774822065142,0.0350631135922055,0.0,0.010168302945301466,0
2025-11-14 17:00:00+00:00,2.853,2.853,2.853,2.853,1.37,0.0003505696793136,0.0350631136045054,-0.2098635886673583,-0.4188481675392652,0.0060745237650693,0.0,1.5454091810338686,1.199684271532623,0.0,0.0,-0.0129688047669122,0
2025-11-14 18:00:00+00:00,2.853,2.853,2.853,2.853,0.0,0.0,0.0,0.6349206349206327,0.8840169731259007,0.0,0.0,1.4947505037004576,1.168201918317033,0.0,0.0,0.004556607080266284,0
2025-11-14 19:00:00+00:00,2.853,2.853,2.853,2.853,0.0,0.0,0.0,1.96568977841316,1.9292604501607744,0.0,0.0,1.3327250465256024,1.1459888352483258,0.0,0.0,0.008412197686645584,0
2025-11-14 20:00:00+00:00,2.853,2.853,2.815,2.815,36.63,-0.0134088106397093,-1.3319313003855693,-2.222994095171938,-0.6704304869442512,0.3614758041600331,1.331931299918715,0.681724040303365,1.153306137885417,1.3499111895737528,0.0,0.0248667850799289,0
2025-11-14 21:00:00+00:00,2.815,2.815,2.815,2.815,0.0,0.0,0.0,-2.426343154246091,0.8599068434252954,0.0,0.0,0.6507171341275734,1.1081390827212183,0.0,0.0,0.0248667850799289,0
2025-11-14 22:00:00+00:00,2.869,2.881,2.869,2.881,188.98,0.0231751945107376,2.3445825932504327,1.0168302945301466,2.8928571428571415,1.895367642430688,0.0,1.183173656703752,1.2014898231647655,0.4165220408134102,0.0,-0.018396390142311647,0
2025-11-14 23:00:00+00:00,2.815,2.835,2.772,2.816,213.81,-0.0228200178065954,-2.2561610551891653,-1.29688047669122,-1.9498607242339872,2.006137919421963,0.6701940032909414,1.555145971447572,1.1821313746323086,2.237215908296449,0.6747159088513128,0.0042613636363635354,0
2025-11-15 00:00:00+00:00,2.835,2.866,2.835,2.866,22.59,0.0175998911101841,1.775568181818188,0.4556607080266284,-0.0348796651552074,0.2191342306271942,0.0,1.7572424310736516,1.2400859820530847,1.0816468942492556,0.0,0.025819958129797538,0
2025-11-15 01:00:00+00:00,2.839,2.877,2.815,2.877,147.57,0.0038307551634305,0.3838101884158895,0.8412197686645584,0.3487966515521412,1.3509251736364911,0.0,1.7608941965202196,1.2425683542007775,2.1550225922297397,0.0,0.021897810218978186,0
2025-11-15 02:00:00+00:00,2.827,2.885,2.827,2.885,66.22,0.002776815390652,0.2780674313521025,2.48667850799289,1.0861948142957043,0.6734665338830171,0.0,1.605883272196686,1.2395377590827694,2.0103986128213465,0.0,-0.009012131715771199,0
2025-11-15 03:00:00+00:00,2.885,2.885,2.885,2.885,0.0,0.0,0.0,2.48667850799289,1.0861948142957043,0.0,0.0,1.605883272196686,1.2395377590827694,0.0,0.0,-0.008665511265164572,0
2025-11-15 04:00:00+00:00,2.828,2.828,2.828,2.828,28.39,-0.0199551519257365,-1.9757365684575423,-1.8396390142311647,-0.0706713780918799,0.3025080248772361,0.0,1.545084394576554,1.2964130118873352,0.0,0.0,0.010961810466761035,0
2025-11-15 05:00:00+00:00,2.828,2.828,2.828,2.828,0.0,0.0,0.0,0.4261363636363535,-1.771448419590138,0.0,0.0,1.2060978025185871,1.2436985181690932,0.0,0.0,0.010608203677510586,0
2025-11-15 06:00:00+00:00,2.908,2.94,2.905,2.94,53.19,0.0388398333162639,3.960396039603964,2.581995812979754,1.0656583018219257,0.5624529108209277,0.0,1.9083065674653696,1.4695914247430295,1.1904761900712717,0.0,-0.013265306122449028,0
2025-11-15 07:00:00+00:00,2.94,2.94,2.94,2.94,0.0,0.0,0.0,2.189781021897818,1.0656583018219257,0.0,0.0,1.9163757653417828,1.4695914247430295,0.0,0.0,0.008843537414966018,0
2025-11-15 08:00:00+00:00,2.865,2.865,2.859,2.859,28.44,-0.0279376680104154,-2.7551020408163263,-0.90121317157712,-1.7188037126160127,0.2970144512538227,0.209424083696544,2.312399016815485,1.5797603351514515,0.2098635885939696,0.0,0.013990905911157814,0
2025-11-15 09:00:00+00:00,2.859,2.86,2.859,2.86,63.1,0.0003497114915863,0.0349772647778801,-0.8665511265164572,-1.6844276383636947,0.6413769444743954,0.0,2.3128994066937363,1.5798459899658923,0.0349650349528055,0.0,0.013636363636363669,0
2025-11-15 10:00:00+00:00,2.86,2.865,2.859,2.859,48.67,-0.0003497114915864,-0.0349650349650287,1.0961810466761035,-1.7188037126160127,0.4847126780152906,0.209424083696544,2.130483986057651,1.579793993758528,0.2098635885939696,0.1748863238283132,-0.0010493179433368471,0
2025-11-15 11:00:00+00:00,2.894,2.894,2.858,2.858,8.23,-0.000349833832499,-0.0349772647778912,1.0608203677510586,-0.0349772647778912,0.084011024532131,1.2439530057899275,2.1311284847578653,1.539660731153067,1.2596221129252558,0.0,-0.0006997900629811538,0
2025-11-15 12:00:00+00:00,2.901,2.901,2.901,2.901,3.49,0.0149334256315911,1.504548635409364,-1.3265306122449028,2.3280423280423124,0.0460944120975234,0.0,1.3958263380591978,1.5578911340798776,0.0,0.0,-0.013788348845225618,0
2025-11-15 13:00:00+00:00,2.923,2.966,2.923,2.966,30.13,0.0221587385764734,2.2406066873492003,0.8843537414966018,6.004288777698363,0.4937826487678993,0.0,1.7216136753983418,1.5853933925743344,1.4497639914195046,0.0,-0.032029669588671705,0
2025-11-15 14:00:00+00:00,2.899,2.899,2.899,2.899,17.2,-0.0228483937762219,-2.2589345920431603,1.3990905911157814,0.6946856547412228,0.2824688654668272,0.0,1.551940330989146,1.5643138563751589,0.0,0.0,-0.00965850293204551,0
2025-11-15 15:00:00+00:00,2.899,2.899,2.899,2.899,0.0,0.0,0.0,1.3636363636363669,0.4852686308492338,0.0,0.0,1.5528917138191995,1.5638532720214846,0.0,0.0,-0.01759227319765444,0
2025-11-15 16:00:00+00:00,2.865,2.865,2.856,2.856,187.87,-0.0149438054621805,-1.4832700931355691,-0.1049317943336847,0.140252454417955,3.93486228916254,0.314136125544816,1.7084039310684438,1.5765711273304932,0.3151260503098417,0.0,-0.009803921568627416,0
2025-11-15 17:00:00+00:00,2.856,2.856,2.856,2.856,0.0,0.0,0.0,-0.0699790062981153,0.1051524710830698,0.0,0.0,1.7083920167215356,1.5765591206209282,0.0,0.0,-0.0031512605042016695,0
2025-11-15 18:00:00+00:00,2.86,2.885,2.818,2.861,536.55,0.0017491695906354,0.175070028011226,-1.3788348845225618,0.2804065895548602,7.660166799409997,0.8318890811674415,1.55390269084652,1.5769422581823642,2.341838517182151,0.8388675285428486,-0.016078294302691476,0
2025-11-15 19:00:00+00:00,2.873,2.873,2.871,2.871,36.78,0.0034891870709537,0.3495281370150316,-3.2029669588671705,0.6309148264984188,0.5138546081053349,0.0696136442500552,1.08071735074291,1.5784376990821536,0.0696621386033995,0.0,-0.03204458376872177,0
2025-11-15 20:00:00+00:00,2.871,2.871,2.871,2.871,0.0,0.0,0.0,-0.965850293204551,1.989342806394312,0.0,0.0,0.6676107443127753,1.5514446840752851,0.0,0.0,-0.014280738418669392,0
2025-11-15 21:00:00+00:00,2.848,2.848,2.848,2.848,8.76,-0.0080434075891975,-0.8011145942180442,-1.759227319765444,1.1722912966252164,0.1244045752273795,0.0,0.7081583120830376,1.5619468714153844,0.0,0.0,-0.006320224719101097,0
2025-11-15 22:00:00+00:00,2.828,2.828,2.828,2.828,66.34,-0.007047245515403,-0.7022471910112404,-0.9803921568627416,-1.8396390142311647,1.015842228487697,0.0,0.4762691216943401,1.491297684658773,0.0,0.0,0.0007072135785006761,0
2025-11-15 23:00:00+00:00,2.85,2.85,2.847,2.847,28.87,0.0066960602615742,0.6718528995756756,-0.3151260504201669,1.1008522727272707,0.5012189034845245,0.1052631578578063,0.58782823040019,1.421662033290541,0.1053740779398093,0.0,0.01123990165086064,0
2025-11-16 00:00:00+00:00,2.821,2.821,2.815,2.815,18.85,-0.0113035467042467,-1.1239901650860529,-1.6078294302691476,-1.779483600837406,0.3281471004186161,0.212690535195793,0.7146377205385009,1.3922391286775193,0.2131438720379676,0.0,0.02238010657193601,0
2025-11-16 01:00:00+00:00,2.808,2.821,2.779,2.779,176.29,-0.012871110831287,-1.2788632326820593,-3.204458376872177,-3.406326034063256,3.006288324980534,1.488833746370504,0.7427520202370407,1.4099855155195506,1.5113350120506264,0.4677941703966319,0.03562432529686954,0
2025-11-16 02:00:00+00:00,2.818,2.848,2.818,2.83,541.66,0.0181855608947795,1.835192515293271,-1.4280738418669392,-1.9064124783362169,6.904488503797146,0.6320224716881871,1.2238184762047786,1.4640843314866168,1.0600706710035015,0.6360424026020979,0.007773851590106018,0
2025-11-16 03:00:00+00:00,2.83,2.83,2.83,2.83,0.0,0.0,0.0,-0.6320224719101097,-1.9064124783362169,0.0,0.0,1.1932739141940314,1.4640843314866168,0.0,0.0,0.019434628975264934,0
2025-11-16 04:00:00+00:00,2.83,2.83,2.83,2.83,0.0,0.0,0.0,0.0707213578500676,0.0707213578500676,0.0,0.0,1.1566366850633831,1.406098058162245,0.0,0.0,0.023321554770318054,0
2025-11-16 05:00:00+00:00,2.873,2.879,2.873,2.879,11.34,0.0171662999748925,1.7314487632508868,1.123990165086064,1.8033946251768016,0.145870851554594,0.0,1.3401570775721166,1.4489500153654795,0.2084056963499731,0.0,0.005210142410559282,0
2025-11-16 06:00:00+00:00,2.84,2.878,2.84,2.878,226.93,-0.0003474031648627,-0.0347342827370589,2.238010657193601,-2.1088435374149617,2.6704192203657344,0.0,1.1912473761331197,1.200492503956652,1.3203613615982153,0.0,-0.0267546907574705,0
2025-11-16 07:00:00+00:00,2.878,2.878,2.878,2.878,0.0,0.0,0.0,3.562432529686954,-2.1088435374149617,0.0,0.0,0.9179308169029498,1.200492503956652,0.0,0.0,-0.01737317581653941,0
2025-11-16 08:00:00+00:00,2.852,2.852,2.852,2.852,51.88,-0.0090751059131266,-0.9034051424600452,0.7773851590106018,-0.2448408534452606,0.6035657847467767,0.0,0.8569313954013585,1.0704004941110876,0.0,0.0,-0.018232819074333828,0
2025-11-16 09:00:00+00:00,2.856,2.885,2.856,2.885,41.48,0.0115043974080133,1.1570827489481017,1.9434628975264936,0.8741258741258751,0.4876844394746029,0.0,0.9463217831928724,1.0963506123358624,1.0051993064106732,0.0,-0.03916811091854422,0
2025-11-16 10:00:00+00:00,2.897,2.902,2.896,2.896,381.3,0.003805574563407,0.3812824956672456,2.332155477031806,1.2941587967820969,3.854841087599777,0.2067539627130492,0.9331819953282688,1.098455769748059,0.2071823203704559,0.1726519336420517,-0.057320441988950255,0
2025-11-16 11:00:00+00:00,2.894,2.894,2.894,2.894,8.6,-0.0006908463141777,-0.0690607734806558,0.5210142410559282,1.259622113365988,0.0869301526322963,0.0,0.6712499659944302,1.0985973527458022,0.0,0.0,-0.05563234277816176,0
2025-11-16 12:00:00+00:00,2.821,2.821,2.801,2.801,16.03,-0.0326631319313206,-3.21354526606773,-2.67546907574705,-3.447087211306432,0.1611824740437779,0.7089684506526173,1.5323016587490836,1.2467412228518566,0.7140307030653235,0.0,-0.025348089967868637,0
2025-11-16 13:00:00+00:00,2.828,2.828,2.828,2.828,5.29,0.0095932517563546,0.9639414494823084,-1.737317581653941,-4.652730950775464,0.0537506032966317,0.0,1.6354732707243032,1.167074819904257,0.0,0.0,-0.03465346534653457,0
2025-11-16 14:00:00+00:00,2.8,2.8,2.8,2.8,128.5,-0.009950330853168,-0.990099009900991,-1.8232819074333828,-3.414970679544682,1.246906991400254,0.0,1.642435541027816,1.0942507504457293,0.0,0.0,-0.014642857142857069,0
2025-11-16 15:00:00+00:00,2.812,2.827,2.772,2.772,165.52,-0.0100503358535014,-1.0000000000000009,-3.916811091854422,-4.380820972749233,1.5053887313985967,1.9455252911406051,1.4884963963471256,1.1076187232924737,1.9841269834112156,0.5411255409303344,-0.008297258297258137,0
2025-11-16 16:00:00+00:00,2.772,2.788,2.718,2.73,3657.06,-0.0152674721307884,-1.5151515151515138,-5.732044198895025,-4.411764705882348,14.369516849074934,2.080344332108909,1.4225100950661471,1.1092986412095769,2.5641025631633263,0.5860805858659051,0.017216117216117377,0
2025-11-16 17:00:00+00:00,2.721,2.733,2.696,2.733,252.8,0.0010982977490625,0.1098901098901095,-5.563234277816176,-4.306722689075626,0.9538377853168706,0.0,1.447181179515172,1.1103339940069257,1.3538236365335414,0.0,0.023417489937797242,0
2025-11-16 18:00:00+00:00,2.736,2.791,2.73,2.73,120.81,-0.0010982977490626,-0.1097694840834329,-2.5348089967868637,-4.5788185948968945,0.4877032980137047,2.185596559589537,0.9139916821293796,1.1078570169136246,2.234432233613759,2.0146520139140365,0.03736263736263723,0
2025-11-16 19:00:00+00:00,2.73,2.73,2.73,2.73,442.22,0.0,0.0,-3.4653465346534573,-4.911180773249734,1.6712431875701546,0.0,0.6756028712711492,1.1026822492302886,0.0,0.0,0.03736263736263723,0
2025-11-16 20:00:00+00:00,2.759,2.759,2.759,2.759,62.67,0.0105666860382806,1.0622710622710585,-1.4642857142857069,-3.9010797631487297,0.2345287843813341,0.0,0.9076413307517008,1.1321267197337224,0.0,0.0,0.019209858644436473,0
2025-11-16 21:00:00+00:00,2.743,2.749,2.55,2.749,2334.61,-0.0036310860520403,-0.3624501631025678,-0.8297258297258137,-3.476123595505609,6.411525280190197,0.0,0.8351979948878319,1.124865900890803,7.238995995911616,0.0,0.016369588941433255,0
2025-11-16 22:00:00+00:00,2.75,2.777,2.75,2.777,25.19,0.0101339991415538,1.0185522008002934,1.7216117216117377,-1.8033946251767907,0.0695064325869844,0.0,0.6023092647090722,1.1423914231813566,0.9722722358760322,0.0,0.01764494058336341,0
2025-11-16 23:00:00+00:00,2.752,2.797,2.752,2.797,73.37,0.0071762058951601,0.7202016564638036,2.341748993779724,-1.7562346329469514,0.201418374816431,0.0,0.6179653472152739,1.1437947978947074,1.6088666422564069,0.0,0.007508044333214059,0
2025-11-17 00:00:00+00:00,2.791,2.832,2.791,2.832,413.02,0.0124357616116504,1.2513407222023432,3.736263736263723,0.6039076376554098,1.084923554460149,0.0,0.6471900099146097,1.1510791647445384,1.44774011248314,0.0,-0.0028248587570621764,0
2025-11-17 01:00:00+00:00,2.832,2.832,2.832,2.832,0.0,0.0,0.0,3.736263736263723,1.9071608492263303,0.0,0.0,0.6471900099146097,1.116756804565083,0.0,0.0,-0.0028248587570621764,0
2025-11-17 02:00:00+00:00,2.809,2.812,2.809,2.812,89.62,-0.0070872018830548,-0.7062146892655385,1.9209858644436473,-0.6360424028268641,0.2527996389375397,0.0,0.789829298129425,1.0634488270745917,0.1066856329634713,0.0,0.006401137980085458,0
2025-11-17 03:00:00+00:00,2.834,2.838,2.794,2.794,369.89,-0.0064217131136482,-0.6401137980085236,1.6369588941433255,-1.272084805653706,0.9999132700215028,1.55038759635293,0.8442399642691698,1.070804119838802,1.5748031490426628,0.143163922640242,-0.004652827487473088,0
2025-11-17 04:00:00+00:00,2.827,2.83,2.826,2.826,162.19,0.0113880234275657,1.145311381531866,1.764494058336341,-0.1413427561837488,0.4305776786650989,0.1413427561338012,0.8675371835649709,1.098153067105294,0.1415428166519665,0.1061571124889788,-0.002123142250530896,0
2025-11-17 05:00:00+00:00,2.806,2.818,2.806,2.818,53.52,-0.0028348707858471,-0.283085633404101,0.7508044333214059,-2.1187912469607495,0.1414236168452085,0.0,0.8654634617971209,1.0358762029004982,0.4258339246182281,0.0,0.006032647267565583,0
2025-11-17 06:00:00+00:00,2.823,2.824,2.823,2.824,334.5,0.002126906154507,0.2129169623846571,-0.2824858757062176,-1.8763029881862512,0.8735515616289141,0.0,0.6817336601547537,1.0376718403921477,0.0354107648599781,0.0,0.0038951841359773365,0
2025-11-17 07:00:00+00:00,2.824,2.824,2.824,2.824,0.0,0.0,0.0,-0.2824858757062176,-1.8763029881862512,0.0,0.0,0.6817336601547537,1.0376718403921477,0.0,0.0,-0.026912181303116012,0
2025-11-17 08:00:00+00:00,2.83,2.83,2.83,2.83,5.29,0.0021223920241507,0.2124645892351395,0.6401137980085458,-0.7713884992987308,0.0138853040636242,0.0,0.6020043377814157,1.0238783485349163,0.0,0.0,0.00388692579505312,0
2025-11-17 09:00:00+00:00,2.811,2.811,2.781,2.781,97.09,-0.0174661364033183,-1.7314487632508757,-0.4652827487473088,-3.604852686308479,0.2533033158708004,1.0672358587451956,0.9467763987799812,1.0488504947742063,1.078748651176279,0.0,-0.001797914419273794,0
2025-11-17 10:00:00+00:00,2.82,2.82,2.82,2.82,3.99,0.0139263096981942,1.4023732470334282,-0.2123142250530896,-2.6243093922652005,0.010854952175155,0.0,1.01520432002291,1.0907431470041904,0.0,0.0,-0.009929078014184411,0
2025-11-17 11:00:00+00:00,2.832,2.835,2.832,2.835,81.13,0.0053050522296933,0.5319148936170359,0.6032647267565583,-2.0387007601935125,0.2189174876965999,0.0,1.0297094706378078,1.0985788201260491,0.1058201057827835,0.0,-0.04409171075837748,0
2025-11-17 12:00:00+00:00,2.835,2.835,2.835,2.835,1.76,0.0,0.0,0.3895184135977336,1.2138521956444048,0.0047567353300081,0.0,1.0287246680874118,0.8649064718276731,0.0,0.0,-0.041975308641975184,0
2025-11-17 13:00:00+00:00,2.815,2.815,2.748,2.748,57.48,-0.0311685628196124,-3.0687830687830653,-2.691218130311601,-2.8288543140028155,0.1544429554541579,2.3801065710905385,1.6607792119932865,1.0574267526464478,2.438136825895864,0.0,-0.04002911208151394,0
2025-11-17 14:00:00+00:00,2.835,2.841,2.835,2.841,24.53,0.0332827285119478,3.384279475982521,0.388692579505312,1.464285714285718,0.0666858474941154,0.0,2.2820441047010056,1.252126183331982,0.2111932417419322,0.0,-0.07708553326293566,0
2025-11-17 15:00:00+00:00,2.813,2.813,2.772,2.776,156.9,-0.0231450602274929,-2.287926786342853,-0.1797914419273794,0.1443001443001357,0.4269562022928094,1.3153217201154337,2.3817888654301225,1.326877452419609,1.4769452444247448,0.0,-0.037103746397694426,0
2025-11-17 16:00:00+00:00,2.748,2.792,2.73,2.792,76.48,0.005747142255568,0.5763688760807018,-0.9929078014184411,2.271062271062263,0.3503529259049509,0.0,2.3062916637720865,1.290162922968737,2.220630371697476,0.0,-0.042979942693409656,0
2025-11-17 17:00:00+00:00,2.792,2.792,2.71,2.71,84.98,-0.0298095500085165,-2.936962750716332,-4.409171075837747,-0.8415660446395967,0.4021738273066052,2.9369627496644064,2.5288934611733507,1.4346392165390247,3.0258302571860347,0.0,-0.014022140221402135,0
2025-11-17 18:00:00+00:00,2.709,2.73,2.68,2.716,353.6,0.0022115748048403,0.2214022140221594,-4.197530864197518,-0.5128205128204999,1.5999909502701914,0.5128205126326587,2.5436074220090035,1.435481385201209,1.8409425619142263,0.5154639173359775,-0.014727540500736436,0
2025-11-17 19:00:00+00:00,2.689,2.691,2.638,2.638,49.84,-0.0291391554013269,-2.8718703976436055,-4.002911208151394,-3.369963369963369,0.2435352681877079,1.9695280557526815,2.506352799370078,1.5520845167696444,2.009097800603069,0.0758150113435037,0.021986353297953176,0
2025-11-17 20:00:00+00:00,2.663,2.67,2.622,2.622,122.91,-0.0060836689536147,-0.6065200909780133,-7.708553326293566,-4.965567234505253,0.5933035525696991,1.79775280831545,1.597384168111534,1.5332350083010633,1.8306636148624489,0.2669717771674447,0.036231884057971175,0
2025-11-17 21:00:00+00:00,2.673,2.673,2.673,2.673,4.0,0.0192640518152738,1.94508009153318,-3.7103746397694426,-2.7646416878865043,0.0363460140534618,0.0,1.972548621550941,1.593480241331673,0.0,0.0,0.026187803965581624,0
2025-11-17 22:00:00+00:00,2.672,2.672,2.672,2.672,1.47,-0.0003741814823826,-0.0374111485222594,-4.297994269340966,-3.7810586964350024,0.0134782010726312,0.0,1.9126897399307543,1.5754092763190106,0.0,0.0,0.029191616766466977,0
2025-11-17 23:00:00+00:00,2.672,2.672,2.672,2.672,0.0,0.0,0.0,-1.4022140221402135,-4.46907400786557,0.0,0.0,1.567801399528142,1.5647905081347044,0.0,0.0,0.010479041916167775,0
2025-11-18 00:00:00+00:00,2.676,2.676,2.676,2.676,93.26,0.0014958865915827,0.1497005988023936,-1.4727540500736436,-5.508474576271172,1.006208332011281,0.0,1.5639009077316932,1.536884370596379,0.0,0.0,0.008968609865470878,0
2025-11-18 01:00:00+00:00,2.679,2.696,2.679,2.696,32.62,0.0074460507840785,0.7473841554558991,2.1986353297953176,-4.802259887005633,0.3468598391669107,0.0,0.8798929758598737,1.549322785806242,0.6305637979857088,0.0,0.0014836795252226587,0
2025-11-18 02:00:00+00:00,2.677,2.717,2.677,2.717,81.27,0.00775913739415,0.7789317507418403,3.6231884057971175,-3.378378378378366,0.8673811535461307,0.0,0.7456675362581284,1.5579531838059486,1.4722119979859372,0.0,-0.0062569009937430975,0
2025-11-18 03:00:00+00:00,2.674,2.743,2.674,2.743,24.23,0.0095238815112553,0.956937799043045,2.6187803965581624,-1.8253400143164011,0.305574239108304,0.0,0.4412545749309064,1.5697051872557697,2.515493983771236,0.0,-0.0043747721472839896,0
2025-11-18 04:00:00+00:00,2.704,2.75,2.704,2.75,66.04,0.0025486997230137,0.2551950419249049,2.9191616766466977,-2.689313517338998,0.8771756996712304,0.0,0.3926793554209677,1.5501927531428823,1.6727272721190016,0.0,-0.006909090909090976,0
2025-11-18 05:00:00+00:00,2.754,2.754,2.7,2.7,60.5,-0.0183491386681964,-1.8181818181818077,1.0479041916167775,-4.187366926898505,0.800498381902115,1.960784313013507,1.0331165287395705,1.5894359046664983,1.9999999992592523,0.0,0.010370370370370363,0
2025-11-18 06:00:00+00:00,2.7,2.7,2.7,2.7,0.0,0.0,0.0,0.8968609865470878,-4.390934844192618,0.0,0.0,1.0356179057956176,1.5877535500798994,0.0,0.0,0.0,0
2025-11-18 07:00:00+00:00,2.7,2.7,2.7,2.7,0.0,0.0,0.0,0.1483679525222658,-4.390934844192618,0.0,0.0,0.9937091644219772,1.5877535500798994,0.0,0.0,-0.004074074074074119,0
2025-11-18 08:00:00+00:00,2.7,2.7,2.7,2.7,0.0,0.0,0.0,-0.6256900993743097,-4.59363957597173,0.0,0.0,0.9244730574545246,1.5860227945369552,0.0,0.0,-0.004074074074074119,0
2025-11-18 09:00:00+00:00,2.712,2.731,2.712,2.731,14.26,0.0114160694812845,1.1481481481481426,-0.4374772147283989,-1.7979144192736496,0.2459946091601772,0.0,0.9698552674961152,1.5727658057647236,0.6957158547434099,0.0,0.008787989747345293,0
2025-11-18 10:00:00+00:00,2.731,2.731,2.731,2.731,0.0,0.0,0.0,-0.6909090909090976,-3.156028368794328,0.0,0.0,0.9581297311684528,1.5416231016271713,0.0,0.0,0.022336140607835953,0
2025-11-18 11:00:00+00:00,2.728,2.728,2.728,2.728,9.15,-0.0010991025103521,-0.109849871841805,1.0370370370370363,-3.774250440917104,0.166960647159535,0.0,0.4770633098794326,1.5351568511536438,0.0,0.0,0.016862170087976525,0
2025-11-18 12:00:00+00:00,2.701,2.701,2.7,2.7,23.44,-0.0103169669709322,-1.026392961876832,0.0,-4.761904761904756,0.4207754906578373,0.0370233246808462,0.6898905365477705,1.5448867515389362,0.0370370370233155,0.0,0.03592592592592592,0
2025-11-18 13:00:00+00:00,2.693,2.693,2.689,2.689,9.11,-0.0040823957235558,-0.4074074074074119,-0.4074074074074119,-2.1470160116448422,0.1696738295314477,0.1485332342560219,0.7097362494788815,1.4163790860728898,0.1487541836560975,0.0,0.04016362960208264,0
2025-11-18 14:00:00+00:00,2.689,2.689,2.689,2.689,0.0,0.0,0.0,-0.4074074074074119,-5.350228792678635,0.0,0.0,0.7097362494788815,1.215838436921584,0.0,0.0,0.03756043138713272,0
2025-11-18 15:00:00+00:00,2.75,2.755,2.75,2.755,27.04,0.0242480653181501,2.4544440312383786,0.8787989747345293,-0.7564841498559072,0.5721742197022296,0.0,1.1828129268548055,1.2468845031092135,0.1814882032009078,0.0,0.012704174228675091,0
2025-11-18 16:00:00+00:00,2.769,2.792,2.769,2.792,1957.1,0.0133407422952482,1.343012704174229,2.2336140607835953,0.0,15.579835611952328,0.0,1.2719491557119902,1.2723150063468855,0.8237822346619579,0.0,-0.010386819484240695,0
2025-11-18 17:00:00+00:00,2.774,2.774,2.774,2.774,2.89,-0.0064678630074861,-0.6446991404011393,1.6862170087976525,2.361623616236175,0.0236503189858706,0.0,1.3298730821132616,1.1138903900102184,0.0,0.0,-0.0036049026676280294,0
2025-11-18 18:00:00+00:00,2.786,2.797,2.765,2.797,41.08,0.0082570923271829,0.8291276135544479,3.5925925925925917,2.9823269513991058,0.3762751840466871,0.0,1.1704635626021718,1.123607433035119,1.1440829456045476,0.0,-0.017518770110833026,0
2025-11-18 19:00:00+00:00,2.797,2.797,2.797,2.797,0.0,0.0,0.0,4.016362960208264,6.027293404094025,0.0,0.0,1.1113222786039143,0.9202803030059538,0.0,0.0,-0.017518770110833026,0
2025-11-18 20:00:00+00:00,2.75,2.79,2.75,2.79,121.46,-0.0025058183865484,-0.2502681444404797,3.756043138713272,6.407322654462244,1.1347336623844917,0.0,1.145113628661989,0.9086998032143446,1.4336917557585347,0.0,-0.02078853046594975,0
2025-11-18 21:00:00+00:00,2.79,2.79,2.79,2.79,0.0,0.0,0.0,1.2704174228675091,4.377104377104368,0.0,0.0,0.7317182730652756,0.837263437231805,0.0,0.0,-0.02580645161290329,0
2025-11-18 22:00:00+00:00,2.779,2.779,2.763,2.763,292.12,-0.0097245498919948,-0.967741935483879,-1.0386819484240697,3.405688622754477,2.455159565320087,0.5757466712573784,0.6207886245389855,0.8689043706090187,0.5790807091642856,0.0,-0.015562794064422625,0
2025-11-18 23:00:00+00:00,2.764,2.764,2.764,2.764,17.8,0.0003618599641439,0.0361925443358668,-0.3604902667628029,3.4431137724550753,0.148675596945897,0.0,0.5778975546168752,0.8686830748124972,0.0,0.0,-0.04088277858176559,0
2025-11-19 00:00:00+00:00,2.736,2.748,2.728,2.748,327.28,-0.0058055315453204,-0.5788712011577268,-1.7518770110833026,2.6905829596412634,2.527754803851251,0.0,0.40649523503184,0.8810680234303236,0.7278020375808586,0.0,-0.035298398835516887,0
2025-11-19 01:00:00+00:00,2.748,2.748,2.748,2.748,0.0,0.0,0.0,-1.7518770110833026,1.928783382789323,0.0,0.0,0.40649523503184,0.8708233706198412,0.0,0.0,-0.01455604075691408,0
2025-11-19 02:00:00+00:00,2.732,2.732,2.732,2.732,1.32,-0.0058394326515593,-0.5822416302765698,-2.078853046594975,0.5520794994479328,0.0105782651377198,0.0,0.4217757575156975,0.867782163586749,0.0,0.0,-0.007320644216691097,0
2025-11-19 03:00:00+00:00,2.718,2.718,2.718,2.718,55.19,-0.0051376259795917,-0.512445095168379,-2.580645161290329,-0.9114108640174924,0.4377581978826929,0.0,0.3872128756518455,0.8509499726170324,0.0,0.0,-0.002207505518763697,0
2025-11-19 04:00:00+00:00,2.72,2.72,2.72,2.72,2.21,0.0007355645789541,0.0735835172921417,-1.5562794064422625,-1.0909090909090868,0.0179071219971877,0.0,0.3282264421027647,0.8490381436709551,0.0,0.0,-0.004779411764705976,0
2025-11-19 05:00:00+00:00,2.693,2.694,2.648,2.651,62.98,-0.0256949530010176,-2.536764705882366,-4.088277858176559,-1.8148148148148249,0.5098855429164336,1.5961395688210378,0.9639203698192176,0.9260875884331748,1.735194265660048,0.0377216144708666,0.02489626556016611,0
2025-11-19 06:00:00+00:00,2.651,2.651,2.651,2.651,0.0,0.0,0.0,-3.5298398835516887,-1.8148148148148249,0.0,0.0,1.0060097430653183,0.9260875884331748,0.0,0.0,0.020746887966805128,0
2025-11-19 07:00:00+00:00,2.692,2.708,2.692,2.708,116.25,0.0212734277431401,2.1501320256507084,-1.455604075691408,0.2962962962963056,0.9056442084144624,0.0,1.5086355058577,1.0297188977266587,0.5908419495602508,0.0,-0.0022156573116691725,0
2025-11-19 08:00:00+00:00,2.712,2.712,2.712,2.712,3.39,0.0014760150281206,0.1477104874446189,-0.7320644216691097,0.4444444444444473,0.026380724172722,0.0,1.505261713131002,1.0300827856958985,0.0,0.0,-0.0047935103244839405,0
2025-11-19 09:00:00+00:00,2.712,2.712,2.712,2.712,0.0,0.0,0.0,-0.2207505518763697,-0.6957158549981579,0.0,0.0,1.493114219777069,1.001938152415056,0.0,0.0,-0.02359882005899705,0
2025-11-19 10:00:00+00:00,2.724,2.724,2.707,2.707,101.95,-0.0018453594459851,-0.1843657817109267,-0.4779411764705976,-0.8787989747345293,0.7714328952951949,0.6240822317826551,1.4930156758321351,1.002413173567,0.6280014774185568,0.0,-0.036571850757295854,0
2025-11-19 11:00:00+00:00,2.717,2.717,2.717,2.717,9.18,0.0036873198120465,0.3694126339120807,2.489626556016611,-0.4032258064516125,0.0694623540645291,0.0,0.8613356014276016,1.005651089576319,0.0,0.0,-0.037909458962090636,0
2025-11-19 12:00:00+00:00,2.706,2.706,2.706,2.706,31.04,-0.0040568006956144,-0.4048582995951455,2.0746887966805128,0.2222222222222125,0.2343090970262777,0.0,0.9142410435231476,0.9861125224794004,0.0,0.0,-0.0432372505543237,0
2025-11-19 13:00:00+00:00,2.702,2.702,2.702,2.702,10.33,-0.0014792902105891,-0.1478196600147807,-0.2215657311669172,0.4834510970620931,0.0779473119930231,0.0,0.272052291241005,0.98274674279312,0.0,0.0,-0.04441154700222061,0
2025-11-19 14:00:00+00:00,2.699,2.699,2.699,2.699,14.1,-0.0011109055021395,-0.1110288675055581,-0.479351032448394,0.3718854592785314,0.1059251074424464,0.0,0.2570356373437746,0.9831070616004496,0.0,0.0,-0.027047054464616527,0
2025-11-19 15:00:00+00:00,2.652,2.659,2.648,2.648,102.63,-0.0190766959611057,-1.889588736569092,-2.359882005899705,-3.8838475499092473,0.7531786074616779,0.4136893567454977,0.7819793640148012,0.9170112943531998,0.4154078548280059,0.2643504530723628,0.011706948640483272,0
2025-11-19 16:00:00+00:00,2.647,2.647,2.608,2.608,428.56,-0.0152209940103552,-1.5105740181268867,-3.6571850757295854,-6.590257879656147,5.905199338518674,1.4733660742450336,0.8918783138639937,0.8991592345396586,1.4953987724327342,0.0,0.02722392638036797,0
2025-11-19 17:00:00+00:00,2.607,2.62,2.574,2.614,276.46,0.0022979711376235,0.2300613496932335,-3.790945896209064,-5.767844268204758,3.292284638208626,0.2290076335003874,0.8623590915805591,0.9015848788754096,1.7597551638256586,0.2295332822381367,0.02410099464422344,0
2025-11-19 18:00:00+00:00,2.612,2.614,2.573,2.589,946.11,-0.0096099144326295,-0.9563886763580663,-4.32372505543237,-7.436539149088317,7.775287978130576,0.9563886759921968,0.8614503790751447,0.8826792620918785,1.583623019859548,0.0772499034077744,0.03398995751255307,0
2025-11-19 19:00:00+00:00,2.619,2.619,2.574,2.582,278.97,-0.0027074083449499,-0.2703746620316805,-4.441154700222061,-7.686807293528785,2.0927131618025587,1.412752958605301,0.8459841078450498,0.8801116681946997,1.7428350109439203,0.0,0.03679318357862127,0
2025-11-19 20:00:00+00:00,2.582,2.626,2.582,2.626,15.28,0.0168974834561536,1.704105344694029,-2.7047054464616527,-5.878136200716854,0.1185587507871117,0.0,1.3120821313722684,0.9723255252766576,1.675552169963615,0.0,0.028941355674029,0
2025-11-19 21:00:00+00:00,2.652,2.68,2.635,2.679,230.59,0.0199818146818672,2.0182787509520184,1.1706948640483272,-3.978494623655926,1.66503998506503,0.0373134328219104,1.413407354344574,1.0750065803744622,1.6797312423741346,0.0373273609416595,0.011198208286674172,0
2025-11-19 22:00:00+00:00,2.679,2.679,2.679,2.679,0.0,0.0,0.0,2.722392638036797,-3.0401737242128135,0.0,0.0,1.1571657307258132,1.0616563475119625,0.0,0.0,0.013437849944008873,0
2025-11-19 23:00:00+00:00,2.694,2.7,2.677,2.677,342.22,-0.0007468260242561,-0.0746547219111493,2.410099464422344,-3.147612156295221,2.447312904477083,0.851851851536356,1.1751674263184309,1.061149056650644,0.8591707131643043,0.2241314903906952,0.013447889428464643,0
2025-11-20 00:00:00+00:00,2.677,2.677,2.677,2.677,0.0,0.0,0.0,3.398995751255307,-2.583697234352267,0.0,0.0,1.0064590001883411,1.0571187413239689,0.0,0.0,0.013447889428464643,0
2025-11-20 01:00:00+00:00,2.677,2.677,2.677,2.677,0.0,0.0,0.0,3.679318357862127,-2.583697234352267,0.0,0.0,0.9672259550556376,1.0571187413239689,0.0,0.0,0.013447889428464643,0
2025-11-20 02:00:00+00:00,2.7,2.702,2.7,2.702,206.95,0.0092954749997915,0.9338812103100392,2.8941355674029,-1.0980966325036643,1.5356218637712669,0.0,0.8373433741841061,1.0725888253605738,0.0740192449762985,0.0,0.004071058475203504,0
2025-11-20 03:00:00+00:00,2.706,2.709,2.706,2.709,10.72,0.0025873235649509,0.2590673575129543,1.1198208286674172,-0.3311258278145712,0.0806540602893064,0.0,0.38207207105884,1.0695281879405352,0.1107419711662123,0.0,0.02067183462532296,0
2025-11-20 04:00:00+00:00,2.712,2.715,2.712,2.715,209.54,0.0022123902829406,0.221483942414169,1.3437849944008873,-0.1838235294117751,1.4803031863903084,0.0,0.3710958193380305,1.070477175549601,0.1104972375283498,0.0,0.018416206261510304,0
2025-11-20 05:00:00+00:00,2.736,2.736,2.71,2.713,27.89,-0.0007369197091039,-0.073664825046027,1.3447889428464643,2.3387400980761974,0.1990863016617955,0.8406432745465532,0.3709373560592056,0.9216724070782752,0.9583486911322064,0.0,0.016955399926280812,0
2025-11-20 06:00:00+00:00,2.713,2.713,2.713,2.713,0.0,0.0,0.0,1.3447889428464643,2.3387400980761974,0.0,0.0,0.3709373560592056,0.9216724070782752,0.0,0.0,0.008846295613711863,0
2025-11-20 07:00:00+00:00,2.713,2.713,2.713,2.713,0.0,0.0,0.0,1.3447889428464643,0.1846381093057569,0.0,0.0,0.3709373560592056,0.8138401096148199,0.0,0.0,0.03538518245484701,0
2025-11-20 08:00:00+00:00,2.713,2.713,2.713,2.713,0.0,0.0,0.0,0.4071058475203504,0.0368731563421764,0.0,0.0,0.1369738316791856,0.8132943386142667,0.0,0.0,0.01916697382970889,0
2025-11-20 09:00:00+00:00,2.749,2.765,2.718,2.765,79.51,0.0189856012975035,1.9166973829708889,2.067183462532296,1.954277286135686,0.5744198577334387,0.0,0.7695646401641096,0.900767926264766,1.699819167558841,0.0,-0.017359855334538876,0
2025-11-20 10:00:00+00:00,2.765,2.765,2.765,2.765,0.0,0.0,0.0,1.8416206261510304,2.1425932766900635,0.0,0.0,0.781656843718905,0.8991921572405198,0.0,0.0,-0.06256781193490057,0
2025-11-20 11:00:00+00:00,2.759,2.759,2.759,2.759,9.04,-0.0021723397391491,-0.2169981916817387,1.6955399926280812,1.5458225984541718,0.0673801375175882,0.0,0.7975685832977377,0.8992027860173333,0.0,0.0,-0.07575208408843792,0
2025-11-20 12:00:00+00:00,2.769,2.795,2.737,2.737,76.02,-0.0080058651766069,-0.7973903588256559,0.8846295613711863,1.145602365114562,0.5588130796425608,2.075134167414973,0.9125104075664288,0.9116959004186288,2.119108512196154,0.9499451951224096,-0.07489952502740227,0
2025-11-20 13:00:00+00:00,2.797,2.809,2.797,2.809,181.41,0.0259661180635645,2.6306174643770497,3.538518245484701,3.960029607698013,1.2671245634370172,0.0,1.343110119541442,1.0480517912213254,0.4271982910547535,0.0,-0.09327162691349233,0
2025-11-20 14:00:00+00:00,2.763,2.765,2.763,2.765,4.96,-0.0157879131478085,-1.5663937344250645,1.9166973829708889,2.445350129677659,0.0347373397218346,0.0,1.6079104286071522,1.1058927992558694,0.0723327305344266,0.0,-0.07377938517179028,0
2025-11-20 15:00:00+00:00,2.735,2.735,2.717,2.717,180.77,-0.0175123045300874,-1.7359855334538876,-1.7359855334538876,2.6057401812688896,1.2377974322311829,0.6581352831231606,1.579796042311019,1.0939371238424576,0.6624953990936636,0.0,-0.04784688995215303,0
2025-11-20 16:00:00+00:00,2.703,2.703,2.592,2.592,161.41,-0.0470985519541823,-4.600662495399332,-6.256781193490058,-0.6134969325153339,1.1964235526572535,4.10654827816997,2.375501786803032,1.4393529027066212,4.282407405755235,0.0,0.002700617283950768,0
2025-11-20 17:00:00+00:00,2.582,2.582,2.55,2.55,214.53,-0.0163364193196936,-1.6203703703703831,-7.575208408843792,-2.448355011476666,1.6211743368728102,1.2393493411156675,2.343149992240357,1.47479814877397,1.2549019602921965,0.0,-0.003529411764705892,0
2025-11-20 18:00:00+00:00,2.549,2.549,2.523,2.532,33.34,-0.0070838548884049,-0.7058823529411673,-7.489952502740227,-2.2016222479721903,0.3535603031135873,0.6669282068784081,2.3474802729429314,1.469301927518224,1.026856239720823,0.0,0.0035545023696681444,0
2025-11-20 19:00:00+00:00,2.523,2.547,2.511,2.547,1514.07,0.0059066917153901,0.5924170616113722,-9.327162691349232,-1.3555383423702438,10.38738797963288,0.0,1.7483457483496858,1.4752742787143245,1.413427561282519,0.0,0.0015704750687082214,0
2025-11-20 20:00:00+00:00,2.561,2.561,2.561,2.561,3.92,0.0054816112200681,0.5496662740478886,-7.377938517179028,-2.4752475247524774,0.0269810633542648,0.0,1.963634672351377,1.4343469860414413,0.0,0.0,-0.011323701679031628,0
2025-11-20 21:00:00+00:00,2.562,2.587,2.562,2.587,12.46,0.0101010959865039,1.015228426395942,-4.784688995215303,-3.4341172079133897,0.0914842325523454,0.0,2.1455325423996285,1.3846929964871046,0.9663703127304464,0.0,-0.017394665635871775,0
2025-11-20 22:00:00+00:00,2.59,2.599,2.59,2.599,11.14,0.0046278524554612,0.4638577502899199,0.2700617283950768,-2.986188876446416,0.0815146803250232,0.0,1.0042246186588415,1.390020802380326,0.3462870333411877,0.0,-0.03501346671796857,0
2025-11-20 23:00:00+00:00,2.566,2.567,2.534,2.541,16.78,-0.0225690513213262,-2.2316275490573356,-0.3529411764705892,-5.080313784086665,0.1363091732488268,1.0128554729205956,1.2213482949940913,1.4562897381302409,1.2987012981902144,0.0393545847936555,-0.001967729240456517,0
2025-11-21 00:00:00+00:00,2.541,2.541,2.541,2.541,0.0,0.0,0.0,0.3554502369668144,-5.080313784086665,0.0,0.0,1.179533820912621,1.4562897381302409,0.0,0.0,-0.01338055883510425,0
2025-11-21 01:00:00+00:00,2.566,2.623,2.551,2.551,186.54,0.0039277348216473,0.3935458480913034,0.1570475068708221,-4.706761299962636,1.425329512883093,2.7449485311685313,1.1643676204155924,1.4610364915741874,2.8224225782742387,2.234417874467119,-0.05997647981183851,0
2025-11-21 02:00:00+00:00,2.617,2.617,2.529,2.532,340.86,-0.0074759348777446,-0.7448059584476696,-1.1323701679031628,-6.291635825314579,2.497973990106615,3.2479938848880403,1.168342728132381,1.4446341940644951,3.4755134267474306,0.0,-0.04502369668246442,0
2025-11-21 03:00:00+00:00,2.561,2.561,2.523,2.542,271.34,0.0039416684853324,0.3949447077409074,-1.7394665635871775,-6.1646363971945455,1.8419190333431756,0.7418976959227314,1.0642481623710975,1.4470549495737857,1.4948859160130197,0.0,-0.06884343036978746,0
2025-11-21 04:00:00+00:00,2.514,2.514,2.508,2.508,42.85,-0.0134655499965879,-1.337529504327295,-3.5013466717968567,-7.624309392265182,0.3052682822552197,0.2386634843919311,1.0637871111247583,1.459478923906866,0.2392344496653683,0.0,-0.05103668261562999,0
2025-11-21 05:00:00+00:00,2.552,2.552,2.536,2.536,32.28,0.0111024138043053,1.1164274322169154,-0.1967729240456517,-6.524143015112427,0.2296671143072036,0.6269592474032297,0.8840718116196583,1.4882592279676528,0.6309148262496398,0.0,-0.07807570977917977,0
2025-11-21 06:00:00+00:00,2.515,2.53,2.507,2.507,39.24,-0.011501217398823,-1.143533123028384,-1.338055883510425,-7.593070401769253,0.2759760525347848,0.9090909087315724,0.993450511816236,1.4973032889107667,0.91743119229459,0.598324690626902,-0.038691663342640625,0
2025-11-21 07:00:00+00:00,2.502,2.506,2.368,2.398,1106.5,-0.0444517625708338,-4.347826086956519,-5.997647981183851,-11.610762992996682,5.876560366601011,4.3096568219035545,1.9218063770106228,1.714073961592337,5.754795660652707,0.1668056713232671,-0.010425354462051617,0
2025-11-21 08:00:00+00:00,2.4,2.441,2.4,2.418,244.46,0.0083056955872784,0.8340283569641338,-4.502369668246442,-10.873571691854034,1.2316838916432995,0.9422367878155394,2.070565866018374,1.733186088547316,1.6956162110439936,0.9511993379027168,0.00041356492969391034,0
2025-11-21 09:00:00+00:00,2.408,2.408,2.367,2.367,359.74,-0.021317421660754,-2.109181141439209,-6.884343036978747,-14.394213381555154,1.7118045228978402,1.7026578066018834,2.0436708926629836,1.6873861898313325,1.7321504006201276,0.0,-0.0029573299535277098,0
2025-11-21 10:00:00+00:00,2.36,2.39,2.355,2.38,37.39,0.0054771571515363,0.5492184199408445,-5.103668261563,-13.9240506329114,0.1766091654275714,0.4184100416659468,2.1575680858250577,1.7001805937868149,1.4705882346762291,0.4201680670503593,0.010504201680672232,0
2025-11-21 11:00:00+00:00,2.38,2.395,2.338,2.338,4149.56,-0.0178046246335065,-1.764705882352935,-7.807570977917977,-15.259151866618335,10.799618719994625,2.3799582453528334,1.9376559234410824,1.7137792348568794,2.4379811794533843,0.6415739945930019,0.038066723695466154,0
2025-11-21 12:00:00+00:00,2.337,2.41,2.301,2.41,486.73,0.0303308844526869,3.0795551753635575,-3.8691663342640625,-11.94738765071246,1.2127471377462964,0.0,2.6483302256990044,1.8741699952518145,4.522821574886795,0.0,-0.005809128630705485,0
2025-11-21 13:00:00+00:00,2.36,2.391,2.36,2.373,13.15,-0.015471770048937,-1.535269709543563,-1.0425354462051617,-15.521537913848338,0.0333473513368737,0.7528230862597893,2.005718739610359,1.7610528063358222,1.3063632527154023,0.7585335015766733,0.00969237252423083,0
2025-11-21 14:00:00+00:00,2.414,2.419,2.414,2.419,1511.71,0.0191992541742637,1.938474504846188,0.041356492969391,-12.513562386980116,3.3070641349623253,0.0,2.15840564391185,1.828891228269465,0.2066969821386078,0.0,-0.031417941298057084,0
2025-11-21 15:00:00+00:00,2.392,2.418,2.36,2.36,78.38,-0.0246926125903715,-2.4390243902439046,-0.295732995352771,-13.139492086860516,0.1730819128513951,2.398676591232982,2.2285495958084547,1.8549631227358705,2.457627117602712,1.1016949147874278,-0.005508474576271127,0
2025-11-21 16:00:00+00:00,2.343,2.405,2.34,2.405,590.3,0.0188882845202058,1.9067796610169552,1.0504201680672232,-7.214506172839519,1.2540374798486629,0.0,2.36357706282353,1.6998364761586278,2.702702701578916,0.0,-0.04573804573804574,0
2025-11-21 17:00:00+00:00,2.405,2.427,2.405,2.427,52.18,0.0091060231867399,0.914760914760926,3.8066723695466154,-4.823529411764693,0.1124678039893686,0.0,2.165517299876409,1.693151340838338,0.9064688912622808,0.0,-0.03584672435105074,0
2025-11-21 18:00:00+00:00,2.407,2.426,2.369,2.396,395.7,-0.0128552464912615,-1.2772970745776768,-0.5809128630705485,-5.371248025276465,0.8260040635680941,1.2366034619799755,1.9063049504101477,1.7046564049077646,2.3789649405763895,0.7929883135254693,-0.025459098497495836,0
2025-11-21 19:00:00+00:00,2.396,2.396,2.396,2.396,0.0,0.0,0.0,0.969237252423083,-5.928543384373786,0.0,0.0,1.7707479736246958,1.6965367683050654,0.0,0.0,-0.017529215358931483,0
2025-11-21 20:00:00+00:00,2.343,2.343,2.343,2.343,9.1,-0.0223685207275443,-2.212020033388984,-3.1417941298057084,-8.512299882858255,0.02186538571276,0.0,1.7579440838309943,1.7340691355423556,0.0,0.0,0.0,0
2025-11-21 21:00:00+00:00,2.342,2.347,2.342,2.347,58.51,0.0017057573432278,0.1707212974818572,-0.5508474576271127,-9.277155005798232,0.1399420396152293,0.0,1.485341325165847,1.7133478033122091,0.2130379206591186,0.0,-0.004260758414997734,0
2025-11-21 22:00:00+00:00,2.364,2.364,2.295,2.295,186.06,-0.0224050733563779,-2.2155943757988905,-4.5738045738045745,-11.696806464024634,0.4373868685196235,2.9187817246536434,1.3327553977927675,1.7423848479479125,3.006535946402378,0.0,0.004793028322440218,0
2025-11-21 23:00:00+00:00,2.292,2.34,2.278,2.34,141.67,0.0194180858571015,1.9607843137254832,-3.584672435105074,-7.910271546635183,0.3290108135560978,0.0,1.6281674288838182,1.7707860883346789,2.649572648440347,0.0,-0.03076923076923077,0
2025-11-22 00:00:00+00:00,2.324,2.34,2.324,2.335,1018.24,-0.0021390382487494,-0.2136752136752129,-2.5459098497495836,-8.107044470680835,2.15263435598255,0.2136752135838949,1.5975240688360297,1.7695206083307644,0.6852248391069707,0.2141327622209235,-0.007708779443254765,0
2025-11-22 01:00:00+00:00,2.354,2.354,2.354,2.354,21.18,0.0081041177172244,0.8137044967880147,-1.7529215358931485,-7.722461779694234,0.0454379273324712,0.0,1.6735813731068652,1.7791931278437552,0.0,0.0,-0.027612574341546292,0
2025-11-22 02:00:00+00:00,2.343,2.343,2.343,2.343,12.79,-0.0046838493124264,-0.4672897196261738,0.0,-7.464454976303325,0.0282676401087498,0.0,1.3958149100494537,1.7772889354560526,0.0,0.0,-0.023047375160051176,0
2025-11-22 03:00:00+00:00,2.337,2.338,2.323,2.337,154.5,-0.0025641039689376,-0.2560819462227859,-0.4260758414997734,-8.06451612903224,0.3451800465817788,0.0427715996395283,1.3962636093065477,1.7708208195941904,0.6418485234737542,0.0427899015649118,-0.02824133504492954,0
2025-11-22 04:00:00+00:00,2.315,2.315,2.273,2.306,711.34,-0.0133536337098536,-1.326486949080019,0.4793028322440218,-8.054226475279103,1.496152299021191,0.3887688983201817,1.140470334436971,1.7705485304053907,1.8213356453506704,0.0,0.0030355594102342565,0
2025-11-22 05:00:00+00:00,2.296,2.296,2.267,2.268,67.29,-0.0166160359813617,-1.647875108412844,-3.076923076923077,-10.567823343848591,0.1410972835257733,1.219512194590806,0.883618191936776,1.7615445594816204,1.2786596114291586,0.0,0.014109347442680775,0
2025-11-22 06:00:00+00:00,2.298,2.317,2.288,2.317,156.75,0.0213748595847336,2.1604938271605034,-0.7708779443254765,-7.578779417630632,0.3253416216742374,0.0,1.411031890951932,1.832384421790703,1.2516184716221048,0.0,-0.007337073802330729,0
2025-11-22 07:00:00+00:00,2.289,2.289,2.289,2.289,5.53,-0.0121582044798095,-1.2084592145015116,-2.761257434154629,-4.545454545454541,0.0126855956552117,0.0,1.3834421684491065,1.6236114282574852,0.0,0.0,-0.013106159895150848,0
2025-11-22 08:00:00+00:00,2.289,2.289,2.289,2.289,0.0,0.0,0.0,-2.3047375160051176,-5.33498759305211,0.0,0.0,1.396480363610275,1.6096185073575329,0.0,0.0,0.003931847968545066,0
2025-11-22 09:00:00+00:00,2.281,2.295,2.271,2.271,63.55,-0.0078947778470083,-0.7863695937090576,-2.824133504492954,-4.055766793409388,0.1537250506718477,1.045751633531264,1.403327183613405,1.563262833203937,1.0568031699441651,0.6164685158007532,0.011889035667107084,0
2025-11-22 10:00:00+00:00,2.304,2.313,2.304,2.313,265.0,0.0183251201258809,1.849405548216665,0.3035559410234256,-2.815126050420158,0.6266491415089003,0.0,1.598377698721375,1.610290304318822,0.3891050581975481,0.0,-0.0025940337224384935,0
2025-11-22 11:00:00+00:00,2.3,2.3,2.3,2.3,10.84,-0.0056362603141983,-0.5620406398616717,1.4109347442680775,-1.6253207869974418,0.0432842525578506,0.0,1.4155527128619108,1.5744604537556297,0.0,0.0,-0.0017391304347825765,0
2025-11-22 12:00:00+00:00,2.3,2.3,2.3,2.3,0.0,0.0,0.0,-0.7337073802330729,-4.564315352697113,0.0,0.0,1.0664788117734565,1.429778964207723,0.0,0.0,-0.012173913043478257,0
2025-11-22 13:00:00+00:00,2.268,2.268,2.256,2.259,19.6,-0.0179868854492377,-1.7826086956521658,-1.3106159895150848,-4.804045512010124,0.0850599072004294,0.3968253966504252,1.203681585313383,1.44100104979391,0.5312084991008378,0.0,0.008853474988933074,0
2025-11-22 14:00:00+00:00,2.277,2.3,2.277,2.298,222.56,0.0171169419406977,1.726427622841964,0.3931847968545066,-5.002066969822239,1.2594557505463897,0.0869565217013136,1.4448918628550615,1.4282198969269086,1.0008703215835937,0.0870322018768258,-0.008268059181897325,0
2025-11-22 15:00:00+00:00,2.298,2.298,2.298,2.298,0.0,0.0,0.0,1.1889035667107084,-2.627118644067794,0.0,0.0,1.3862280310919084,1.345205549579869,0.0,0.0,-0.0013054830287206887,0
2025-11-22 16:00:00+00:00,2.307,2.307,2.307,2.307,21.62,0.0039087997650526,0.3916449086161844,-0.2594033722438493,-4.074844074844075,0.1443735548861954,0.0,1.1510338635546329,1.2816359869055731,0.0,0.0,0.011703511053316129,0
2025-11-22 17:00:00+00:00,2.299,2.307,2.266,2.296,861.51,-0.0047795007342967,-0.4768097095795509,-0.1739130434782576,-5.397610218376602,4.695581081607896,0.4768097093728661,1.143796414202541,1.2617638531899178,1.7857142849365324,0.3484320555973731,0.016550522648083765,0
2025-11-22 18:00:00+00:00,2.302,2.313,2.272,2.272,66.3,-0.010507977598415,-1.0452961672473893,-1.2173913043478255,-5.175292153589317,0.3905801263618578,1.7725897095665573,1.2165959848573424,1.254122727068212,1.8045774639944807,0.4841549293643737,0.016285211267605737,0
2025-11-22 19:00:00+00:00,2.309,2.309,2.278,2.279,50.02,0.0030762494046423,0.3080985915492995,0.8853474988933074,-4.883138564273793,0.2910988467378477,1.2992637499786752,0.9359953795797732,1.2580499891621424,1.3602457212109558,0.0,0.0298376480912681,0
2025-11-22 20:00:00+00:00,2.279,2.279,2.279,2.279,0.0,0.0,0.0,-0.8268059181897325,-2.731540759709772,0.0,0.0,0.5413221926843393,1.1818020791438308,0.0,0.0,0.03422553751645463,0
2025-11-22 21:00:00+00:00,2.295,2.295,2.295,2.295,31.82,0.0069960932489613,0.7020623080298494,-0.1305483028720688,-2.2155943757988905,0.186802407922253,0.0,0.6429061335978689,1.1922555441790896,0.0,0.0,0.019607843137254832,0
2025-11-22 22:00:00+00:00,2.324,2.334,2.324,2.334,34.89,0.0168506903518559,1.6993464052287743,1.170351105331613,1.6993464052287743,0.2126898653784343,0.0,0.951894176404124,1.1535261757489723,0.4284490143837078,0.0,0.011139674378748854,0
2025-11-22 23:00:00+00:00,2.334,2.334,2.334,2.334,0.0,0.0,0.0,1.6550522648083763,-0.2564102564102444,0.0,0.0,0.903175489431144,1.0824542236060626,0.0,0.0,0.00856898029134534,0
2025-11-23 00:00:00+00:00,2.306,2.323,2.306,2.309,132.69,-0.0107690034920059,-1.0711225364181676,1.6285211267605737,-1.113490364025682,1.0944332561134296,0.6026689622889841,0.9108608248308532,1.1036250211570673,0.736249458321239,0.6063230833233676,0.00433087916847108,0
2025-11-23 01:00:00+00:00,2.322,2.347,2.322,2.347,359.15,0.016323386496528,1.645734084019046,2.98376480912681,-0.297366185216652,2.6540220152217096,0.0,1.0688723366698296,1.1434128384967703,1.065189603295612,0.0,-0.011930123561994077,0
2025-11-23 02:00:00+00:00,2.338,2.358,2.338,2.357,286.88,0.0042517070851077,0.4260758414998067,3.422553751645463,0.5975245411865338,1.9549780796268668,0.0424088210167854,1.043685614421177,1.1424673943394892,0.8485362745657468,0.0424268137282826,-0.016122189223589434,0
2025-11-23 03:00:00+00:00,2.334,2.34,2.334,2.34,209.92,-0.0072386945843841,-0.7212558336869068,1.9607843137254832,0.1283697047496756,1.4083628251695997,0.0,1.1610359032271615,1.1514201670618782,0.2564102563006701,0.0,0.005555555555555758,0
2025-11-23 04:00:00+00:00,2.348,2.366,2.343,2.36,417.2,0.0085106896679086,0.8547008547008517,1.1139674378748854,2.341717259323506,3.0497819147417125,0.2535925611776966,1.0048660993275904,1.1269665910866096,0.9745762707734902,0.2542372880278752,0.0,0
2025-11-23 05:00:00+00:00,2.354,2.354,2.354,2.354,70.6,-0.0025456101994336,-0.2542372881355836,0.8568980291345341,3.791887125220472,0.5155746509092319,0.0,1.019488313221359,1.0665101636084242,0.0,0.0,-0.010195412064570974,0
2025-11-23 06:00:00+00:00,2.354,2.357,2.319,2.319,167.62,-0.0149799505646904,-1.4868309260832713,0.433087916847108,0.0863185153215262,1.2200527704396695,1.6122189216749283,1.1288285497837918,1.030263570985818,1.6386373429760193,0.1293661060244266,0.004743423889607579,0
2025-11-23 07:00:00+00:00,2.319,2.319,2.319,2.319,0.0,0.0,0.0,-1.1930123561994077,1.3106159895150735,0.0,0.0,0.836396038127071,0.9970529591497498,0.0,0.0,0.0064683053040104355,0
2025-11-23 08:00:00+00:00,2.319,2.319,2.319,2.319,0.0,0.0,0.0,-1.6122189223589434,1.3106159895150735,0.0,0.0,0.7895313232906517,0.9970529591497498,0.0,0.0,0.009918068132815927,0
2025-11-23 09:00:00+00:00,2.344,2.353,2.343,2.353,59.34,0.0145550514718308,1.4661492022423506,0.5555555555555758,3.610744165565838,0.4331966564837156,0.0,1.0099948637625824,1.0195109315457,0.4249893750850121,0.0,-0.016574585635359185,0
2025-11-23 10:00:00+00:00,2.36,2.36,2.36,2.36,30.58,0.0029705092922931,0.2974925626859193,0.0,2.031993082576733,0.2403820329215926,0.0,0.9503183666659064,0.955351742533744,0.0,0.0,-0.022457627118644075,0
2025-11-23 11:00:00+00:00,2.341,2.341,2.33,2.33,60.0,-0.0127933514599094,-1.2711864406779627,-1.0195412064570974,1.3043478260869712,0.4641717435415211,0.469884664472502,1.0874185111019972,0.9870837329454708,0.4721030040892313,0.0,-0.01931330472102999,0
2025-11-23 12:00:00+00:00,2.33,2.33,2.33,2.33,0.0,0.0,0.0,0.4743423889607578,1.3043478260869712,0.0,0.0,0.872480360310228,0.9870837329454708,0.0,0.0,-0.01587982832618018,0
2025-11-23 13:00:00+00:00,2.336,2.338,2.334,2.334,117.06,0.0017152662867549,0.1716738197424794,0.6468305304010435,3.3200531208499307,0.8780158511822542,0.1710863985581325,0.8721893203104495,0.9048017082579196,0.1713796057534793,0.0856898028767491,-0.008140531276778162,0
2025-11-23 14:00:00+00:00,2.342,2.342,2.342,2.342,0.85,0.0034217313111613,0.3427592116538092,0.9918068132815928,1.9147084421235805,0.0068501200449406,0.0,0.8749401501444889,0.8421274750394916,0.0,0.0,-0.01707941929974377,0
2025-11-23 15:00:00+00:00,2.318,2.318,2.314,2.314,18.82,-0.0120276364040407,-1.1955593509820672,-1.6574585635359185,0.6962576153176636,0.1507172483278831,0.1725625538513536,0.7553164198627885,0.8818846193437612,0.1728608469434483,0.0,-0.0051858254105444646,0
2025-11-23 16:00:00+00:00,2.33,2.33,2.307,2.307,1176.11,-0.0030296495798683,-0.3025064822817724,-2.2457627118644075,0.0,6.799371772102836,0.9871244630956604,0.7016810292149458,0.8808748342132638,0.9969657559614422,0.0,0.0004334633723450665,0
2025-11-23 17:00:00+00:00,2.297,2.338,2.274,2.285,106.61,-0.0095819548454484,-0.9536194191590686,-1.931330472102999,-0.47909407665504,0.753325521272714,2.266894780895252,0.6275627051730029,0.8975019289457844,2.800875272297212,1.7943107213153966,-0.014442013129102982,0
2025-11-23 18:00:00+00:00,2.281,2.307,2.275,2.293,98.06,0.0034949795295994,0.35010940919038,-1.587982832618018,0.9242957746478986,0.686490365257634,0.6068487210199958,0.6779624222831432,0.8727526560647785,1.395551678414501,0.6105538593063344,-0.0061055385957262676,0
2025-11-23 19:00:00+00:00,2.288,2.322,2.288,2.315,99.88,0.0095486836624299,0.9594417793283848,-0.8140531276778162,1.579640193067133,0.6892078388028625,0.3014642548228025,0.8362079472325574,0.8912398833936366,1.4686825047651588,0.3023758098045943,-0.018574514038877,0
2025-11-23 20:00:00+00:00,2.302,2.302,2.302,2.302,21.72,-0.0056313772385064,-0.5615550755939447,-1.707941929974377,1.0092145677929043,0.1489456540363522,0.0,0.8140024506789346,0.9003998377894245,0.0,0.0,0.012597741094700243,0
2025-11-23 21:00:00+00:00,2.302,2.302,2.302,2.302,0.0,0.0,0.0,-0.5185825410544465,0.3050108932461937,0.0,0.0,0.6805759340563439,0.8894368747473174,0.0,0.0,0.012597741094700243,0
2025-11-23 22:00:00+00:00,2.307,2.308,2.307,2.308,144.15,0.0026030383461622,0.2606429192006931,0.0433463372345066,-1.1139674378749076,0.9671143115856894,0.0,0.6836124881505194,0.8176086776039408,0.0433275563070456,0.0,0.0004332755632583396,0
2025-11-23 23:00:00+00:00,2.275,2.291,2.252,2.252,583.64,-0.0245626383684091,-2.4263431542461023,-1.4442013129102982,-3.513281919451594,3.3664417142333383,1.702313399518857,1.1915812511222237,0.9538863798569523,1.7317939601546273,0.7104795733967681,0.023534635879218557,0
2025-11-24 00:00:00+00:00,2.247,2.282,2.241,2.279,350.37,0.0119180399861033,1.198934280639441,-0.6105538595726268,-1.2992637505413684,1.9204670028397264,0.1314636283385397,1.318163402816402,0.970209985045876,1.799034663537059,0.1316366826978388,0.0,0
2025-11-24 01:00:00+00:00,2.272,2.272,2.272,2.272,3.51,-0.0030762494046422,-0.3071522597630549,-1.8574514038877,-3.195568811248406,0.0209400137212515,0.0,1.21220934042376,0.9019771340863144,0.0,0.0,0.0030809859154929953,0
2025-11-24 02:00:00+00:00,2.287,2.331,2.287,2.331,161.82,0.0256368591947152,2.596830985915499,1.2597741094700243,-1.1030971574034876,0.996362106380447,0.0,1.6689694113463285,1.0527786295507906,1.8876018867921072,0.0,-0.022308022308022313,0
2025-11-24 03:00:00+00:00,2.331,2.331,2.331,2.331,0.0,0.0,0.0,1.2597741094700243,-0.3846153846153832,0.0,0.0,1.6689694113463285,1.0428426214150923,0.0,0.0,-0.03775203775203784,0
2025-11-24 04:00:00+00:00,2.309,2.309,2.309,2.309,12.51,-0.0094828296812616,-0.943800943800932,0.0433275563258339,-2.1610169491525277,0.091445975785519,0.0,1.7331863863181467,1.0424722606091326,0.0,0.0,-0.02858380251191006,0
2025-11-24 05:00:00+00:00,2.305,2.305,2.305,2.305,101.02,-0.0017338539237464,-0.1732351667388498,2.3534635879218557,-2.081563296516564,0.7316600627046271,0.0,1.2739665092778976,1.0420502137674277,0.0,0.0,-0.026898047722342833,0
2025-11-24 06:00:00+00:00,2.279,2.279,2.279,2.279,5.7,-0.0113439261850647,-1.1279826464208331,0.0,-1.7248814144027569,0.0434044578405515,0.0,1.3329117219486997,1.023125331237155,0.0,0.0,0.00043878894251858647,0
2025-11-24 07:00:00+00:00,2.279,2.279,2.279,2.279,0.0,0.0,0.0,0.3080985915492995,-1.7248814144027569,0.0,0.0,1.3246028087352333,1.023125331237155,0.0,0.0,0.00043878894251858647,0
2025-11-24 08:00:00+00:00,2.279,2.279,2.279,2.279,0.0,0.0,0.0,-2.2308022308022313,-1.7248814144027569,0.0,0.0,0.5230387821215282,1.023125331237155,0.0,0.0,0.008336989907854475,0
2025-11-24 09:00:00+00:00,2.272,2.272,2.243,2.243,90.37,-0.0159224947254759,-1.579640193067133,-3.775203775203784,-4.674883127921814,0.6814420098101807,1.2764084501424222,0.6757453942256774,1.0143296742900942,1.2929112789599109,0.0,0.02452073116362019,0
2025-11-24 10:00:00+00:00,2.243,2.243,2.243,2.243,0.0,0.0,0.0,-2.858380251191006,-4.95762711864407,0.0,0.0,0.7000677475690499,1.0098096334499782,0.0,0.0,0.03254569772625948,0
2025-11-24 11:00:00+00:00,2.243,2.243,2.243,2.243,0.0,0.0,0.0,-2.6898047722342833,-3.733905579399155,0.0,0.0,0.7187501392879357,0.984458632525686,0.0,0.0,0.04948729380294248,0
2025-11-24 12:00:00+00:00,2.278,2.28,2.278,2.28,427.58,0.0163611874282782,1.64957646009809,0.0438788942518586,-2.145922746781126,2.915500400573341,0.0,1.020962503847695,1.0503589604111967,0.087719298207131,0.0,0.037280701754386136,0
2025-11-24 13:00:00+00:00,2.28,2.28,2.28,2.28,0.0,0.0,0.0,0.0438788942518586,-2.313624678663251,0.0,0.0,1.020962503847695,1.0490821247023674,0.0,0.0,0.037280701754386136,0
2025-11-24 14:00:00+00:00,2.298,2.298,2.298,2.298,45.77,0.0078637364602146,0.7894736842105399,0.8336989907854475,-1.878736122971825,0.3186179531483432,0.0,1.0691718805947743,1.0610272850143256,0.0,0.0,0.04090513489991299,0
2025-11-24 15:00:00+00:00,2.298,2.298,2.298,2.298,0.0,0.0,0.0,2.452073116362019,-0.691443388072599,0.0,0.0,0.6807627814127536,1.0336952558535686,0.0,0.0,0.02872062663185382,0
2025-11-24 16:00:00+00:00,2.316,2.316,2.316,2.316,4.31,0.0078023802841848,0.7832898172323688,3.254569772625948,0.3901170351105376,0.0458303426637336,0.0,0.6624891060987982,1.0447970771665758,0.0,0.0,0.020725388601036343,0
2025-11-24 17:00:00+00:00,2.32,2.354,2.32,2.354,149.57,0.0162744491273363,1.640759930915392,4.948729380294248,3.019693654266953,1.5607440064533364,0.0,0.729956723420895,1.072883169629887,1.4443500418673216,0.0,0.004248088360237823,0
2025-11-24 18:00:00+00:00,2.36,2.365,2.36,2.365,36.14,0.0046620131058113,0.4672897196261738,3.7280701754386136,3.139991277802001,0.3875499316330659,0.0,0.6099443993958233,1.0742134729279738,0.2114164903968783,0.0,-0.005496828752642902,0
2025-11-24 19:00:00+00:00,2.365,2.365,2.365,2.365,0.0,0.0,0.0,3.7280701754386136,2.159827213822907,0.0,0.0,0.6099443993958233,1.0598758196819869,0.0,0.0,-0.005496828752642902,0
2025-11-24 20:00:00+00:00,2.375,2.393,2.361,2.392,1425.24,0.0113518141444887,1.1416490486257702,4.090513489991299,3.909643788010419,9.658006042230634,0.0417885499198497,0.6456873719343269,1.071075458047356,1.337792641581173,0.0418060200494075,-0.03553511705685619,0
2025-11-24 21:00:00+00:00,2.384,2.384,2.364,2.364,18.24,-0.0117747365445335,-1.170568561872909,2.872062663185382,2.6933101650738367,0.12296836463453,0.8389261741447465,0.9811680947511544,1.105139225388046,0.8460236883054053,0.0,-0.017343485617597243,0
2025-11-24 22:00:00+00:00,2.371,2.371,2.364,2.364,179.27,0.0,0.0,2.0725388601036343,2.4263431542461023,1.196775575364884,0.2952340783233984,0.9838352974427746,1.1048848310430492,0.2961082909068965,0.0,-0.01776649746192882,0
2025-11-24 23:00:00+00:00,2.364,2.364,2.364,2.364,0.0,0.0,0.0,0.4248088360237823,4.973357015985802,0.0,0.0,0.7566339796682784,0.9623880868784154,0.0,0.0,-0.01776649746192882,0
2025-11-25 00:00:00+00:00,2.342,2.352,2.331,2.352,26.18,-0.0050890695074712,-0.5076142131979711,-0.5496828752642902,3.2031592803861253,0.2338169788199703,0.0,0.7593985221449646,0.9488745644419496,0.8928571424775229,0.0,-0.012755102040816202,0
2025-11-25 01:00:00+00:00,2.352,2.352,2.352,2.352,0.0,0.0,0.0,-0.5496828752642902,3.5211267605633756,0.0,0.0,0.7593985221449646,0.9447554282380792,0.0,0.0,-0.03401360544217691,0
2025-11-25 02:00:00+00:00,2.324,2.324,2.307,2.307,149.52,-0.0193180508447638,-1.913265306122447,-3.553511705685619,-1.029601029601035,1.3432855934176444,0.7314974179296442,0.7994277238577905,0.8881509199235025,0.7368877326671446,0.0,-0.015604681404421394,0
2025-11-25 03:00:00+00:00,2.323,2.323,2.323,2.323,178.56,0.0069114745966555,0.693541395752062,-1.7343485617597243,-0.343200343200345,1.5036737099782855,0.0,0.8897616848634434,0.9007259507111818,0.0,0.0,-0.02798105897546277,0
2025-11-25 04:00:00+00:00,2.322,2.322,2.322,2.322,10.73,-0.0004305705125723,-0.043047783039174,-1.776649746192882,0.5630142919012426,0.0904149989459413,0.0,0.8871092198940438,0.8785974677144,0.0,0.0,-0.021963824289405798,0
2025-11-25 05:00:00+00:00,2.322,2.322,2.322,2.322,0.0,0.0,0.0,-1.776649746192882,0.7375271149674623,0.0,0.0,0.8871092198940438,0.8776213797279605,0.0,0.0,-0.016795865633075002,0
2025-11-25 06:00:00+00:00,2.322,2.322,2.322,2.322,0.0,0.0,0.0,-1.2755102040816202,1.8867924528301885,0.0,0.0,0.8873280915364421,0.8419726775297642,0.0,0.0,-0.024978466838932123,0
2025-11-25 07:00:00+00:00,2.272,2.272,2.272,2.272,9.1,-0.0217683824167949,-2.1533161068044926,-3.401360544217691,-0.3071522597630549,0.0794014353329459,0.0,1.1793328554249396,0.9597412931811408,0.0,0.0,-0.022447183098591394,0
2025-11-25 08:00:00+00:00,2.273,2.273,2.271,2.271,473.79,-0.0004402377354834,-0.044014084507038,-1.5604681404421394,-0.3510311540149247,3.5265679806955688,0.087989441228347,0.9805950359386808,0.9597578004591216,0.0880669308286902,0.0,-0.021576398062527535,0
2025-11-25 09:00:00+00:00,2.255,2.258,2.25,2.258,52.83,-0.005740797395951,-0.5724350506384757,-2.798105897546277,0.6687472135532779,0.3978624526537191,0.0,0.8636679234057741,0.9081049767321704,0.3542958368670083,0.0,-0.005757307351638596,0
2025-11-25 10:00:00+00:00,2.271,2.271,2.271,2.271,43.91,0.0057407973959511,0.5757307351638596,-2.19638242894058,1.2483281319661144,0.3261915226827823,0.0,0.9568343537717782,0.9148771867400748,0.0,0.0,-0.004843681197710281,0
2025-11-25 11:00:00+00:00,2.267,2.283,2.267,2.283,42.74,0.005270104424237,0.5284015852047519,-1.6795865633075002,1.7833259028087411,0.3133545951074942,0.0,1.0197302649110735,0.9198934133295888,0.700832237975983,0.0,0.0,0
2025-11-25 12:00:00+00:00,2.264,2.264,2.264,2.264,2.21,-0.0083572072067219,-0.8322382829610175,-2.4978466838932123,-0.7017543859649145,0.0186228762230226,0.0,1.0304766905952043,0.8746118499430741,0.0,0.0,0.0075088339222615375,0
2025-11-25 13:00:00+00:00,2.282,2.282,2.221,2.221,38.14,-0.019175615428646,-1.8992932862190728,-2.244718309859139,-2.5877192982456054,0.3171450844495068,2.6730937762168714,0.9439538378189763,0.9556480656099005,2.746510579582838,0.0,0.01620891490319676,0
2025-11-25 14:00:00+00:00,2.232,2.232,2.19,2.222,470.29,0.0004501463051477,0.0450247636199829,-2.1576398062527535,-3.307223672758919,3.409164635392427,0.448028673634406,0.9509355733440478,0.9372443994551848,1.8901890180512315,0.0,0.027452745274527457,0
2025-11-25 15:00:00+00:00,2.185,2.291,2.185,2.245,788.22,0.0102978299767793,1.035103510351032,-0.5757307351638596,-2.306353350739776,4.615107624046228,2.007856830201713,1.0945039266824494,0.9670371472350144,4.721603561371217,2.0489977719158055,0.016481069042316276,0
2025-11-25 16:00:00+00:00,2.222,2.26,2.217,2.26,4088.4,0.0066592920899767,0.6681514476614581,-0.4843681197710281,-2.4179620034542326,11.990790753568614,0.0,1.1063326921698462,0.9627997733809666,1.9026548664147416,0.0,0.014159292035398341,0
2025-11-25 17:00:00+00:00,2.26,2.283,2.257,2.283,3062.47,0.010125554263464,1.0176991150442571,0.0,-3.016142735768912,6.62395570286185,0.0,1.1753025938643125,0.9220991018939956,1.1388523867109626,0.0,0.013578624616732426,0
2025-11-25 18:00:00+00:00,2.271,2.283,2.271,2.281,179.47,-0.0008764242454073,-0.0876040297853597,0.7508833922261537,-3.5517970401691357,0.3832334903113094,0.0876040297469881,1.1065859946534295,0.9134821913067416,0.5260850501858465,0.0876808416976313,0.006137658921525624,0
2025-11-25 19:00:00+00:00,2.267,2.285,2.226,2.257,108.47,-0.0105774454668523,-1.052170100832972,1.6208914903196758,-4.56659619450317,0.2294087477898315,1.2253829316300302,0.8033462994503215,0.931239932094041,2.6140894981771936,0.7975188299523724,0.01683650863978725,0
2025-11-25 20:00:00+00:00,2.263,2.283,2.263,2.283,112.7,0.0114538697122597,1.1519716437749183,2.7452745274527457,-4.55685618729097,0.2695301756603262,0.0,0.8654648459169094,0.93187573766486,0.8760402974699787,0.0,0.003504161191414834,0
2025-11-25 21:00:00+00:00,2.282,2.282,2.282,2.282,49.3,-0.0004381161077745,-0.0438020148926798,1.6481069042316276,-3.4686971235194486,0.1175407051247408,0.0,0.8323108047270655,0.908308563965566,0.0,0.0,0.002191060473269113,0
2025-11-25 22:00:00+00:00,2.26,2.292,2.26,2.292,193.03,0.0043725474126091,0.4382120946538004,1.415929203539834,-3.0456852791878153,0.4595925024244867,0.0,0.8157602223193176,0.9157421277600276,1.3961605578550795,0.0,-0.01265270506108196,0
2025-11-25 23:00:00+00:00,2.301,2.314,2.301,2.314,155.81,0.0095528299189917,0.9598603839441556,1.3578624616732426,-2.1150592216582,0.365327031311577,0.0,0.8050982262493178,0.9419727781028286,0.5617977525662023,0.0,-0.014693171996542853,0
2025-11-26 00:00:00+00:00,2.295,2.295,2.295,2.295,63.86,-0.0082447852589764,-0.8210890233362189,0.6137658921525624,-2.423469387755095,0.1491830963976833,0.0,0.911457609970282,0.9502540602183424,0.0,0.0,0.0008714596949892517,0
2025-11-26 01:00:00+00:00,2.295,2.295,2.295,2.295,0.0,0.0,0.0,1.683650863978725,-2.423469387755095,0.0,0.0,0.7256362241753433,0.9502540602183424,0.0,0.0,0.0039215686274509665,0
2025-11-26 02:00:00+00:00,2.293,2.293,2.291,2.291,84.76,-0.0017444400411499,-0.174291938997817,0.3504161191414834,-0.693541395752062,0.1992635758003856,0.087221979900916,0.599245951504295,0.8672235654482012,0.0872981230522585,0.0,0.0026189436927106513,0
2025-11-26 03:00:00+00:00,2.287,2.287,2.287,2.287,38.48,-0.0017474884307143,-0.1745962461807026,0.2191060473269113,-1.549720189410242,0.0917217796517924,0.0,0.6060538366346125,0.8538698894435984,0.0,0.0,0.004372540445999329,0
2025-11-26 04:00:00+00:00,2.271,2.271,2.263,2.263,75.97,-0.0105495483892438,-1.0494097070397943,-1.265270506108196,-2.5409130060292884,0.1799179984108548,0.3522677233147216,0.7065400468680597,0.8773940129608909,0.3535130356369809,0.0,-0.0013256738842245541,0
2025-11-26 05:00:00+00:00,2.27,2.28,2.27,2.28,88.81,0.007484076314949,0.75121520106054,-1.4693171996542853,-1.8087855297157729,0.2084994658971742,0.0,0.6400940393035558,0.8945039842573496,0.438596491035694,0.0,-0.009210526315789447,0
2025-11-26 06:00:00+00:00,2.286,2.297,2.286,2.297,91.8,0.0074284807406118,0.7456140350877272,0.0871459694989251,-1.0766580534022352,0.2136009679516018,0.0,0.6759541686244837,0.909968619239496,0.4788855026213001,0.0,-0.016543317370483313,0
2025-11-26 07:00:00+00:00,2.305,2.308,2.303,2.304,40.18,0.0030428191266834,0.3047453199825689,0.3921568627450966,1.4084507042253502,0.0932102798858034,0.1733102252282019,0.6859870689932599,0.7903292609497339,0.2170138887946942,0.1302083332768049,-0.01909722222222221,0
2025-11-26 08:00:00+00:00,2.306,2.306,2.297,2.297,13.04,-0.0030428191266834,-0.3038194444444309,0.2618943692710651,1.1448701012769735,0.031660443363481,0.390286209717998,0.697019010107638,0.7935727843828634,0.3918154112356004,0.0,-0.016107966913365468,0
2025-11-26 09:00:00+00:00,2.297,2.297,2.297,2.297,0.0,0.0,0.0,0.4372540445999329,1.7271922054916011,0.0,0.0,0.6896833350511672,0.7826007266332492,0.0,0.0,-0.020461471484545135,0
2025-11-26 10:00:00+00:00,2.271,2.271,2.26,2.26,21.75,-0.0162391104227669,-1.6107966913365468,-0.1325673884224554,-0.4843681197710281,0.0532115515957066,0.4843681195577472,0.8867092393344309,0.8471577123153129,0.4867256635014542,0.0,0.02212389380530988,0
2025-11-26 11:00:00+00:00,2.259,2.259,2.259,2.259,7.18,-0.0004425757983282,-0.0442477876106184,-0.9210526315789448,-1.0512483574244391,0.0176298348532562,0.0,0.8041568271240874,0.8391004136069259,0.0,0.0,0.038069942452412686,0
2025-11-26 12:00:00+00:00,2.259,2.259,2.259,2.259,0.0,0.0,0.0,-1.6543317370483313,-0.2208480565370929,0.0,0.0,0.6870841306162243,0.8219840340711952,0.0,0.0,0.04648074369189903,0
2025-11-26 13:00:00+00:00,2.26,2.26,2.26,2.26,8.49,0.0004425757983281,0.0442673749446509,-1.909722222222221,1.7559657811796248,0.0209145925882832,0.0,0.6502210922090002,0.7144723225561078,0.0,0.0,0.0424778761061948,0
2025-11-26 14:00:00+00:00,2.26,2.26,2.26,2.26,0.0,0.0,0.0,-1.6107966913365468,1.7101710171016915,0.0,0.0,0.6635495501872944,0.7146067691604056,0.0,0.0,0.04026548672566377,0
2025-11-26 15:00:00+00:00,2.255,2.255,2.25,2.25,6095.6,-0.0044345970678656,-0.4424778761061843,-2.0461471484545135,0.222717149220486,10.034205398359433,0.2217294899238402,0.6519699506116821,0.6915388160307551,0.222222222123452,0.0,0.04933333333333345,0
2025-11-26 16:00:00+00:00,2.277,2.31,2.277,2.31,26.02,0.0263173083173733,2.6666666666666616,2.212389380530988,2.212389380530988,0.0593770769567322,0.0,1.1250326866027702,0.8668855306116078,1.4285714279529955,0.0,0.021212121212121238,0
2025-11-26 17:00:00+00:00,2.322,2.345,2.322,2.345,96.65,0.0150378773645405,1.5151515151515138,3.8069942452412686,2.7157249233464853,0.3071760488484378,0.0,1.1882191055327518,0.8949315598199628,0.9808102341233274,0.0,0.005970149253731183,0
2025-11-26 18:00:00+00:00,2.359,2.364,2.317,2.364,157.6,0.0080696976456088,0.8102345415778034,4.648074369189903,3.638754932047328,0.502344113153323,0.0,1.148647777306688,0.9048461220451088,1.9881556675176888,0.0,0.0029610829103214886,0
2025-11-26 19:00:00+00:00,2.369,2.369,2.346,2.356,206.61,-0.0033898337545115,-0.3384094754653177,4.24778761061948,4.386353566681422,0.6500883628467519,0.5487547486075472,1.2054726669592566,0.8745595689781709,0.9762308994158668,0.0,-0.004244482173174746,0
2025-11-26 20:00:00+00:00,2.362,2.362,2.344,2.351,40.33,-0.0021244962314078,-0.2122241086587428,4.026548672566377,2.9785370127025868,0.1281119006993695,0.4657070277452603,1.2327233378023903,0.8529693930582946,0.7656316457823872,0.0,0.002126754572522316,0
2025-11-26 21:00:00+00:00,2.351,2.361,2.347,2.361,39.27,0.0042444885454435,0.4253509145044853,4.933333333333345,3.4618755477651364,0.1249105396245848,0.0,1.1237383649259407,0.8543590784678234,0.5929690806467828,0.0,-0.015671325709445294,0
2025-11-26 22:00:00+00:00,2.356,2.362,2.356,2.359,34.47,-0.000847457677838,-0.0847098686997172,2.121212121212124,2.9232111692844676,0.1119961877321492,0.1270110075668926,0.7107237907493515,0.8531541820415107,0.2543450613589137,0.1271725306794568,-0.016532428995337023,0
2025-11-26 23:00:00+00:00,2.359,2.359,2.359,2.359,0.0,0.0,0.0,0.5970149253731183,1.9446845289541992,0.0,0.0,0.4334816490592029,0.8345746013550142,0.0,0.0,-0.016532428995337023,0
2025-11-27 00:00:00+00:00,2.337,2.371,2.337,2.371,20.29,0.0050740066577304,0.5086901229334417,0.2961082910321488,3.3115468409586013,0.0677528418179809,0.0,0.3435894302770113,0.8158710759684736,1.4339940947136172,0.0,-0.011809363137916473,0
2025-11-27 01:00:00+00:00,2.349,2.349,2.346,2.346,39.2,-0.0106000568519847,-1.0544074230282583,-0.4244482173174746,2.2222222222222365,0.1301875043239294,0.1277139207630044,0.5627409732602713,0.85145467243839,0.1278772377971586,0.0,-0.01278772378516635,0
2025-11-27 02:00:00+00:00,2.356,2.356,2.356,2.356,9.17,0.0042535155580564,0.4262574595055302,0.2126754572522315,2.8371890004364797,0.0307765025708981,0.0,0.5902215915838412,0.8521092175573687,0.0,0.0,-0.008488964346349714,0
2025-11-27 03:00:00+00:00,2.332,2.332,2.323,2.324,1342.19,-0.0136754267996754,-1.358234295415961,-1.5671325709445294,1.617839965019674,3.8100541478988488,0.3430531730947459,0.7776272653870538,0.9030989059278004,0.387263338903927,0.0,0.010327022375215211,0
2025-11-27 04:00:00+00:00,2.322,2.322,2.32,2.32,14.3,-0.0017226533114461,-0.1721170395869165,-1.6532428995337023,2.5187803800265085,0.0408914624773195,0.0861326442350946,0.774423325242414,0.8728948640917706,0.0862068965145756,0.0,0.012068965517241459,0
2025-11-27 05:00:00+00:00,2.32,2.32,2.32,2.32,0.0,0.0,0.0,-1.6532428995337023,1.7543859649122862,0.0,0.0,0.774423325242414,0.8621620173135358,0.0,0.0,0.006896551724137945,0
2025-11-27 06:00:00+00:00,2.317,2.343,2.317,2.343,41.96,0.00986497384744,0.991379310344831,-1.180936313791647,2.002612102742707,0.1220018656938895,0.0,0.8879584867711957,0.8717799088461271,1.1096884331584684,0.0,-0.01451131028595809,0
2025-11-27 07:00:00+00:00,2.318,2.318,2.316,2.316,253.78,-0.0115905998149098,-1.1523687580025643,-1.278772378516635,0.5208333333333259,0.7192716021661497,0.0862812769256864,0.9078876284301584,0.9061003251299772,0.0863557858003741,0.0,0.005613126079447417,0
2025-11-27 08:00:00+00:00,2.33,2.336,2.33,2.336,46.97,0.0085985052552317,0.8635578583765069,-0.8488964346349714,1.6978667827601155,0.1325926300569192,0.0,0.9833266633653316,0.9189621395728016,0.2568493149585312,0.0,0.0004280821917810318,0
2025-11-27 09:00:00+00:00,2.342,2.348,2.338,2.348,116.7,0.0051238369998694,0.5136986301369939,1.0327022375215211,2.2202873313016847,0.3249742125388206,0.0,0.7965205802704807,0.9232036022322512,0.4258943780128127,0.0,-0.0034071550255536653,0
2025-11-27 10:00:00+00:00,2.348,2.348,2.348,2.348,0.0,0.0,0.0,1.206896551724146,3.8938053097345104,0.0,0.0,0.7846793540776914,0.8484992216238271,0.0,0.0,0.008517887563884274,0
2025-11-27 11:00:00+00:00,2.336,2.336,2.336,2.336,17.9,-0.0051238369998693,-0.5110732538330498,0.6896551724137945,3.4085878707392547,0.0499099622420914,0.0,0.836933297170192,0.8586980885051236,0.0,0.0,0.014554794520547976,0
2025-11-27 12:00:00+00:00,2.333,2.333,2.309,2.309,306.62,-0.0116255345936222,-1.1558219178082083,-1.451131028595809,2.213368747233302,0.8255307310177772,1.0287183879002502,0.8489101823000731,0.8987738271501271,1.0394109999829324,0.0,0.030316154179298227,0
2025-11-27 13:00:00+00:00,2.319,2.329,2.319,2.329,23.63,0.0086244605298456,0.8661758336942382,0.5613126079447417,3.053097345132771,0.0635125419125969,0.0,0.8133316730435429,0.9123301657865148,0.4293688276387523,0.0,0.021039072563331818,0
2025-11-27 14:00:00+00:00,2.331,2.337,2.329,2.337,16.76,0.0034290646545169,0.3434950622584809,0.0428082191781031,3.407079646017719,0.044963011484316,0.0,0.7399591073855355,0.9129672720201184,0.342319212519333,0.0,0.01668806161745806,0
2025-11-27 15:00:00+00:00,2.328,2.34,2.328,2.34,121.29,0.0012828738128891,0.1283697047496756,-0.3407155025553665,4.0000000000000036,0.979557224620334,0.0,0.7032082653863094,0.9045119958580268,0.5128205126013592,0.0,0.020085470085470236,0
2025-11-27 16:00:00+00:00,2.351,2.368,2.313,2.368,935.28,0.0118947876521491,1.1965811965811923,0.8517887563884274,2.510822510822508,5.783791165574895,0.0,0.8702736405984077,0.7715267638706016,2.3226351341542806,0.0,-0.011402027027026862,0
2025-11-27 17:00:00+00:00,2.37,2.37,2.37,2.37,41.61,0.0008442381252807,0.0844594594594738,1.4554794520547976,1.0660980810234475,0.2610188895232626,0.0,0.8128191031680774,0.7115798048800714,0.0,0.0,-0.015189873417721489,0
2025-11-27 18:00:00+00:00,2.373,2.379,2.362,2.379,62.76,0.0037902761737808,0.37974683544304,3.0316154179298227,0.6345177664974777,0.40369972313461,0.0,0.4374710466010681,0.6968439022663605,0.7145859601872233,0.0,-0.017234131988230317,0
2025-11-27 19:00:00+00:00,2.373,2.378,2.373,2.378,85.73,-0.0004204330522305,-0.0420344682639739,2.1039072563331818,0.9337860780984863,0.5699169854347318,0.0,0.4424814462101897,0.6926990447393268,0.2102607232084645,0.0,-0.02733389402859543,0
2025-11-27 20:00:00+00:00,2.376,2.376,2.376,2.376,0.84,-0.0008413967681916,-0.0841042893187649,1.668806161745806,1.063377286261158,0.0056459201505199,0.0,0.4763256392964577,0.6911696363470644,0.0,0.0,-0.031565656565656464,0
2025-11-27 21:00:00+00:00,2.376,2.387,2.376,2.387,94.28,0.0046189458562946,0.4629629629629761,2.0085470085470236,1.1012282930961348,0.6240729453061931,0.0,0.4751266666456671,0.6921072532575986,0.4608294928945046,0.0,-0.027649769585253337,0
2025-11-27 22:00:00+00:00,2.366,2.375,2.335,2.341,156.68,-0.0194591588479192,-1.9271051529116012,-1.1402027027026862,-0.7630351844001626,1.003303147856135,1.4315789467656428,0.8877384744220084,0.802773071177806,1.7086715071727174,0.3844510891138566,0.0021358393848782686,0
2025-11-27 23:00:00+00:00,2.343,2.343,2.334,2.334,631.72,-0.0029946546444095,-0.2990175138829598,-1.518987341772149,-1.059771089444672,3.461748172213579,0.3841229191702376,0.8776840329684651,0.8045807412973609,0.3856041129453237,0.0,0.00385604113110527,0
2025-11-28 00:00:00+00:00,2.333,2.338,2.333,2.338,106.08,0.0017123291855125,0.1713796058269157,-1.7234131988230317,-1.391817798397299,0.5701373881661015,0.0,0.8513623051874913,0.7974514741105379,0.2138579981976609,0.0,-0.010692899914456766,0
2025-11-28 01:00:00+00:00,2.344,2.344,2.313,2.313,13.62,-0.0107504798005745,-1.0692899914456766,-2.733389402859543,-1.406649616368283,0.07362377727236,1.3225255967053942,0.8946055175975363,0.7982784023926264,1.3402507560137131,0.0,0.0,0
2025-11-28 02:00:00+00:00,2.307,2.307,2.301,2.301,18.22,-0.0052015721960732,-0.5188067444876765,-3.1565656565656464,-2.3344651952461715,0.0982890229533552,0.2600780232942784,0.8752822349757017,0.7966637856785215,0.2607561928462503,0.0,0.024771838331160367,0
2025-11-28 03:00:00+00:00,2.315,2.321,2.315,2.321,12.35,0.0086543162390711,0.8691873098652714,-2.7649769585253337,-0.1290877796901735,0.0950280210824087,0.0,0.9767827523015172,0.7720124973617305,0.2585092631372311,0.0,0.009047824213700872,0
2025-11-28 04:00:00+00:00,2.318,2.346,2.318,2.346,42.62,0.0107136229389835,1.0771219302024848,0.2135839384878268,1.1206896551724244,0.3249920569334056,0.0,0.8287936076486577,0.8014975737589646,1.1935208861067697,0.0,-0.0017050298380221207,0
2025-11-28 05:00:00+00:00,2.316,2.343,2.316,2.343,20.45,-0.0012795907056251,-0.1278772378516701,0.385604113110527,0.991379310344831,0.1549315781985517,0.0,0.8178127483290724,0.8022451464480755,1.152368757510732,0.0,-0.009389671361502261,0
2025-11-28 06:00:00+00:00,2.325,2.325,2.313,2.313,3.0,-0.0128867762763564,-1.2804097311139515,-1.0692899914456766,-1.2804097311139515,0.023011355464541,0.516129032036074,0.9805634038433706,0.8199046575123263,0.5188067442633784,0.0,0.0012970168612189692,0
2025-11-28 07:00:00+00:00,2.313,2.313,2.313,2.313,0.0,0.0,0.0,0.0,-0.129533678756466,0.0,0.0,0.8768598685380866,0.7853738859540261,0.0,0.0,0.0012970168612189692,0
2025-11-28 08:00:00+00:00,2.332,2.36,2.322,2.358,30.54,0.0192684188658769,1.9455252918287869,2.4771838331160367,0.941780821917826,0.256398057842727,0.0847457626759458,1.121481594181777,0.8628603788726852,1.6115351986380175,0.0848176420335709,0.007633587786259444,0
2025-11-28 09:00:00+00:00,2.342,2.342,2.342,2.342,37.24,-0.0068085369396536,-0.6785411365564098,0.9047824213700872,-0.2555366269165193,0.3215866322177741,0.0,1.1718317203060993,0.8687585579073629,0.0,0.0,0.014517506404782221,0
2025-11-28 10:00:00+00:00,2.342,2.342,2.342,2.342,0.0,0.0,0.0,-0.170502983802212,-0.2555366269165193,0.0,0.0,1.0815259104426287,0.8687585579073629,0.0,0.0,-0.01964133219470554,0
2025-11-28 11:00:00+00:00,2.321,2.321,2.321,2.321,76.7,-0.0090071378832255,-0.8966695132365476,-0.938967136150226,-0.6421232876712146,0.6486212218322754,0.0,1.1401685686457126,0.8820242996554064,0.0,0.0,-0.01594140456699711,0
2025-11-28 12:00:00+00:00,2.365,2.365,2.316,2.316,23.18,-0.0021565675815513,-0.2154243860405191,0.1297016861218969,0.3031615417929734,0.2177735674728424,2.0718816058892835,1.0031225699725987,0.8495955145010331,2.1157167521089466,0.0,-0.01943005181347146,0
2025-11-28 13:00:00+00:00,2.316,2.316,2.316,2.316,0.0,0.0,0.0,0.1297016861218969,-0.5581794761700398,0.0,0.0,1.0031225699725987,0.8301031465974098,0.0,0.0,-0.01943005181347146,0
2025-11-28 14:00:00+00:00,2.376,2.376,2.375,2.376,40.9,0.0255768417896497,2.590673575129543,0.7633587786259444,1.668806161745806,0.3841743343642613,0.0,1.2463322236100307,0.9818289447639984,0.0420875420698238,0.0,-0.03745791245791241,0
2025-11-28 15:00:00+00:00,2.376,2.376,2.376,2.376,0.0,0.0,0.0,1.451750640478222,1.538461538461533,0.0,0.0,1.1877129867052207,0.981841121389644,0.0,0.0,-0.03745791245791241,0
2025-11-28 16:00:00+00:00,2.377,2.377,2.29,2.296,951.24,-0.0342499230430785,-3.367003367003374,-1.964133219470554,-3.0405405405405483,9.319182287153172,3.4076567087052334,1.922201010865871,1.1829928859590566,3.789198604621418,0.0,-0.00391986062717764,0
2025-11-28 17:00:00+00:00,2.306,2.322,2.284,2.284,89.24,-0.0052401866635561,-0.5226480836236891,-1.5941404566997108,-3.6286919831223785,0.8575993336961464,1.6365202404666257,1.9059393846083472,1.1847462474287536,1.663747810129719,0.7005253937388249,0.0013134851138354442,0
2025-11-28 18:00:00+00:00,2.287,2.287,2.271,2.271,12.16,-0.0057080286703423,-0.5691768826619925,-1.943005181347146,-4.539722572509463,0.1192746414678569,0.699606471053955,1.9095063927615608,1.182027489999912,0.7045354466294433,0.0,-0.004843681197710281,0
2025-11-28 19:00:00+00:00,2.271,2.271,2.271,2.271,0.0,0.0,0.0,-1.943005181347146,-4.499579478553417,0.0,0.0,1.9095063927615608,1.1822929668508064,0.0,0.0,-0.004843681197710281,0
2025-11-28 20:00:00+00:00,2.287,2.287,2.287,2.287,1129.11,0.0070206519172226,0.7045354469396692,-3.7457912457912417,-3.7457912457912417,7.766144216744655,0.0,1.4418514837799223,1.1962165328725334,0.0,0.0,-0.011805859204197744,0
2025-11-28 21:00:00+00:00,2.287,2.287,2.287,2.287,0.0,0.0,0.0,-3.7457912457912417,-4.189359028068706,0.0,0.0,1.4418514837799223,1.1894883082365195,0.0,0.0,-0.008307826847398392,0
2025-11-28 22:00:00+00:00,2.287,2.287,2.287,2.287,0.0,0.0,0.0,-0.391986062717764,-2.3067065356685346,0.0,0.0,0.4620816850900505,1.1285218946992688,0.0,0.0,-0.008307826847398392,0
2025-11-28 23:00:00+00:00,2.287,2.287,2.287,2.287,0.0,0.0,0.0,0.1313485113835444,-2.0137103684661595,0.0,0.0,0.4039405435115711,1.1278440640076854,0.0,0.0,-0.0017490161783996205,0
2025-11-29 00:00:00+00:00,2.26,2.26,2.26,2.26,4.67,-0.0118761017564496,-1.1805859204197744,-0.4843681197710281,-3.336184773310535,0.0447382286722734,0.0,0.6105769633422842,1.148355145106616,0.0,0.0,0.010176991150442571,0
2025-11-29 01:00:00+00:00,2.26,2.26,2.26,2.26,0.0,0.0,0.0,-0.4843681197710281,-2.2913964548205934,0.0,0.0,0.6105769633422842,1.1311910830252732,0.0,0.0,0.010176991150442571,0
2025-11-29 02:00:00+00:00,2.26,2.26,2.26,2.26,0.0,0.0,0.0,-1.1805859204197744,-1.7818339852238352,0.0,0.0,0.4848398239445507,1.1277003845544782,0.0,0.0,0.004424778761062065,0
2025-11-29 03:00:00+00:00,2.284,2.284,2.256,2.268,13.99,0.003533572581311,0.3539823008849474,-0.8307826847398392,-2.283498492029312,0.135658413600081,0.7005253937388249,0.5327819365255092,1.1138950403779104,1.2345679006902268,0.0,-0.0022045855379188017,0
2025-11-29 04:00:00+00:00,2.268,2.268,2.268,2.268,0.0,0.0,0.0,-0.8307826847398392,-3.3248081841432353,0.0,0.0,0.5327819365255092,1.0861910291090429,0.0,0.0,0.0022045855379189128,0
2025-11-29 05:00:00+00:00,2.283,2.283,2.283,2.283,6.55,0.0065919816821529,0.6613756613756738,-0.174901617839962,-2.5608194622279146,0.0649984287905165,0.0,0.6268515207403574,1.0984140119292072,0.0,0.0,-0.0043802014892684316,0
2025-11-29 06:00:00+00:00,2.283,2.283,2.283,2.283,0.0,0.0,0.0,1.0176991150442571,-1.2970168612192023,0.0,0.0,0.2787563434070789,1.0693051340299606,0.0,0.0,-0.004818221638195452,0
2025-11-29 07:00:00+00:00,2.283,2.283,2.283,2.283,0.0,0.0,0.0,1.0176991150442571,-1.2970168612192023,0.0,0.0,0.2787563434070789,1.0693051340299606,0.0,0.0,0.005694261936048939,0
2025-11-29 08:00:00+00:00,2.269,2.27,2.269,2.27,5.84,-0.0057105360543471,-0.569426193604905,0.4424778761062065,-3.731976251060221,0.0586242377086493,0.0,0.4130420045195445,0.9864332634380816,0.0440528634167119,0.0,-0.005726872246695991,0
2025-11-29 09:00:00+00:00,2.264,2.264,2.263,2.263,201.73,-0.0030884648419109,-0.3083700440528636,-0.2204585537918801,-3.3731853116994115,1.8946898810533868,0.044169611287906,0.4118039273820885,0.9807745205296352,0.0441891294546177,0.0,0.00044189129474148103,0
2025-11-29 10:00:00+00:00,2.273,2.273,2.273,2.273,15.28,0.0044091782190059,0.4418912947415032,0.2204585537918912,-2.946199829205809,0.1426598562962496,0.0,0.4565865995815173,0.9876744189721318,0.0,0.0,0.0008798944126704455,0
2025-11-29 11:00:00+00:00,2.273,2.273,2.273,2.273,0.0,0.0,0.0,-0.4380201489268431,-2.068074105988804,0.0,0.0,0.341695573530175,0.9739183929367164,0.0,0.0,-0.0070391553013638974,0
2025-11-29 12:00:00+00:00,2.3,2.3,2.272,2.272,20.76,-0.0004400440115013,-0.0439947206335333,-0.4818221638195452,-1.899827288428324,0.1999783260465512,1.217391303818527,0.3402804520829259,0.973563274827306,1.2323943656547571,0.0,-0.01276408450704225,0
2025-11-29 13:00:00+00:00,2.264,2.307,2.264,2.296,1093.65,0.0105079775984151,1.0563380281690238,0.5694261936048939,-0.8635578583765069,7.321261212964785,0.4768097093728661,0.5776286541226877,1.000567572285603,1.8728222988358851,0.4790940764463928,-0.023083623693379796,0
2025-11-29 14:00:00+00:00,2.259,2.262,2.255,2.257,101.19,-0.0171319806219212,-1.6986062717769923,-0.5726872246695991,-5.008417508417495,0.6661966692317223,0.2210433243938753,0.9247678764962928,0.8932285344537539,0.310146211648146,0.1329198049920653,0.0101905183872395,0
2025-11-29 15:00:00+00:00,2.264,2.264,2.264,2.264,57.69,0.0030966625055376,0.3101462117855336,0.0441891294741481,-4.7138047138047146,0.3738921444171173,0.0,0.930713310244939,0.8986755291902959,0.0,0.0,-0.0035335689045936647,0
2025-11-29 16:00:00+00:00,2.274,2.275,2.274,2.275,50.0,0.0048468920619772,0.4858657243816289,0.0879894412670445,-0.9146341463414642,0.4282869236827401,0.0,0.9349532085130724,0.5903508226017629,0.0439560439367177,0.0,-0.008351648351648366,0
2025-11-29 17:00:00+00:00,2.264,2.264,2.255,2.257,168.55,-0.007943554567515,-0.7912087912087862,-0.7039155301363897,-1.182136602451822,1.4040129530594536,0.3091872790153622,0.9919485259353832,0.6024762075730481,0.3987594149761764,0.0,-0.0022153300841827317,0
2025-11-29 18:00:00+00:00,2.238,2.243,2.237,2.243,152.83,-0.0062222422973274,-0.6202924235711227,-1.276408450704225,-1.2329370321444322,1.2138035104343283,0.0,1.0112527443446002,0.6044985522699025,0.2674988853020416,0.0,0.008916629514043706,0
2025-11-29 19:00:00+00:00,2.243,2.243,2.243,2.243,0.0,0.0,0.0,-2.3083623693379796,-1.2329370321444322,0.0,0.0,0.82158324193023,0.6044985522699025,0.0,0.0,0.008916629514043706,0
2025-11-29 20:00:00+00:00,2.266,2.28,2.258,2.28,57.38,0.0163611874282782,1.64957646009809,1.01905183872395,-0.3060778312199419,0.7061755490629006,0.0,0.8780130512043436,0.6804355316886792,0.9649122802785384,0.0,-0.007894736842105177,0
2025-11-29 21:00:00+00:00,2.256,2.256,2.256,2.256,7.36,-0.0105821093305369,-1.0526315789473717,-0.3533568904593664,-1.3554875382597364,0.0902389308637345,0.0,1.0028856539644342,0.7130749937152323,0.0,0.0,0.0026595744680852906,0
2025-11-29 22:00:00+00:00,2.256,2.256,2.256,2.256,0.0,0.0,0.0,-0.8351648351648366,-1.3554875382597364,0.0,0.0,0.9692915024635476,0.7130749937152323,0.0,0.0,0.009308510638297962,0
2025-11-29 23:00:00+00:00,2.252,2.252,2.252,2.252,9.73,-0.0017746233583684,-0.1773049645390045,-0.2215330084182731,-1.5303891560996985,0.118706791377161,0.0,0.917295280276426,0.7133797295590147,0.0,0.0,0.011101243339254108,0
2025-11-30 00:00:00+00:00,2.263,2.263,2.263,2.263,75.22,0.0048726563739563,0.4884547069271772,0.8916629514043706,0.1327433628318663,0.8859182922236484,0.0,0.8870487132768013,0.679844073084161,0.0,0.0,0.0061864781263809565,0
2025-11-30 01:00:00+00:00,2.263,2.263,2.263,2.263,0.0,0.0,0.0,0.8916629514043706,0.1327433628318663,0.0,0.0,0.8870487132768013,0.679844073084161,0.0,0.0,0.003977021652673329,0
2025-11-30 02:00:00+00:00,2.263,2.263,2.262,2.262,346.16,-0.0004419889574715,-0.0441891294741481,-0.7894736842105177,0.088495575221259,3.484963777959893,0.0441891294546177,0.5071450322624601,0.6799195576357484,0.0442086648787711,0.0,-0.0004420866489831532,0
2025-11-30 03:00:00+00:00,2.262,2.262,2.262,2.262,0.0,0.0,0.0,0.265957446808529,-0.2645502645502562,0.0,0.0,0.2276473622432042,0.6758320067371106,0.0,0.0,0.008399646330680799,0
2025-11-30 04:00:00+00:00,2.277,2.277,2.272,2.277,85.28,0.0066094093876738,0.6631299734747964,0.9308510638297962,0.3968253968254176,0.8336265884571498,0.0,0.3360464560219018,0.6896267479064444,0.2195871760124929,0.0,-0.0039525691699606735,0
2025-11-30 05:00:00+00:00,2.277,2.277,2.277,2.277,0.0,0.0,0.0,1.1101243339254108,-0.2628120893561014,0.0,0.0,0.3075989082905533,0.67590724136507,0.0,0.0,-0.0039525691699606735,0
2025-11-30 06:00:00+00:00,2.277,2.277,2.277,2.277,0.0,0.0,0.0,0.6186478126380957,-0.2628120893561014,0.0,0.0,0.2740077890568803,0.67590724136507,0.0,0.0,-0.0030742204655248573,0
2025-11-30 07:00:00+00:00,2.267,2.272,2.267,2.272,103.12,-0.0021982862226977,-0.2195871761089263,0.3977021652673329,-0.4818221638195452,0.9698679739854004,0.0,0.303599861494605,0.6772403743417138,0.2200704224383446,0.0,0.007042253521126751,0
2025-11-30 08:00:00+00:00,2.261,2.261,2.261,2.261,6.38,-0.0048533075630719,-0.4841549295774516,-0.0442086648983153,-0.3964757709251088,0.059992712483421,0.0,0.379575450292105,0.6744286424126017,0.0,0.0,0.011941618752764116,0
2025-11-30 09:00:00+00:00,2.259,2.281,2.259,2.281,19.01,0.0088067500064182,0.884564352056616,0.8399646330680799,0.7954043305346881,0.1925396376568855,0.0,0.5252983947791444,0.695396881523479,0.9644892586740615,0.0,-0.009644892590969012,0
2025-11-30 10:00:00+00:00,2.268,2.268,2.268,2.268,2.21,-0.0057155574367454,-0.5699254712845381,-0.3952569169960673,-0.2199736031676336,0.0225077656881587,0.0,0.5215349834380879,0.700269101985072,0.0,0.0,0.003527336860670305,0
2025-11-30 11:00:00+00:00,2.268,2.268,2.268,2.268,0.0,0.0,0.0,-0.3952569169960673,-0.2199736031676336,0.0,0.0,0.5215349834380879,0.700269101985072,0.0,0.0,0.023809523809523947,0
2025-11-30 12:00:00+00:00,2.259,2.271,2.259,2.27,17.38,0.0008814456278058,0.0881834215167742,-0.3074220465524857,-0.088028169014076,0.1772610214418802,0.0440334654143353,0.5249960969682732,0.7005028409828121,0.528634361000602,0.0440528634167119,0.022907488986784186,0
2025-11-30 13:00:00+00:00,2.288,2.288,2.288,2.288,8.92,0.0078982420242401,0.7929515418502175,0.7042253521126751,-0.348432055749126,0.1687782341639924,0.0,0.614381785626946,0.6852828857996689,0.0,0.0,0.004370629370629375,0
2025-11-30 14:00:00+00:00,2.288,2.288,2.288,2.288,0.0,0.0,0.0,1.1941618752764116,1.3735046521931693,0.0,0.0,0.5475387044160519,0.5821093806258193,0.0,0.0,-0.009178321678321666,0
2025-11-30 15:00:00+00:00,2.267,2.267,2.259,2.259,52.13,-0.0127558360316851,-1.26748251748251,-0.9644892590969012,-0.2208480565370929,1.0770104849733604,0.3528892808324267,0.6969695300030505,0.6393033841806655,0.3541389994005585,0.0,-0.003098716246126676,0
2025-11-30 16:00:00+00:00,2.284,2.284,2.275,2.276,65.61,0.0074972787782181,0.7525453740593102,0.3527336860670305,0.0439560439560393,1.3375351448417965,0.3502626968694124,0.7483492796814133,0.6503987849325834,0.3954305797911068,0.0,-0.0013181019332160204,0
2025-11-30 17:00:00+00:00,2.294,2.322,2.294,2.322,58.88,0.0200093670116152,2.0210896309314608,2.3809523809523947,2.879929109437307,1.32364181338351,0.0,1.0864380015053494,0.7450231513230346,1.205857019291191,0.0,-0.048234280792420314,0
2025-11-30 18:00:00+00:00,2.322,2.322,2.322,2.322,0.0,0.0,0.0,2.2907488986784186,3.5220686580472726,0.0,0.0,1.0919532463596282,0.7287825874114474,0.0,0.0,-0.11627906976744184,0
2025-11-30 19:00:00+00:00,2.316,2.316,2.298,2.298,136.15,-0.0103897038491357,-1.033591731266148,0.4370629370629375,2.452073116362019,3.1092756821883523,0.7772020722032718,1.2033880355885949,0.7675492279682484,0.7832898168915099,0.0,-0.09617058311575288,0
2025-11-30 20:00:00+00:00,2.267,2.267,2.267,2.267,1.0,-0.013581807901172,-1.3489991296779855,-0.9178321678321666,-0.5701754385964874,0.0241317594057764,0.0,1.339803372053872,0.7503245210661105,0.0,0.0,-0.08337009263343631,0
2025-11-30 21:00:00+00:00,2.269,2.269,2.252,2.252,31.01,-0.006638661247948,-0.6616674018526725,-0.3098716246126676,-0.1773049645390045,0.730944126324614,0.7492287347954191,1.2581430116355596,0.7307505826761418,0.7548845467340809,0.0,-0.0874777975133213,0
2025-11-30 22:00:00+00:00,2.273,2.273,2.273,2.273,5.32,0.0092818345929623,0.9325044404973504,-0.131810193321602,0.7535460992907916,0.1247471934783307,0.0,1.282747480316503,0.7553079322933953,0.0,0.0,-0.11570611526616825,0
2025-11-30 23:00:00+00:00,2.247,2.256,2.21,2.21,81.19,-0.0281080293407447,-2.7716673999120145,-4.823428079242031,-1.8650088809946672,1.7795556042241285,2.0390070912947587,1.2691503451362942,0.9524841018405398,2.081447962859065,0.4072398188202488,-0.07601809954751138,0
2025-12-01 00:00:00+00:00,2.203,2.211,2.052,2.052,4805.35,-0.0741775882211383,-7.149321266968323,-11.627906976744184,-9.323906319045506,19.7985270638315,7.1913161432875015,2.8873089955628086,1.7669429558907117,7.748538007919806,0.3898635475682929,-0.006335282651072083,0
2025-12-01 01:00:00+00:00,2.051,2.107,2.044,2.077,905.92,0.012109617585452,1.2183235867446296,-9.617058311575288,-8.21917808219178,3.230131540230527,1.423825343415377,3.177949121300753,1.7961437293958675,3.0332209903547405,1.4443909477879795,-0.022147327876745226,0
2025-12-01 02:00:00+00:00,2.089,2.089,2.068,2.078,133.63,0.0004813477830602,0.0481463649494307,-8.337009263343631,-8.134394341290896,0.4920035161499354,0.5265677355066751,3.2577542540143263,1.7969423795650574,1.010587102497307,0.0,-0.013955726660250245,0
2025-12-01 03:00:00+00:00,2.068,2.068,2.05,2.055,416.55,-0.0111300447288376,-1.106833493743975,-8.74777975133213,-9.151193633952248,1.4415490033172706,0.6286266921524968,3.241172066804712,1.801777874848804,0.8759124083329008,0.0,-0.006812652068126646,0
2025-12-01 04:00:00+00:00,2.049,2.066,2.01,2.01,4337.02,-0.0221411258772137,-2.1897810218978297,-11.570611526616826,-11.725955204216088,9.30459703326397,2.710551789588312,3.011065878654649,1.823624077767361,2.786069650355192,0.8457711438578206,0.02189054726368167,0
2025-12-01 05:00:00+00:00,2.04,2.042,2.04,2.042,1063.76,0.0157949976714894,1.5920398009950265,-7.601809954751138,-10.320597277119026,2.0840093579507504,0.0,3.3078565519069048,1.8710780296082603,0.097943192900115,0.0,0.011263467189030374,0
2025-12-01 06:00:00+00:00,2.042,2.042,2.039,2.039,614.73,-0.0014702281501554,-0.1469147894221145,-0.6335282651072083,-10.45234958278436,1.1467711132352822,0.1469147893501724,1.4183747597839549,1.869767656715538,0.1471309464702481,0.0,-0.017165277096616083,0
2025-12-01 07:00:00+00:00,2.038,2.038,2.031,2.031,72.1,-0.0039312089940705,-0.3923491907797949,-2.214732787674522,-10.607394366197164,0.1348267331551718,0.3434739939433235,1.2632008645283337,1.869134365493725,0.3446578038677053,0.0,-0.013293943870014813,0
2025-12-01 08:00:00+00:00,2.047,2.049,2.047,2.049,59.02,0.008823586658515,0.8862629246676468,-1.3955726660250245,-9.3763821318001,0.1099163568554835,0.0,1.3609861838570396,1.8892987277496809,0.0976085895082329,0.0,-0.013177159590043952,0
2025-12-01 09:00:00+00:00,2.041,2.041,2.041,2.041,2.59,-0.0039119854290549,-0.3904343582235237,-0.6812652068126646,-10.521701008329687,0.0048296604552812,0.0,1.2982282481363416,1.8692461310735875,0.0,0.0,-0.019598236158745785,0
2025-12-01 10:00:00+00:00,2.054,2.054,2.054,2.054,3.39,0.0063492276786587,0.6369426751592355,2.189054726368167,-9.43562610229277,0.0063208679539801,0.0,0.8030166039055122,1.882382962864773,0.0,0.0,-0.0340798442064264,0
2025-12-01 11:00:00+00:00,2.065,2.065,2.065,2.065,3.64,0.0053411149066296,0.535540408958135,1.1263467189030374,-8.950617283950614,0.0067850898892247,0.0,0.5633949392174171,1.8906167179814104,0.0,0.0,-0.024213075060532607,0
2025-12-01 12:00:00+00:00,2.048,2.048,2.003,2.004,713.26,-0.0299850431903776,-2.953995157384981,-1.7165277096616085,-11.718061674008808,1.2613680323781755,2.14843749895096,1.4328939381376158,1.9603271499797972,2.2455089809154107,0.0,-0.0014970059880240472,0
2025-12-01 13:00:00+00:00,2.004,2.004,2.004,2.004,0.0,0.0,0.0,-1.3293943870014813,-12.412587412587406,0.0,0.0,1.4361414292410175,1.94395556613254,0.0,0.0,-0.004491017964071808,0
2025-12-01 14:00:00+00:00,2.039,2.039,2.022,2.022,67.39,0.0089419373756612,0.8982035928143617,-1.3177159590043952,-11.625874125874123,0.1186649097112727,0.8337420299981817,1.4379703035102491,1.9634708077999237,0.8407517305436614,0.0,0.0,0
2025-12-01 15:00:00+00:00,2.007,2.008,1.968,2.001,3132.75,-0.0104400649966832,-1.0385756676557834,-1.9598236158745783,-11.420982735723772,4.499391391868948,0.3486055775156405,1.4775679625591345,1.960136570252193,1.9990004987511256,0.0499750124687726,0.015992003998001048,0
2025-12-01 16:00:00+00:00,1.987,1.997,1.984,1.984,23.6,-0.0085320467389152,-0.8495752123937939,-3.40798442064264,-12.82952548330404,0.0339807718266275,0.6509764643710745,1.4064118272664077,1.9427452086981896,0.6552419351536141,0.504032257810468,0.027721774193548487,0
2025-12-01 17:00:00+00:00,1.994,2.015,1.993,2.015,700.78,0.0155041865359652,1.5625,-2.4213075060532607,-13.2213608957795,0.971610298003003,0.0,1.6131335124078672,1.918831896511228,1.0918114138502184,0.0,0.010918114143920521,0
2025-12-01 18:00:00+00:00,1.973,2.001,1.97,2.001,745.41,-0.0069721397970501,-0.6947890818858715,-0.1497005988024047,-13.824289405684764,0.9908216637964272,0.0,1.0491572730692558,1.914770806318781,1.549225386532117,0.0,0.01799100449775115,0
2025-12-01 19:00:00+00:00,1.996,2.002,1.991,1.995,284.84,-0.0030030052597694,-0.2998500749625044,-0.4491017964071808,-13.185378590078322,0.3755254954195304,0.3496503494756828,1.0548752506974295,1.9136785829209253,0.5513784458388917,0.3007518795484844,0.03308270676691727,0
2025-12-01 20:00:00+00:00,2.022,2.022,2.022,2.022,3.39,0.0134430702564526,1.3533834586465954,0.0,-10.807234230260264,0.0044686993316665,0.0,1.1493611187888242,1.945701277561297,0.0,0.0,0.01928783382789323,0
2025-12-01 21:00:00+00:00,2.033,2.034,2.033,2.033,154.97,0.00542541404793,0.5440158259149452,1.5992003998001048,-9.724689165186495,0.2029000687372552,0.0491642084320672,1.0382710759678735,1.9562067278451556,0.0491883915153962,0.0491883915153962,0.0137727496310871,0
2025-12-01 22:00:00+00:00,2.039,2.039,2.039,2.039,4.2,0.0029469569461085,0.2951303492375823,2.7721774193548487,-10.294764628244613,0.0054993376789667,0.0,0.885690986981578,1.9413537243533303,0.0,0.0,0.010789602746444249,0
2025-12-01 23:00:00+00:00,2.043,2.043,2.028,2.037,1100.42,-0.0009813543476494,-0.0980872976949598,1.091811414392052,-7.82805429864254,1.3649530123696745,0.2936857560970812,0.7180179264891174,1.8759571607426484,0.7363770246753243,0.0,0.01178203240058906,0
2025-12-02 00:00:00+00:00,2.037,2.037,2.037,2.037,0.0,0.0,0.0,1.799100449775115,-0.7309941520467933,0.0,0.0,0.5930019599840898,1.1163791915355987,0.0,0.0,0.01227295041728027,0
2025-12-02 01:00:00+00:00,2.047,2.061,2.047,2.061,193.99,0.0117131646636531,1.178203240058906,3.308270676691727,-0.7703418391911465,0.3366072777718516,0.0,0.6007381505975293,1.114489978265421,0.6792819016597269,0.0,-0.00048520135856378044,0
2025-12-02 02:00:00+00:00,2.061,2.061,2.061,2.061,0.0,0.0,0.0,1.928783382789323,-0.8180943214629366,0.0,0.0,0.4805260971880107,1.1143823886776891,0.0,0.0,-0.00048520135856378044,0
2025-12-02 03:00:00+00:00,2.061,2.061,2.061,2.061,0.0,0.0,0.0,1.37727496310871,0.2919708029196943,0.0,0.0,0.4809595805620613,1.0904387305622627,0.0,0.0,-0.012130033964095066,0
2025-12-02 04:00:00+00:00,2.061,2.061,2.061,2.061,0.0,0.0,0.0,1.078960274644425,2.5373134328358304,0.0,0.0,0.4877827194227461,0.9821881669657384,0.0,0.0,0.0029112081513829047,0
2025-12-02 05:00:00+00:00,2.061,2.061,2.061,2.061,0.0,0.0,0.0,1.178203240058906,0.930460333006855,0.0,0.0,0.4781879449858166,0.9306143260490298,0.0,0.0,0.027656477438136706,0
2025-12-02 06:00:00+00:00,2.062,2.062,2.062,2.062,11.35,0.000485083686446,0.0485201358563669,1.227295041728027,1.1280039234918826,0.0374325451518535,0.0,0.4746240382006114,0.9297742319697576,0.0,0.0,0.010669253152279401,0
2025-12-02 07:00:00+00:00,2.061,2.061,2.06,2.06,6.25,-0.0009704027932784,-0.0969932104752602,-0.048520135856378,1.4278680452978865,0.0208008608782263,0.048520135832833,0.0477018236859826,0.9256393104526086,0.0485436892968181,0.0,0.04174757281553387,0
2025-12-02 08:00:00+00:00,2.06,2.06,2.06,2.06,0.0,0.0,0.0,-0.048520135856378,0.5368472425573589,0.0,0.0,0.0477018236859826,0.908889404706882,0.0,0.0,0.04029126213592216,0
2025-12-02 09:00:00+00:00,2.036,2.036,2.036,2.036,29.08,-0.0117188841132133,-1.1650485436893177,-1.2130033964095066,-0.2449779519843153,0.0972208098666288,0.0,0.4768342897002195,0.9378412458452572,0.0,0.0,0.12966601178781922,0
2025-12-02 10:00:00+00:00,2.085,2.102,2.067,2.067,28.67,0.0151111820113549,1.5225933202357655,0.2911208151382904,0.6329113924050889,0.095513736137572,1.6650808745646477,0.8549252990225872,0.9801471719566344,1.693275277361729,0.8224479918614138,0.10546686018384133,0
2025-12-02 11:00:00+00:00,2.11,2.118,2.11,2.118,109.51,0.0243739664795833,2.467343976777925,2.76564774381367,2.566585956416456,0.3595472416696587,0.0,1.2937585817085273,1.0934679013216264,0.377714825128558,0.0,0.06515580736543902,0
2025-12-02 12:00:00+00:00,2.098,2.098,2.084,2.084,49.11,-0.0161831232880941,-1.605288007554284,1.06692531522794,3.9920159680638663,0.177353510760437,0.6673021922462712,1.5516660511644405,0.950000410891714,0.6717850284684233,0.0,0.07437619961612274,0
2025-12-02 13:00:00+00:00,2.09,2.331,2.09,2.146,2606.67,0.029316520317386,2.9750479846448963,4.174757281553387,7.085828343313372,6.761512173066579,7.936507933103173,1.8985916364135127,1.104096925810636,11.230195707721256,8.620689651155319,0.045200372786579734,0
2025-12-02 14:00:00+00:00,2.146,2.146,2.11,2.143,351.34,-0.0013989277170668,-0.1397949673811793,4.029126213592216,5.984174085064287,0.8842143675794336,0.1397949673160374,1.9094647539112244,1.0994677120940166,1.679888006682275,0.0,0.050396640223985045,0
2025-12-02 15:00:00+00:00,2.185,2.323,2.185,2.3,19587.12,0.070702406443664,7.326178254783011,12.966601178781922,14.942528735632177,18.086888002230257,0.99009900947478,2.989006696618177,1.7449065955457306,5.9999999973913,0.9999999995652232,-0.012173913043478257,0
2025-12-02 16:00:00+00:00,2.258,2.285,2.255,2.285,591.3,-0.0065430985889358,-0.6521739130434634,10.546686018384133,15.171370967741948,0.5343394180367483,0.0,3.1885539346202454,1.7382621461863552,1.312910283889328,0.0,-0.005689277899343703,0
2025-12-02 17:00:00+00:00,2.285,2.285,2.256,2.256,138.16,-0.0127726907103557,-1.2691466083151193,6.515580736543902,11.960297766749362,0.1275530105269755,1.269146607759689,3.365723585335968,1.765843546000709,1.285460992338021,0.0,-0.0035460992907799804,0
2025-12-02 18:00:00+00:00,2.247,2.247,2.239,2.239,1197.53,-0.0075639960191946,-0.7535460992907805,7.437619961612274,11.894052973513247,1.0866919490762563,0.356030262413872,3.2451924641057435,1.7675860019254146,0.3573023669686013,0.0,0.011165698972755544,0
2025-12-02 19:00:00+00:00,2.237,2.243,2.237,2.243,21.54,0.0017849179214534,0.1786511835640825,4.5200372786579734,12.43107769423557,0.0197429023166107,0.0,3.1436944692382416,1.7612250597624637,0.2674988853020416,0.0,0.015604101649576485,0
2025-12-02 20:00:00+00:00,2.23,2.285,2.23,2.251,310.1,0.0035603063865238,0.3566651805617438,5.0396640223985045,11.32542037586548,0.280937409286036,1.4879649884079038,3.1224820114644514,1.7518671727531718,2.443358506244628,1.5104398038603222,0.016437139049311433,0
2025-12-02 21:00:00+00:00,2.244,2.272,2.244,2.272,115.34,0.0092859389343096,0.9329187027987462,-1.2173913043478255,11.756025577963602,0.1046496857665558,0.0,0.824928345843915,1.754552566719522,1.2323943656547376,0.0,0.006602112676056482,0
2025-12-02 22:00:00+00:00,2.272,2.272,2.272,2.272,2.2,0.0,0.0,-0.5689277899343703,11.427170181461488,0.0019962434328109,0.0,0.7962669646471108,1.7568122204379728,0.0,0.0,0.014964788732394485,0
2025-12-02 23:00:00+00:00,2.272,2.272,2.248,2.248,248.23,-0.01061956882746,-1.0563380281689905,-0.354609929077998,10.358370152184593,0.2327384442769355,1.056338027704058,0.7348147981322651,1.7807597353098632,1.0676156578880525,0.0,0.032028469750889466,0
2025-12-03 00:00:00+00:00,2.244,2.267,2.244,2.264,305.83,0.0070922283094916,0.7117437722419684,1.1165698972755544,11.14383897889053,0.2833582722212133,0.1323334803121649,0.6994514613660888,1.7795326004293228,1.015901059621938,0.1325088338637378,0.02473498233215543,0
2025-12-03 01:00:00+00:00,2.259,2.278,2.259,2.278,36.22,0.0061647046840539,0.6183745583038913,1.5604101649576485,10.528869480834558,0.0337642815942634,0.0,0.7211462329520459,1.773214712198819,0.8340649689051569,0.0,0.01843722563652328,0
2025-12-03 02:00:00+00:00,2.279,2.3,2.276,2.288,2327.17,0.0043802084925609,0.4389815627743543,1.643713904931143,11.014070839398338,1.9895499972910449,0.5217391302079399,0.7241445550023873,1.770987702961485,1.0489510484925924,0.5244755242462962,0.01092657342657355,0
2025-12-03 03:00:00+00:00,2.301,2.322,2.286,2.287,144.66,-0.0004371584769073,-0.0437062937062915,0.6602112676056482,10.965550703541972,0.123039063158842,1.5073212741139934,0.6530526581449275,1.771477362547462,1.5741145598713986,0.918233493258311,0.003935286401399063,0
2025-12-03 04:00:00+00:00,2.302,2.306,2.302,2.306,184.7,0.0082735068062232,0.8307826847398392,1.4964788732394485,11.88743328481321,0.1560730763379391,0.0,0.7101177588383502,1.770723822448797,0.1734605376524457,0.0,0.004770164787510911,0
2025-12-03 05:00:00+00:00,2.316,2.324,2.316,2.32,36.16,0.0060527638313512,0.6071118820468291,3.2028469750889466,12.566715186802524,0.0305166564456614,0.1721170395128586,0.3069746142981193,1.7680766479947658,0.3448275860582642,0.1724137930291321,-0.006896551724137945,0
2025-12-03 06:00:00+00:00,2.325,2.325,2.32,2.32,26.12,0.0,0.0,2.473498233215543,12.5121241513094,0.0220321154071035,0.2150537633483784,0.3548638715171786,1.7686347780741456,0.2155172412864295,0.0,-0.018965517241379293,0
2025-12-03 07:00:00+00:00,2.32,2.32,2.32,2.32,0.0,0.0,0.0,1.843722563652328,12.621359223300963,0.0,0.0,0.3710422778819047,1.7673419329236617,0.0,0.0,-0.018965517241379293,0
2025-12-03 08:00:00+00:00,2.312,2.313,2.312,2.313,21.52,-0.0030218024289163,-0.3017241379310253,1.092657342657355,12.281553398058254,0.0181422973217758,0.0,0.4352612828859813,1.7720936209897575,0.0432338953552959,0.0,-0.0034587116299178433,0
2025-12-03 09:00:00+00:00,2.296,2.296,2.296,2.296,133.57,-0.0073769047919823,-0.7349762213575639,0.3935286401399063,12.770137524557956,0.1121935325135542,0.0,0.5763088061704095,1.7566164280972023,0.0,0.0,-0.008710801393728262,0
2025-12-03 10:00:00+00:00,2.317,2.317,2.317,2.317,0.61,0.0091047669929192,0.9146341463414752,0.4770164787510911,12.094823415578126,0.0005128796193756,0.0,0.5988461336183859,1.745841471659608,0.0,0.0,-0.02287440656020734,0
2025-12-03 11:00:00+00:00,2.304,2.304,2.304,2.304,0.75,-0.0056265026165944,-0.5610703495899982,-0.6896551724137945,8.781869688385257,0.0006330015350281,0.0,0.5833047912114354,1.7062317511315932,0.0,0.0,0.003906250000000222,0
2025-12-03 12:00:00+00:00,2.299,2.299,2.274,2.276,36.25,-0.0122272265695603,-1.215277777777779,-1.8965517241379293,9.213051823416496,0.0306089169052086,1.0004349712916825,0.7300737727615538,1.6881984681887916,1.0984182771975275,0.0,0.01977152899824275,0
2025-12-03 13:00:00+00:00,2.276,2.276,2.276,2.276,0.0,0.0,0.0,-1.8965517241379293,6.057781919850891,0.0,0.0,0.7300737727615538,1.598242186251734,0.0,0.0,0.02108963093145877,0
2025-12-03 14:00:00+00:00,2.272,2.305,2.239,2.305,207.36,0.0126611601845276,1.27416520210899,-0.3458711629917843,7.559496033597779,0.1938514609439285,0.0,0.9765064115840478,1.6092490784810227,2.863340562749105,0.0,-0.00694143167028205,0
2025-12-03 15:00:00+00:00,2.299,2.299,2.276,2.276,37.94,-0.0126611601845275,-1.2581344902386271,-0.8710801393728262,-1.043478260869568,0.148705101530301,1.0004349712916825,1.0694970292619026,0.7617016410957008,1.0105448150217349,0.0,0.03646748681898071,0
2025-12-03 16:00:00+00:00,2.317,2.317,2.264,2.264,556.67,-0.0052863559231479,-0.5272407732864637,-2.287440656020734,-0.9190371991247392,2.194267019008765,2.2874406550334903,0.9385885057002872,0.7577431507713441,2.3409893982592975,0.0,0.049028268551236875,0
2025-12-03 17:00:00+00:00,2.308,2.331,2.308,2.313,1256.2,0.0214122229083657,2.1643109540636196,0.3906250000000222,2.5265957446808596,4.183457824473661,0.7722007718694889,1.381311434829387,0.8323757181850068,0.99437959317148,0.7782101163950579,0.024210981409424903,0
2025-12-03 18:00:00+00:00,2.321,2.321,2.321,2.321,6.25,0.0034527440429978,0.3458711629917843,1.977152899824275,3.66234926306388,0.024936039059712,0.0,1.2288801756512922,0.813018085038472,0.0,0.0,0.007324429125376897,0
2025-12-03 19:00:00+00:00,2.3,2.324,2.299,2.324,74.0,0.0012917116973645,0.1292546316242759,2.108963093145877,3.611234953187692,0.2926901620826117,0.0,1.2231383421490254,0.8130049261035462,1.0757314969553613,0.0,0.012908777969019125,0
2025-12-03 20:00:00+00:00,2.322,2.335,2.289,2.289,242.13,-0.015174798019235,-1.5060240963855276,-0.694143167028205,1.6881386050644265,0.9685393707835416,1.970021412432531,1.3285417583950252,0.8793790365924392,2.0096111830451595,0.5679335952084126,0.020532983835735985,0
2025-12-03 21:00:00+00:00,2.337,2.359,2.337,2.359,45.97,0.0301227594551082,3.0581039755351647,3.646748681898071,3.829225352112675,0.186034590616243,0.0,1.6875123869742523,1.0534829315923409,0.9325985583159734,0.0,-0.011021619330224608,0
2025-12-03 22:00:00+00:00,2.359,2.443,2.311,2.375,676.08,0.0067596370610665,0.6782534972445964,4.9028268551236875,4.533450704225372,2.456838557374873,2.7834629542433658,1.5959884531406423,1.0581406749865008,5.557894734501944,2.863157893531304,-0.017684210526315747,0
2025-12-03 23:00:00+00:00,2.396,2.396,2.349,2.369,224.06,-0.002529512309956,-0.2526315789473599,2.4210981409424903,5.382562277580072,0.8172127983533054,1.126878129746699,1.4885932170988958,1.0291886498642944,1.9839594757349135,0.0,-0.012241452089489346,0
2025-12-04 00:00:00+00:00,2.356,2.37,2.313,2.338,212.21,-0.0131720621267717,-1.3085690164626462,0.7324429125376897,3.26855123674914,0.7851632596400513,1.350210969894427,1.6468405142906442,1.069508985048487,2.4379811794533843,0.5988023949534735,0.0017108639863130382,0
2025-12-04 01:00:00+00:00,2.365,2.366,2.351,2.354,182.95,0.0068201457882083,0.6843455945252375,1.2908777969019125,3.336259877085168,0.6619299808669421,0.5071851223553744,1.662735955136789,1.0708773229280355,0.6372132537649953,0.0424808835843279,0.008071367884451952,0
2025-12-04 02:00:00+00:00,2.34,2.364,2.336,2.336,175.24,-0.0076759438721044,-0.7646559048428259,2.0532983835735985,2.0979020979021046,0.938492435394626,1.1844331636275671,1.5294171349998515,1.0843229243337755,1.1986301364731902,1.027397259834163,0.015839041095890627,0
2025-12-04 03:00:00+00:00,2.349,2.355,2.333,2.333,136.07,-0.0012850719266875,-0.1284246575342318,-1.1021619330224608,2.0113686051596025,0.7301182030943584,0.9341825898368564,0.7902010156391122,1.0849036516021116,0.9429918555752196,0.257179596975053,0.017573939134162053,0
2025-12-04 04:00:00+00:00,2.333,2.333,2.333,2.333,0.0,0.0,0.0,-1.768421052631575,1.170858629661753,0.0,0.0,0.6840011140030879,1.0733052461992294,0.0,0.0,0.014144877839691317,0
2025-12-04 05:00:00+00:00,2.34,2.34,2.34,2.34,12.77,0.002995936330317,0.30004286326617,-1.2241452089489346,0.8620689655172376,0.0718640379669181,0.0,0.7270213710365868,1.0682124767750922,0.0,0.0,0.011111111111111294,0
2025-12-04 06:00:00+00:00,2.344,2.354,2.32,2.342,208.1,0.0008543358059155,0.0854700854700851,0.1710863986313038,0.9482758620689812,1.123169991223389,0.5097706030119925,0.4822954025289147,1.0682304589132507,1.451750639858358,0.4269854823112884,0.009393680614858901,0
2025-12-04 07:00:00+00:00,2.346,2.374,2.326,2.373,74.73,0.0131497122781009,1.3236549957301502,0.8071367884451952,2.2844827586206984,0.3966709647148093,0.0421229991397919,0.6817934368691722,1.099394166962242,2.0227560042044868,0.0421407500875888,-0.0037926675094818174,0
2025-12-04 08:00:00+00:00,2.373,2.373,2.373,2.373,0.0,0.0,0.0,1.5839041095890627,2.5940337224384047,0.0,0.0,0.5349992920913511,1.0963844893794925,0.0,0.0,-0.02612726506531826,0
2025-12-04 09:00:00+00:00,2.374,2.374,2.374,2.374,3.48,0.0004213187338498,0.0421407501053572,1.757393913416205,3.397212543554029,0.0191129154060215,0.0,0.5142262784807876,1.081729307216749,0.0,0.0,-0.02443133951137333,0
2025-12-04 10:00:00+00:00,2.366,2.366,2.366,2.366,4.08,-0.0033755306312812,-0.3369839932603202,1.4144877839691317,2.114803625377637,0.0223904657590652,0.0,0.5679992125819812,1.073002806217382,0.0,0.0,-0.017328825021132643,0
2025-12-04 11:00:00+00:00,2.366,2.366,2.366,2.366,0.0,0.0,0.0,1.1111111111111294,2.690972222222232,0.0,0.0,0.5742242173447492,1.0642984135055111,0.0,0.0,-0.036348267117498056,0
2025-12-04 12:00:00+00:00,2.364,2.364,2.364,2.364,10.52,-0.0008456660123433,-0.0845308537616329,0.93936806148589,3.866432337434089,0.0580839742244556,0.0,0.5841778839822055,1.027006758045678,0.0,0.0,-0.021573604060913576,0
2025-12-04 13:00:00+00:00,2.364,2.364,2.364,2.364,0.0,0.0,0.0,-0.3792667509481817,3.866432337434089,0.0,0.0,0.140572796095935,1.027006758045678,0.0,0.0,-0.031725888324873,0
2025-12-04 14:00:00+00:00,2.327,2.327,2.311,2.311,45.64,-0.022674768251608,-2.2419627749576954,-2.612726506531826,0.2603036876355658,0.2617291384399663,0.6875805755532535,0.9051123332401452,1.1110962126979336,0.6923409776320469,0.0,-0.009519688446559815,0
2025-12-04 15:00:00+00:00,2.316,2.316,2.316,2.316,12.02,0.0021612284185051,0.2163565556036362,-2.443133951137333,1.7574692442882345,0.069359992498103,0.0,0.9262370288711732,1.0777251738101097,0.0,0.0,-0.006476683937823746,0
2025-12-04 16:00:00+00:00,2.323,2.329,2.323,2.325,85.52,0.003878479328571,0.3886010362694536,-1.7328825021132643,2.6943462897526693,0.5565262661229179,0.1717475310554971,0.9835084915966706,1.071715813142004,0.2580645160180465,0.1720430106786913,-0.010322580645161339,0
2025-12-04 17:00:00+00:00,2.307,2.307,2.28,2.28,26.38,-0.0195445960729703,-1.935483870967758,-3.6348267117498056,-1.4267185473411326,0.2575543080277515,1.170351104824301,1.173103513440218,1.060368797942761,1.1842105257964048,0.0,-0.00043859649122801603,0
2025-12-04 18:00:00+00:00,2.307,2.317,2.307,2.313,82.22,0.0143699402829528,1.4473684210526416,-2.1573604060913576,-0.3446790176647951,0.7786691500496462,0.1726370305685642,1.4443460508892283,1.101137663306214,0.4323389535528248,0.1729355814211261,-0.006917423259835687,0
2025-12-04 19:00:00+00:00,2.272,2.289,2.255,2.289,25.11,-0.0104303422788724,-1.037613488975353,-3.1725888324872997,-1.5060240963855276,0.2424837442840164,0.0,1.4545791066508549,1.120323134716818,1.4853647874681783,0.0,0.002184359982525086,0
2025-12-04 20:00:00+00:00,2.289,2.289,2.289,2.289,0.0,0.0,0.0,-0.9519688446559816,0.0,0.0,0.0,1.1846880093942995,1.0766504632252487,0.0,0.0,0.014416775884665833,0
2025-12-04 21:00:00+00:00,2.298,2.301,2.292,2.301,27.64,0.0052287700827992,0.5242463958060384,-0.6476683937823746,-2.4586689275116536,0.2981634469273218,0.0,1.2104745419246543,0.8748275422223488,0.3911342892694044,0.0,0.004345936549326357,0
2025-12-04 22:00:00+00:00,2.301,2.301,2.301,2.301,0.0,0.0,0.0,-1.032258064516134,-3.115789473684205,0.0,0.0,1.1888432569697254,0.8593789489940212,0.0,0.0,-0.016079965232507765,0
2025-12-04 23:00:00+00:00,2.279,2.279,2.279,2.279,10.03,-0.0096070607896817,-0.9561060408518118,-0.0438596491228016,-3.7990713381173657,0.1803537847140363,0.0,0.9326208255994524,0.8757021696919202,0.0,0.0,-0.006581834137779796,0
2025-12-05 00:00:00+00:00,2.296,2.297,2.296,2.297,12.59,0.0078671734434142,0.7898200965335889,-0.6917423259835687,-1.753635585970914,0.2661991560084322,0.0,0.7513846793872723,0.8601356138464026,0.0435350456928595,0.0,0.005659555942533645,0
2025-12-05 01:00:00+00:00,2.3,2.3,2.294,2.294,17.6,-0.0013069049997822,-0.1306051371353978,0.2184359982525086,-2.548853016142738,0.4355806710969395,0.2608695651039603,0.6040572287270339,0.8449533463355908,0.2615518743410752,0.0,0.006974716652136115,0
2025-12-05 02:00:00+00:00,2.3,2.323,2.3,2.322,100.47,0.0121318645685207,1.2205754141237923,1.4416775884665831,-0.5993150684931448,2.694257908014054,0.0430477830206376,0.7697668866804737,0.8739237936995101,0.9905254087034828,0.0430663221175377,-0.019810508182601327,0
2025-12-05 03:00:00+00:00,2.323,2.323,2.292,2.311,87.4,-0.0047485519834561,-0.4737295434969923,0.4345936549326357,-0.942991855979436,2.4785537042898675,0.5165733962477088,0.803109811796382,0.8785538962251612,1.3414106441620957,0.0,-0.015144958892254534,0
2025-12-05 04:00:00+00:00,2.304,2.304,2.264,2.264,39.85,-0.0205471709513072,-2.0337516226741736,-1.6079965232507765,-2.957565366480941,1.0792755176596485,1.7361111103575924,1.186604922357868,0.9699042978740172,1.7667844515164397,0.0,0.005300353356890497,0
2025-12-05 05:00:00+00:00,2.264,2.264,2.264,2.264,0.0,0.0,0.0,-0.6581834137779796,-3.247863247863247,0.0,0.0,1.1386392199817388,0.9661213550801542,0.0,0.0,0.0,0
2025-12-05 06:00:00+00:00,2.312,2.312,2.31,2.31,23.15,0.0201143641927658,2.031802120141357,0.5659555942533645,-1.3663535439795038,0.8070537309249025,0.0865051902739934,1.4091872791032225,1.0608022489877784,0.0865800865425964,0.0,-0.0181818181818183,0
2025-12-05 07:00:00+00:00,2.31,2.31,2.31,2.31,0.0,0.0,0.0,0.6974716652136115,-2.6548672566371723,0.0,0.0,1.4060250184752938,1.0200165522017772,0.0,0.0,-0.03679653679653683,0
2025-12-05 08:00:00+00:00,2.276,2.276,2.276,2.276,27.2,-0.0148280082696177,-1.4718614718614798,-1.9810508182601327,-4.087652760219152,1.0185676392191518,0.0,1.415954327039296,1.05716141433777,0.0,0.0,-0.021089630931458547,0
2025-12-05 09:00:00+00:00,2.276,2.276,2.276,2.276,0.0,0.0,0.0,-1.5144958892254534,-4.128053917438934,0.0,0.0,1.4197382136657253,1.0568220111291555,0.0,0.0,-0.017135325131810042,0
2025-12-05 10:00:00+00:00,2.276,2.276,2.276,2.276,0.0,0.0,0.0,0.5300353356890497,-3.8038884192730498,0.0,0.0,1.113373147660186,1.0568198497712893,0.0,0.0,-0.06107205623901568,0
2025-12-05 11:00:00+00:00,2.295,2.295,2.228,2.264,28.22,-0.0052863559231479,-0.5272407732864637,0.0,-4.311073541842781,1.0237620170134678,1.350762526644554,1.1422810819314808,1.0588126488387168,2.9593639562900216,0.0,-0.060512367491166064,0
2025-12-05 12:00:00+00:00,2.268,2.268,2.268,2.268,10.98,0.0017652255245691,0.1766784452296832,-1.81818181818183,-4.060913705583758,0.3980544394284866,0.0,0.6242055126829055,1.0612131153246984,0.0,0.0,-0.0736331569664902,0
2025-12-05 13:00:00+00:00,2.265,2.266,2.225,2.225,1556.32,-0.0191414702473019,-1.895943562610214,-3.6796536796536823,-5.879864636209808,16.837671411774522,1.809355692052355,0.8752938551463949,1.1180727567502875,1.8426966283853012,0.0449438202045146,-0.04314606741573035,0
2025-12-05 14:00:00+00:00,2.262,2.262,2.2,2.228,163.24,0.0013474064468341,0.1348314606741674,-2.1089630931458547,-3.591518823020323,1.6771663655572266,1.5030946058783756,0.8044253230345256,1.034225976336428,2.782764810241121,0.0,-0.04308797127468589,0
2025-12-05 15:00:00+00:00,2.214,2.237,2.204,2.237,152.88,0.0040313604429548,0.4039497307001705,-1.7135325131810042,-3.4110535405872056,1.4813953488228546,0.0,0.8552617723205341,1.0378215372152888,1.475189985929728,0.0,-0.055431381314260175,0
2025-12-05 16:00:00+00:00,2.238,2.238,2.122,2.137,532.66,-0.045732706170982,-4.4702726866338915,-6.107205623901568,-8.086021505376351,4.372128019006912,4.5129579961961745,1.9210194502602524,1.3685394859151103,5.428170329701375,0.0,-0.01123069723912029,0
2025-12-05 17:00:00+00:00,2.172,2.18,2.127,2.127,45.0,-0.0046904401189105,-0.4679457182966917,-6.051236749116606,-6.710526315789478,0.3670273503314091,2.4311926594352498,1.924406851535296,1.325807010119993,2.491772448287854,0.3761165959679756,-0.006582040432533964,0
2025-12-05 18:00:00+00:00,2.106,2.167,2.101,2.101,180.96,-0.0122991143552366,-1.2223789374706029,-7.363315696649019,-9.16558581928233,1.4280209120986838,3.0456852777823253,1.8298745808324783,1.2859812664060586,3.1413612550493206,2.9033793417880127,0.0057115659209900915,0
2025-12-05 19:00:00+00:00,2.094,2.129,2.094,2.129,16.85,0.0132389640484791,1.3326987148976732,-4.314606741573035,-6.989951944080386,0.1333315749204758,0.0,2.0658580814150844,1.324742744009928,1.6439643017172614,0.0,-0.0009394081728512083,0
2025-12-05 20:00:00+00:00,2.132,2.133,2.117,2.132,95.49,0.0014081203922557,0.1409112259276757,-4.308797127468589,-6.858890345128876,0.7325357276364359,0.0468823253413533,2.0663707689986732,1.3264488182422267,0.7504690427999682,0.0469043151749928,-0.002345215759850028,0
2025-12-05 21:00:00+00:00,2.102,2.113,2.102,2.113,6.26,-0.0089517676696785,-0.8911819887429728,-5.5431381314260175,-8.170360712733604,0.0483529922915982,0.0,1.9900371444165523,1.3199509825368811,0.5205868431043186,0.0,0.008991954566966553,0
2025-12-05 22:00:00+00:00,2.113,2.113,2.113,2.113,0.0,0.0,0.0,-1.123069723912029,-8.170360712733604,0.0,0.0,0.9048708100178728,1.3199509825368811,0.0,0.0,0.03407477520113589,0
2025-12-05 23:00:00+00:00,2.113,2.113,2.113,2.113,0.0,0.0,0.0,-0.6582040432533964,-7.283896445809567,0.0,0.0,0.8959765324630963,1.3153474188020642,0.0,0.0,-0.0018930430667297715,0
2025-12-06 00:00:00+00:00,2.113,2.113,2.113,2.113,0.0,0.0,0.0,0.5711565920990092,-8.010448410970838,0.0,0.0,0.7099028257549996,1.2963605389787758,0.0,0.0,0.006152389966871619,0
2025-12-06 01:00:00+00:00,2.127,2.127,2.127,2.127,2.34,0.0066037975841803,0.6625650733554034,-0.0939408172851208,-7.279860505666969,0.0182975104828056,0.0,0.501158398930921,1.312084848471766,0.0,0.0,0.0042313117066292705,0
2025-12-06 02:00:00+00:00,2.127,2.127,2.127,2.127,0.0,0.0,0.0,-0.2345215759850027,-8.397932816537478,0.0,0.0,0.4956318385475206,1.273453624616653,0.0,0.0,-0.015514809590973178,0
2025-12-06 03:00:00+00:00,2.132,2.132,2.132,2.132,2.33,0.0023479700854981,0.2350728725905249,0.8991954566966553,-7.745564690610118,0.0193915519135059,0.0,0.2674599608162127,1.279030336275494,0.0,0.0,-0.018761726078799223,0
2025-12-06 04:00:00+00:00,2.133,2.435,2.133,2.185,552.78,0.0245553222439552,2.4859287054408874,3.4074775201135887,-3.4893992932862106,3.9058133578003864,10.266940447528976,0.9643299340090828,1.3451432019193152,13.821510291157203,11.441647592017553,-0.022425629290617866,0
2025-12-06 05:00:00+00:00,2.11,2.11,2.109,2.109,129.78,-0.0354019270509159,-3.4782608695652195,-0.1893043066729771,-6.84628975265017,0.8832476945528074,0.0473933649064434,1.9518119756687335,1.5119721441779497,0.0474158368670332,0.0,0.012802275960170695,0
2025-12-06 06:00:00+00:00,2.109,2.126,2.109,2.126,954.91,0.0080283784231185,0.8060692271218528,0.6152389966871619,-7.965367965367975,5.14060383111494,0.0,1.9817003813890228,1.4506806421889802,0.799623706114942,0.0,0.007055503292568321,0
2025-12-06 07:00:00+00:00,2.181,2.215,2.136,2.136,231.59,0.0046926411781922,0.470366886171214,0.423131170662927,-7.532467532467524,1.1851618089448688,3.5665914205116853,1.9724490218668365,1.458685199995826,3.6985018709276543,1.5917602988802528,-0.011235955056179803,0
2025-12-06 08:00:00+00:00,2.104,2.104,2.094,2.094,94.01,-0.0198588086496034,-1.966292134831471,-1.5514809590973178,-7.996485061511427,0.4743388134357768,0.4752851708767766,2.1456335430548177,1.479493220369047,0.4775549185876161,0.0,0.02005730659025806,0
2025-12-06 09:00:00+00:00,2.092,2.092,2.092,2.092,80.46,-0.0009555662456685,-0.0955109837631251,-1.8761726078799223,-8.084358523725822,0.399217706621464,0.0,2.1345886741082434,1.4786463870243929,0.0,0.0,0.011950286806883259,0
2025-12-06 10:00:00+00:00,2.121,2.136,2.113,2.136,61.64,0.0208143748952719,2.103250478011476,-2.2425629290617866,-6.151142355008776,0.301990323962021,0.0,2.04086183261216,1.5590011608296028,1.0767790257131244,0.0,-0.008895131086142372,0
2025-12-06 11:00:00+00:00,2.136,2.136,2.136,2.136,0.0,0.0,0.0,1.2802275960170697,-5.653710247349808,0.0,0.0,1.332687966601029,1.5588417543416115,0.0,0.0,0.006086142322097254,0
2025-12-06 12:00:00+00:00,2.141,2.141,2.141,2.141,11.63,0.0023380885095972,0.234082397003732,0.7055503292568321,-5.599647266313923,0.0573008726925014,0.0,1.3021310245602802,1.5595549503116282,0.0,0.0,0.00794021485287244,0
2025-12-06 13:00:00+00:00,2.113,2.113,2.104,2.112,708.43,-0.0136376437635307,-1.3545072396076607,-1.1235955056179805,-5.078651685393254,4.2260267843575265,0.0473260766458414,1.4132908999371532,1.537762923168516,0.4261363634345896,0.0,0.006628787878787845,0
2025-12-06 14:00:00+00:00,2.125,2.136,2.125,2.136,85.43,0.0112995552539334,1.1363636363636465,2.005730659025806,-4.129263913824066,0.519669592411354,0.0,1.172650442263369,1.560909489867076,0.5149812731671491,0.0,-0.0032771535580524702,0
2025-12-06 15:00:00+00:00,2.117,2.117,2.117,2.117,8.94,-0.0089349289452203,-0.8895131086142372,1.195028680688326,-5.364327223960663,0.0564410270706079,0.0,1.2717569624421752,1.562442241178054,0.0,0.0,0.005668398677373565,0
2025-12-06 16:00:00+00:00,2.117,2.117,2.117,2.117,0.0,0.0,0.0,-0.8895131086142372,-0.9358914365933612,0.0,0.0,0.8782475698227962,1.2591092729328182,0.0,0.0,0.005668398677373565,0
2025-12-06 17:00:00+00:00,2.149,2.15,2.134,2.149,485.17,0.0150026255076453,1.5115729806329803,0.6086142322097254,1.034320639398234,3.1394122404757767,0.0465116278853383,1.1116721681199189,1.2935743893252305,0.7445323402770913,0.046533271267313,-0.004187994416007368,0
2025-12-06 18:00:00+00:00,2.151,2.163,2.151,2.158,19.55,0.0041792491755695,0.4187994416007479,0.794021485287244,2.7129938124702546,0.1322588010443219,0.2311604252283074,1.1185867187048342,1.26652956049121,0.5560704353308298,0.2316960147211739,-0.014365152919369906,0
2025-12-06 19:00:00+00:00,2.145,2.145,2.126,2.126,28.84,-0.0149395869161867,-1.4828544949026856,0.6628787878787845,-0.1409112259276757,0.1944499070101903,0.8857808853679403,1.1541003754260228,1.2797958170929762,0.8936970833049461,0.0,0.003292568203198565,0
2025-12-06 20:00:00+00:00,2.129,2.129,2.129,2.129,14.12,0.0014101059915863,0.1411100658513797,-0.327715355805247,-0.1407129455910039,0.0974294249046669,0.0,1.0447599414623536,1.2797968072351862,0.0,0.0,0.005166744950681146,0
2025-12-06 21:00:00+00:00,2.129,2.129,2.129,2.129,0.0,0.0,0.0,0.5668398677373565,0.7572172266919086,0.0,0.0,0.9616648335682102,1.2657187439856206,0.0,0.0,-0.0009394081728512083,0
2025-12-06 22:00:00+00:00,2.129,2.129,2.129,2.129,0.0,0.0,0.0,0.5668398677373565,0.7572172266919086,0.0,0.0,0.9616648335682102,1.2657187439856206,0.0,0.0,0.006106153123532021,0
2025-12-06 23:00:00+00:00,2.13,2.151,2.13,2.14,484.0,0.0051534431224177,0.5166744950681146,-0.4187994416007368,1.2778040700426097,2.9363364046384635,0.5113900509012449,0.7297509849602437,1.2695279517559788,0.9813084107563936,0.5140186913485743,-0.002803738317757154,0
2025-12-07 00:00:00+00:00,2.125,2.148,2.125,2.127,85.89,-0.0060932928156601,-0.6074766355140371,-1.4365152919369906,0.6625650733554034,0.5100053440976783,0.9776536308297864,0.7127022679900845,1.2767045336613168,1.0813352134079353,0.9873060644159516,0.01128349788434413,0
2025-12-07 01:00:00+00:00,2.133,2.133,2.133,2.133,3.28,0.0028169032711135,0.2820874471086254,0.3292568203198565,0.2820874471086254,0.01947174963751,0.0,0.3789686881362228,1.2708697023031852,0.0,0.0,0.00843881856540074,0
2025-12-07 02:00:00+00:00,2.138,2.14,2.138,2.14,24.19,0.0032763895445467,0.3281762775433794,0.5166744950681146,0.6111894687353292,0.1427500079903648,0.0,0.3947899099617383,1.2724968407911932,0.0934579438815721,0.0,-0.00747663551401867,0
2025-12-07 03:00:00+00:00,2.127,2.127,2.127,2.127,25.9,-0.0060932928156601,-0.6074766355140371,-0.0939408172851208,-0.2345215759850027,0.1519603768686659,0.0,0.4885424517948458,1.2781106025916396,0.0,0.0,-0.011283497884343907,0
2025-12-07 04:00:00+00:00,2.145,2.145,2.142,2.142,60.43,0.0070274358074568,0.7052186177715081,0.6106153123532021,-1.9679633867277,0.4030693209614629,0.1398601397949423,0.570425256141599,1.1772099930820643,0.1400560223435832,0.0,-0.01820728291316509,0
2025-12-07 05:00:00+00:00,2.134,2.134,2.134,2.134,14.0,-0.0037418191459953,-0.3734827264239015,-0.2803738317757154,1.1853959222380306,0.0964849055676053,0.0,0.5567734383259223,0.9228436039081578,0.0,0.0,-0.01452671040299891,0
2025-12-07 06:00:00+00:00,2.151,2.151,2.151,2.151,8.34,0.0079346974060314,0.7966260543580184,1.128349788434413,1.175917215428024,0.0789324247579128,0.0,0.567733745112065,0.9225128545352058,0.0,0.0,-0.024174802417480046,0
2025-12-07 07:00:00+00:00,2.151,2.151,2.151,2.151,0.0,0.0,0.0,0.8438818565400741,0.7022471910112182,0.0,0.0,0.5699804928078759,0.918174498739818,0.0,0.0,-0.005113900511389935,0
2025-12-07 08:00:00+00:00,2.119,2.153,2.119,2.124,46.72,-0.0126317469059004,-1.2552301255229992,-0.747663551401867,1.4326647564470107,0.4968098681359335,1.3469577327696394,0.7920200967772391,0.8591705013270099,1.6007532949148904,1.3653483986038808,-0.03483992467043329,0
2025-12-07 09:00:00+00:00,2.106,2.106,2.103,2.103,42.94,-0.0099362066591296,-0.9887005649717452,-1.1283497884343907,0.5258126195028634,0.464333345343355,0.1424501423824866,0.8522596237233452,0.8853642040669983,0.1426533522859313,0.0,0.007132667617688826,0
2025-12-07 10:00:00+00:00,2.103,2.103,2.103,2.103,0.0,0.0,0.0,-1.820728291316509,-1.54494382022472,0.0,0.0,0.7469618027319017,0.7691630616993245,0.0,0.0,0.007132667617688826,0
2025-12-07 11:00:00+00:00,2.103,2.103,2.103,2.103,0.0,0.0,0.0,-1.452671040299891,-1.54494382022472,0.0,0.0,0.7557247620094634,0.7691630616993245,0.0,0.0,0.013314312886352653,0
2025-12-07 12:00:00+00:00,2.095,2.099,2.082,2.099,51.19,-0.0019038558820668,-0.1902044698050442,-2.417480241748005,-1.9617001401214251,0.5591072923811216,0.0,0.5693897147265146,0.7668715383729879,0.8099094803192591,0.0,0.027155788470700326,0
2025-12-07 13:00:00+00:00,2.108,2.14,2.108,2.14,19.49,0.0193447881952641,1.9533111005240575,-0.5113900511389935,1.325757575757569,0.3100993092060286,0.0,1.1240584258725297,0.820915239791325,1.4953271021049883,0.0,0.0065420560747662115,0
2025-12-07 14:00:00+00:00,2.081,2.081,2.05,2.05,30.87,-0.0429660358834434,-4.205607476635532,-3.4839924670433287,-4.026217228464435,0.5095951467044761,1.489668427924241,2.055757696155976,1.180500075202189,1.51219512121357,0.0,0.0434146341463415,0
2025-12-07 15:00:00+00:00,2.081,2.118,2.081,2.118,60.12,0.0326324540288979,3.3170731707317103,0.7132667617688826,0.0472366556447667,0.95869877211037,0.0,2.5613995085764296,1.3610476871771655,1.7469310662195754,0.0,-0.007082152974504097,0
2025-12-07 16:00:00+00:00,2.118,2.118,2.118,2.118,0.0,0.0,0.0,0.7132667617688826,0.0472366556447667,0.0,0.0,2.5613995085764296,1.3610476871771655,0.0,0.0,-0.02030217186024541,0
2025-12-07 17:00:00+00:00,2.111,2.151,2.111,2.131,47.28,0.0061191059372653,0.6137865911236995,1.3314312886352653,-0.8375988832014958,1.063318183923985,0.929800092547746,2.5679134431274857,1.330260344436243,1.8770530258671547,0.9385265129335876,-0.02487095260441108,0
2025-12-07 18:00:00+00:00,2.156,2.156,2.156,2.156,4.69,0.0116632999302708,1.173158141717523,2.7155788470700326,-0.0926784059314123,0.1069667106951817,0.0,2.584184412670916,1.3499664171862873,0.0,0.0,-0.025510204081632737,0
2025-12-07 19:00:00+00:00,2.154,2.154,2.154,2.154,4.64,-0.0009280743125539,-0.0927643784786713,0.6542056074766212,1.3170272812794035,0.1083173652086883,0.0,2.4812125842179484,1.3125007748964186,0.0,0.0,-0.01857010213556176,0
2025-12-07 20:00:00+00:00,2.134,2.139,2.134,2.139,13.27,-0.0069881486339282,-0.696378830083566,4.34146341463415,0.4697040864255486,0.3100346559640972,0.0,1.4050097970063609,1.3212606305084664,0.2337540905873003,0.0,-0.011687704534829368,0
2025-12-07 21:00:00+00:00,2.103,2.103,2.103,2.103,47.65,-0.0169735333797056,-1.6830294530154055,-0.7082152974504097,-1.2212306247064264,1.0639228199857345,0.0,1.0028492704583216,1.3669870176522236,0.0,0.0,0.0014265335235377208,0
2025-12-07 22:00:00+00:00,2.071,2.087,2.051,2.075,49.22,-0.0134037430379011,-1.3314312886352877,-2.030217186024541,-2.5364020666979736,1.050858012093816,0.5749880208073852,1.1142847356713683,1.3919571274835996,1.7349397582000303,0.5783132527333434,0.01734939759036136,0
2025-12-07 23:00:00+00:00,2.084,2.095,2.056,2.078,90.51,0.0014447389943737,0.1445783132529854,-2.487095260441108,-2.8971962616822555,2.973146094999651,0.8114558468680567,1.048674057253647,1.386796241550129,1.8768046189235852,0.5293551489271688,0.02694898941289714,0
2025-12-08 00:00:00+00:00,2.093,2.101,2.082,2.101,32.32,0.0110075291858277,1.106833493743986,-2.5510204081632737,-1.2223789374706029,1.145676094782518,0.0,1.0289944646107252,1.4045141909749763,0.9043312703929944,0.0,0.02046644455021429,0
2025-12-08 01:00:00+00:00,2.101,2.124,2.101,2.114,113.44,0.0061684655851825,0.6187529747739173,-1.857010213556176,-0.8907641819034251,3.4584926511566114,0.4708097926220401,1.1129579921333217,1.4096253505239895,1.0879848623046493,0.4730368966542035,0.009933774834437026,0
2025-12-08 02:00:00+00:00,2.115,2.115,2.114,2.114,574.09,0.0,0.0,-1.1687704534829368,-1.214953271028052,10.304432694208176,0.0472813238547291,1.100934194984822,1.4075225483357263,0.047303689665435,0.0,0.017029328287606393,0
2025-12-08 03:00:00+00:00,2.126,2.142,2.106,2.106,90.48,-0.0037914737362621,-0.3784295175023655,0.142653352353772,-0.9873060648801112,1.5492155897258446,1.6806722681229371,0.8426148047806529,1.4043328031840168,1.7094017085900293,0.7597340927066797,0.026590693257359854,0
2025-12-08 04:00:00+00:00,2.125,2.134,2.077,2.111,59.26,0.0023713551543999,0.2374169040835871,1.734939759036136,-1.4472455648926077,1.0155085253874476,1.0777881906851832,0.5137924518585816,1.3968025219973506,2.7001421114636903,0.4263382281258414,0.02415916627190895,0
2025-12-08 05:00:00+00:00,2.126,2.134,2.12,2.134,1468.72,0.0108363840133778,1.0895310279488202,2.694898941289714,0.0,12.34547008297156,0.0,0.5979689504521333,1.414169433839091,0.6560449856344583,0.0,0.007966260543580184,0
2025-12-08 06:00:00+00:00,2.131,2.144,2.131,2.144,1052.54,0.0046750903289939,0.4686035613870709,2.046644455021429,-0.3254300325429837,6.478099419363941,0.0,0.5077838003449834,1.407768395634818,0.6063432832992962,0.0,0.001865671641791078,0
2025-12-08 07:00:00+00:00,2.135,2.135,2.135,2.135,2.15,-0.0042065965279678,-0.4197761194030036,0.9933774834437026,-0.7438400743840057,0.0132253773460775,0.0,0.5669091578003218,1.410208550357685,0.0,0.0,0.006088992974238927,0
2025-12-08 08:00:00+00:00,2.15,2.15,2.15,2.15,77.3,0.0070011954589835,0.7025761124121788,1.7029328287606391,1.2241054613935765,0.4718005579587548,0.0,0.5974477399639329,1.3924631356123292,0.0,0.0,-0.0009302325581393989,0
2025-12-08 09:00:00+00:00,2.151,2.172,2.151,2.162,79.19,0.0055658770774451,0.5581395348837281,2.6590693257359854,2.805515929624325,0.4789210819390352,0.4604051563257909,0.5055947241477396,1.3777917802285025,0.9713228487644368,0.46253468988783,-0.005087881591119392,0
2025-12-08 10:00:00+00:00,2.162,2.162,2.162,2.162,0.0,0.0,0.0,2.415916627190895,2.805515929624325,0.0,0.0,0.5329099967588791,1.3777917802285025,0.0,0.0,-0.00971322849213685,0
2025-12-08 11:00:00+00:00,2.151,2.151,2.151,2.151,1.85,-0.0051008689314235,-0.5087881591119392,0.7966260543580184,2.2824536376604643,0.0111831185283952,0.0,0.5197562431194771,1.3835696481337585,0.0,0.0,0.011622501162250387,0
2025-12-08 12:00:00+00:00,2.148,2.148,2.148,2.148,11.58,-0.0013956736389745,-0.1394700139469851,0.1865671641791078,2.334444973797045,0.0707056830146344,0.0,0.5001577896965533,1.3831542703278452,0.0,0.0,0.013035381750465591,0
2025-12-08 13:00:00+00:00,2.148,2.148,2.148,2.148,0.0,0.0,0.0,0.6088992974238927,0.373831775700939,0.0,0.0,0.4512662301719496,1.3265766785594475,0.0,0.0,-0.004655493482309203,0
2025-12-08 14:00:00+00:00,2.148,2.148,2.148,2.148,0.0,0.0,0.0,-0.0930232558139398,4.780487804878075,0.0,0.0,0.342932646526088,0.9580761344489012,0.0,0.0,-0.004655493482309203,0
2025-12-08 15:00:00+00:00,2.15,2.151,2.122,2.151,334.32,0.0013956736389745,0.1396648044692527,-0.5087881591119392,1.5580736543909346,1.93132266216239,0.0,0.226177790065076,0.7006717932556724,1.3482101341942263,0.0,0.0,0
2025-12-08 16:00:00+00:00,2.141,2.141,2.141,2.141,2969.58,-0.0046598406780471,-0.464900046489991,-0.971322849213685,1.085930122757328,10.004087545305486,0.0,0.2673956374613031,0.7089420270977003,0.0,0.0,-0.009808500700607126,0
2025-12-08 17:00:00+00:00,2.176,2.176,2.176,2.176,229.16,0.0162153193861505,1.6347501167678802,1.1622501162250387,2.111684655091528,0.7527881346163862,0.0,0.7297830632781314,0.7712598097200541,0.0,0.0,-0.030330882352941346,0
2025-12-08 18:00:00+00:00,2.176,2.176,2.176,2.176,0.92,0.0,0.0,1.3035381750465591,0.927643784786647,0.0030237504091139,0.0,0.71922626712319,0.7362495881834001,0.0,0.0,-0.030330882352941346,0
2025-12-08 19:00:00+00:00,2.15,2.151,2.138,2.138,14445.37,-0.0176175163908428,-1.7463235294117752,-0.4655493482309203,-0.742804085422466,15.944908963451889,0.6043700601560298,1.0893542378213272,0.8229052081469888,0.6080449014929584,0.0467726847302227,-0.013096351730589317,0
2025-12-08 20:00:00+00:00,2.138,2.138,2.138,2.138,0.0,0.0,0.0,-0.4655493482309203,-0.0467508181393072,0.0,0.0,1.0893542378213272,0.8105206889534691,0.0,0.0,-0.013096351730589317,0
2025-12-08 21:00:00+00:00,2.151,2.151,2.151,2.151,78.22,0.0060620376827393,0.6080449017773493,0.0,2.2824536376604643,0.0862711865963639,0.0,1.1240781846368366,0.7337829118120952,0.0,0.0,-0.018596001859599975,0
2025-12-08 22:00:00+00:00,2.127,2.127,2.12,2.12,14000.0,-0.0145167616016717,-1.4411901441189978,-0.9808500700607126,2.168674698795181,9.408865615630315,0.329102021471963,1.2685464015905086,0.7435296454185495,0.3301886790895181,0.0,0.007075471698112956,0
2025-12-08 23:00:00+00:00,2.11,2.11,2.11,2.11,36.34,-0.004728141195946,-0.4716981132075526,-3.033088235294134,1.5399422521655382,0.024459829996088,0.0,0.9188104132345783,0.7521680236235176,0.0,0.0,0.011848341232227444,0
2025-12-09 00:00:00+00:00,2.11,2.11,2.11,2.11,0.0,0.0,0.0,-3.033088235294134,0.4283674440742402,0.0,0.0,0.9188104132345783,0.7190102984654654,0.0,0.0,-0.00663507109004724,0
2025-12-09 01:00:00+00:00,2.11,2.11,2.11,2.11,0.0,0.0,0.0,-1.3096351730589315,-0.1892147587511883,0.0,0.0,0.6940826060290153,0.7076004308533482,0.0,0.0,0.009952606635071026,0
2025-12-09 02:00:00+00:00,2.11,2.11,2.11,2.11,0.0,0.0,0.0,-1.3096351730589315,-0.1892147587511883,0.0,0.0,0.6940826060290153,0.7076004308533482,0.0,0.0,0.009952606635071026,0
2025-12-09 03:00:00+00:00,2.106,2.118,2.103,2.111,76.8,0.0004738213782084,0.0473933649289159,-1.8596001859599975,0.2374169040835871,0.0527785174940149,0.3305004719874725,0.5909155782760752,0.703213319570003,0.7105637135430621,0.3315963996534206,0.01279014684983415,0
2025-12-09 04:00:00+00:00,2.135,2.135,2.135,2.135,4.73,0.011304877814404,1.1369019422074578,0.7075471698112956,1.1369019422074578,0.0032556353436017,0.0,0.5330947887980066,0.7385228703014488,0.0,0.0,0.001405152224824402,0
2025-12-09 05:00:00+00:00,2.135,2.135,2.135,2.135,0.0,0.0,0.0,1.1848341232227444,0.0468603561387004,0.0,0.0,0.4580432512009714,0.7047495750368267,0.0,0.0,0.001405152224824402,0
2025-12-09 06:00:00+00:00,2.094,2.096,2.094,2.096,14.11,-0.0184358802217919,-1.8266978922716448,-0.663507109004724,-2.23880597014926,0.0104642474634999,0.0,0.959708398879684,0.7909867617197284,0.0954198472827302,0.0,0.01526717557251911,0
2025-12-09 07:00:00+00:00,2.131,2.131,2.131,2.131,28.0,0.0165605866576842,1.6698473282442672,0.9952606635071026,-0.1873536299765832,0.0207487648772658,0.0,1.2048346264852012,0.8639622871121009,0.0,0.0,-0.007977475363678987,0
2025-12-09 08:00:00+00:00,2.131,2.131,2.131,2.131,0.0,0.0,0.0,0.9952606635071026,-0.8837209302325677,0.0,0.0,1.2048346264852012,0.8507382234608686,0.0,0.0,-0.000938526513373894,0
2025-12-09 09:00:00+00:00,2.137,2.138,2.137,2.138,47.13,0.0032794594863734,0.3284842796809073,1.279014684983415,-1.1100832562442209,0.0350429439641651,0.0,1.204798623397457,0.8450635358004471,0.0467726847302227,0.0,0.0369504209541629,0
2025-12-09 10:00:00+00:00,2.138,2.138,2.138,2.138,0.0,0.0,0.0,0.1405152224824402,-1.1100832562442209,0.0,0.0,1.1176412222761725,0.8450635358004471,0.0,0.0,0.0972871842843781,0
2025-12-09 11:00:00+00:00,2.138,2.138,2.138,2.138,0.0,0.0,0.0,0.1405152224824402,-0.6043700604369984,0.0,0.0,1.1176412222761725,0.8392922829710159,0.0,0.0,0.09681945743685705,0
2025-12-09 12:00:00+00:00,2.119,2.128,2.119,2.128,186.96,-0.0046882411234553,-0.4677268475210328,1.526717557251911,-0.9310986964618296,0.1382685127776803,0.0,0.7331093014060535,0.8439202567084634,0.4229323306283163,0.0,0.10526315789473673,0
2025-12-09 13:00:00+00:00,2.114,2.114,2.114,2.114,35.81,-0.0066006840313521,-0.6578947368421129,-0.7977475363678987,-1.582867783985109,0.0264545232081731,0.0,0.3622473344384138,0.8532982827870162,0.0,0.0,0.09318826868495744,0
2025-12-09 14:00:00+00:00,2.127,2.132,2.111,2.129,120.76,0.0070704984632965,0.7095553453169368,-0.0938526513373894,-0.8845437616387342,0.0888806837295842,0.1407129455249992,0.5022917365839561,0.8677760792655315,0.9863785810303486,0.1409112258614843,0.07797087834664151,0
2025-12-09 15:00:00+00:00,2.15,2.217,2.133,2.217,1421.36,0.0405025447228319,4.13339596054485,3.69504209541629,3.06834030683405,1.0123872059110914,0.0,1.7530395556515046,1.2042896804079437,3.788903922512902,0.0,0.024808299503833897,0
2025-12-09 16:00:00+00:00,2.218,2.39,2.185,2.346,2245.83,0.0565568195971092,5.818673883626513,9.72871842843781,9.574964969640366,1.6347427323585753,1.8410041833301256,2.6525826176427234,1.6421567921499425,8.738277916138843,1.8755328210249236,-0.022591645353793655,0
2025-12-09 17:00:00+00:00,2.328,2.369,2.318,2.345,798.15,-0.000426348333041,-0.042625745950553,9.681945743685706,7.766544117647056,0.5711186688085443,1.0130856897369844,2.6576090540658344,1.6225148369754812,2.1748400843604156,1.0234541573460758,-0.022174840085287917,0
2025-12-09 18:00:00+00:00,2.343,2.352,2.343,2.352,128.32,0.0029806281381377,0.2985074626865591,10.526315789473673,8.088235294117641,0.0914723197681174,0.0,2.5582443541267104,1.6211657857207726,0.3826530610617928,0.0,-0.03443877551020402,0
2025-12-09 19:00:00+00:00,2.346,2.346,2.311,2.311,56.56,-0.0175856987441367,-1.7431972789115568,9.318826868495744,8.091674462114117,0.0704099988172833,1.4919011076334667,2.7872408777235727,1.6209879180533686,1.5144958885701074,0.0,-0.029424491562094368,0
2025-12-09 20:00:00+00:00,2.31,2.31,2.276,2.295,54.05,-0.0069474877797351,-0.692340977931627,7.797087834664152,7.343311506080452,0.0670972574021066,0.6493506490695505,2.921029872082649,1.6331869401141668,1.4814814808359669,0.0,-0.0026143790849672,0
2025-12-09 21:00:00+00:00,2.272,2.272,2.272,2.272,9.11,-0.0100723426536036,-1.002178649237484,2.4808299503833897,5.625290562529051,0.0113496559907915,0.0,2.6708160068537388,1.6529186934462994,0.0,0.0,0.002640845070422726,0
2025-12-09 22:00:00+00:00,2.293,2.293,2.293,2.293,29.25,0.0092005030168625,0.9242957746478986,-2.2591645353793655,8.160377358490578,0.1326212341325527,0.0,0.9650549668928284,1.618672517998507,0.0,0.0,-0.0074138682948103884,0
2025-12-09 23:00:00+00:00,2.293,2.293,2.293,2.293,0.0,0.0,0.0,-2.2174840085287917,8.672985781990539,0.0,0.0,0.9681951615077032,1.6113775698220951,0.0,0.0,-0.0074138682948103884,0
2025-12-10 00:00:00+00:00,2.271,2.271,2.271,2.271,15.47,-0.009640740752346,-0.959441779328396,-3.4438775510204023,7.630331753554498,0.0704195432816763,0.0,0.9293746803434102,1.6322735131729695,0.0,0.0,-0.021136063408190298,0
2025-12-10 01:00:00+00:00,2.256,2.256,2.243,2.243,57.32,-0.0124060075853501,-1.2329370321444322,-2.942449156209437,6.303317535545028,0.2581148728251776,0.5762411344963426,0.8155465509466917,1.66177550984989,0.5795809181544401,0.0,-0.010254123941150106,0
2025-12-10 02:00:00+00:00,2.239,2.289,2.239,2.289,41.48,0.0203007854323585,2.0508247882300656,-0.26143790849672,8.483412322274898,0.185344057193095,0.0,1.29917973319249,1.6994866039275167,2.1843599815708457,0.0,-0.03014416775884665,0
2025-12-10 03:00:00+00:00,2.237,2.278,2.23,2.278,20.37,-0.0048171759454392,-0.4805591961555278,0.2640845070422726,7.910942681193744,0.0919851658675338,0.0,1.2374731947487965,1.7068535286411803,2.107111500391963,0.0,-0.03160667251975424,0
2025-12-10 04:00:00+00:00,2.24,2.276,2.24,2.276,521.53,-0.0008783487609059,-0.0877963125548775,-0.7413868294810388,6.604215456674467,2.1463722462301735,0.0,1.1607947162368304,1.6997170921696596,1.5817223191644274,0.0,-0.033391915641476144,0
2025-12-10 05:00:00+00:00,2.276,2.276,2.276,2.276,0.0,0.0,0.0,-0.7413868294810388,6.604215456674467,0.0,0.0,1.1607947162368304,1.6997170921696596,0.0,0.0,-0.03866432337434078,0
2025-12-10 06:00:00+00:00,2.226,2.252,2.223,2.223,31.65,-0.0235618812820249,-2.328646748681895,-2.1136063408190298,6.059160305343503,0.1298659112235679,1.2877442267816377,1.462265044404799,1.7303294642302949,1.3045434092197248,1.1695906427487133,-0.00629779577147993,0
2025-12-10 07:00:00+00:00,2.22,2.22,2.22,2.22,3.59,-0.0013504390978713,-0.134952766531704,-1.0254123941150106,4.176442984514339,0.0147921781378689,0.0,1.3966950934208542,1.7052731570807491,0.0,0.0,-0.005405405405405461,0
2025-12-10 08:00:00+00:00,2.22,2.22,2.22,2.22,0.0,0.0,0.0,-3.014416775884665,4.176442984514339,0.0,0.0,0.9217619929278654,1.7052731570807491,0.0,0.0,-0.005405405405405461,0
2025-12-10 09:00:00+00:00,2.203,2.206,2.203,2.206,23.67,-0.0063262750528775,-0.6306306306306464,-3.160667251975424,3.1805425631431294,0.0979238921330008,0.0,0.9228898495188036,1.7126732958492727,0.1359927469918488,0.0,-0.00498640072529466,0
2025-12-10 10:00:00+00:00,2.203,2.203,2.2,2.2,14.28,-0.0027235604670404,-0.2719854941069743,-3.3391915641476144,2.8999064546305187,0.0589319613720846,0.136177939112024,0.9079509539694706,1.7144766646386005,0.1363636363016378,0.0,-0.002272727272727426,0
2025-12-10 11:00:00+00:00,2.188,2.188,2.188,2.188,60.0,-0.0054694758045354,-0.545454545454549,-3.866432337434078,2.3386342376052527,0.2450846903753401,0.0,0.8662544376791419,1.7197557574578188,0.0,0.0,0.02925045703839113,0
2025-12-10 12:00:00+00:00,2.209,2.209,2.209,2.209,43.86,0.0095520398782452,0.9597806215722038,-0.629779577147993,3.8063909774435967,0.1836292525662099,0.0,0.5723069288616677,1.723970058127945,0.0,0.0,0.01991851516523324,0
2025-12-10 13:00:00+00:00,2.184,2.208,2.184,2.208,30.3,-0.0004527960231311,-0.0452693526482472,-0.5405405405405461,4.446546830652798,0.1269794706040347,0.0,0.572546949604667,1.7158708553034905,1.0869565212468502,0.0,0.017663043478260754,0
2025-12-10 14:00:00+00:00,2.208,2.208,2.208,2.208,0.0,0.0,0.0,-0.5405405405405461,3.7106622827618674,0.0,0.0,0.572546949604667,1.712517612776388,0.0,0.0,0.01449275362318847,0
2025-12-10 15:00:00+00:00,2.215,2.215,2.195,2.195,28.92,-0.0059050818877143,-0.5887681159420399,-0.4986400725294659,-0.9923319801533714,0.1647194515037928,0.9029345368384052,0.5647736513872241,1.5022924489887195,0.9111617307921822,0.0,0.010478359908883794,0
2025-12-10 16:00:00+00:00,2.195,2.195,2.195,2.195,0.0,0.0,0.0,-0.2272727272727426,-6.436487638533683,0.0,0.0,0.5574384370940314,0.8875651063914476,0.0,0.0,0.016400911161731146,0
2025-12-10 17:00:00+00:00,2.228,2.252,2.228,2.252,451.41,0.0256366637503092,2.596810933940774,2.925045703839113,-3.965884861407265,6.682852807184835,0.0,1.1357983317124254,1.0601734103329925,1.0657193600951325,0.0,-0.00888099467140302,0
2025-12-10 18:00:00+00:00,2.235,2.253,2.235,2.253,508.92,0.0004439511726635,0.0444049733570262,1.991851516523324,-4.209183673469374,6.101731493527416,0.0,1.1204281128399527,1.0565769605157889,0.7989347533071854,0.0,-0.05015534842432312,0
2025-12-10 19:00:00+00:00,2.272,2.282,2.247,2.247,69.89,-0.0026666682469153,-0.2663115845539354,1.7663043478260754,-2.76936391172653,0.8324078071630384,1.5337423306162452,1.1387039487947996,1.0020979111772637,1.5576323980606952,0.4450378280173499,-0.06408544726301724,0
2025-12-10 20:00:00+00:00,2.242,2.319,2.24,2.24,927.66,-0.0031201273362435,-0.3115264797507677,1.449275362318847,-2.3965141612200314,7.707271141080023,3.4066407919764266,1.1615902601290298,0.9955280808501416,3.5267857127112436,3.4374999984653996,-0.0647321428571429,0
2025-12-10 21:00:00+00:00,2.237,2.271,2.218,2.218,1585.61,-0.0098699769387732,-0.9821428571428648,1.0478359908883794,-2.3767605633802757,8.522532126318643,2.333773666960026,1.227671751510616,0.9947354650345585,2.389540125162513,1.5329125331231146,-0.06402164111812436,0
2025-12-10 22:00:00+00:00,2.206,2.231,2.171,2.231,205.21,0.0058440265222201,0.5861136158701541,1.6400911161731146,-2.703881378107298,1.0611703159082757,0.0,1.2342963711393418,0.9820459194995566,2.6893769597985786,0.0,-0.06320035858359485,0
2025-12-10 23:00:00+00:00,2.203,2.232,2.187,2.232,88.97,0.0004481290686692,0.0448229493500873,-0.888099467140302,-2.6602703881378087,0.4514229055960996,0.0,0.5206731622459255,0.9823150842064068,2.0161290313547973,0.0,-0.06675627240143367,0
2025-12-11 00:00:00+00:00,2.177,2.177,2.14,2.14,172.43,-0.0420922154853043,-4.121863799283155,-5.015534842432312,-5.768383971818569,0.8467895896681814,1.6995865862656894,1.7199243560695483,1.2822169502414509,1.7289719618088877,0.0,-0.02943925233644873,0
2025-12-11 01:00:00+00:00,2.137,2.143,2.103,2.103,874.18,-0.0174409323131973,-1.728971962616821,-6.408544726301724,-6.241640659830572,3.67822185754589,1.8665422296469516,1.7241535928606642,1.3031194345959718,1.902044697145941,0.2853067045718837,-0.005706134094151216,0
2025-12-11 02:00:00+00:00,2.1,2.1,2.071,2.095,3541.0,-0.0038113433464616,-0.3804089396100774,-6.47321428571429,-8.475316732197468,9.233928581105824,0.2380952379818543,1.7180246339217122,1.2076486911368236,1.3842482093631232,0.0,-0.02147971360381884,0
2025-12-11 03:00:00+00:00,2.065,2.088,2.043,2.076,128.55,-0.0091105880704589,-0.9069212410501292,-6.402164111812436,-8.86742756804214,0.3313275978525832,0.574712643402916,1.7194386289751722,1.2125608886781472,2.167630056759327,0.5780346818024886,-0.012524084778420153,0
2025-12-11 04:00:00+00:00,2.057,2.09,2.057,2.09,78.23,0.0067211006730773,0.674373795761074,-6.320035858359486,-8.172231985940249,0.2117106602928533,0.0,1.7369341963234877,1.2304997593380549,1.5789473676655716,0.0,-0.02440191387559798,0
2025-12-11 05:00:00+00:00,2.093,2.093,2.083,2.083,26.39,-0.0033549036978845,-0.3349282296650546,-6.675627240143367,-8.47978910369067,0.0712062886744373,0.4777830862504518,1.6937253864709263,1.2281922556448317,0.4800768120594824,0.0,-0.011041766682669318,0
2025-12-11 06:00:00+00:00,2.077,2.084,2.074,2.077,130.72,-0.0028846173848598,-0.2880460873739943,-2.943925233644873,-6.567701304543405,0.3488273575424409,0.3358925142342222,0.7970566771282985,1.1529694154147612,0.481463649262667,0.3370245544838647,-0.004814636494944513,0
2025-12-11 07:00:00+00:00,2.077,2.091,2.077,2.091,16.33,0.0067178755525213,0.6740491092922518,-0.5706134094151216,-5.810810810810807,0.0435150940483133,0.0,0.6355325427580418,1.1691222481838848,0.6695361068055893,0.0,-0.019607843137255054,0
2025-12-11 08:00:00+00:00,2.06,2.068,2.05,2.05,551.61,-0.0198026272961798,-1.9607843137255057,-2.147971360381884,-7.657657657657668,1.3850644581442373,0.8704061891342445,1.006424438085228,1.2195441839001735,0.8780487800595,0.3902439022486618,-0.01073170731707307,0
2025-12-11 09:00:00+00:00,2.05,2.05,2.05,2.05,22.88,0.0,0.0,-1.2524084778420153,-7.071622846781511,0.0574552569486961,0.0,0.9752437291121316,1.2195995304777003,0.0,0.0,-0.013658536585365866,0
2025-12-11 10:00:00+00:00,2.047,2.047,2.039,2.039,24.55,-0.0053803015579985,-0.5365853658536479,-2.440191387559798,-7.318181818181824,0.0615827133601169,0.3908158278501146,0.8764457864796336,1.220490161119235,0.3923491905873719,0.0,-0.007846983815595898,0
2025-12-11 11:00:00+00:00,2.047,2.06,2.047,2.06,101.5,0.0102464912091714,1.029916625796945,-1.1041766682669318,-5.850091407678248,0.2535091662913895,0.0,1.0573423082722198,1.249415011361045,0.6310679608587,0.0,-0.012135922330097082,0
2025-12-11 12:00:00+00:00,2.078,2.08,2.067,2.067,124.32,0.0033922978981416,0.3398058252427338,-0.4814636494944513,-6.428248076052512,0.3079266593590858,0.6249999996995145,1.0759532276786044,1.2297276075158772,0.6289308173057857,0.0967585872778247,-0.010643444605708874,0
2025-12-11 13:00:00+00:00,2.067,2.067,2.05,2.05,68.05,-0.0082584875493146,-0.8224479922593342,-1.9607843137255057,-7.1557971014492905,0.1678980768613762,0.8224479918614352,1.0396492053695074,1.2336529855621072,0.8292682922784227,0.0,-0.009268292682926726,0
2025-12-11 14:00:00+00:00,2.05,2.053,2.028,2.028,84.86,-0.0107897074213799,-1.073170731707307,-1.073170731707307,-8.15217391304348,0.2075622261691853,1.2177301504053877,0.7882427931194412,1.241523855145752,1.2327416167491367,0.1479289940099025,0.009368836291913318,0
2025-12-11 15:00:00+00:00,2.026,2.052,2.022,2.022,1466.55,-0.0029629651306571,-0.2958579881656931,-1.3658536585365866,-7.881548974943053,3.1286900590342706,1.4619883033811094,0.7839933802489626,1.240542480884438,1.483679524488796,1.2858555878902913,0.03115727002967361,0
2025-12-11 16:00:00+00:00,2.01,2.023,2.01,2.023,18.23,0.0004944375873288,0.049455984174096,-0.7846983815595898,-7.835990888382671,0.0388283687061264,0.0,0.7743366990360535,1.2411761319590249,0.6426099848529038,0.0,0.018289668808699977,0
2025-12-11 17:00:00+00:00,2.02,2.035,2.01,2.035,216.62,0.0059142607089497,0.5931784478497182,-1.2135922330097082,-9.635879218472454,0.4712007149281982,0.0,0.6561740339146255,1.0975489353352574,1.2285012278975598,0.0,0.028992628992628777,0
2025-12-11 18:00:00+00:00,2.032,2.045,2.027,2.045,68.04,0.0049019706002066,0.4914004914004843,-1.0643444605708874,-9.23213493120285,0.1541636534939551,0.0,0.6834740822624296,1.1094960060548176,0.8801955985915813,0.0,-0.0029339853300732743,0
2025-12-11 19:00:00+00:00,2.025,2.068,2.025,2.031,54.88,-0.0068695068965173,-0.6845965770171047,-0.9268292682926726,-9.612817089452596,0.1245224474512106,1.789168277664808,0.6590730351618166,1.1105569663691714,2.117183652330296,1.8217626775865232,0.010339734121122657,0
2025-12-11 20:00:00+00:00,2.047,2.047,2.046,2.047,34.67,0.0078470240809048,0.7877892663712416,0.9368836291913318,-8.616071428571425,0.0859198007511,0.0,0.5697438851937726,1.1374785838671804,0.0488519784812806,0.0,0.002442598925256334,0
2025-12-11 21:00:00+00:00,2.073,2.085,2.073,2.085,116.28,0.0183935485716121,1.8563751831949027,3.115727002967361,-5.996393146979262,0.3397082184517254,0.0,0.8359976054145352,1.215069748416348,0.5755395680692861,0.0,-0.002877697841726534,0
2025-12-11 22:00:00+00:00,2.064,2.064,2.06,2.06,613.8,-0.0120628724492749,-1.1990407673860837,1.8289668808699977,-7.664724338861484,1.7082345737947089,0.1937984495185086,1.092575031993003,1.216093367109007,0.1941747571872939,0.0,-0.007766990291262155,0
2025-12-11 23:00:00+00:00,2.089,2.094,2.081,2.094,69.91,0.0163701296468552,1.6504854368931898,2.8992628992628777,-6.182795698924748,0.1949938288673381,0.0,1.223497470255961,1.279343478742419,0.6208213941638818,0.0,-0.02387774594078307,0
2025-12-12 00:00:00+00:00,2.058,2.058,2.039,2.039,58.51,-0.0266166208560268,-2.626552053486142,-0.2933985330073274,-4.7196261682243,0.1653864363896365,0.923226432981896,1.7706429062532132,1.0981156270918189,0.931829327644992,0.0,0.025993133889161246,0
2025-12-12 01:00:00+00:00,2.046,2.052,2.046,2.052,146.9,0.0063554357162048,0.6375674350171501,1.0339734121122657,-2.4251069900142697,0.4541320919482367,0.0,1.7576078504994264,1.0595233730176652,0.2923976606762305,0.0,0.01949317738791434,0
2025-12-12 02:00:00+00:00,2.052,2.052,2.052,2.052,0.0,0.0,0.0,0.2442598925256334,-2.052505966587115,0.0,0.0,1.7318549455650172,1.0580174755457037,0.0,0.0,-0.003898635477582846,0
2025-12-12 03:00:00+00:00,2.079,2.079,2.079,2.079,4.81,0.0130720815673529,1.3157894736842255,-0.2877697841726534,0.1445086705202269,0.028165440243428,0.0,1.632069391131441,1.0795192787655434,0.0,0.0,-0.028379028379028504,0
2025-12-12 04:00:00+00:00,2.061,2.061,2.044,2.044,410.16,-0.0169783365344179,-1.683501683501687,-0.7766990291262155,-2.200956937799037,2.2217999038378093,0.8248423091582475,1.7122076002453317,1.1234404272961327,0.8317025436244069,0.0,-0.011741682974559686,0
2025-12-12 05:00:00+00:00,2.044,2.044,2.044,2.044,0.0,0.0,0.0,-2.387774594078307,-1.8722995679308796,0.0,0.0,1.490392635088115,1.1223752009767922,0.0,0.0,-0.011741682974559686,0
2025-12-12 06:00:00+00:00,2.084,2.092,2.084,2.092,77.3,0.0232118738612184,2.3483365949119372,2.5993133889161246,0.7221954742417047,0.4264082597039981,0.0,1.3627748104404047,1.2230693751818396,0.382409177637472,0.0,-0.021032504780114758,0
2025-12-12 07:00:00+00:00,2.092,2.092,2.092,2.092,0.0,0.0,0.0,1.949317738791434,0.0478240076518421,0.0,0.0,1.3680763838184462,1.2154056804038678,0.0,0.0,-0.021032504780114758,0
2025-12-12 08:00:00+00:00,2.045,2.045,2.044,2.044,80.08,-0.0232118738612184,-2.294455066921608,-0.3898635477582846,-0.2926829268292574,0.4975329415693029,0.0488997554773052,1.75167477934676,1.2412973251916943,0.0489236790367247,0.0,0.014187866927592996,0
2025-12-12 09:00:00+00:00,2.039,2.039,2.02,2.02,23.84,-0.0118111609283446,-1.1741682974559686,-2.8379028379028504,-1.4634146341463317,0.1480798993743164,0.931829327645014,1.65360842778636,1.263998090025987,0.9405940589403062,0.0,-0.02871287128712874,0
2025-12-12 10:00:00+00:00,2.02,2.02,2.02,2.02,0.0,0.0,0.0,-1.1741682974559686,-0.9318293281020184,0.0,0.0,1.5452087960494405,1.2599423252353554,0.0,0.0,-0.0004950495049504955,0
2025-12-12 11:00:00+00:00,2.02,2.02,2.02,2.02,0.0,0.0,0.0,-1.1741682974559686,-1.9417475728155331,0.0,0.0,1.5452087960494405,1.239527711786693,0.0,0.0,-0.028217821782178243,0
2025-12-12 12:00:00+00:00,2.048,2.048,2.048,2.048,115.17,0.0137661957641479,1.3861386138613874,-2.103250478011476,-0.919206579583942,0.7413065283458964,0.0,1.258962977122428,1.2724940121608947,0.0,0.0,-0.0400390625,0
2025-12-12 13:00:00+00:00,2.048,2.048,2.048,2.048,0.0,0.0,0.0,-2.103250478011476,-0.097560975609745,0.0,0.0,1.258962977122428,1.2613941965390996,0.0,0.0,-0.03759765625,0
2025-12-12 14:00:00+00:00,2.073,2.073,2.073,2.073,46.72,0.0121331262763811,1.220703125,1.4187866927592996,2.2189349112426093,0.3095346545292499,0.0,0.9414298072013294,1.2632481843057446,0.0,0.0,-0.04920405209840806,0
2025-12-12 15:00:00+00:00,2.027,2.048,1.961,1.962,796.67,-0.0550324723104711,-5.354558610709114,-2.871287128712874,-2.9673590504450953,6.475697607810293,4.199218747949604,2.5392271134670343,1.7032432257812775,4.4342507622659255,1.070336390891771,0.004587155963302836,0
2025-12-12 16:00:00+00:00,1.999,2.052,1.966,2.019,222.08,0.0286379781875291,2.905198776758411,-0.0495049504950495,-0.1977261492832394,1.688585875213683,1.6081871337192029,2.893228935438429,1.809386137766463,4.259534420871953,1.634472510334581,-0.02377414561664193,0
2025-12-12 17:00:00+00:00,1.963,1.963,1.963,1.963,17.09,-0.0281284240363764,-2.7736503219415565,-2.8217821782178243,-3.5380835380835363,0.1387123720358993,0.0,3.111296910283309,1.8918873827968423,0.0,0.0,0.004075394803871646,0
2025-12-12 18:00:00+00:00,2.022,2.022,1.966,1.966,11.4,0.0015271064306508,0.1528273051451867,-4.00390625,-3.863080684596576,0.0943360445743796,2.7695351123790544,3.003719917791748,1.8881719378220585,2.848423192854303,0.0,0.0025432349949134903,0
2025-12-12 19:00:00+00:00,1.971,1.971,1.971,1.971,1.39,0.0025400064456083,0.254323499491349,-3.759765625,-2.954209748892178,0.01171850301032,0.0,3.0169985728757314,1.8866128992949875,0.0,0.0,0.0,0
2025-12-12 20:00:00+00:00,1.971,1.971,1.971,1.971,0.0,0.0,0.0,-4.920405209840806,-3.7127503663898382,0.0,0.0,2.9066821914488594,1.8769376379762104,0.0,0.0,0.030441400304414,0
2025-12-12 21:00:00+00:00,1.971,1.971,1.971,1.971,0.0,0.0,0.0,0.4587155963302836,-5.46762589928057,0.0,0.0,1.7981294391972418,1.828785132212141,0.0,0.0,0.030441400304414,0
2025-12-12 22:00:00+00:00,1.971,1.971,1.971,1.971,0.0,0.0,0.0,-2.377414561664193,-4.320388349514559,0.0,0.0,1.1861709908557057,1.8174508107896177,0.0,0.0,0.030441400304414,0
2025-12-12 23:00:00+00:00,1.971,1.971,1.971,1.971,0.0,0.0,0.0,0.4075394803871646,-5.8739255014326535,0.0,0.0,0.1097887571921137,1.7763907316452954,0.0,0.0,0.030441400304414,0
2025-12-13 00:00:00+00:00,1.971,1.971,1.971,1.971,0.0,0.0,0.0,0.254323499491349,-3.3349681216282567,0.0,0.0,0.1036953289186769,1.7009082221511769,0.0,0.0,0.030441400304414,0
2025-12-13 01:00:00+00:00,1.971,1.971,1.971,1.971,0.0,0.0,0.0,0.0,-3.9473684210526327,0.0,0.0,0.0,1.693217385692727,0.0,0.0,0.035514967021816224,0
2025-12-13 02:00:00+00:00,2.022,2.035,2.022,2.031,10.73,0.0299872544276644,3.0441400304414,3.0441400304414,-1.0233918128654929,0.1416938110730476,0.1965601964636069,1.224224535579893,1.812573839209149,0.6400787786114995,0.1969473164958409,0.00492368291482026,0
2025-12-13 03:00:00+00:00,2.031,2.031,2.031,2.031,0.0,0.0,0.0,3.0441400304414,-2.3088023088023157,0.0,0.0,1.224224535579893,1.7897376634372786,0.0,0.0,0.009354997538158383,0
2025-12-13 04:00:00+00:00,2.031,2.031,2.031,2.031,0.0,0.0,0.0,3.0441400304414,-0.6360078277886427,0.0,0.0,1.224224535579893,1.756979192533322,0.0,0.0,0.011324470704086487,0
2025-12-13 05:00:00+00:00,2.031,2.031,2.031,2.031,0.0,0.0,0.0,3.0441400304414,-0.6360078277886427,0.0,0.0,1.224224535579893,1.756979192533322,0.0,0.0,0.01624815361890697,0
2025-12-13 06:00:00+00:00,2.031,2.031,2.031,2.031,0.0,0.0,0.0,3.0441400304414,-2.9158699808795374,0.0,0.0,1.224224535579893,1.6845154225905594,0.0,0.0,0.00984736582964052,0
2025-12-13 07:00:00+00:00,2.051,2.051,2.041,2.041,14.64,0.00491160122946,0.492368291482026,3.5514967021816224,-2.437858508604218,0.2622461393732743,0.4875670402303539,1.2003090438582176,1.6890559318735632,0.4899559037285973,0.0,0.00489955903968653,0
2025-12-13 08:00:00+00:00,2.041,2.041,2.041,2.041,0.0,0.0,0.0,0.492368291482026,-0.146771037182003,0.0,0.0,0.2005152805367289,1.6216192278036792,0.0,0.0,0.006859382655561186,0
2025-12-13 09:00:00+00:00,2.026,2.05,2.026,2.05,13.36,0.0043999093226089,0.4409603135717699,0.9354997538158384,1.4851485148514865,0.2566659995948293,0.0,0.2409660718477452,1.6042176022121153,1.1707317067459857,0.0,-0.0024390243902439046,0
2025-12-13 10:00:00+00:00,2.052,2.054,2.052,2.054,3.7,0.0019493183560496,0.1951219512195123,1.132447070408649,1.6831683168316849,0.0708727403314571,0.0,0.2286853418476737,1.6043865408965308,0.0973709833995165,0.0,0.00048685491723476915,0
2025-12-13 11:00:00+00:00,2.064,2.064,2.064,2.064,1.45,0.0048567361129499,0.4868549172346803,1.6248153618906969,2.17821782178218,0.0277423469382447,0.0,0.2348394034530133,1.606532682251142,0.0,0.0,-0.0106589147286823,0
2025-12-13 12:00:00+00:00,2.05,2.051,2.05,2.051,12.14,-0.0063183685290726,-0.6298449612403001,0.984736582964052,0.146484375,0.2530550561452245,0.0,0.4354043989125453,1.588799132416742,0.0487567040230505,0.0,-0.0034129692832765013,0
2025-12-13 13:00:00+00:00,2.051,2.051,2.051,2.051,0.0,0.0,0.0,0.4899559039686529,0.146484375,0.0,0.0,0.406662708884634,1.588799132416742,0.0,0.0,-0.0034129692832765013,0
2025-12-13 14:00:00+00:00,2.058,2.058,2.047,2.055,164.62,0.0019483688579542,0.1950268161872159,0.6859382655561186,-0.8683068017366069,3.112718334101728,0.1457725946813383,0.4066360803903887,1.568626351799746,0.5352798050923054,0.0,0.00048661800486615725,0
2025-12-13 15:00:00+00:00,2.044,2.066,2.044,2.045,29.08,-0.0048780584534329,-0.4866180048661905,-0.2439024390243904,4.230377166156973,1.3911656832375507,1.0164569210956118,0.4333756040650507,1.0603967482953172,1.075794620500824,1.0268948650235188,-0.007334963325183463,0
2025-12-13 16:00:00+00:00,2.047,2.06,2.047,2.055,17.88,0.0048780584534329,0.4889975550122383,0.0486854917234769,1.7830609212481363,1.442517143893311,0.242718446484112,0.4792853657329924,0.8964646107751795,0.6326034060181929,0.2433090023146862,-0.012165450121654708,0
2025-12-13 17:00:00+00:00,2.05,2.065,2.013,2.042,406.67,-0.0063461282057242,-0.6326034063260488,-1.06589147286823,4.024452368823206,14.205571565305933,1.1138014522451387,0.4742213429417142,0.6742490264101737,2.546523015403272,0.7345739467509493,-0.005876591576885359,0
2025-12-13 18:00:00+00:00,2.06,2.065,2.03,2.044,47.13,0.0009789525989841,0.0979431929480911,-0.3412969283276501,3.967446592065116,1.564935873438266,1.016949152049899,0.4258419923410258,0.6743831704758243,1.7123287662855602,0.2446183951836452,-0.006849315068493289,0
2025-12-13 19:00:00+00:00,2.044,2.044,2.044,2.044,0.0,0.0,0.0,-0.3412969283276501,3.703703703703698,0.0,0.0,0.4258419923410258,0.6748713701162943,0.0,0.0,-0.009295499021526488,0
2025-12-13 20:00:00+00:00,2.06,2.065,2.053,2.056,568.75,0.0058536752514607,0.5870841487279899,0.0486618004866157,4.312531709791978,10.580165096884931,0.435835350878525,0.4960819829630513,0.679717192335975,0.5836575872647585,0.2431906613603106,-0.0019455252918287869,0
2025-12-13 21:00:00+00:00,2.05,2.05,2.03,2.03,395.85,-0.0127265545392227,-1.2645914396887226,-0.7334963325183463,2.99340436326736,5.634875444759651,0.9756097556216546,0.7102459923049845,0.7409247637629954,0.9852216743915172,0.0,0.001477832512315258,0
2025-12-13 22:00:00+00:00,2.03,2.03,2.03,2.03,0.0,0.0,0.0,-1.2165450121654708,2.99340436326736,0.0,0.0,0.6519088461032752,0.7409247637629954,0.0,0.0,0.001477832512315258,0
2025-12-13 23:00:00+00:00,2.03,2.03,2.03,2.03,0.0,0.0,0.0,-0.5876591576885359,2.99340436326736,0.0,0.0,0.6187072392416071,0.7409247637629954,0.0,0.0,-0.010837438423645263,0
2025-12-14 00:00:00+00:00,2.03,2.03,2.03,2.03,0.0,0.0,0.0,-0.6849315068493289,2.99340436326736,0.0,0.0,0.6137718785325446,0.7409247637629954,0.0,0.0,-0.009852216748768461,0
2025-12-14 01:00:00+00:00,2.025,2.025,2.025,2.025,58.38,-0.0024660924951934,-0.2463054187192059,-0.9295499021526488,2.739726027397249,0.803219481982552,0.0,0.6128233855259637,0.7444050662151365,0.0,0.0,-0.007407407407407418,0
2025-12-14 02:00:00+00:00,2.036,2.052,2.036,2.052,86.08,0.0132452267500207,1.333333333333342,-0.1945525291828787,1.0339734121122657,1.1352893011450902,0.0,0.8280709631427894,0.5007605805887412,0.7797270951365859,0.0,-0.02046783625731008,0
2025-12-14 03:00:00+00:00,2.033,2.033,2.033,2.033,73.45,-0.0093023926623135,-0.92592592592593,0.1477832512315258,0.0984736582964052,0.9311317465733076,0.0,0.731694871026171,0.5387803340581823,0.0,0.0,-0.015740285292670908,0
2025-12-14 04:00:00+00:00,2.033,2.033,2.033,2.033,0.0,0.0,0.0,0.1477832512315258,0.0984736582964052,0.0,0.0,0.731694871026171,0.5387803340581823,0.0,0.0,-0.007870142646335454,0
2025-12-14 05:00:00+00:00,2.014,2.014,2.008,2.008,127.38,-0.0123733328167267,-1.2297097884899078,-1.0837438423645265,-1.1324470704086709,1.5130062952665055,0.2979145976673603,0.8959489212081976,0.5954132175702366,0.298804780727676,0.0,-0.021414342629482053,0
2025-12-14 06:00:00+00:00,2.009,2.01,2.009,2.01,124.26,0.0009955202415016,0.0996015936254979,-0.985221674876846,-1.0339734121122768,1.3904383584480895,0.0,0.9008929394870296,0.596104555296218,0.0497512437563371,0.0,-0.003980099502487566,0
2025-12-14 07:00:00+00:00,2.01,2.01,2.01,2.01,0.0,0.0,0.0,-0.7407407407407418,-1.5188633023027975,0.0,0.0,0.9020507919140844,0.585290861350202,0.0,0.0,-0.003980099502487566,0
2025-12-14 08:00:00+00:00,2.01,2.01,2.01,2.01,0.0,0.0,0.0,-2.046783625731008,-1.5188633023027975,0.0,0.0,0.5819732869198341,0.585290861350202,0.0,0.0,-0.010447761194029681,0
2025-12-14 09:00:00+00:00,2.001,2.001,2.001,2.001,20.27,-0.004487666469388,-0.4477611940298498,-1.5740285292670908,-2.3902439024390265,0.2276366460909634,0.0,0.5143487889218483,0.5801250465638089,0.0,0.0,-0.0059970014992503096,0
2025-12-14 10:00:00+00:00,2.0,2.017,1.992,2.017,3791.92,0.0079642033704782,0.7996001999000413,-0.7870142646335454,-1.8013631937682573,15.358872362734004,0.0,0.6741707276327278,0.6058774734824188,1.2394645506993192,0.0,-0.01834407535944471,0
2025-12-14 11:00:00+00:00,1.978,1.978,1.965,1.965,15.28,-0.02611901365085,-2.57808626673276,-2.1414342629482053,-4.796511627906974,0.0617463134390699,0.6572295244402228,1.173595472014329,0.7846390767327951,0.6615776078058078,0.0,-0.007124681933842192,0
2025-12-14 12:00:00+00:00,2.002,2.002,2.002,2.002,12.43,0.0186544355718041,1.8829516539440097,-0.3980099502487566,-2.3890784982935287,0.0502270419886747,0.0,1.4907097509954867,0.8847469773533276,0.0,0.0,-0.024975024975024906,0
2025-12-14 13:00:00+00:00,2.002,2.002,2.002,2.002,0.0,0.0,0.0,-0.3980099502487566,-2.3890784982935287,0.0,0.0,1.4907097509954867,0.8847469773533276,0.0,0.0,-0.014985014985014922,0
2025-12-14 14:00:00+00:00,1.998,1.998,1.979,1.989,62.29,-0.0065146810211935,-0.6493506493506329,-1.044776119402968,-3.2116788321167933,0.2561134810083523,0.4504504502249946,1.5085191852532118,0.8893071584257988,0.9552538959500938,0.0,-0.012066365007541435,0
2025-12-14 15:00:00+00:00,1.989,1.989,1.989,1.989,0.0,0.0,0.0,-0.599700149925031,-2.7383863080684523,0.0,0.0,1.5033497899633552,0.8864873432435947,0.0,0.0,-0.007541478129713508,0
2025-12-14 16:00:00+00:00,1.985,1.985,1.978,1.98,519.55,-0.0045351551653913,-0.4524886877828149,-1.8344075359444711,-3.649635036496357,1.9761985137071032,0.2518891686388526,1.439492238611514,0.8794210727747902,0.3535353533568062,0.0,-0.01717171717171717,0
2025-12-14 17:00:00+00:00,1.972,1.972,1.951,1.951,177.04,-0.0147547830654696,-1.4646464646464574,-0.7124681933842192,-4.456415279138093,0.698835208860312,1.064908721569514,1.113713999687698,0.9153781292437028,1.0763710911961146,0.0,0.003075345976422339,0
2025-12-14 18:00:00+00:00,1.952,1.952,1.952,1.952,106.48,0.0005124263499264,0.0512557662736945,-2.49750249750249,-4.500978473581219,0.4162484668705968,0.0,0.5905236122101034,0.9147896453082688,0.0,0.0,0.0025614754098362003,0
2025-12-14 19:00:00+00:00,1.972,1.972,1.972,1.972,4.59,0.010193768189543,1.0245901639344357,-1.4985014985014922,-3.522504892367906,0.0179296874999299,0.0,0.8329394660163287,0.9471783184923632,0.0,0.0,0.00963488843813387,0
2025-12-14 20:00:00+00:00,1.965,1.965,1.965,1.965,1.52,-0.003556010859219,-0.3549695740365011,-1.2066365007541435,-4.426070038910501,0.0065414209300084,0.0,0.8130555776274127,0.9348351169226904,0.0,0.0,0.016284987277353613,0
2025-12-14 21:00:00+00:00,1.974,1.974,1.974,1.974,50.5,0.0045696956900652,0.458015267175571,-0.7541478129713508,-2.758620689655167,0.2316770590001262,0.0,0.8560643820276003,0.9140712960348006,0.0,0.0,0.02127659574468077,0
2025-12-14 22:00:00+00:00,1.974,1.974,1.946,1.946,180.33,-0.0142859572474765,-1.4184397163120588,-1.7171717171717171,-4.137931034482756,0.7997265209924347,1.418439715593497,1.0094483474489715,0.9518843283352738,1.4388489201239227,0.0,0.03597122302158273,0
2025-12-14 23:00:00+00:00,1.952,1.957,1.931,1.957,8269.7,0.0056367046501259,0.5652620760534521,0.3075345976422339,-3.596059113300476,14.506707987797483,0.0,0.8625455098214744,0.9633031430378562,1.3285641280896463,0.0,0.03014818599897806,0
2025-12-15 00:00:00+00:00,1.961,1.968,1.93,1.957,429.04,0.0,0.0,0.25614754098362,-3.596059113300476,0.7297379467320048,0.5589430891468733,0.8627983820741637,0.9633031430378562,1.9417475718233292,0.3576903421779761,0.03014818599897806,0
2025-12-15 01:00:00+00:00,1.969,1.991,1.969,1.991,39.52,0.0172243366681201,1.7373530914665425,0.9634888438133872,-1.6790123456789985,0.067308040304662,0.0,1.049516115044275,1.0360516497383492,1.104972375135625,0.0,0.01255650426921151,0
2025-12-15 02:00:00+00:00,1.99,1.997,1.99,1.997,63.71,0.0030090293516188,0.30135610246107,1.6284987277353613,-2.680311890838205,0.1086794898948055,0.0,1.0188073802029525,0.9964361497038144,0.3505257885075041,0.0,0.009514271407110586,0
2025-12-15 03:00:00+00:00,1.997,2.016,1.997,2.016,513.19,0.0094692957754439,0.9514271407110586,2.127659574468077,-0.836202656173135,0.8488910331504328,0.0,1.0558278910498724,1.0031660049513662,0.9424603169928224,0.0,0.0,0
2025-12-15 04:00:00+00:00,2.016,2.016,2.016,2.016,0.0,0.0,0.0,3.597122302158273,-0.836202656173135,0.0,0.0,0.6618563232282476,1.0031660049513662,0.0,0.0,0.0,0
2025-12-15 05:00:00+00:00,2.016,2.016,2.016,2.016,0.0,0.0,0.0,3.014818599897806,0.3984063745019917,0.0,0.0,0.704781158694418,0.9699320015698256,0.0,0.0,-0.004464285714285698,0
2025-12-15 06:00:00+00:00,2.016,2.016,2.016,2.016,2.47,0.0,0.0,3.014818599897806,0.2985074626865813,0.0041571323080219,0.0,0.704781158694418,0.9697745386222496,0.0,0.0,-0.004464285714285698,0
2025-12-15 07:00:00+00:00,2.016,2.016,2.016,2.016,0.0,0.0,0.0,1.255650426921151,0.2985074626865813,0.0,0.0,0.3814980658552018,0.9697745386222496,0.0,0.0,-0.004464285714285698,0
2025-12-15 08:00:00+00:00,2.016,2.016,2.016,2.016,0.0,0.0,0.0,0.9514271407110586,0.2985074626865813,0.0,0.0,0.3865823812221672,0.9697745386222496,0.0,0.0,-0.03670634920634919,0
2025-12-15 09:00:00+00:00,2.016,2.016,2.016,2.016,0.0,0.0,0.0,0.0,0.7496251874063109,0.0,0.0,0.0,0.964809319877993,0.0,0.0,-0.06398809523809523,0
2025-12-15 10:00:00+00:00,2.016,2.016,2.016,2.016,14.88,0.0,0.0,0.0,-0.0495785820525451,0.0341332680844749,0.0,0.0,0.950939203551129,0.0,0.0,-0.07390873015873012,0
2025-12-15 11:00:00+00:00,2.016,2.016,1.992,2.007,141.49,-0.004474280394921,-0.4464285714285698,-0.4464285714285698,2.13740458015268,0.3206956830509706,0.4464285712071235,0.1826617322282507,0.7799237812494934,1.195814648133626,0.0,-0.06576980568011959,0
2025-12-15 12:00:00+00:00,2.007,2.007,2.007,2.007,0.0,0.0,0.0,-0.4464285714285698,0.249750249750269,0.0,0.0,0.1826617322282507,0.6818885828614616,0.0,0.0,-0.07324364723467858,0
2025-12-15 13:00:00+00:00,2.007,2.007,2.007,2.007,0.0,0.0,0.0,-0.4464285714285698,0.249750249750269,0.0,0.0,0.1826617322282507,0.6818885828614616,0.0,0.0,-0.06427503736920792,0
2025-12-15 14:00:00+00:00,2.01,2.01,1.942,1.942,77.78,-0.0329226999450679,-3.2386646736422553,-3.6706349206349183,-2.362996480643542,0.1762421649216771,3.3830845754312935,1.319722950951271,0.9526463077736756,3.501544797373038,0.0,-0.03398558187435641,0
2025-12-15 15:00:00+00:00,1.941,1.941,1.879,1.887,1162.96,-0.0287301034827199,-2.8321318228630266,-6.398809523809524,-5.128205128205132,2.374447776425957,2.782071095939172,1.5495442343071213,1.1075047244766818,3.285638578015033,0.0,0.0010598834128245915,0
2025-12-15 16:00:00+00:00,1.908,1.914,1.846,1.867,852.7,-0.0106554018268276,-1.0598834128245915,-7.390873015873012,-5.707070707070705,1.6929987839045135,2.455590385341903,1.4562198372435142,1.1201054468294498,3.642206746844016,0.3213711835450612,0.012854847348687803,0
2025-12-15 17:00:00+00:00,1.878,1.878,1.871,1.875,166.27,0.0042757948627886,0.4284949116229342,-6.576980568011958,-3.895438236801641,0.3304162495553224,0.1597444088606202,1.5935755710436803,1.0963069773979237,0.3733333331342166,0.0,0.02400000000000002,0
2025-12-15 18:00:00+00:00,1.843,1.865,1.843,1.86,5580.55,-0.0080321716972641,-0.7999999999999896,-7.324364723467857,-4.713114754098358,7.630999589761204,0.2680965146015511,1.5108642350501966,1.1028152951487211,1.1827956982888204,0.2688172041565441,0.015053763440860068,0
2025-12-15 19:00:00+00:00,1.871,1.878,1.871,1.878,77.52,0.0096308930609611,0.9677419354838568,-6.427503736920793,-4.766734279918872,0.1055643597725088,0.0,1.7104621624649936,1.100163440938901,0.3727369540081217,0.0,0.004792332268370725,0
2025-12-15 20:00:00+00:00,1.874,1.876,1.874,1.876,106.49,-0.0010655302020382,-0.106496272630463,-3.3985581874356408,-4.529262086514008,0.1441562177435143,0.0,1.3538006841626151,1.0998409400176137,0.1066098080455054,0.0,0.01279317697228155,0
2025-12-15 21:00:00+00:00,1.872,1.889,1.872,1.889,79.23,0.0069057379353396,0.6929637526652543,0.1059883412824591,-4.305977710233022,0.1070806511830235,0.0,0.8218606170618323,1.106855705912717,0.8999470614611134,0.0,-0.004764425622022284,0
2025-12-15 22:00:00+00:00,1.891,1.891,1.891,1.891,11.6,0.0010582011569479,0.1058761249338235,1.2854847348687803,-2.8263103802672163,0.0158279843766662,0.0,0.629770428690713,1.075679627820037,0.0,0.0,-0.008989952406134316,0
2025-12-15 23:00:00+00:00,1.899,1.92,1.899,1.92,24767.64,0.0152193963633696,1.5335801163405494,2.400000000000002,-1.890648952478291,17.4383977018709,0.0,0.8307811552083396,1.1190495860782028,1.0937499994303337,0.0,-0.02083333333333337,0
2025-12-16 00:00:00+00:00,1.889,1.889,1.888,1.888,383.99,-0.0168071183163812,-1.6666666666666718,1.5053763440860068,-3.525804803270316,0.2707174286812699,0.0529380624388952,1.1131929256354205,1.1654819823059246,0.0529661016668671,0.0,0.0021186440677967155,0
2025-12-16 01:00:00+00:00,1.904,1.904,1.887,1.887,54.63,-0.0005298013368956,-0.0529661016949067,0.4792332268370725,-5.223505775991965,0.0384976994517758,0.8928571423882002,1.0587963204511524,1.0957553804070117,0.9009009004234708,0.0,-0.004769475357710662,0
2025-12-16 02:00:00+00:00,1.891,1.9,1.891,1.9,178.63,0.0068656197859815,0.6889242183359734,1.279317697228155,-4.857285928893351,0.1254570259527235,0.0,1.080187984493395,1.1065552098491434,0.4736842102770029,0.0,-0.011578947368421022,0
2025-12-16 03:00:00+00:00,1.902,1.902,1.88,1.88,16.93,-0.0105821093305369,-1.0526315789473717,-0.4764425622022283,-6.746031746031756,0.0120656519704294,1.156677181305639,1.1582971187427813,1.0911957886993444,1.1702127653349943,0.0,0.0031914893617022155,0
2025-12-16 04:00:00+00:00,1.888,1.888,1.874,1.874,117.0,-0.0031965930256272,-0.3191489361701993,-0.8989952406134316,-7.043650793650791,0.0830947220646672,0.7415254233360454,1.157699397445903,1.089438686422078,0.747065100988748,0.0,0.029882604055496254,0
2025-12-16 05:00:00+00:00,1.881,1.881,1.88,1.88,9.52,0.0031965930256272,0.3201707577374479,-2.083333333333337,-6.746031746031756,0.0067593073603271,0.0531632110296905,0.8814076952476985,1.095259625222119,0.0531914893334147,0.0,0.03297872340425534,0
2025-12-16 06:00:00+00:00,1.892,1.892,1.892,1.892,119.98,0.0063626937878286,0.6382978723404209,0.2118644067796715,-6.150793650793651,0.0848920350036943,0.0,0.662679744204251,1.1102085985027363,0.0,0.0,0.026427061310782207,0
2025-12-16 07:00:00+00:00,1.878,1.878,1.878,1.878,125.5,-0.0074270898436153,-0.7399577167019,-0.4769475357710662,-6.845238095238104,0.0884703875337198,0.0,0.7367363772761021,1.1128632509583751,0.0,0.0,0.005857294994675355,0
2025-12-16 08:00:00+00:00,1.878,1.878,1.878,1.878,0.0,0.0,0.0,-1.1578947368421022,-6.845238095238104,0.0,0.0,0.641024398376451,1.1128632509583751,0.0,0.0,0.004792332268370725,0
2025-12-16 09:00:00+00:00,1.883,1.886,1.88,1.886,172.43,0.0042508034251945,0.4259850905218298,0.3191489361702215,-6.448412698412708,0.1209408458540515,0.0,0.5147020124916201,1.1211219231092326,0.3181336159500885,0.0,-0.006892895015906619,0
2025-12-16 10:00:00+00:00,1.912,1.93,1.912,1.93,174.42,0.0230618187055283,2.332979851537642,2.988260405549626,-4.265873015873023,0.1217688669776787,0.0,1.0112180699959,1.2386340951126549,0.9326424865633984,0.0,-0.007253886010362698,0
2025-12-16 11:00:00+00:00,1.942,1.942,1.942,1.942,76.99,0.006198366952339,0.6217616580310947,3.297872340425534,-3.2386646736422553,0.0538505209140479,0.0,1.0084825570251803,1.2478016889467618,0.0,0.0,-0.01750772399588052,0
2025-12-16 12:00:00+00:00,1.942,1.942,1.942,1.942,0.0,0.0,0.0,2.6427061310782207,-3.2386646736422553,0.0,0.0,1.0296633057445084,1.2478016889467618,0.0,0.0,-0.01750772399588052,0
2025-12-16 13:00:00+00:00,1.916,1.939,1.889,1.889,147.67,-0.0276707813497606,-2.7291452111225523,0.5857294994675355,-5.879422022919789,0.102844915167847,2.5786487867051857,1.6421473953863366,1.3575831399594267,2.6469031219444683,1.2175754360944613,0.011116993118051921,0
2025-12-16 14:00:00+00:00,1.887,1.887,1.887,1.887,3.46,-0.0010593221329592,-0.1058761249338235,0.4792332268370725,-2.8321318228630266,0.0024149285859884,0.0,1.6439716485851377,1.1932384106089062,0.0,0.0,0.0111287758346581,0
2025-12-16 15:00:00+00:00,1.919,1.919,1.873,1.873,606.72,-0.0074468429244617,-0.7419183889772141,-0.6892895015906619,-0.7419183889772141,0.4304267205280324,2.3970818121953736,1.6640573378149437,1.0502379877793833,2.4559530152397495,0.0,0.018152696209289942,0
2025-12-16 16:00:00+00:00,1.913,1.916,1.913,1.916,22.35,0.0226982560867172,2.295782167645477,-0.7253886010362698,2.6245313336904053,0.0162547818877247,0.0,1.653509301027693,1.1253827116129005,0.1565762003358105,0.0,-0.006263048016701522,0
2025-12-16 17:00:00+00:00,1.917,1.917,1.908,1.908,17.38,-0.0041841065225739,-0.4175365344467607,-1.750772399588052,1.760000000000006,0.0126974733817797,0.4694835678302182,1.6142934170383108,1.1281814351362724,0.4716981129603321,0.0,-0.002096436058700246,0
2025-12-16 18:00:00+00:00,1.908,1.908,1.908,1.908,0.0,0.0,0.0,-1.750772399588052,2.580645161290307,0.0,0.0,1.6142934170383108,1.1128777260293434,0.0,0.0,-0.002096436058700246,0
2025-12-16 19:00:00+00:00,1.914,1.914,1.91,1.91,98.39,0.0010476690324436,0.1048218029350067,1.111699311805192,1.7039403620873197,0.0865253866207634,0.2089864157737795,1.0677280311314816,1.097832045675993,0.2094240836599875,0.0,-0.007329842931937169,0
2025-12-16 20:00:00+00:00,1.905,1.908,1.905,1.908,76.22,-0.0010476690324436,-0.1047120418848135,1.11287758346581,1.7057569296375252,0.0671032417385916,0.0,1.067664792344184,1.097819589074365,0.1572327043201029,0.0,-0.0062893081761006275,0
2025-12-16 21:00:00+00:00,1.896,1.907,1.896,1.907,31.43,-0.0005242464078127,-0.0524109014675033,1.8152696209289945,0.9528851244044568,0.0277192270718621,0.0,0.9810690046480984,1.0900211146393064,0.5768222335727267,0.0,0.001048767697954922,0
2025-12-16 22:00:00+00:00,1.904,1.904,1.904,1.904,2.62,-0.0015743902491084,-0.1573151546932383,-0.6263048016701522,0.687466948704385,0.0023114332871369,0.0,0.1781948194421302,1.090649303951592,0.0,0.0,-0.02048319327731085,0
2025-12-16 23:00:00+00:00,1.904,1.904,1.904,1.904,0.0,0.0,0.0,-0.2096436058700246,-0.8333333333333304,0.0,0.0,0.0918119141075626,1.0432587940297595,0.0,0.0,-0.022058823529411686,0
2025-12-17 00:00:00+00:00,1.904,1.904,1.904,1.904,0.0,0.0,0.0,-0.2096436058700246,0.8474576271186418,0.0,0.0,0.0918119141075626,0.982624218435348,0.0,0.0,-0.022058823529411686,0
2025-12-17 01:00:00+00:00,1.896,1.896,1.896,1.896,1147.96,-0.0042105325363434,-0.4201680672268892,-0.7329842931937169,0.4769475357710551,8.758596134215983,0.0,0.1584879941648647,0.986922677358377,0.0,0.0,-0.0010548523206751481,0
2025-12-17 02:00:00+00:00,1.878,1.896,1.878,1.896,364.99,0.0,0.0,-0.6289308176100628,-0.2105263157894721,2.6290111525759325,0.0,0.1664202744499213,0.9766533773230964,0.9493670881068746,0.0,0.0015822784810126667,0
2025-12-17 03:00:00+00:00,1.909,1.909,1.909,1.909,15.82,0.0068331409107806,0.6856540084388296,0.1048767697954922,1.5425531914893709,0.1139889217458799,0.0,0.3652833878775077,0.9598440468164348,0.0,0.0,-0.026715557883708718,0
2025-12-17 04:00:00+00:00,1.868,1.87,1.865,1.865,61.32,-0.0233184916478316,-2.3048716605552633,-2.048319327731085,-0.4802561366061941,0.4493446141694067,0.2673796790014073,1.0361330554182624,1.075684455190789,0.268096514601563,0.1072386058406228,-0.004825737265415464,0
2025-12-17 05:00:00+00:00,1.862,1.862,1.862,1.862,51.13,-0.0016098742409034,-0.1608579088471784,-2.2058823529411686,-0.9574468085106314,0.3699732873422779,0.0,1.0274625803728992,1.0735568393976622,0.0,0.0,0.007518796992481036,0
2025-12-17 06:00:00+00:00,1.862,1.862,1.862,1.862,0.0,0.0,0.0,-2.2058823529411686,-1.585623678646919,0.0,0.0,1.0274625803728992,1.0639414180149087,0.0,0.0,0.007518796992481036,0
2025-12-17 07:00:00+00:00,1.894,1.894,1.894,1.894,5.29,0.0170398159090109,1.71858216970997,-0.1054852320675148,0.8519701810436597,0.0412664670947411,0.0,1.329063761202314,1.112453873292828,0.0,0.0,-0.011615628299894265,0
2025-12-17 08:00:00+00:00,1.899,1.899,1.899,1.899,15.83,0.0026364370662623,0.2639915522703262,0.1582278481012666,1.1182108626198062,0.1228552395848725,0.0,1.3341102509693363,1.1133909493456309,0.0,0.0,0.014744602422327446,0
2025-12-17 09:00:00+00:00,1.862,1.862,1.858,1.858,81.56,-0.021826791438502,-2.1590310689836745,-2.671555788370872,-1.4846235418875864,0.6521430594140855,0.2148227710983768,1.5478032963536406,1.198792950506426,0.215285252844303,0.0,0.011302475780408994,0
2025-12-17 10:00:00+00:00,1.87,1.87,1.856,1.856,61.78,-0.0010770060276379,-0.1076426264800867,-0.4825737265415464,-3.834196891191699,0.5132454801249199,0.7486631012039241,1.2438379997742672,1.087535370325165,0.7543103444211696,0.0,-0.012392241379310387,0
2025-12-17 11:00:00+00:00,1.874,1.876,1.874,1.876,183.39,0.0107182162200238,1.0775862068965305,0.7518796992481036,-3.3985581874356408,1.4694171888601626,0.0,1.3269539240036166,1.105445281486875,0.1066098080455054,0.0,-0.02985074626865658,0
2025-12-17 12:00:00+00:00,1.876,1.876,1.876,1.876,0.0,0.0,0.0,0.7518796992481036,-3.3985581874356408,0.0,0.0,1.3269539240036166,1.105445281486875,0.0,0.0,-0.03464818763326227,0
2025-12-17 13:00:00+00:00,1.894,1.894,1.872,1.872,19.82,-0.0021344725286324,-0.213219616204674,-1.1615628299894265,-0.8999470619375227,0.1658889749102057,1.1615628293761442,1.078150776936136,0.9546030169643775,1.1752136745858792,0.0,-0.030448717948718063,0
2025-12-17 14:00:00+00:00,1.863,1.927,1.863,1.927,125.14,0.0289570113768289,2.9380341880341776,1.4744602422327446,2.119766825649183,1.0047572211324614,0.0,1.673204501329742,1.1264357498464628,3.3212246998852004,0.0,-0.05708354955889994,0
2025-12-17 15:00:00+00:00,1.93,1.948,1.879,1.879,211.69,-0.0252246690009011,-2.4909185262065425,1.1302475780408994,0.3203416978109885,1.9584982903396524,3.5420944540338297,1.7744495980207502,1.236599075607755,3.672166043814704,0.9579563592560112,-0.038850452368281,0
2025-12-17 16:00:00+00:00,1.863,1.863,1.817,1.833,157.34,-0.0247857515737603,-2.448110697179351,-1.2392241379310387,-4.331941544885176,1.3836649444750255,1.6103059572676846,2.0893284187827277,1.239729795290451,2.509547189029164,0.0,-0.016366612111292977,0
2025-12-17 17:00:00+00:00,1.819,1.841,1.811,1.82,84.82,-0.0071174677688638,-0.7092198581560183,-2.985074626865658,-4.612159329140453,0.7279280825529153,1.1406844100267823,1.995630828035561,1.2435759266009283,1.648351647445962,1.153846153212167,-0.00659340659340657,0
2025-12-17 18:00:00+00:00,1.811,1.811,1.811,1.811,211.47,-0.0049573221874277,-0.4945054945055038,-3.4648187633262273,-5.083857442348005,1.6872550290589148,0.0,1.980743602696188,1.2442827337951043,0.0,0.0,-0.001656543346217454,0
2025-12-17 19:00:00+00:00,1.801,1.815,1.796,1.815,1429.58,0.0022062888155377,0.2208724461623346,-3.0448717948718063,-4.973821989528792,7.90696902650494,0.0,2.00492706087249,1.245810855768882,1.0468319553460927,0.0,-0.011019283746556474,0
2025-12-17 20:00:00+00:00,1.82,1.82,1.817,1.817,10.13,0.0011013216972199,0.1101928374655614,-5.708354955889994,-4.7693920335429745,0.056895329162749,0.1648351647446023,1.229740113867266,1.2473906770224985,0.1651073196669807,0.0,0.007154650522839923,0
2025-12-17 21:00:00+00:00,1.806,1.806,1.806,1.806,1.1,-0.0060723344192404,-0.6053935057787507,-3.8850452368281,-5.296276874672257,0.0062223353555571,0.0,0.9703887125804072,1.2496058307542497,0.0,0.0,-0.006644518272425293,0
2025-12-17 22:00:00+00:00,1.816,1.831,1.803,1.803,175.27,-0.0016625107736135,-0.1661129568106378,-1.6366612111292975,-5.304621848739499,0.95267731568095,1.529219005172465,0.3887545799531172,1.2495858782613676,1.5529672758996311,0.8319467549462248,-0.012756516916250682,0
2025-12-17 23:00:00+00:00,1.808,1.808,1.808,1.808,65.17,0.0027693177488045,0.2773155851358844,-0.659340659340657,-5.042016806722682,0.3490782484469987,0.0,0.3759478859823773,1.2530479776232464,0.0,0.0,-0.015486725663716783,0
2025-12-18 00:00:00+00:00,1.808,1.808,1.808,1.808,0.0,0.0,0.0,-0.1656543346217454,-5.042016806722682,0.0,0.0,0.3253576900125192,1.2530479776232464,0.0,0.0,-0.015486725663716783,0
2025-12-18 01:00:00+00:00,1.805,1.821,1.795,1.795,95.28,-0.0072162400297426,-0.7190265486725744,-1.1019283746556474,-5.3270042194092815,0.667086746477161,1.4277869294740335,0.4003264285846896,1.256687817251338,1.4484679657668715,0.8913649020103824,-0.00835654596100277,0
2025-12-18 02:00:00+00:00,1.799,1.831,1.799,1.83,235.34,0.0193109449130875,1.9498607242339985,0.7154650522839923,-3.4810126582278444,1.712461381257114,0.0546149644704391,0.963142938448548,1.3315200054482037,1.7486338788258844,0.0546448087133028,-0.02732240437158473,0
2025-12-18 03:00:00+00:00,1.805,1.805,1.794,1.794,272.77,-0.0198682032167251,-1.967213114754096,-0.6644518272425293,-6.024096385542165,1.841371279402064,0.609418282210843,1.2827765302287972,1.370065844184288,0.6131549606392613,0.0,0.0016722408026754731,0
2025-12-18 04:00:00+00:00,1.795,1.795,1.78,1.78,10424.73,-0.0078343993326105,-0.7803790412486022,-1.2756516916250682,-4.557640750670244,17.97544154845474,0.8356545956347274,1.3124843800817134,1.303021910224346,0.8426966287400525,0.0,0.00955056179775271,0
2025-12-18 05:00:00+00:00,1.78,1.78,1.78,1.78,0.0,0.0,0.0,-1.5486725663716785,-4.403866809881851,0.0,0.0,1.2965407415954082,1.3036154441447565,0.0,0.0,0.00955056179775271,0
2025-12-18 06:00:00+00:00,1.78,1.78,1.78,1.78,0.0,0.0,0.0,-1.5486725663716785,-4.403866809881851,0.0,0.0,1.2965407415954082,1.3036154441447565,0.0,0.0,0.00955056179775271,0
2025-12-18 07:00:00+00:00,1.78,1.78,1.78,1.78,0.0,0.0,0.0,-0.835654596100277,-6.019007391763454,0.0,0.0,1.2785141785835088,1.241010098712222,0.0,0.0,0.039887640449438155,0
2025-12-18 08:00:00+00:00,1.78,1.78,1.78,1.78,0.0,0.0,0.0,-2.732240437158473,-6.266456029489209,0.0,0.0,0.810206904392725,1.2373472475762548,0.0,0.0,0.03483146067415732,0
2025-12-18 09:00:00+00:00,1.797,1.797,1.797,1.797,7.47,0.0095052434974281,0.955056179775271,0.1672240802675473,-3.2831001076426336,0.0130174429960222,0.0,0.5500221452711853,1.19115769708312,0.0,0.0,0.025041736227045197,0
2025-12-18 10:00:00+00:00,1.797,1.797,1.797,1.797,0.0,0.0,0.0,0.955056179775271,-3.17887931034484,0.0,0.0,0.3880499408267808,1.1914839300363431,0.0,0.0,0.03450194769059545,0
2025-12-18 11:00:00+00:00,1.797,1.797,1.797,1.797,0.0,0.0,0.0,0.955056179775271,-4.211087420042647,0.0,0.0,0.3880499408267808,1.1640702411436898,0.0,0.0,-0.006121313299944253,0
2025-12-18 12:00:00+00:00,1.797,1.797,1.797,1.797,0.0,0.0,0.0,0.955056179775271,-4.211087420042647,0.0,0.0,0.3880499408267808,1.1640702411436898,0.0,0.0,0.006677796327211993,0
2025-12-18 13:00:00+00:00,1.829,1.871,1.829,1.851,1155.16,0.0296074257899385,3.005008347245419,3.988764044943815,-1.121794871794879,1.890804135182952,1.0689470865478643,1.193300045578061,1.328697091694993,2.2690437589038144,1.0804970280494353,-0.0653700702323069,0
2025-12-18 14:00:00+00:00,1.85,1.85,1.842,1.842,1080.35,-0.0048740957582452,-0.4862236628849214,3.483146067415732,-4.411001556824079,1.6601964313473236,0.4324324321986855,1.261210639896833,1.1733001870362847,0.43431053179462,0.0,-0.05103148751357223,0
2025-12-18 15:00:00+00:00,1.842,1.842,1.842,1.842,0.0,0.0,0.0,2.5041736227045197,-1.969132517296435,0.0,0.0,1.263645679999861,1.062869329832942,0.0,0.0,-0.03800217155266017,0
2025-12-18 16:00:00+00:00,1.886,1.886,1.854,1.859,24.47,0.0091867709061918,0.922909880564604,3.4501947690595447,1.4184397163120588,0.0384518935566546,1.4316012717753923,1.259357791186232,0.9501870296885042,1.7213555665834457,0.0,-0.04410973641742877,0
2025-12-18 17:00:00+00:00,1.839,1.839,1.765,1.786,297.14,-0.0400602262849996,-3.9268423883808463,-0.6121313299944253,-1.8681318681318728,0.4605206313282193,2.88200108598042,2.273011851197634,1.2552808293171422,4.143337063749534,0.0,-0.0050391937290034106,0
2025-12-18 18:00:00+00:00,1.8,1.809,1.8,1.809,59.28,0.0127957239588507,1.2877939529675198,0.6677796327211993,-0.1104362230811673,0.0927866517446914,0.0,2.3434686601445485,1.2816601405775998,0.4975124375359189,0.0,-0.016583747927031545,0
2025-12-18 19:00:00+00:00,1.764,1.767,1.708,1.73,3992.0,-0.0446527979034705,-4.367053620784967,-6.537007023230689,-4.683195592286504,5.353700282631181,2.093944537581238,2.493530558324536,1.5702811268385506,3.4104046223061206,0.1734104045240339,0.00867052023121384,0
2025-12-18 20:00:00+00:00,1.742,1.75,1.742,1.748,141.19,0.0103508687236561,1.0404624277456698,-5.103148751357223,-3.797468354430378,0.1879742959337854,0.1142857142204082,2.6445001082135255,1.5894535270568635,0.4576659036283379,0.1144164759070844,-0.0017162471395880674,0
2025-12-18 21:00:00+00:00,1.752,1.772,1.752,1.772,28.75,0.0136365749495454,1.372997711670476,-3.800217155266017,-1.882613510520492,0.0382178940610546,0.0,2.789174410944212,1.6161033028040963,1.128668170920617,0.0,0.018058690744920947,0
2025-12-18 22:00:00+00:00,1.773,1.777,1.773,1.777,21.19,0.002817696989625,0.2821670428893919,-4.410973641742877,-1.4420410427065988,0.0284107128990266,0.0,2.729203630412718,1.617640743207286,0.2250984804585829,0.0,0.015194147439504757,0
2025-12-18 23:00:00+00:00,1.776,1.777,1.776,1.777,56.05,0.0,0.0,-0.5039193729003411,-1.7146017699115168,0.0751879278995278,0.0,2.215574560517558,1.6161159602946236,0.0562746201146394,0.0,0.015194147439504757,0
2025-12-19 00:00:00+00:00,1.779,1.779,1.779,1.779,5.68,0.0011248595111837,0.1125492402926253,-1.6583747927031545,-1.6039823008849652,0.0076169828768647,0.0,2.1211153127033375,1.6164970982554754,0.0,0.0,0.013490725126475533,0
2025-12-19 01:00:00+00:00,1.745,1.745,1.745,1.745,64.51,-0.0192968530293074,-1.9111860595840249,0.8670520231213841,-2.785515320334253,0.0866580693693255,0.0,1.1508675424784478,1.6560796626132666,0.0,0.0,0.024068767908309363,0
2025-12-19 02:00:00+00:00,1.745,1.745,1.745,1.745,0.0,0.0,0.0,-0.1716247139588067,-4.644808743169393,0.0,0.0,1.0649297415298116,1.598105821871837,0.0,0.0,0.027507163323782224,0
2025-12-19 03:00:00+00:00,1.78,1.804,1.78,1.804,95.8,0.0332518659860414,3.3810888252149063,1.8058690744920949,0.557413600891854,0.1317308524173768,0.0,1.693441872766235,1.7039563181423178,1.330376939395579,0.0,-0.008869179600886956,0
2025-12-19 04:00:00+00:00,1.804,1.804,1.804,1.804,0.0,0.0,0.0,1.5194147439504757,1.3483146067415852,0.0,0.0,1.6978928185843467,1.6953145308439757,0.0,0.0,-0.008869179600886956,0
2025-12-19 05:00:00+00:00,1.804,1.804,1.804,1.804,0.0,0.0,0.0,1.5194147439504757,1.3483146067415852,0.0,0.0,1.6978928185843467,1.6953145308439757,0.0,0.0,0.0060975609756097615,0
2025-12-19 06:00:00+00:00,1.787,1.803,1.763,1.803,672.37,-0.0005544774192517,-0.0554323725055483,1.3490725126475531,1.292134831460667,2.095315013737707,0.0,1.7020185162417778,1.695431663025515,2.218524679856616,0.0,0.005546311702717688,0
2025-12-19 07:00:00+00:00,1.803,1.826,1.787,1.787,327.36,-0.0089137080438892,-0.88740987243483,2.4068767908309363,0.393258426966292,0.978560850538316,2.135815990068017,1.4772751840136318,1.7063823693172635,2.1824286501497405,1.287073306498567,0.021264689423615035,0
2025-12-19 08:00:00+00:00,1.793,1.793,1.793,1.793,24.83,0.0033519584457047,0.3357582540570725,2.7507163323782224,0.7303370786516883,0.0739942386011503,0.0,1.4655784088451025,1.707614017854601,0.0,0.0,0.026770775237032973,0
2025-12-19 09:00:00+00:00,1.785,1.789,1.785,1.788,67.1,-0.0027925178716734,-0.2788622420524245,-0.8869179600886956,-0.5008347245408995,0.1984906134788778,0.0558971492141374,0.4136853761067667,1.69722015663603,0.2237136464073191,0.0559284116018235,0.025167785234899265,0
2025-12-19 10:00:00+00:00,1.788,1.788,1.788,1.788,0.0,0.0,0.0,-0.8869179600886956,-0.5008347245408995,0.0,0.0,0.4136853761067667,1.69722015663603,0.0,0.0,0.04194630872483218,0
2025-12-19 11:00:00+00:00,1.804,1.815,1.804,1.815,68.78,0.0149877909654917,1.5100671140939603,0.6097560975609762,1.001669449081799,0.201749936750891,0.0,0.7965803942825234,1.7253638036956973,0.6060606057266829,0.0,0.007713498622589521,0
2025-12-19 12:00:00+00:00,1.813,1.813,1.813,1.813,1122.28,-0.0011025359441,-0.1101928374655614,0.5546311702717688,0.8903728436282732,2.894871075593143,0.0,0.7990479320972952,1.7256259428869505,0.0,0.0,0.0005515719801434393,0
2025-12-19 13:00:00+00:00,1.825,1.825,1.825,1.825,13.66,0.0065970552617407,0.6618863761720828,2.1264689423615035,-1.40464613722312,0.0401627384753296,0.0,0.6551516414123163,1.616593681453622,0.0,0.0,0.02520547945205487,0
2025-12-19 14:00:00+00:00,1.829,1.841,1.809,1.841,2073.41,0.0087289152164858,0.8767123287671152,2.6770775237032973,-0.0542888165038113,5.434977637234069,0.0,0.6885318193443885,1.6247442084387078,1.738185767659868,0.0,0.01846822379141777,0
2025-12-19 15:00:00+00:00,1.84,1.87,1.833,1.833,1081.62,-0.0043549333933728,-0.434546442151007,2.5167785234899265,-0.4885993485342133,2.535673364604648,1.9786096246103768,0.7232668449453279,1.6271479119464756,2.0185488259582463,1.6366612102364109,0.022913256955810146,0
2025-12-19 16:00:00+00:00,1.839,1.871,1.839,1.863,48.07,0.0162341227618833,1.6366612111292866,4.194630872483218,0.2151694459386677,0.1124327190046751,0.4275788346191458,0.8326740661497276,1.651015606931535,1.717659687752197,0.4294149219380492,0.0026838432635534204,0
2025-12-19 17:00:00+00:00,1.863,1.863,1.829,1.829,181.9,-0.0184187222107227,-1.8250134192163148,0.7713498622589521,2.407614781634937,0.4302851516327076,1.8250134182367097,1.210662470060899,1.4715412394357394,1.8589393100825935,0.0,0.021323127392017582,0
2025-12-19 18:00:00+00:00,1.812,1.814,1.812,1.814,8.52,-0.0082350177157836,-0.8201202843083566,0.0551571980143439,0.2763957987838683,0.0202554316116197,0.0,1.2721960957535698,1.4607693702710849,0.1102535831806761,0.0,0.029768467475193017,0
2025-12-19 19:00:00+00:00,1.854,1.871,1.845,1.871,564.21,0.0309386955990077,3.14222712238148,2.520547945205487,8.15028901734105,2.030969150830812,0.0,1.7998313640029808,1.253812552073461,1.389631212512224,0.0,-0.0016034206306787535,0
2025-12-19 20:00:00+00:00,1.872,1.875,1.872,1.875,100.0,0.0021356121304216,0.2137894174238486,1.846822379141777,7.265446224256289,0.3622045580412139,0.0,1.7863522816890014,1.2448072597015605,0.1599999999146608,0.0,0.0047999999999999154,0
2025-12-19 21:00:00+00:00,1.875,1.875,1.875,1.875,0.0,0.0,0.0,2.2913256955810146,5.8126410835214415,0.0,0.0,1.7588838185687083,1.2247361882305317,0.0,0.0,-0.005866666666666576,0
2025-12-19 22:00:00+00:00,1.868,1.868,1.868,1.868,0.98,-0.0037403196157231,-0.3733333333333255,0.268384326355342,5.120990433314576,0.003576027841918,0.0,1.6623003769665947,1.2309570146697195,0.0,0.0,-0.01873661670235549,0
2025-12-19 23:00:00+00:00,1.868,1.868,1.868,1.868,0.0,0.0,0.0,2.1323127392017582,5.120990433314576,0.0,0.0,1.3923898928374672,1.2309570146697195,0.0,0.0,-0.01873661670235549,0
2025-12-20 00:00:00+00:00,1.868,1.868,1.868,1.868,0.0,0.0,0.0,2.9768467475193017,5.0028105677346835,0.0,0.0,1.2902247134445903,1.2315508645565594,0.0,0.0,-0.01873661670235549,0
2025-12-20 01:00:00+00:00,1.868,1.868,1.868,1.868,0.0,0.0,0.0,-0.1603420630678753,7.048710601719188,0.0,0.0,0.1903767264161927,1.1462728515773957,0.0,0.0,-0.01873661670235549,0
2025-12-20 02:00:00+00:00,1.849,1.884,1.849,1.884,64.19,0.0085288363475202,0.8565310492505196,0.4799999999999915,7.96561604584527,0.236460642078735,0.0,0.407208525259722,1.1503051702498277,1.8577494682283664,0.0,-0.027070063694267454,0
2025-12-20 03:00:00+00:00,1.864,1.864,1.864,1.864,26.74,-0.0106724598907717,-1.0615711252653814,-0.5866666666666576,3.325942350332589,0.0995591077901729,0.0,0.6242792791814789,0.9894507830549972,0.0,0.0,0.009656652360514828,0
2025-12-20 04:00:00+00:00,1.858,1.868,1.833,1.833,104.45,-0.0167707474058315,-1.6630901287553734,-1.873661670235549,1.607538802660757,0.3826900970450694,1.8736616692325223,0.9036313924529225,1.0564489948152125,1.9094380786091525,0.5455537367454704,0.0267321331151118,0
2025-12-20 05:00:00+00:00,1.833,1.833,1.833,1.833,0.0,0.0,0.0,-1.873661670235549,1.607538802660757,0.0,0.0,0.9036313924529225,1.0564489948152125,0.0,0.0,0.0267321331151118,0
2025-12-20 06:00:00+00:00,1.833,1.833,1.833,1.833,0.0,0.0,0.0,-1.873661670235549,1.6638935108153063,0.0,0.0,0.9036313924529225,1.056231439948443,0.0,0.0,0.0267321331151118,0
2025-12-20 07:00:00+00:00,1.833,1.833,1.833,1.833,0.0,0.0,0.0,-1.873661670235549,2.5741466144376,0.0,0.0,0.9036313924529225,1.036489587822054,0.0,0.0,0.018548827059465367,0
2025-12-20 08:00:00+00:00,1.833,1.833,1.833,1.833,0.0,0.0,0.0,-2.7070063694267454,2.230897936419418,0.0,0.0,0.7343538169251701,1.035523418974522,0.0,0.0,0.008728859792689558,0
2025-12-20 09:00:00+00:00,1.858,1.882,1.858,1.882,38.87,0.0263810723056198,2.67321331151118,0.9656652360514828,5.257270693512295,0.1696861221453281,0.0,1.3869577405948397,1.1544564987053298,1.2752391066550164,0.0,-0.017534537725823585,0
2025-12-20 10:00:00+00:00,1.882,1.882,1.882,1.882,0.0,0.0,0.0,2.67321331151118,5.257270693512295,0.0,0.0,1.0770027669372904,1.1544564987053298,0.0,0.0,-0.025504782146652416,0
2025-12-20 11:00:00+00:00,1.882,1.882,1.882,1.882,0.0,0.0,0.0,2.67321331151118,3.6914600550964183,0.0,0.0,1.0770027669372904,1.1219880472320811,0.0,0.0,-0.015940488841657663,0
2025-12-20 12:00:00+00:00,1.882,1.882,1.882,1.882,0.0,0.0,0.0,2.67321331151118,3.80584666298951,0.0,0.0,1.0770027669372904,1.1210970435942702,0.0,0.0,-0.027098831030818227,0
2025-12-20 13:00:00+00:00,1.867,1.867,1.847,1.867,45.69,-0.0080021766036022,-0.7970244420828831,1.8548827059465367,2.3013698630137025,0.2527422124379552,0.0,1.1863376460226764,1.132110451722926,1.0712372784835376,0.0,-0.019282271023031594,0
2025-12-20 14:00:00+00:00,1.834,1.849,1.834,1.849,32.52,-0.0096879121545977,-0.9641135511515796,0.8728859792689558,0.4345464421509959,0.3396699394157127,0.0,1.297121877440874,1.1394695990297414,0.811249323520141,0.0,-0.009734991887506816,0
2025-12-20 15:00:00+00:00,1.849,1.849,1.849,1.849,0.0,0.0,0.0,-1.7534537725823585,0.8728859792689558,0.0,0.0,0.4598563520599562,1.1353930466408797,0.0,0.0,-0.009734991887506816,0
2025-12-20 16:00:00+00:00,1.834,1.834,1.834,1.834,16.29,-0.0081455785707146,-0.8112493239588958,-2.5504782146652416,-1.5566290928609727,0.3301023337431841,0.0,0.4753818917608705,1.0955771192309416,0.0,0.0,-0.0016357688113414204,0
2025-12-20 17:00:00+00:00,1.852,1.852,1.852,1.852,16.35,0.0097667623897146,0.9814612868048078,-1.5940488841657665,1.2575177692728312,0.3851552301123431,0.0,0.7437682692188923,1.0468491331012209,0.0,0.0,0.0026997840172786614,0
2025-12-20 18:00:00+00:00,1.843,1.843,1.831,1.831,27.1,-0.011403870531614,-1.1339092872570289,-2.7098831030818227,0.9371554575523744,0.6269580389101043,0.6511123165213721,0.804843588816439,1.0602847293759732,0.6553795736453422,0.0,-0.008192244675040872,0
2025-12-20 19:00:00+00:00,1.831,1.831,1.831,1.831,0.0,0.0,0.0,-1.9282271023031592,-2.137894174238375,0.0,0.0,0.8030690706755833,0.8373435338916171,0.0,0.0,-0.008192244675040872,0
2025-12-20 20:00:00+00:00,1.831,1.831,1.831,1.831,0.0,0.0,0.0,-0.9734991887506816,-2.3466666666666636,0.0,0.0,0.7427492188409968,0.8351086237279842,0.0,0.0,-0.016384489350081965,0
2025-12-20 21:00:00+00:00,1.831,1.831,1.831,1.831,0.0,0.0,0.0,-0.9734991887506816,-2.3466666666666636,0.0,0.0,0.7427492188409968,0.8351086237279842,0.0,0.0,-0.016384489350081965,0
2025-12-20 22:00:00+00:00,1.831,1.831,1.831,1.831,0.0,0.0,0.0,-0.163576881134142,-1.9807280513918668,0.0,0.0,0.6708073098899812,0.8332397315718441,0.0,0.0,-0.016384489350081965,0
2025-12-20 23:00:00+00:00,1.857,1.857,1.857,1.857,5.37,0.0141000166781951,1.419989077007111,0.2699784017278661,-0.5888650963597475,0.3413406785279758,0.0,0.8095025625900306,0.8873255618501111,0.0,0.0,-0.03015616585891223,0
2025-12-21 00:00:00+00:00,1.83,1.83,1.816,1.816,787.96,-0.0223260021914671,-2.207862143241779,-0.8192244675040872,-2.783725910064238,16.225270906463667,0.7650273219863245,1.171309555925633,0.995116486206684,0.7709251097076409,0.0,-0.00825991189427322,0
2025-12-21 01:00:00+00:00,1.816,1.816,1.816,1.816,0.0,0.0,0.0,-0.8192244675040872,-2.783725910064238,0.0,0.0,1.171309555925633,0.995116486206684,0.0,0.0,-0.00825991189427322,0
2025-12-21 02:00:00+00:00,1.803,1.803,1.801,1.801,213.25,-0.0082942139852826,-0.825991189427322,-1.6384489350081963,-4.405520169851373,3.893229067546964,0.1109262339928308,1.2004737936057546,0.982957431698217,0.111049416928901,0.0,0.02054414214325373,0
2025-12-21 03:00:00+00:00,1.801,1.801,1.801,1.801,0.0,0.0,0.0,-1.6384489350081963,-3.3798283261802675,0.0,0.0,1.2004737936057546,0.965423012681851,0.0,0.0,0.022765130483064944,0
2025-12-21 04:00:00+00:00,1.801,1.801,1.801,1.801,0.0,0.0,0.0,-1.6384489350081963,-1.7457719585379228,0.0,0.0,1.2004737936057546,0.908599138961106,0.0,0.0,0.022765130483064944,0
2025-12-21 05:00:00+00:00,1.801,1.801,1.801,1.801,0.0,0.0,0.0,-3.015616585891223,-1.7457719585379228,0.0,0.0,0.9066179861094448,0.908599138961106,0.0,0.0,0.022765130483064944,0
2025-12-21 06:00:00+00:00,1.801,1.801,1.801,1.801,0.0,0.0,0.0,-0.825991189427322,-1.7457719585379228,0.0,0.0,0.3386098680233153,0.908599138961106,0.0,0.0,0.022765130483064944,0
2025-12-21 07:00:00+00:00,1.801,1.801,1.801,1.801,0.0,0.0,0.0,-0.825991189427322,-1.7457719585379228,0.0,0.0,0.3386098680233153,0.908599138961106,0.0,0.0,-0.023320377568017747,0
2025-12-21 08:00:00+00:00,1.838,1.838,1.838,1.838,80.67,0.0203359577396762,2.054414214325373,2.054414214325373,0.2727768685215626,1.531624039778842,0.0,0.8302119982168198,1.0054063919273837,0.0,0.0,-0.025571273122959814,0
2025-12-21 09:00:00+00:00,1.842,1.842,1.842,1.842,3.39,0.0021739138996197,0.2176278563656097,2.2765130483064944,-2.125398512221033,0.0662222547785759,0.0,0.8171022277494965,0.8379012566407347,0.0,0.0,-0.0445168295331162,0
2025-12-21 10:00:00+00:00,1.842,1.842,1.842,1.842,0.0,0.0,0.0,2.2765130483064944,-2.125398512221033,0.0,0.0,0.8171022277494965,0.8379012566407347,0.0,0.0,-0.03365906623235615,0
2025-12-21 11:00:00+00:00,1.842,1.842,1.842,1.842,0.0,0.0,0.0,2.2765130483064944,-2.125398512221033,0.0,0.0,0.8171022277494965,0.8379012566407347,0.0,0.0,-0.03365906623235615,0
2025-12-21 12:00:00+00:00,1.842,1.842,1.842,1.842,0.0,0.0,0.0,2.2765130483064944,-2.125398512221033,0.0,0.0,0.8171022277494965,0.8379012566407347,0.0,0.0,-0.03745928338762228,0
2025-12-21 13:00:00+00:00,1.837,1.858,1.759,1.759,312.33,-0.0461064720776941,-4.505971769815432,-2.3320377568017747,-5.784681306909489,5.013222046026152,5.328310007896507,2.214174302492532,1.2419897415383123,5.6281978364819905,1.1938601471325485,0.030130756111427015,0
2025-12-21 14:00:00+00:00,1.758,1.791,1.758,1.791,97.27,0.0180286573231535,1.819215463331436,-2.5571273122959814,-3.136830719307737,1.4964807240888245,0.0,2.1650541828722223,1.2996047250497522,1.842546062622806,0.0,0.011725293132328396,0
2025-12-21 15:00:00+00:00,1.762,1.762,1.76,1.76,210.51,-0.0174603140285142,-1.7308766052484548,-4.45168295331162,-4.813412655489458,2.853582906388352,0.1135073779151491,2.1954870178577104,1.3400882001333831,0.1136363635717976,0.0,0.02954545454545454,0
2025-12-21 16:00:00+00:00,1.77,1.838,1.77,1.78,1678.62,0.0112995552539334,1.1363636363636465,-3.365906623235615,-2.9443838604144013,11.735797390984189,3.1556039155845492,2.318621047527922,1.3602966462482924,3.820224716954933,3.2584269644615604,0.01797752808988773,0
2025-12-21 17:00:00+00:00,1.811,1.813,1.78,1.78,336.53,0.0,0.0,-3.365906623235615,-3.88768898488121,2.152070343711258,1.8201875334692796,2.318621047527922,1.3403840584621176,1.8539325832281228,0.1123595504986745,0.016292134831460636,0
2025-12-21 18:00:00+00:00,1.78,1.78,1.773,1.773,1410.02,-0.003940337211923,-0.3932584269663031,-3.745928338762228,-3.1676679410158393,6.588981136747042,0.393258426745367,2.3047645521192863,1.3253493613510576,0.3948110544868588,0.0,0.03778905809362665,0
2025-12-21 19:00:00+00:00,1.812,1.812,1.812,1.812,496.94,0.0217581805287167,2.1996615905245376,3.0130756111427015,-1.0376843255051835,2.117318733280995,0.0,1.483000875725359,1.406834981406883,0.0,0.0,0.015452538631346657,0
2025-12-21 20:00:00+00:00,1.812,1.812,1.812,1.812,0.0,0.0,0.0,1.1725293132328396,-1.0376843255051835,0.0,0.0,1.3407753394989066,1.406834981406883,0.0,0.0,-0.020971302428256067,0
2025-12-21 21:00:00+00:00,1.812,1.812,1.812,1.812,0.0,0.0,0.0,2.954545454545454,-1.0376843255051835,0.0,0.0,0.9750085226425728,1.406834981406883,0.0,0.0,-0.020971302428256067,0
2025-12-21 22:00:00+00:00,1.812,1.812,1.812,1.812,0.0,0.0,0.0,1.7977528089887729,-1.0376843255051835,0.0,0.0,0.933843763364008,1.406834981406883,0.0,0.0,-0.020971302428256067,0
2025-12-21 23:00:00+00:00,1.809,1.809,1.809,1.809,74.21,-0.0016570012076295,-0.1655629139072911,1.6292134831460636,-2.584814216478193,0.3123699949124828,0.0,0.946743394294102,1.3724015601654538,0.0,0.0,-0.014372581536760687,0
2025-12-22 00:00:00+00:00,1.811,1.84,1.811,1.84,164.66,0.0169913652077362,1.713653952459926,3.778905809362665,1.3215859030837107,0.7781663516031277,0.0,1.034950325321165,1.342234869728756,1.576086955665177,0.0,-0.014673913043478315,0
2025-12-22 01:00:00+00:00,1.84,1.84,1.84,1.84,0.0,0.0,0.0,1.5452538631346655,1.3215859030837107,0.0,0.0,0.7102980943380408,1.342234869728756,0.0,0.0,-0.014673913043478315,0
2025-12-22 02:00:00+00:00,1.803,1.827,1.774,1.774,145.76,-0.0365286877335065,-3.5869565217391375,-2.0971302428256067,-1.4991671293725697,0.698124691918882,2.9009304855495692,1.7612101591826537,1.5332395026383867,2.987598645441034,1.352874858312924,0.037767756482525394,0
2025-12-22 03:00:00+00:00,1.774,1.774,1.774,1.774,0.0,0.0,0.0,-2.0971302428256067,-1.4991671293725697,0.0,0.0,1.7612101591826537,1.5332395026383867,0.0,0.0,0.037767756482525394,0
2025-12-22 04:00:00+00:00,1.774,1.774,1.774,1.774,0.0,0.0,0.0,-2.0971302428256067,-1.4991671293725697,0.0,0.0,1.7612101591826537,1.5332395026383867,0.0,0.0,0.037767756482525394,0
2025-12-22 05:00:00+00:00,1.783,1.783,1.783,1.783,5.63,0.0050604549936155,0.5073280721533235,-1.437258153676069,-0.9994447529150464,0.0269348993528116,0.0,1.796513164423342,1.5376160086953077,0.0,0.0,0.03252944475602915,0
2025-12-22 06:00:00+00:00,1.813,1.813,1.813,1.813,2.74,0.0166855928917106,1.6825574873808202,-1.4673913043478315,0.6662965019433642,0.0131014806903949,0.0,1.7899391994937592,1.5768130165029544,0.0,0.0,-0.004964147821290621,0
2025-12-22 07:00:00+00:00,1.813,1.813,1.813,1.813,0.0,0.0,0.0,-1.4673913043478315,0.6662965019433642,0.0,0.0,1.7899391994937592,1.5768130165029544,0.0,0.0,0.014892443463872196,0
2025-12-22 08:00:00+00:00,1.827,1.841,1.827,1.841,110.99,0.0153259704782267,1.544401544401541,3.7767756482525394,0.1632208922742073,0.527519011404337,0.0,0.7872062352376582,1.552227191011811,0.7604562733511923,0.0,0.0021727322107549796,0
2025-12-22 09:00:00+00:00,1.841,1.841,1.841,1.841,0.0,0.0,0.0,3.7767756482525394,-0.0542888165038113,0.0,0.0,0.7872062352376582,1.5515789875595103,0.0,0.0,0.0021727322107549796,0
2025-12-22 10:00:00+00:00,1.841,1.841,1.841,1.841,0.0,0.0,0.0,3.7767756482525394,-0.0542888165038113,0.0,0.0,0.7872062352376582,1.5515789875595103,0.0,0.0,0.0021727322107549796,0
2025-12-22 11:00:00+00:00,1.841,1.841,1.841,1.841,0.0,0.0,0.0,3.2529444756029147,-0.0542888165038113,0.0,0.0,0.8276525233246096,1.5515789875595103,0.0,0.0,0.0021727322107549796,0
2025-12-22 12:00:00+00:00,1.796,1.804,1.796,1.804,29.88,-0.0203024806105088,-2.0097772949483894,-0.4964147821290621,-2.062975027144409,0.1412740908842454,0.0,1.1339739690046795,1.605846827102652,0.4434589797985264,0.0,0.0022172949002217113,0
2025-12-22 13:00:00+00:00,1.838,1.84,1.838,1.84,29.92,0.0197591499804623,1.9955654101995624,1.4892443463872196,4.604889141557722,0.1497972330227309,0.0,1.414976342211984,1.3399194895100812,0.1086956521148394,0.0,-0.03641304347826091,0
2025-12-22 14:00:00+00:00,1.838,1.845,1.836,1.845,56.13,0.0027137058715961,0.2717391304347671,0.2172732210754979,3.015075376884435,0.2834526379563764,0.0,1.272158668038836,1.2953762871959664,0.487804877784382,0.0,-0.041192411924119265,0
2025-12-22 15:00:00+00:00,1.845,1.845,1.845,1.845,0.0,0.0,0.0,0.2172732210754979,4.829545454545459,0.0,0.0,1.272158668038836,1.2333433561506992,0.0,0.0,-0.041192411924119265,0
2025-12-22 16:00:00+00:00,1.845,1.845,1.845,1.845,0.0,0.0,0.0,0.2172732210754979,3.6516853932584192,0.0,0.0,1.272158668038836,1.2176286421023887,0.0,0.0,-0.041192411924119265,0
2025-12-22 17:00:00+00:00,1.845,1.845,1.845,1.845,0.0,0.0,0.0,0.2172732210754979,3.6516853932584192,0.0,0.0,1.272158668038836,1.2176286421023887,0.0,0.0,-0.041192411924119265,0
2025-12-22 18:00:00+00:00,1.81,1.811,1.808,1.808,130.65,-0.0202580155225056,-2.005420054200535,0.2217294900221711,1.974055273547659,2.513486865788392,0.1656543345302787,1.2707146132292024,1.292547546649892,0.165929203448042,0.0553097344826765,-0.018252212389380573,0
2025-12-22 19:00:00+00:00,1.801,1.801,1.773,1.773,77.12,-0.0195482348779139,-1.935840707964609,-3.641304347826091,-2.152317880794707,2.2361995432424355,1.5546918370046146,1.068246603276524,1.2764546002332284,1.5792442179474102,0.0,-0.0033840947546531774,0
2025-12-22 20:00:00+00:00,1.768,1.769,1.768,1.769,19.7,-0.0022586119144226,-0.2256063169768785,-4.119241192411927,-2.373068432671088,0.5579485242764362,0.0,1.0027095630716858,1.2765897327903268,0.0565291124609722,0.0,-0.0045223289994347216,0
2025-12-22 21:00:00+00:00,1.769,1.769,1.769,1.769,0.0,0.0,0.0,-4.119241192411927,-2.373068432671088,0.0,0.0,1.0027095630716858,1.2765897327903268,0.0,0.0,-0.0045223289994347216,0
2025-12-22 22:00:00+00:00,1.769,1.769,1.769,1.769,0.0,0.0,0.0,-4.119241192411927,-2.373068432671088,0.0,0.0,1.0027095630716858,1.2765897327903268,0.0,0.0,-0.0045223289994347216,0
2025-12-22 23:00:00+00:00,1.769,1.769,1.769,1.769,0.0,0.0,0.0,-4.119241192411927,-2.211166390270869,0.0,0.0,1.0027095630716858,1.276667428256598,0.0,0.0,-0.0045223289994347216,0
2025-12-23 00:00:00+00:00,1.775,1.775,1.775,1.775,14.15,0.0033860077497309,0.3391746749576096,-1.825221238938057,-3.532608695652184,0.5453932259253065,0.0,0.8272186062515418,1.222687364372964,0.0,0.0,-0.009577464788732337,0
2025-12-23 01:00:00+00:00,1.767,1.767,1.767,1.767,20.81,-0.0045172295898198,-0.4507042253521165,-0.3384094754653177,-3.9673913043478337,0.7761546590125136,0.0,0.2647888867802008,1.2237566306620733,0.0,0.0,-0.005093378607809784,0
2025-12-23 02:00:00+00:00,1.793,1.793,1.761,1.761,116.47,-0.0034013638234902,-0.339558573853993,-0.4522328999434721,-0.7328072153325871,4.551164948779322,1.7847183481401474,0.2828979746899906,0.9752790399162696,1.8171493459300705,0.0,0.0017035775127769437,0
2025-12-23 03:00:00+00:00,1.761,1.761,1.761,1.761,0.0,0.0,0.0,-0.4522328999434721,-0.7328072153325871,0.0,0.0,0.2828979746899906,0.9752790399162696,0.0,0.0,-0.005678591709256109,0
2025-12-23 04:00:00+00:00,1.761,1.761,1.761,1.761,0.0,0.0,0.0,-0.4522328999434721,-0.7328072153325871,0.0,0.0,0.2828979746899906,0.9752790399162696,0.0,0.0,-0.005678591709256109,0
2025-12-23 05:00:00+00:00,1.761,1.761,1.761,1.761,0.0,0.0,0.0,-0.4522328999434721,-1.2338754907459393,0.0,0.0,0.2828979746899906,0.9686189854634766,0.0,0.0,-0.005678591709256109,0
2025-12-23 06:00:00+00:00,1.758,1.758,1.758,1.758,279.06,-0.0017050302510837,-0.1703577512776721,-0.9577464788732336,-3.03364589078875,7.568755085230032,0.0,0.1972109451578293,0.8966824634034019,0.0,0.0,-0.003981797497155881,0
2025-12-23 07:00:00+00:00,1.758,1.758,1.758,1.758,0.0,0.0,0.0,-0.5093378607809784,-3.03364589078875,0.0,0.0,0.1423413311449013,0.8966824634034019,0.0,0.0,-0.010238907849829393,0
2025-12-23 08:00:00+00:00,1.764,1.764,1.764,1.764,276.99,0.0034071583216143,0.3412969283276501,0.1703577512776943,-4.1825095057034245,6.325898294618014,0.0,0.1675289984305687,0.8313156867653816,0.0,0.0,-0.01927437641723362,0
2025-12-23 09:00:00+00:00,1.751,1.751,1.751,1.751,38.58,-0.0073969042808848,-0.7369614512471756,-0.5678591709256109,-4.8886474741988035,0.8498889357843359,0.0,0.3572813165519841,0.8381127041491302,0.0,0.0,0.0005711022272987254,0
2025-12-23 10:00:00+00:00,1.751,1.751,1.751,1.751,0.0,0.0,0.0,-0.5678591709256109,-4.8886474741988035,0.0,0.0,0.3572813165519841,0.8381127041491302,0.0,0.0,0.008566533409480437,0
2025-12-23 11:00:00+00:00,1.751,1.751,1.751,1.751,0.0,0.0,0.0,-0.5678591709256109,-4.8886474741988035,0.0,0.0,0.3572813165519841,0.8381127041491302,0.0,0.0,-0.006282124500285535,0
2025-12-23 12:00:00+00:00,1.751,1.751,1.751,1.751,0.0,0.0,0.0,-0.3981797497155881,-2.937915742793795,0.0,0.0,0.3568470502401061,0.7433853735039475,0.0,0.0,-0.006282124500285535,0
2025-12-23 13:00:00+00:00,1.766,1.766,1.74,1.74,1123.87,-0.0063019400772771,-0.6282124500285535,-1.0238907849829393,-5.434782608695654,12.52496134240034,1.4722536798005372,0.4204384281379735,0.5997321833430358,1.4942528727044535,0.0,0.007471264367816088,0
2025-12-23 14:00:00+00:00,1.766,1.766,1.73,1.73,55.05,-0.0057637047167501,-0.5747126436781658,-1.9274376417233616,-6.233062330623307,0.6138121675231799,2.038505095108436,0.3592133933782477,0.5936789672899546,2.0809248542884844,0.0,0.029479768786127236,0
2025-12-23 15:00:00+00:00,1.752,1.752,1.752,1.752,5.78,0.012636584004512,1.2716763005780285,0.0571102227298725,-5.040650406504065,0.0642748919246129,0.0,0.6820024450184285,0.6696681857599814,0.0,0.0,0.009703196347031984,0
2025-12-23 16:00:00+00:00,1.761,1.766,1.739,1.766,1105.03,0.0079591096675686,0.7990867579908745,0.8566533409480437,-4.281842818428183,8.12706312086838,0.0,0.7534433849457968,0.699832330003761,1.5288788213313207,0.0,-0.0022650056625141968,0
2025-12-23 17:00:00+00:00,1.74,1.74,1.74,1.74,68.0,-0.0148319889553306,-1.4722536806342057,-0.6282124500285535,-5.691056910569103,0.4899047207327686,0.0,1.0092910822794434,0.7469334097812048,0.0,0.0,0.012643678160919603,0
2025-12-23 18:00:00+00:00,1.74,1.74,1.74,1.74,0.0,0.0,0.0,-0.6282124500285535,-3.761061946902655,0.0,0.0,1.0092910822794434,0.644246112969933,0.0,0.0,0.012643678160919603,0
2025-12-23 19:00:00+00:00,1.774,1.774,1.753,1.753,358.52,0.0074434927126597,0.7471264367816088,0.7471264367816088,-1.1280315848843814,2.4711244367307086,1.1837655010238148,1.022164556457777,0.5452433195762283,1.1979463769549723,0.0,0.005134055904164381,0
2025-12-23 20:00:00+00:00,1.78,1.781,1.78,1.781,88.76,0.0158463983684271,1.597261836851116,2.9479768786127236,0.6783493499151971,0.5998867946803648,0.0,1.1034919712060922,0.6369876737818598,0.0561482312991806,0.0,-0.025828186412127918,0
2025-12-23 21:00:00+00:00,1.77,1.77,1.769,1.769,29.6,-0.0067605891298763,-0.6737787759685587,0.9703196347031984,0.0,0.1983986237199291,0.0564971751093299,1.1135652027246137,0.6530339048411172,0.0565291124609847,0.0,-0.019785189372526824,0
2025-12-23 22:00:00+00:00,1.778,1.778,1.762,1.762,20.67,-0.0039648876636603,-0.3957037874505298,-0.2265005662514196,-0.3957037874505298,0.1377487268618608,0.8998875135546197,1.083578089917674,0.6580299538136339,0.9080590233211931,0.0,-0.007945516458569779,0
2025-12-23 23:00:00+00:00,1.762,1.762,1.762,1.762,0.0,0.0,0.0,1.2643678160919605,-0.3957037874505298,0.0,0.0,0.8265943061960856,0.6580299538136339,0.0,0.0,-0.022133938706015877,0
2025-12-24 00:00:00+00:00,1.762,1.762,1.762,1.762,0.0,0.0,0.0,1.2643678160919605,-0.7323943661971755,0.0,0.0,0.8265943061960856,0.6537006181318734,0.0,0.0,-0.01362088535754824,0
2025-12-24 01:00:00+00:00,1.762,1.762,1.762,1.762,16.8,0.0,0.0,0.5134055904164381,-0.2829654782116497,0.1125257452869516,0.0,0.7850650943583948,0.6475230059007686,0.0,0.0,-0.01362088535754824,0
2025-12-24 02:00:00+00:00,1.755,1.755,1.735,1.735,155.32,-0.0154421141151651,-1.53234960272417,-2.582818641212792,-1.4764338444065772,1.0291687258182014,1.1396011389517826,0.6095260217360737,0.7169874790449765,1.1527377514969692,0.0,-0.009221902017291117,0
2025-12-24 03:00:00+00:00,1.734,1.734,1.734,1.734,24.61,-0.0005765350404724,-0.0576368876080701,-1.9785189372526824,-1.5332197614991383,0.1619682776463025,0.0,0.6131144393712308,0.7168673734383733,0.0,0.0,-0.0034602076124568004,0
2025-12-24 04:00:00+00:00,1.733,1.748,1.733,1.748,100.0,0.0080413988749936,0.8073817762399127,-0.7945516458569779,-0.738216922203283,0.6405739542589164,0.0,0.7653094666326203,0.7384740460856124,0.8581235693031273,0.0,-0.011441647597253968,0
2025-12-24 05:00:00+00:00,1.736,1.736,1.723,1.723,197.22,-0.0144053196875511,-1.4302059496567487,-2.2133938706015877,-2.1578648495173103,1.2001643060279008,0.7488479258359114,0.9246318609073004,0.7924269576976327,0.7544979682214115,0.0,0.0029019152640741286,0
2025-12-24 06:00:00+00:00,1.737,1.738,1.737,1.738,287.1,0.0086680692974076,0.870574579222283,-1.362088535754824,-1.1376564277588153,1.7435663857785255,0.0,1.0533338654663398,0.8158392173046224,0.0575373992764393,0.0,0.0023014959723819395,0
2025-12-24 07:00:00+00:00,1.738,1.738,1.738,1.738,0.0,0.0,0.0,-1.362088535754824,-1.1376564277588153,0.0,0.0,1.0533338654663398,0.8158392173046224,0.0,0.0,-0.005178365937859586,0
2025-12-24 08:00:00+00:00,1.719,1.719,1.719,1.719,3.46,-0.010992300442488,-1.0932105868814657,-0.9221902017291116,-2.5510204081632626,0.0225752167398761,0.0,0.9530688124725816,0.8386630990028306,0.0,0.0,0.009307737056428067,0
2025-12-24 09:00:00+00:00,1.721,1.728,1.721,1.728,30.4,0.0052219439811516,0.5235602094240788,-0.34602076124568,-1.3135351227869685,0.198790798295246,0.0,0.9933878311275252,0.8368709596489877,0.405092592358158,0.0,-0.00347222222222221,0
2025-12-24 10:00:00+00:00,1.728,1.728,1.728,1.728,0.0,0.0,0.0,-1.1441647597253968,-1.3135351227869685,0.0,0.0,0.9040765373544212,0.8368709596489877,0.0,0.0,0.0005787037037037202,0
2025-12-24 11:00:00+00:00,1.728,1.728,1.728,1.728,0.0,0.0,0.0,0.2901915264074128,-1.3135351227869685,0.0,0.0,0.6660860855647426,0.8368709596489877,0.0,0.0,0.0005787037037037202,0
2025-12-24 12:00:00+00:00,1.738,1.742,1.738,1.742,26.98,0.0080692080484471,0.810185185185186,0.2301495972381939,-0.5139920045688084,0.1751393633497504,0.0,0.651660494510353,0.8551893257509519,0.2296211250116987,0.0,-0.004592422502870286,0
2025-12-24 13:00:00+00:00,1.738,1.738,1.729,1.729,15.33,-0.0074906717291575,-0.746268656716409,-0.5178365937859586,-0.632183908045969,0.142129234381348,0.5178365934880053,0.7277762706291522,0.8592030073104837,0.5205320991784023,0.0,0.005205320994794649,0
2025-12-24 14:00:00+00:00,1.717,1.738,1.708,1.735,55.99,0.0034642066976689,0.3470213996529692,0.9307737056428068,0.2890173410404761,0.5189124063020293,0.1726121978293308,0.5407142885864193,0.8541555136073945,1.729106627245473,0.1729106627245409,0.0017291066282421053,0
2025-12-24 15:00:00+00:00,1.722,1.722,1.722,1.722,17.19,-0.0075210073932834,-0.7492795389049012,-0.347222222222221,-1.7123287671232943,0.1586171366162728,0.0,0.612816733711673,0.8243146368849192,0.0,0.0,0.011614401858304202,0
2025-12-24 16:00:00+00:00,1.729,1.729,1.729,1.729,4.65,0.0040568006956144,0.4065040650406581,0.057870370370372,-2.095130237825593,0.0743702518980508,0.0,0.6421688400656097,0.8101789236012659,0.0,0.0,0.00809716599190291,0
2025-12-24 17:00:00+00:00,1.729,1.729,1.729,1.729,0.0,0.0,0.0,0.057870370370372,-0.632183908045969,0.0,0.0,0.6421688400656097,0.7537481990967588,0.0,0.0,0.012145748987854255,0
2025-12-24 18:00:00+00:00,1.733,1.734,1.733,1.734,25.0,0.0028876716571965,0.2891844997108039,-0.4592422502870286,-0.3448275862068972,0.4116355653060652,0.0,0.5402618891142223,0.7564881433889731,0.0576701268410143,0.0,0.009227220299884653,0
2025-12-24 19:00:00+00:00,1.738,1.738,1.738,1.738,2.86,0.0023041484848502,0.2306805074971274,0.5205320994794649,-0.8556759840273709,0.0622901428376363,0.0,0.4340026741393593,0.7411960138019903,0.0,0.0,0.0005753739930955959,0
2025-12-24 20:00:00+00:00,1.738,1.738,1.738,1.738,0.0,0.0,0.0,0.1729106628242105,-2.4143739472206605,0.0,0.0,0.4151469392032436,0.6562857363292927,0.0,0.0,0.010356731875719172,0
2025-12-24 21:00:00+00:00,1.742,1.742,1.742,1.742,12.62,0.0022988515871106,0.2301495972381939,1.1614401858304202,-1.5262860373092102,0.3040353342629022,0.0,0.1622718610441642,0.6478209948431788,0.0,0.0,0.008036739380022917,0
2025-12-24 22:00:00+00:00,1.743,1.743,1.743,1.743,4.23,0.0005738881075728,0.0574052812858827,0.809716599190291,-1.0783200908058954,0.1036172123760035,0.0,0.129786695205797,0.64431080657087,0.0,0.0,0.007458405048766492,0
2025-12-24 23:00:00+00:00,1.748,1.75,1.748,1.75,277.52,0.0040080213975388,0.4016064257028162,1.2145748987854257,-0.6810442678774176,5.297531178315777,0.0,0.1485587197017605,0.6506952186572427,0.1142857142204082,0.0,0.0034285714285713365,0
2025-12-25 00:00:00+00:00,1.75,1.75,1.75,1.75,0.0,0.0,0.0,0.9227220299884652,-0.6810442678774176,0.0,0.0,0.1607916329898722,0.6506952186572427,0.0,0.0,-0.0039999999999998925,0
2025-12-25 01:00:00+00:00,1.739,1.739,1.739,1.739,18.71,-0.0063055525632766,-0.6285714285714228,0.0575373993095595,-1.3053348467650383,0.356610201789596,0.0,0.3503802240109639,0.6621251250614855,0.0,0.0,0.0023001725129385697,0
2025-12-25 02:00:00+00:00,1.751,1.756,1.751,1.756,56.24,0.0097282598407788,0.9775733179988366,1.0356731875719172,1.2103746397694517,1.163475877263429,0.0,0.5260869844800812,0.6135019474400901,0.284738040840133,0.0,-0.00740318906605919,0
2025-12-25 03:00:00+00:00,1.756,1.756,1.756,1.756,0.0,0.0,0.0,0.8036739380022917,1.2687427912341454,0.0,0.0,0.5293649669210833,0.6131743493384502,0.0,0.0,-0.00740318906605919,0
2025-12-25 04:00:00+00:00,1.756,1.756,1.742,1.756,488.29,0.0,0.0,0.7458405048766492,0.4576659038901587,7.690666036537466,0.0,0.5315273214816664,0.5919204338363576,0.7972665143523546,0.0,-0.026195899772209597,0
2025-12-25 05:00:00+00:00,1.756,1.756,1.756,1.756,0.0,0.0,0.0,0.3428571428571336,1.915264074289036,0.0,0.0,0.514677656674628,0.50398819606,0.0,0.0,-0.026195899772209597,0
2025-12-25 06:00:00+00:00,1.735,1.743,1.65,1.743,747.26,-0.007430728675041,-0.740318906605919,-0.3999999999999892,0.2876869965477535,10.037465089722064,0.0,0.6114530050835351,0.5017112077250645,5.335628224133328,0.0,-0.018932874354561147,0
2025-12-25 07:00:00+00:00,1.743,1.743,1.743,1.743,0.0,0.0,0.0,0.2300172512938569,0.2876869965477535,0.0,0.0,0.5458479518367672,0.5017112077250645,0.0,0.0,0.0,0
2025-12-25 08:00:00+00:00,1.743,1.743,1.743,1.743,0.0,0.0,0.0,-0.740318906605919,1.3961605584642325,0.0,0.0,0.3033582278486293,0.4425448790747787,0.0,0.0,-0.018932874354561147,0
2025-12-25 09:00:00+00:00,1.743,1.743,1.743,1.743,0.0,0.0,0.0,-0.740318906605919,0.868055555555558,0.0,0.0,0.3033582278486293,0.4314154533686105,0.0,0.0,-0.0068846815834767705,0
2025-12-25 10:00:00+00:00,1.712,1.712,1.696,1.71,118.19,-0.0191143960233154,-1.8932874354561149,-2.6195899772209597,-1.041666666666663,1.5160176584201552,0.1168224298383047,0.7786337475814048,0.5868035995026596,0.9356725140727068,0.0,0.015789473684210575,0
2025-12-25 11:00:00+00:00,1.71,1.71,1.71,1.71,0.0,0.0,0.0,-2.6195899772209597,-1.041666666666663,0.0,0.0,0.7786337475814048,0.5868035995026596,0.0,0.0,0.01637426900584793,0
2025-12-25 12:00:00+00:00,1.71,1.71,1.71,1.71,0.0,0.0,0.0,-1.8932874354561149,-1.8369690011481032,0.0,0.0,0.7803419499767786,0.5583796770198648,0.0,0.0,0.01637426900584793,0
2025-12-25 13:00:00+00:00,1.743,1.743,1.743,1.743,24.89,0.0191143960233154,1.9298245614035148,0.0,0.809716599190291,0.3222632226280538,0.0,1.2089005506428343,0.6717838399203266,0.0,0.0,-0.002868617326448719,0
2025-12-25 14:00:00+00:00,1.71,1.71,1.71,1.71,122.79,-0.0191143960233154,-1.8932874354561149,-1.8932874354561149,-1.4409221902017322,1.5345233383824393,0.0,1.4388794599403074,0.7760734522544017,0.0,0.0,-0.0011695906432748204,0
2025-12-25 15:00:00+00:00,1.743,1.743,1.724,1.731,28.73,0.0122059056795037,1.2280701754386003,-0.688468158347677,0.5226480836237002,0.3568981045308101,0.6884681579526866,1.572965352231424,0.8036143168433652,1.09763142628676,0.0,-0.0005777007510110455,0
2025-12-25 16:00:00+00:00,1.715,1.737,1.715,1.737,71.63,0.0034602110648956,0.3466204506065828,1.5789473684210575,0.4626951995372996,0.8600072037356224,0.0,1.304433155896704,0.802466440400971,1.266551524889724,0.0,-0.004029936672423795,0
2025-12-25 17:00:00+00:00,1.738,1.738,1.738,1.738,28.79,0.0005755395842324,0.05757052389177,1.637426900584793,0.5205320994794649,0.3407520650927491,0.0,1.3023390320288823,0.8024924574710648,0.0,0.0,-0.02013808975834286,0
2025-12-25 18:00:00+00:00,1.738,1.738,1.738,1.738,0.0,0.0,0.0,1.637426900584793,0.2306805074971274,0.0,0.0,1.3023390320288823,0.8004753469915806,0.0,0.0,-0.04487917146144993,0
2025-12-25 19:00:00+00:00,1.738,1.738,1.738,1.738,0.0,0.0,0.0,-0.2868617326448719,0.0,0.0,0.0,1.0249615956976033,0.7990923951841816,0.0,0.0,-0.03049482163406214,0
2025-12-25 20:00:00+00:00,1.708,1.708,1.708,1.708,22.45,-0.0174119314768221,-1.7261219792865323,-0.116959064327482,-1.7261219792865323,0.2664240434316711,0.0,0.963572042264328,0.8745694493702817,0.0,0.0,0.022833723653395976,0
2025-12-25 21:00:00+00:00,1.737,1.737,1.73,1.73,39.79,0.0127983131433093,1.2880562060889833,-0.0577700751011045,-0.6888633754305373,0.4659455186794976,0.4029936670103731,0.9790003353601296,0.9156509779005304,0.4046242772227673,0.0,0.009826589595375745,0
2025-12-25 22:00:00+00:00,1.73,1.73,1.73,1.73,222.4,0.0,0.0,-0.4029936672423795,-0.7458405048766603,2.353771255178645,0.0,0.9639354157651931,0.9154910272542486,0.0,0.0,0.014450867052023142,0
2025-12-25 23:00:00+00:00,1.71,1.726,1.681,1.703,1478.94,-0.0157300068291363,-1.5606936416184936,-2.013808975834286,-2.68571428571428,10.231633564830776,1.3325608335269004,1.1361585374580154,0.9624486281373632,2.6423957706151477,0.9395184962187216,0.030534351145037997,0
2025-12-26 00:00:00+00:00,1.677,1.677,1.66,1.66,590.65,-0.0255737993120994,-2.524955960070474,-4.4879171461449925,-5.1428571428571495,3.4917421023255617,1.0137149665988654,1.426199746250337,1.083323407837551,1.024096384925251,0.0,0.056024096385542066,0
2025-12-26 01:00:00+00:00,1.652,1.685,1.652,1.685,115.04,0.0149479614358733,1.506024096385561,-3.049482163406214,-3.105232892466936,0.6643182999326425,0.0,1.6923443980291264,1.1339865370542592,1.9584569721314875,0.0,0.04035608308605321,0
2025-12-26 02:00:00+00:00,1.696,1.747,1.696,1.747,14.98,0.0361344673475944,3.679525222551927,2.2833723653395976,-0.5125284738040969,0.0873719871094976,0.0,2.2402845453586484,1.3527829930431636,2.919290210120621,0.0,0.0034344590726960167,0
2025-12-26 03:00:00+00:00,1.747,1.747,1.747,1.747,0.0,0.0,0.0,0.9826589595375744,-0.5125284738040969,0.0,0.0,2.1975698840096434,1.3527829930431636,0.0,0.0,0.0034344590726960167,0
2025-12-26 04:00:00+00:00,1.733,1.755,1.733,1.755,567.99,0.0045688257659094,0.4579278763594541,1.4450867052023142,-0.0569476082004638,3.249897485271737,0.0,2.1987085136164812,1.356307488517445,1.2535612528469622,0.0,-0.02450142450142445,0
2025-12-26 05:00:00+00:00,1.755,1.755,1.755,1.755,0.0,0.0,0.0,3.0534351145037997,-0.0569476082004638,0.0,0.0,2.0264545933521902,1.356307488517445,0.0,0.0,-0.0017094017094015923,0
2025-12-26 06:00:00+00:00,1.753,1.753,1.753,1.753,2.84,-0.0011402509787316,-0.1139601139601098,5.602409638554207,0.5737234652897216,0.0197559491027871,0.0,1.4533231145963188,1.3474202896494691,0.0,0.0,-0.0005704506560182399,0
2025-12-26 07:00:00+00:00,1.753,1.753,1.753,1.753,0.0,0.0,0.0,4.035608308605321,0.5737234652897216,0.0,0.0,1.4608228419913285,1.3474202896494691,0.0,0.0,-0.006845407872218878,0
2025-12-26 08:00:00+00:00,1.753,1.753,1.753,1.753,0.0,0.0,0.0,0.3434459072696016,0.5737234652897216,0.0,0.0,0.2010728905738266,1.3474202896494691,0.0,0.0,-0.03422703936109517,0
2025-12-26 09:00:00+00:00,1.753,1.753,1.753,1.753,0.0,0.0,0.0,0.3434459072696016,0.5737234652897216,0.0,0.0,0.2010728905738266,1.3474202896494691,0.0,0.0,-0.02452937820878487,0
2025-12-26 10:00:00+00:00,1.715,1.715,1.712,1.712,336.25,-0.023666328219547,-2.338847689674839,-2.450142450142445,0.1169590643274931,2.200013085565297,0.1749271136006322,0.9579501049321386,1.3786866776618762,0.1752336447574636,0.0,-0.025700934579439227,0
2025-12-26 11:00:00+00:00,1.706,1.752,1.706,1.752,66.35,0.0230957147946493,2.336448598130847,-0.1709401709401592,2.4561403508772006,0.426401321723537,0.0,1.4794049227517208,1.4567270950963482,2.6255707747570964,0.0,-0.04680365296803657,0
2025-12-26 12:00:00+00:00,1.752,1.752,1.752,1.752,0.0,0.0,0.0,-0.0570450656018239,2.4561403508772006,0.0,0.0,1.4788190333219744,1.4567270950963482,0.0,0.0,-0.019406392694063967,0
2025-12-26 13:00:00+00:00,1.74,1.741,1.74,1.741,31.56,-0.0062983317281476,-0.6278538812785284,-0.6845407872218878,-0.1147446930579443,0.2024601863570159,0.0,1.500208239707396,1.411060331220125,0.057438253844097,0.0,-0.013210798391729006,0
2025-12-26 14:00:00+00:00,1.751,1.751,1.693,1.693,1065.18,-0.0279575576350537,-2.757036186099948,-3.422703936109517,-0.9941520467836252,5.458297836878494,3.3123929164406567,1.850758544671895,1.4731909049978362,3.4258712324714184,0.0,0.01890135853514474,0
2025-12-26 15:00:00+00:00,1.692,1.729,1.692,1.71,139.43,0.00999126736357,1.0041346721795463,-2.452937820878487,-1.2131715771230622,0.6979832174623559,1.0989010982655358,1.955417303379496,1.4656150702306157,2.1637426887931412,1.111111110461346,0.00877192982456143,0
2025-12-26 16:00:00+00:00,1.717,1.728,1.668,1.668,862.15,-0.0248680665780135,-2.4561403508772006,-2.5700934579439227,-3.9723661485319584,3.704991593222141,3.472222220212837,1.97988124807881,1.5442262038543486,3.597122300001728,0.6594724216669768,0.036570743405275774,0
2025-12-26 17:00:00+00:00,1.666,1.704,1.666,1.67,190.43,0.0011983224921087,0.1199040767386083,-4.680365296803657,-3.912543153049486,0.7953320583355079,1.995305163148297,1.521857793482728,1.5446755315023732,2.275449100433865,2.035928142493458,0.028143712574850488,0
2025-12-26 18:00:00+00:00,1.717,1.718,1.717,1.718,289.9,0.0283371971333999,2.874251497005998,-1.9406392694063967,-1.1507479861910253,1.1526208805635771,0.0,2.1353991274153734,1.661800802970843,0.0582072176611069,0.0,-0.0005820721769498327,0
2025-12-26 19:00:00+00:00,1.718,1.718,1.718,1.718,0.0,0.0,0.0,-1.3210798391729006,-1.1507479861910253,0.0,0.0,2.132991980308466,1.661800802970843,0.0,0.0,0.006984866123399325,0
2025-12-26 20:00:00+00:00,1.724,1.725,1.724,1.725,127.02,0.0040662269212595,0.4074505238649717,1.890135853514474,0.995316159250592,0.4964223485137498,0.0,1.7209159206499538,1.624070567338664,0.0579710144591537,0.0,-0.011014492753623317,0
2025-12-26 21:00:00+00:00,1.725,1.725,1.725,1.725,0.0,0.0,0.0,0.8771929824561431,-0.2890173410404539,0.0,0.0,1.689186072586351,1.6025025425596338,0.0,0.0,0.003478260869565153,0
2025-12-26 22:00:00+00:00,1.729,1.729,1.729,1.729,17.39,0.0023161562178303,0.2318840579710102,3.6570743405275774,-0.0578034682080841,0.0707857736466988,0.0,1.1057264966271196,1.6032755630875928,0.0,0.0,0.0011567379988433046,0
2025-12-26 23:00:00+00:00,1.718,1.718,1.717,1.717,148.13,-0.006964624785815,-0.6940427993059606,2.814371257485049,0.8220786846740991,0.7787281859380917,0.0582072176611069,1.2206653336933753,1.5756884929749742,0.0582411181955433,0.0,0.02679091438555603,0
2025-12-27 00:00:00+00:00,1.717,1.717,1.717,1.717,0.0,0.0,0.0,-0.0582072176949832,3.433734939759048,0.0,0.0,0.375095397248651,1.476144891180351,0.0,0.0,0.02679091438555603,0
2025-12-27 01:00:00+00:00,1.73,1.73,1.73,1.73,3.39,0.0075428265943489,0.7571345369830951,0.6984866123399325,2.6706231454005858,0.0210614058021104,0.0,0.4883114893275841,1.4541858870316688,0.0,0.0,0.01907514450867054,0
2025-12-27 02:00:00+00:00,1.706,1.706,1.706,1.706,17.32,-0.0139699594402001,-1.387283236994219,-1.1014492753623315,-2.3468803663423077,0.1075406239564071,0.0,0.7556186252064968,1.278350388144116,0.0,0.0,0.02696365767878084,0
2025-12-27 03:00:00+00:00,1.758,1.764,1.731,1.731,43.63,0.0145478271245849,1.4654161781946229,0.3478260869565153,-0.9158557527189526,0.2678768777356563,1.870748298259208,1.015435335188724,1.3171486282888765,1.9064124772348812,0.3466204504063431,-0.0023108030040439598,0
2025-12-27 04:00:00+00:00,1.731,1.731,1.731,1.731,0.0,0.0,0.0,0.1156737998843304,-1.3675213675213516,0.0,0.0,1.0119056505444028,1.312975080218482,0.0,0.0,-0.0023108030040439598,0
2025-12-27 05:00:00+00:00,1.752,1.763,1.752,1.763,285.44,0.0183176272216609,1.8486424032351232,2.679091438555603,0.4558404558404616,1.8890748701759212,0.0,1.1685300739921891,1.3685205993157674,0.6239364715689469,0.0,0.0028360748723768037,0
2025-12-27 06:00:00+00:00,1.763,1.763,1.763,1.763,0.0,0.0,0.0,2.679091438555603,0.5704506560182621,0.0,0.0,1.1685300739921891,1.368236781098902,0.0,0.0,0.003970504821327436,0
2025-12-27 07:00:00+00:00,1.763,1.763,1.763,1.763,0.0,0.0,0.0,1.9075144508670536,0.5704506560182621,0.0,0.0,1.1686127558337276,1.368236781098902,0.0,0.0,0.003403289846851898,0
2025-12-27 08:00:00+00:00,1.759,1.759,1.752,1.752,76.24,-0.0062589109015333,-0.623936471922848,2.696365767878084,-0.0570450656018239,0.4945551258005494,0.3979533823775077,0.9678471102462224,1.3746578927890956,0.3995433787673779,0.0,0.009703196347031984,0
2025-12-27 09:00:00+00:00,1.738,1.74,1.724,1.727,87.59,-0.0143721933496581,-1.4269406392694028,-0.2310803004043959,-1.4831717056474458,0.555040397102677,0.7471264363522204,1.0773832605506086,1.405508387775641,0.9264620724224316,0.1158077590528039,0.0526925303995367,0
2025-12-27 10:00:00+00:00,1.727,1.727,1.727,1.727,0.0,0.0,0.0,-0.2310803004043959,0.8761682242990787,0.0,0.0,1.0773832605506086,1.3170423934140991,0.0,0.0,0.04342790966994792,0
2025-12-27 11:00:00+00:00,1.739,1.768,1.739,1.768,229.22,0.0234631650509101,2.3740590619571567,0.2836074872376803,0.9132420091324313,1.522205189778548,0.0,1.260886402626337,1.3198183104111976,1.6402714922849095,0.0,0.027714932126696734,0
2025-12-27 12:00:00+00:00,1.77,1.77,1.77,1.77,7.09,0.001130582370286,0.1131221719457009,0.3970504821327436,1.0273972602739656,0.0469911159834614,0.0,1.26088472740909,1.3198789975045233,0.0,0.0,0.027118644067796627,0
2025-12-27 13:00:00+00:00,1.774,1.774,1.769,1.769,118.64,-0.0005651314080895,-0.0564971751412457,0.3403289846851898,1.608271108558279,0.7678570946962189,0.2818489288151987,1.261687571365084,1.312346490120829,0.2826455623048988,0.0,0.03787450537026582,0
2025-12-27 14:00:00+00:00,1.769,1.769,1.769,1.769,0.0,0.0,0.0,0.9703196347031984,4.489072652096859,0.0,0.0,1.2191280185291675,1.1627962071239792,0.0,0.0,0.04635387224420584,0
2025-12-27 15:00:00+00:00,1.779,1.818,1.76,1.818,108.23,0.027322580577639,2.7699265121537753,5.26925303995367,6.315789473684208,0.9945286984796486,0.0,1.3108395897912186,1.2650106421170864,3.190319030148342,0.0,0.034653465346534684,0
2025-12-27 16:00:00+00:00,1.819,1.83,1.798,1.802,3171.9,-0.0088398365691409,-0.8800880088008833,4.342790966994792,8.033573141486826,15.46777850917774,1.530054643972649,1.4666841530383743,1.1511421208361188,1.7758046605017748,0.6104328520474912,0.04439511653718076,0
2025-12-27 17:00:00+00:00,1.825,1.827,1.812,1.817,152.6,0.0082896302278878,0.8324084350721295,2.7714932126696734,8.802395209580837,0.7499186072903298,0.5473453746319954,1.241307561843972,1.154823217474639,0.8255365983348673,0.1100715464446497,0.046230049532195894,0
2025-12-27 18:00:00+00:00,1.828,1.845,1.815,1.818,298.94,0.0005502063412529,0.0550357732526096,2.7118644067796627,5.820721769499415,1.4663595468343713,1.463414633353158,1.2447323745732164,1.0274075956896338,1.6501650155939698,0.9350935088365768,0.04565456545654567,0
2025-12-27 19:00:00+00:00,1.81,1.838,1.807,1.836,86.88,0.0098522964430116,0.990099009900991,3.787450537026582,6.868451688009314,0.4187282238691375,0.1088139281236051,1.2332282686304783,1.0372152236676957,1.6884531581217648,0.108932461814307,0.02342047930283231,0
2025-12-27 20:00:00+00:00,1.852,1.852,1.851,1.851,81.58,0.0081367413930617,0.8169934640522847,4.635387224420584,7.304347826086954,0.3968051623239539,0.053995680316423,1.1956342764217924,1.042743929691159,0.0540248514024777,0.0,0.018908698001080415,0
2025-12-27 21:00:00+00:00,1.854,1.99,1.812,1.881,839.26,0.0160775167275328,1.620745542949753,3.4653465346534684,9.043478260869552,3.488758060562586,5.47738693192091,0.8666055235830263,1.074220951239963,9.46305156328386,5.794790002235624,-0.0010632642211589882,0
2025-12-27 22:00:00+00:00,1.887,1.891,1.868,1.882,95.95,0.0005314908442945,0.0531632110579494,4.439511653718076,8.849045691150948,0.3935044762228759,0.4759386565436664,0.5942879721112411,1.075770206025725,1.2221041438777294,0.2125398511091713,-0.0015940488841656997,0
2025-12-27 23:00:00+00:00,1.884,1.925,1.88,1.901,165.94,0.0100450223431043,1.0095642933050095,4.623004953219589,10.71636575422248,0.6784784593760165,1.2467532461055837,0.6047200939861419,1.0595115239099062,2.3671751697174326,1.2624934238492944,-0.005260389268805898,0
2025-12-28 00:00:00+00:00,1.901,1.901,1.901,1.901,0.0,0.0,0.0,4.565456545654567,10.71636575422248,0.0,0.0,0.6177030945530447,1.0595115239099062,0.0,0.0,-0.005260389268805898,0
2025-12-28 01:00:00+00:00,1.879,1.88,1.871,1.879,59.85,-0.0116403430749638,-1.1572856391372954,2.342047930283231,8.612716763005789,0.2423771999382723,0.0531914893334029,0.971650067346037,1.1049116827079566,0.4789781796279997,0.0532197977364391,0.007450771687067537,0
2025-12-28 02:00:00+00:00,1.886,1.886,1.886,1.886,1.75,0.0037184637799374,0.3725385843533768,1.8908698001080415,10.550996483001176,0.0071057212898964,0.0,0.9492247529707892,1.0408518296273377,0.0,0.0,0.003711558854718966,0
2025-12-28 03:00:00+00:00,1.879,1.879,1.879,1.879,266.0,-0.0037184637799374,-0.3711558854718966,-0.1063264221158988,8.549971114962451,1.0409091650185092,0.0,0.7268395513743423,1.0284492610816245,0.0,0.0,0.0037253858435337683,0
2025-12-28 04:00:00+00:00,1.879,1.879,1.879,1.879,0.0,0.0,0.0,-0.1594048884165699,8.549971114962451,0.0,0.0,0.7261264791143317,1.0284492610816245,0.0,0.0,0.0037253858435337683,0
2025-12-28 05:00:00+00:00,1.891,1.891,1.891,1.891,1.06,0.0063660692449921,0.6386375731772143,-0.5260389268805898,7.260351673284182,0.0043496696712948,0.0,0.6309390507722897,0.9810103720919672,0.0,0.0,-0.0026441036488631386,0
2025-12-28 06:00:00+00:00,1.891,1.891,1.891,1.891,67.85,0.0,0.0,-0.5260389268805898,7.260351673284182,0.2752270318771508,0.0,0.6309390507722897,0.9810103720919672,0.0,0.0,-0.0026441036488631386,0
2025-12-28 07:00:00+00:00,1.893,1.893,1.893,1.893,31.1,0.0010570825508652,0.1057641459545122,0.7450771687067537,7.373794668179245,0.1254945213834978,0.0,0.3467400846534327,0.9798788356034118,0.0,0.0,-0.006339144215530945,0
2025-12-28 08:00:00+00:00,1.893,1.893,1.893,1.893,0.0,0.0,0.0,0.3711558854718966,8.047945205479445,0.0,0.0,0.3261404047897206,0.9624379341043044,0.0,0.0,-0.006339144215530945,0
2025-12-28 09:00:00+00:00,1.888,1.888,1.886,1.886,186.19,-0.0037046880159201,-0.369783412572644,0.3725385843533768,9.20671685002894,0.7484987512595473,0.1059322033337224,0.325774397294291,0.9002591716698238,0.1060445386500295,0.0,-0.0015906680805938267,0
2025-12-28 10:00:00+00:00,1.886,1.886,1.886,1.886,0.0,0.0,0.0,0.3725385843533768,9.20671685002894,0.0,0.0,0.325774397294291,0.9002591716698238,0.0,0.0,-0.0031813361611876534,0
2025-12-28 11:00:00+00:00,1.886,1.886,1.886,1.886,0.0,0.0,0.0,-0.2644103648863138,6.674208144796379,0.0,0.0,0.165371305642068,0.7975013738947779,0.0,0.0,-0.007423117709437821,0
2025-12-28 12:00:00+00:00,1.886,1.886,1.886,1.886,0.0,0.0,0.0,-0.2644103648863138,6.553672316384174,0.0,0.0,0.165371305642068,0.7987966792632074,0.0,0.0,-0.016967126193001003,0
2025-12-28 13:00:00+00:00,1.875,1.881,1.875,1.881,79.29,-0.0026546338923723,-0.2651113467656341,-0.6339144215530945,6.331260599208588,0.3341827102896334,0.0,0.1675209352625472,0.8035719526319177,0.318979266178108,0.0,-0.009037745879851067,0
2025-12-28 14:00:00+00:00,1.881,1.881,1.881,1.881,75.0,0.0,0.0,-0.6339144215530945,6.331260599208588,0.3119924705804121,0.0,0.1675209352625472,0.8035719526319177,0.0,0.0,-0.016480595427963762,0
2025-12-28 15:00:00+00:00,1.883,1.883,1.883,1.883,67.73,0.001062699356122,0.1063264221158988,-0.1590668080593826,3.575357535753576,0.2837418199388694,0.0,0.1245314024339479,0.6062668295760544,0.0,0.0,-0.017525225703664327,0
2025-12-28 16:00:00+00:00,1.871,1.88,1.871,1.88,47.89,-0.0015944728331575,-0.1593202336696797,-0.3181336161187653,4.328523862375122,0.4412367651195881,0.0,0.1343618694849255,0.5696638043899196,0.4787234040006735,0.0,-0.02499999999999991,0
2025-12-28 17:00:00+00:00,1.872,1.872,1.872,1.872,479.14,-0.0042643987864574,-0.4255319148936065,-0.7423117709437821,3.026967528893798,3.922821859830065,0.0,0.1982495040141984,0.5647700875839383,0.0,0.0,-0.02083333333333337,0
2025-12-28 18:00:00+00:00,1.871,1.871,1.854,1.854,547.89,-0.0096619109117368,-0.961538461538458,-1.6967126193001003,1.980198019801982,4.134563805839223,0.908605023565679,0.3832723832385809,0.6070965044647961,0.9169363533349804,0.0,0.0,0
2025-12-28 19:00:00+00:00,1.845,1.864,1.839,1.864,734.76,0.0053792491197359,0.5393743257820827,-0.9037745879851068,1.5250544662309462,4.606369000788733,0.0,0.5107016274455622,0.5846017667576664,1.3412017160186755,0.0,0.0032188841201716833,0
2025-12-28 20:00:00+00:00,1.844,1.85,1.838,1.85,222.87,-0.0075390771731659,-0.7510729613733891,-1.6480595427963762,-0.0540248514316554,1.3474878574658045,0.0,0.5567000445386271,0.584662749202731,0.6486486482980283,0.0,0.015675675675675738,0
2025-12-28 21:00:00+00:00,1.85,1.85,1.85,1.85,0.0,0.0,0.0,-1.7525225703664329,-1.6480595427963762,0.0,0.0,0.5436051944171224,0.4737589673826684,0.0,0.0,0.027567567567567508,0
2025-12-28 22:00:00+00:00,1.85,1.85,1.833,1.833,19.99,-0.0092316702326655,-0.9189189189189206,-2.499999999999991,-2.603613177470776,0.1570769079645844,0.9189189184222128,0.5927958506735107,0.5037592256591674,0.9274413524673056,0.0,0.03327877795962908,0
2025-12-28 23:00:00+00:00,1.833,1.833,1.833,1.833,0.0,0.0,0.0,-2.083333333333337,-3.577064702788013,0.0,0.0,0.6172129675526786,0.4455035126120184,0.0,0.0,0.03327877795962908,0
2025-12-29 00:00:00+00:00,1.851,1.854,1.851,1.854,212.62,0.0113914982860955,1.1456628477905184,0.0,-2.47238295633877,1.6455701100814923,0.0,0.7755823285788975,0.5172784395020938,0.1618122976473565,0.0,0.025350593311758374,0
2025-12-29 01:00:00+00:00,1.868,1.87,1.868,1.87,6.73,0.0085929637228318,0.8629989212513456,0.3218884120171683,-0.4789781798829162,0.0529945601171734,0.0,0.829391767172343,0.5017022233819506,0.1069518716005605,0.0,0.016577540106951894,0
2025-12-29 02:00:00+00:00,1.879,1.879,1.879,1.879,9.69,0.0048012895648328,0.4812834224598772,1.5675675675675738,-0.3711558854718966,0.0761044570973799,0.0,0.7369664865105399,0.505849083356274,0.0,0.0,0.011708355508249113,0
2025-12-29 03:00:00+00:00,1.885,1.901,1.885,1.901,110.31,0.0116403430749638,1.1708355508249113,2.756756756756751,1.1708355508249113,0.9128757184996744,0.0,0.8051370597980806,0.5536961118767645,0.8416622825661962,0.0,-0.0247238295633877,0
2025-12-29 04:00:00+00:00,1.894,1.894,1.894,1.894,27.87,-0.0036890687424057,-0.3682272488164217,3.327877795962908,0.7982969664715123,0.2284441833600357,0.0,0.6279261810966131,0.560183690008274,0.0,0.0,-0.02059134107708549,0
2025-12-29 05:00:00+00:00,1.894,1.894,1.894,1.894,0.0,0.0,0.0,3.327877795962908,0.1586462189317794,0.0,0.0,0.6279261810966131,0.5452386809290348,0.0,0.0,-0.02059134107708549,0
2025-12-29 06:00:00+00:00,1.886,1.901,1.886,1.901,18.86,0.0036890687424057,0.36958817317847,2.535059331175838,0.5288207297726055,0.1572797114579664,0.0,0.5570498741212251,0.5502216366013057,0.7890583899058149,0.0,-0.03840084166228297,0
2025-12-29 07:00:00+00:00,1.901,1.901,1.901,1.901,0.0,0.0,0.0,1.6577540106951894,0.4226096143687297,0.0,0.0,0.5304976483459352,0.5499452473355081,0.0,0.0,-0.0352446081009995,0
2025-12-29 08:00:00+00:00,1.901,1.901,1.901,1.901,0.0,0.0,0.0,1.1708355508249113,0.4226096143687297,0.0,0.0,0.5294017607163253,0.5499452473355081,0.0,0.0,-0.03314045239347707,0
2025-12-29 09:00:00+00:00,1.87,1.87,1.854,1.854,20.11,-0.0250345963626287,-2.47238295633877,-2.47238295633877,-1.6967126193001003,0.1800391681416316,0.8556149728044846,1.048326573390985,0.7509868681479036,0.8629989207858697,0.0,0.0016181229773462036,0
2025-12-29 10:00:00+00:00,1.855,1.855,1.855,1.855,4.85,0.0005392289157349,0.0539374325781993,-2.059134107708549,-1.643690349946969,0.0433422698834375,0.0,1.0662838897336602,0.7512900673692693,0.0,0.0,-0.009164420485175184,0
2025-12-29 11:00:00+00:00,1.855,1.855,1.855,1.855,0.0,0.0,0.0,-2.059134107708549,-1.643690349946969,0.0,0.0,1.0662838897336602,0.7512900673692693,0.0,0.0,-0.0021563342318059453,0
2025-12-29 12:00:00+00:00,1.838,1.838,1.828,1.828,633.5,-0.0146622230274401,-1.4555256064689992,-3.840084166228297,-3.0752916224814353,4.580759844503047,0.5440696406180257,1.0830048491831383,0.8032481514307599,0.5470459515606975,0.0,0.021334792122538193,0
2025-12-29 13:00:00+00:00,1.848,1.848,1.834,1.834,47.78,0.0032769008023147,0.3282275711159688,-3.5244608100999497,-2.4986709197235446,0.3488026183288149,0.7575757571658146,1.1297521828093908,0.8080147815427523,0.7633587782097286,0.0,-0.0021810250817884125,0
2025-12-29 14:00:00+00:00,1.835,1.854,1.823,1.838,108.12,0.0021786500992221,0.2181025081788412,-3.314045239347707,-2.286018075491758,0.7814232498415237,0.8629989207858697,1.1560126154430097,0.8104708680141064,1.6866158859158855,0.870511424988841,-0.0032644178454842576,0
2025-12-29 15:00:00+00:00,1.841,1.857,1.841,1.857,31.91,0.0102842584370734,1.0337323177366686,0.1618122977346203,-1.3807753584705318,0.2331402269160929,0.0,0.8198614965230854,0.8417501200284594,0.8616047383620876,0.0,-0.013462574044157183,0
2025-12-29 16:00:00+00:00,1.838,1.838,1.838,1.838,2.5,-0.0102842584370733,-1.0231556273559428,-0.9164420485175184,-2.2340425531914843,0.0185213767555349,0.0,0.9250623623931146,0.8646834671761058,0.0,0.0,-0.0032644178454842576,0
2025-12-29 17:00:00+00:00,1.853,1.854,1.851,1.851,19.59,0.0070480096578649,0.7072905331882318,-0.2156334231805945,-1.121794871794879,0.1691253439795467,0.1618122976473565,0.9908532941789958,0.8765333468024538,0.1620745542074212,0.0540248514024777,-0.01620745542949753,0
2025-12-29 18:00:00+00:00,1.858,1.867,1.858,1.867,20.43,0.008606830968225,0.864397622906532,2.1334792122538193,0.7011866235167252,0.2176791017916952,0.0,0.7436312877164594,0.8725545174132961,0.4820567753175859,0.0,-0.032672737011247954,0
2025-12-29 19:00:00+00:00,1.838,1.838,1.83,1.83,18.58,-0.0200168977062559,-1.9817889662560264,-0.2181025081788412,-1.8240343347639465,0.2902539201027356,0.4352557124944205,1.2164802409828153,0.9579784640230006,0.4371584697064711,0.0,-0.00819672131147553,0
2025-12-29 20:00:00+00:00,1.832,1.832,1.832,1.832,31.39,0.0010922993986088,0.10928961748633,-0.3264417845484257,-0.972972972972974,0.5601897637519654,0.0,1.212741809727215,0.947595264488002,0.0,0.0,-0.015283842794759805,0
2025-12-29 21:00:00+00:00,1.832,1.832,1.832,1.832,0.0,0.0,0.0,-1.3462574044157185,-0.972972972972974,0.0,0.0,1.0961466179196764,0.947595264488002,0.0,0.0,-0.017467248908296984,0
2025-12-29 22:00:00+00:00,1.832,1.832,1.832,1.832,0.0,0.0,0.0,-0.3264417845484257,-0.0545553737043014,0.0,0.0,1.023561825518312,0.9287676903430953,0.0,0.0,-0.017467248908296984,0
2025-12-29 23:00:00+00:00,1.835,1.835,1.821,1.821,28.47,-0.0060224655064677,-0.6004366812227158,-1.620745542949753,-0.6546644844517169,0.504895404591618,0.7629427788757812,0.9671777571278812,0.9368046142410644,0.7688083466398643,0.0,-0.0027457440966501823,0
2025-12-30 00:00:00+00:00,1.817,1.817,1.806,1.806,61.02,-0.0082713457506771,-0.8237232289950547,-3.267273701124795,-2.588996763754048,1.2186634046240377,0.6053935054455676,0.8032983348591136,0.9161032032031676,0.6090808413017215,0.0,0.005537098560354448,0
2025-12-30 01:00:00+00:00,1.807,1.815,1.807,1.815,60.87,0.0049710127220204,0.4983388704318914,-0.819672131147553,-2.941176470588247,1.163259943442355,0.0,0.4884652510803566,0.9023331427958298,0.4407713496194101,0.0,0.000550964187327807,0
2025-12-30 02:00:00+00:00,1.82,1.82,1.804,1.804,55.53,-0.0060790460763821,-0.6060606060605989,-1.5283842794759803,-3.991484832357639,1.023838241036981,0.8791208786378464,0.5036166870658776,0.8979624419617117,0.8869179595970528,0.0,0.018847006651884657,0
2025-12-30 03:00:00+00:00,1.816,1.816,1.8,1.8,32.05,-0.0022197567383128,-0.2217294900221711,-1.7467248908296984,-5.312993161493951,0.6287241607488051,0.8810572682373039,0.4889271266908045,0.851840010334582,0.8888888883950624,0.0,0.012777777777777777,0
2025-12-30 04:00:00+00:00,1.8,1.8,1.8,1.8,0.0,0.0,0.0,-1.7467248908296984,-4.963041182682149,0.0,0.0,0.4889271266908045,0.8525050506993308,0.0,0.0,0.012777777777777777,0
2025-12-30 05:00:00+00:00,1.814,1.816,1.814,1.816,267.58,0.0088496152769826,0.8888888888888946,-0.2745744096650182,-4.118268215417098,4.389135694393333,0.0,0.6512510460832324,0.8807487006299757,0.1101321585296629,0.0,0.0038546255506606286,0
2025-12-30 06:00:00+00:00,1.816,1.816,1.816,1.816,2087.97,0.0,0.0,0.5537098560354448,-4.471330878485002,14.186787458322462,0.0,0.5288232602955573,0.8740329286836049,0.0,0.0,0.012114537444933848,0
2025-12-30 07:00:00+00:00,1.816,1.816,1.816,1.816,0.0,0.0,0.0,0.0550964187327807,-4.471330878485002,0.0,0.0,0.4901984210471589,0.8740329286836049,0.0,0.0,0.0033039647577093323,0
2025-12-30 08:00:00+00:00,1.822,1.838,1.822,1.838,7.91,0.0120417437543936,1.2114537444933848,1.8847006651884657,-3.314045239347707,0.0536246949286792,0.0,0.5833383486039294,0.9188631622175194,0.870511424988841,0.0,-0.008705114254624613,0
2025-12-30 09:00:00+00:00,1.823,1.823,1.823,1.823,25.31,-0.0081945282369693,-0.8161044613710589,1.2777777777777777,-1.6720604099244918,0.1713337996693955,0.0,0.7260872181585406,0.7851364815187324,0.0,0.0,0.008228195282501405,0
2025-12-30 10:00:00+00:00,1.823,1.823,1.823,1.823,0.0,0.0,0.0,1.2777777777777777,-1.7250673854447451,0.0,0.0,0.7260872181585406,0.7848427672060839,0.0,0.0,0.008228195282501405,0
2025-12-30 11:00:00+00:00,1.823,1.823,1.823,1.823,0.0,0.0,0.0,0.3854625550660628,-1.7250673854447451,0.0,0.0,0.6475909837750706,0.7848427672060839,0.0,0.0,0.015359297860669141,0
2025-12-30 12:00:00+00:00,1.822,1.911,1.812,1.838,1363.63,0.0081945282369693,0.8228195282501405,1.2114537444933848,0.547045951859948,7.663282318297981,3.8199895322762982,0.7143345340362248,0.7460900727367168,5.386289442118448,3.971708376511581,-0.008705114254624613,0
2025-12-30 13:00:00+00:00,1.85,1.85,1.822,1.822,128.67,-0.0087432250957287,-0.8705114254624613,0.3303964757709332,-0.6543075245365348,0.7096538458847734,1.5135135126953994,0.8413498593139194,0.7648376856556519,1.5367727763244947,0.0,-0.004939626783754147,0
2025-12-30 14:00:00+00:00,1.811,1.837,1.806,1.822,1598.79,0.0,0.0,-0.8705114254624613,-0.8705114254624613,6.567895655719142,0.8165487202958309,0.6292915174201223,0.7630916130125348,1.701427002359256,0.8232711301738305,-0.003293084522502765,0
2025-12-30 15:00:00+00:00,1.838,1.838,1.838,1.838,2.52,0.0087432250957287,0.8781558726673966,0.8228195282501405,-1.0231556273559428,0.0104046063779394,0.0,0.6462918035550728,0.754340059023852,0.0,0.0,-0.006528835690968404,0
2025-12-30 16:00:00+00:00,1.838,1.838,1.838,1.838,0.0,0.0,0.0,0.8228195282501405,0.0,0.0,0.0,0.6462918035550728,0.7245410753122015,0.0,0.0,-0.0168661588683352,0
2025-12-30 17:00:00+00:00,1.844,1.851,1.844,1.851,283.51,0.0070480096578649,0.7072905331882318,1.535929786066914,0.0,1.1201814880195706,0.0,0.6796914148843779,0.7245410753122015,0.3781739598172963,0.0,-0.02377093462992974,0
2025-12-30 18:00:00+00:00,1.827,1.828,1.822,1.822,11.5,-0.0157912347535938,-1.5667206915180976,-0.8705114254624613,-2.4102838778789493,0.0455047565658595,0.3282275709364184,0.937213786870992,0.7683665034996799,0.3293084520695346,0.0548847420115951,-0.00658616904500553,0
2025-12-30 19:00:00+00:00,1.813,1.813,1.813,1.813,3.88,-0.0049518670650526,-0.4939626783754147,-0.4939626783754147,-0.928961748633883,0.0153902092353866,0.0,0.8898490618601288,0.6603386556349372,0.0,0.0,0.008825151682294585,0
2025-12-30 20:00:00+00:00,1.816,1.816,1.816,1.816,1.12,0.0016533484063876,0.1654715940430318,-0.3293084522502765,-0.8733624454148492,0.0044648715269582,0.0,0.8954582042146308,0.6609848077928183,0.0,0.0,0.007158590308369961,0
2025-12-30 21:00:00+00:00,1.829,1.829,1.826,1.826,274.97,0.0054915019936751,0.5506607929515406,-0.6528835690968404,-0.3275109170305712,1.0482868171453057,0.1640240567719874,0.8358202356837506,0.6717227876982276,0.1642935376975332,0.0,0.0016429353778750766,0
2025-12-30 22:00:00+00:00,1.826,1.826,1.807,1.807,825.74,-0.0104597705626853,-1.04052573932093,-1.6866158868335202,-1.3646288209607005,2.78298675473431,1.040525738751088,0.913927850609836,0.7039562782025734,1.0514665185105403,0.0,0.01217487548422791,0
2025-12-30 23:00:00+00:00,1.807,1.807,1.807,1.807,0.0,0.0,0.0,-2.377093462992974,-0.7688083470620555,0.0,0.0,0.7996452974346251,0.6943529117635772,0.0,0.0,0.01217487548422791,0
2025-12-31 00:00:00+00:00,1.806,1.811,1.806,1.81,213.82,0.0016588336676429,0.1660210293303876,-0.658616904500553,0.221483942414169,0.7082702470657815,0.0552181115100888,0.5697230265928592,0.6742158699953984,0.2762430937700255,0.0552486187540002,0.010497237569060625,0
2025-12-31 01:00:00+00:00,1.822,1.829,1.822,1.829,128.34,0.0104425241309941,1.0497237569060625,0.8825151682294585,0.7713498622589521,0.4211988775892665,0.0,0.6945906424624033,0.7001811505216374,0.3827227991346455,0.0,-0.009841443411700346,0
2025-12-31 02:00:00+00:00,1.829,1.829,1.829,1.829,0.0,0.0,0.0,0.7158590308369961,1.3858093126385862,0.0,0.0,0.6969666755413129,0.6868947864301529,0.0,0.0,-0.009841443411700346,0
2025-12-31 03:00:00+00:00,1.829,1.829,1.829,1.829,0.0,0.0,0.0,0.1642935377875076,1.6111111111110965,0.0,0.0,0.6644632492648179,0.6844603517667988,0.0,0.0,-0.011481683980317015,0
2025-12-31 04:00:00+00:00,1.829,1.829,1.829,1.829,5.46,0.0,0.0,1.217487548422791,1.6111111111110965,0.0181226765798654,0.0,0.4180691233154172,0.6844603517667988,0.0,0.0,-0.009294696555494752,0
2025-12-31 05:00:00+00:00,1.829,1.829,1.829,1.829,0.0,0.0,0.0,1.217487548422791,0.7158590308369961,0.0,0.0,0.4180691233154172,0.6619226363780484,0.0,0.0,-0.009294696555494752,0
2025-12-31 06:00:00+00:00,1.829,1.829,1.829,1.829,0.0,0.0,0.0,1.0497237569060625,0.7158590308369961,0.0,0.0,0.4263142624605975,0.6619226363780484,0.0,0.0,-0.009294696555494752,0
2025-12-31 07:00:00+00:00,1.811,1.811,1.811,1.811,26.76,-0.0098901905074522,-0.9841443411700346,-0.9841443411700346,-0.2753303964757814,0.1310177827910345,0.0,0.4037653367029318,0.6938690519159496,0.0,0.0,0.006073992269464368,0
2025-12-31 08:00:00+00:00,1.811,1.811,1.811,1.811,0.0,0.0,0.0,-0.9841443411700346,-1.4689880304679104,0.0,0.0,0.4037653367029318,0.6438784315148461,0.0,0.0,0.006073992269464368,0
2025-12-31 09:00:00+00:00,1.808,1.808,1.808,1.808,295.1,-0.0016579169312914,-0.1656543346217454,-1.1481683980317017,-0.8228195282501294,1.3715454286596689,0.0,0.3958234267666175,0.6239467587635713,0.0,0.0,0.01603982300884943,0
2025-12-31 10:00:00+00:00,1.812,1.812,1.812,1.812,10.91,0.0022099456508028,0.2212389380531032,-0.9294696555494752,-0.603400987383429,0.0505998392181191,0.0,0.4264149911560448,0.6261038735603677,0.0,0.0,-0.0281456953642385,0
2025-12-31 11:00:00+00:00,1.812,1.812,1.812,1.812,0.0,0.0,0.0,-0.9294696555494752,-0.603400987383429,0.0,0.0,0.4264149911560448,0.6261038735603677,0.0,0.0,-0.021523178807947074,0
2025-12-31 12:00:00+00:00,1.812,1.812,1.812,1.812,0.0,0.0,0.0,-0.9294696555494752,-1.4145810663764968,0.0,0.0,0.4264149911560448,0.5998306814560793,0.0,0.0,-0.021523178807947074,0
2025-12-31 13:00:00+00:00,1.833,1.869,1.822,1.822,387.9,0.0055035912169789,0.5518763796909409,0.6073992269464368,0.0,2.28719117905843,2.514713749323317,0.2522312793646725,0.5860091389922631,2.5795828745446814,1.975850712417208,-0.018111964873765207,0
2025-12-31 14:00:00+00:00,1.838,1.838,1.822,1.822,5.04,0.0,0.0,0.6073992269464368,0.0,0.0488417448320975,0.870511424988841,0.2522312793646725,0.5860091389922631,0.8781558721854256,0.0,-0.018111964873765207,0
2025-12-31 15:00:00+00:00,1.837,1.837,1.837,1.837,1.64,0.0081990073952219,0.8232711306256801,1.603982300884943,-0.0544069640914135,0.0158985979664733,0.0,0.3469743146392023,0.5825740601974012,0.0,0.0,-0.025585193249863858,0
2025-12-31 16:00:00+00:00,1.806,1.806,1.761,1.761,1420.38,-0.0422519767189195,-4.137180185084377,-2.81456953642385,-4.189336235038099,8.749616921613322,2.491694350779801,1.8691700173213588,1.0403869712913392,2.5553662677141675,0.0,0.02498580352072688,0
2025-12-31 17:00:00+00:00,1.773,1.773,1.773,1.773,8.87,0.0067911975780017,0.6814310051107331,-2.152317880794707,-4.213938411669371,0.0587834087635517,0.0,1.923517647313577,1.039451968863642,0.0,0.0,0.018048505358150058,0
2025-12-31 18:00:00+00:00,1.773,1.773,1.773,1.773,0.0,0.0,0.0,-2.152317880794707,-2.6893523600439173,0.0,0.0,1.923517647313577,0.9960706926322332,0.0,0.0,0.01410039481105474,0
2025-12-31 19:00:00+00:00,1.789,1.789,1.789,1.789,2.79,0.0089837774345111,0.9024252679074918,-1.8111964873765207,-1.323772752344177,0.0185544385452263,0.0,1.9614285785889296,1.0133275802429655,0.0,0.0,-0.007825600894354356,0
2025-12-31 20:00:00+00:00,1.789,1.789,1.789,1.789,0.0,0.0,0.0,-1.8111964873765207,-1.4867841409691662,0.0,0.0,1.9614285785889296,1.0123223161242674,0.0,0.0,-0.007825600894354356,0
2025-12-31 21:00:00+00:00,1.79,1.79,1.79,1.79,2.59,0.0005588153260815,0.0558971492453874,-2.558519324986386,-1.9715224534501696,0.0186367806579097,0.0,1.8975835696415897,1.0043419510116265,0.0,0.0,-0.008379888268156499,0
2025-12-31 22:00:00+00:00,1.805,1.805,1.805,1.805,5.54,0.0083449719321804,0.8379888268156277,2.498580352072688,-0.1106806862202547,0.0528638564846216,0.0,0.4365147606154813,0.9992861766883158,0.0,0.0,-0.013850415512465353,0
2025-12-31 23:00:00+00:00,1.805,1.805,1.805,1.805,0.0,0.0,0.0,1.8048505358150055,-0.1106806862202547,0.0,0.0,0.4412065117470918,0.9992861766883158,0.0,0.0,-0.01218836565096959,0
2026-01-01 00:00:00+00:00,1.798,1.798,1.798,1.798,3.92,-0.0038856557354156,-0.3878116343490223,1.410039481105474,-0.6629834254143652,0.0408113688809063,0.0,0.5159105210457643,1.0015795379291088,0.0,0.0,-0.008342602892102424,0
2026-01-01 01:00:00+00:00,1.775,1.775,1.775,1.775,28.78,-0.0128745131220494,-1.2791991101223643,-0.7825600894354356,-2.952433023510115,0.313155126760221,0.0,0.6935634329597926,1.0061548948748242,0.0,0.0,0.004507042253521165,0
2026-01-01 02:00:00+00:00,1.777,1.777,1.775,1.775,104.26,0.0,0.0,-0.7825600894354356,-2.952433023510115,1.0832489155449936,0.1125492402292914,0.6935634329597926,1.0061548948748242,0.1126760562745488,0.0,0.008450704225352101,0
2026-01-01 03:00:00+00:00,1.775,1.775,1.775,1.775,0.0,0.0,0.0,-0.8379888268156499,-2.952433023510115,0.0,0.0,0.6909231148123295,1.0061548948748242,0.0,0.0,0.004507042253521165,0
2026-01-01 04:00:00+00:00,1.783,1.783,1.774,1.78,32.87,0.0028129413766146,0.28169014084507,-1.3850415512465353,-2.679059595407318,0.3375104284732281,0.1682557486437091,0.5591836706220327,1.0093061901784808,0.505617977244029,0.0,0.014044943820224587,0
2026-01-01 05:00:00+00:00,1.783,1.783,1.783,1.783,100.0,0.0016839745770094,0.168539325842687,-1.218836565096959,-2.5150355385456513,0.9846759800506156,0.0,0.5771226147437826,1.01071135413889,0.0,0.0,0.01738642736960183,0
2026-01-01 06:00:00+00:00,1.783,1.783,1.783,1.783,772.45,0.0,0.0,-0.8342602892102424,-2.5150355385456513,5.7756869586458315,0.0,0.5741152183572699,1.01071135413889,0.0,0.0,0.01738642736960183,0
2026-01-01 07:00:00+00:00,1.783,1.783,1.783,1.783,0.0,0.0,0.0,0.4507042253521165,-1.5461071231363863,0.0,0.0,0.1214745574070988,0.99315881400271,0.0,0.0,0.030846887268648482,0
2026-01-01 08:00:00+00:00,1.79,1.79,1.79,1.79,2.59,0.0039182809716604,0.3925967470555402,0.8450704225352101,-1.1595803423522844,0.0195126238764488,0.0,0.1691079268116956,0.9974836262683242,0.0,0.0,0.03575418994413404,0
2026-01-01 09:00:00+00:00,1.794,1.794,1.783,1.783,106.11,-0.0039182809716603,-0.3910614525139744,0.4507042253521165,-1.382743362831862,0.8498318116222182,0.6131549606392738,0.2759850923306436,0.9997029136849704,0.6169377450269626,0.0,0.04206393718452062,0
2026-01-01 10:00:00+00:00,1.805,1.805,1.805,1.805,55.44,0.0122632529038409,1.2338754907459393,1.404494382022459,-0.386313465783672,0.4375158244983014,0.0,0.5504691356256605,1.0324287602026352,0.0,0.0,0.05817174515235446,0
2026-01-01 11:00:00+00:00,1.806,1.814,1.806,1.814,4.15,0.0049737599081007,0.498614958448762,1.7386427369601831,0.1103752759381793,0.032705922530051,0.0,0.5591286241517324,1.037744806469743,0.4410143327227047,0.0,0.04189636163175292,0
2026-01-01 12:00:00+00:00,1.814,1.814,1.814,1.814,0.0,0.0,0.0,1.7386427369601831,0.1103752759381793,0.0,0.0,0.5591286241517324,1.037744806469743,0.0,0.0,0.08710033076074963,0
2026-01-01 13:00:00+00:00,1.82,1.875,1.817,1.838,327.15,0.0131436722405505,1.3230429988974723,3.084688726864848,0.8781558726673966,2.6307307250079117,1.9733333322808848,0.6704574958588243,1.0665333918497302,3.1556039155845492,2.013057670286689,0.08541893362350383,0
2026-01-01 14:00:00+00:00,1.854,1.918,1.838,1.854,797.82,0.0086674432101681,0.8705114254624613,3.575418994413404,1.7563117453347932,5.069077527864335,3.3368091744854924,0.6821655446691529,1.0798378015683334,4.314994603929336,3.451995683143467,0.08306364617044215,0
2026-01-01 15:00:00+00:00,1.898,1.898,1.856,1.858,42.45,0.0021551732479834,0.2157497303128419,4.206393718452062,1.1431682090364823,0.2668300961703009,2.1074815584259743,0.537957458680187,1.0686403884630746,2.26049515486517,0.0,0.08019375672766427,0
2026-01-01 16:00:00+00:00,1.915,1.915,1.91,1.91,31.8,0.0276026016668916,2.7987082884822323,5.817174515235446,8.46110164679159,0.3141283678629479,0.2610966056077884,1.0063022937861492,0.7615111654528901,0.2617801045749903,0.0,0.04659685863874352,0
2026-01-01 17:00:00+00:00,1.916,1.93,1.89,1.89,101.7,-0.0105264129869875,-1.0471204188481686,4.189636163175292,6.598984771573613,0.9676460210579474,2.072538859029774,1.299605294763612,0.8084259729922362,2.1164021152823285,0.7407407403488151,0.07460317460317478,0
2026-01-01 18:00:00+00:00,1.948,1.972,1.948,1.972,134.61,0.0424714271088928,4.338624338624353,8.710033076074964,11.223914269599543,1.2158884765529878,0.0,1.879695648871124,1.1431573237523032,1.217038538936594,0.0,0.014198782961460488,0
2026-01-01 19:00:00+00:00,1.987,1.995,1.956,1.995,193.26,0.0115957941613831,1.166328600405686,8.541893362350383,11.51481274455004,1.6288871953758948,0.0,1.8820332877261396,1.1489078656963847,1.9548872170652265,0.0,0.009022556390977376,0
2026-01-01 20:00:00+00:00,2.008,2.008,2.008,2.008,0.54,0.0064951514876559,0.6516290726817031,8.306364617044215,12.241475684740076,0.0045505138639307,0.0,1.895601206712074,1.1453903514798736,0.0,0.0,0.002490039840637337,0
2026-01-01 21:00:00+00:00,1.983,2.007,1.983,2.007,299.3,-0.0004981320152816,-0.0498007968127489,8.019375672766426,12.122905027932962,2.284195195769819,0.0,1.9295877133846169,1.1472982844342945,1.195814648133626,0.0,0.002989536621823552,0
2026-01-01 22:00:00+00:00,2.007,2.028,1.984,1.999,1853.77,-0.003994014295938,-0.3986048829098143,4.659685863874352,10.747922437673129,8.910624337776143,1.4299802754289996,1.877109864167689,1.1581661610168794,2.2011005491740385,1.0505252621057857,0.007003501750875385,0
2026-01-01 23:00:00+00:00,2.039,2.039,2.002,2.031,95.01,0.0158812270799845,1.6008004002000975,7.460317460317478,12.52077562326872,0.4481621390000048,0.3923491905873719,1.6649624245486958,1.1780053136451705,1.8217626775865452,0.0,-0.025110782865583547,0
2026-01-02 00:00:00+00:00,1.998,2.013,1.988,2.0,6.5,-0.0153811020383023,-1.5263417035942917,1.4198782961460488,11.23470522803114,0.0306449585112963,0.6458022848257267,1.138869131624696,1.237227532427927,1.2499999993749955,0.649999999674995,0.00649999999999995,0
2026-01-02 01:00:00+00:00,2.01,2.013,2.01,2.013,129.02,0.006478966097709,0.649999999999995,0.9022556390977376,13.40845070422536,0.5965323264209146,0.0,1.073042041442217,1.1813005959005762,0.1490312964982514,0.0,-0.0009935419771484044,0
2026-01-02 02:00:00+00:00,2.013,2.013,2.013,2.013,0.0,0.0,0.0,0.2490039840637337,13.40845070422536,0.0,0.0,1.0449288445743212,1.1813005959005762,0.0,0.0,-0.01838052657724787,0
2026-01-02 03:00:00+00:00,2.013,2.013,2.013,2.013,0.0,0.0,0.0,0.2989536621823552,13.40845070422536,0.0,0.0,1.0442563970691354,1.1813005959005762,0.0,0.0,-0.014406358668653696,0
2026-01-02 04:00:00+00:00,2.013,2.013,2.013,2.013,29.84,0.0,0.0,0.7003501750875385,13.089887640449426,0.1408790383016103,0.0,1.022399846425373,1.185205215154644,0.0,0.0,0.0,0
2026-01-02 05:00:00+00:00,1.982,1.982,1.98,1.98,4.99,-0.0165293019512104,-1.639344262295073,-2.5110782865583547,11.048794167134046,0.0240072165980603,0.1009081735111463,0.9423164214439264,1.2638970019149238,0.1010101009590859,0.0,0.0015151515151514694,0
2026-01-02 06:00:00+00:00,1.998,2.013,1.998,2.013,297.89,0.0165293019512105,1.6666666666666607,0.649999999999995,12.899607403252954,1.583840281430854,0.0,1.0783473287717966,1.2839444110206355,0.7451564824912239,0.0,-0.0044709388971683195,0
2026-01-02 07:00:00+00:00,2.011,2.011,2.011,2.011,4.96,-0.0009940358671393,-0.0993541977148404,-0.0993541977148404,12.787436904094228,0.0263426940183159,0.0,1.0461922086718876,1.2858050844150797,0.0,0.0,-0.0009945300845352056,0
2026-01-02 08:00:00+00:00,1.986,1.986,1.976,1.976,3.66,-0.017557511464839,-1.74042764793636,-1.8380526577247869,10.39106145251396,0.0194337573035957,0.5035246724554261,1.2635901055299454,1.3659892270432,0.5060728742378179,0.0,0.019230769230769162,0
2026-01-02 09:00:00+00:00,1.991,1.998,1.984,1.984,40.82,0.0040404095370049,0.4048582995951344,-1.4406358668653696,11.273135165451498,0.2199215207365561,0.7007007003500002,1.293769184469134,1.3552471656798557,0.7056451609346552,0.352822580467322,0.007560483870967749,0
2026-01-02 10:00:00+00:00,1.995,2.013,1.995,2.013,30.67,0.0145111377949734,1.4616935483870996,0.0,11.523545706371197,0.1661613892824035,0.0,1.4714536971737306,1.3616428609637332,0.8941877789894643,0.0,0.017386984600099353,0
2026-01-02 11:00:00+00:00,2.003,2.003,1.983,1.983,174.47,-0.0150152971199954,-1.4903129657227954,0.1515151515151469,9.31642778390298,0.910232749227355,0.9985022461315524,1.438365239406007,1.418834922963174,1.0085728688812046,0.0,0.0408472012102874,0
2026-01-02 12:00:00+00:00,2.003,2.004,2.003,2.004,5.55,0.0105343336849593,1.0590015128592922,-0.4470938897168319,10.474090407938252,0.0289201829004654,0.0,1.3185121718902173,1.4231417155652808,0.0499001995758926,0.0,0.02644710578842302,0
2026-01-02 13:00:00+00:00,2.012,2.012,1.983,2.009,134.27,0.0024919026101788,0.2495009980039819,-0.0994530084535205,9.303590859630017,0.730240884675038,0.1491053677191381,1.324869909184592,1.4104284950087294,1.443504230242154,0.0,0.05027376804380279,0
2026-01-02 14:00:00+00:00,2.012,2.014,1.983,2.014,115.26,0.0024857084635731,0.2488800398207979,1.923076923076916,8.629989212513479,0.7415517084185901,0.0,1.0151309272175717,1.4066145526183476,1.5392254212814025,0.0,0.03972194637537241,0
2026-01-02 15:00:00+00:00,1.998,2.014,1.998,1.999,2591.97,-0.0074757387781074,-0.7447864945382188,0.7560483870967749,7.58880516684608,9.905838665155317,0.7447864941684119,1.1007489827856922,1.4240955290651511,0.8004001996996392,0.7503751872184056,0.0655327663831915,0
2026-01-02 16:00:00+00:00,2.04,2.048,1.999,2.048,1174.85,0.0242166516589982,2.451225612806396,1.738698460009935,7.225130890052367,3.79856417495414,0.0,1.3723194220342572,1.400188598277342,2.3925781238317456,0.0,0.0556640625,0
2026-01-02 17:00:00+00:00,2.02,2.064,2.017,2.064,78.41,0.0077821404420549,0.78125,4.08472012102874,9.206349206349218,0.2543157621599347,0.0,1.057470186040702,1.3734389974904355,2.277131781842482,0.0,0.04796511627906974,0
2026-01-02 18:00:00+00:00,2.021,2.061,2.021,2.057,53.82,-0.0033972369484961,-0.339147286821706,2.644710578842302,4.31034482758621,0.1764872254165986,0.1940805433313536,1.1074830211096678,1.1024200552086665,1.944579483741091,0.1944579483741091,0.077297034516286,0
2026-01-02 19:00:00+00:00,2.02,2.11,2.019,2.11,1531.95,0.0254393368171549,2.5765678172095186,5.027376804380279,5.764411027568905,4.246805089667489,0.0,1.3905226230971532,1.1889505197121983,4.312796206486815,0.0,0.03696682464454981,0
2026-01-02 20:00:00+00:00,2.11,2.125,2.094,2.094,76.92,-0.0076118350396299,-0.758293838862556,3.972194637537241,4.2828685258964105,0.2113694912919689,1.458823528725266,1.5275092194734698,1.2022864024817297,1.4804202476215824,0.7163323778814136,0.03151862464183397,0
2026-01-02 21:00:00+00:00,2.079,2.13,2.079,2.13,45.36,0.0170458672729886,1.7191977077363862,6.55327663831915,6.128550074738404,0.1283779640466369,0.0,1.4019269790841244,1.24075888367273,2.3943661960589697,0.0,0.016901408450704203,0
2026-01-02 22:00:00+00:00,2.132,2.162,2.132,2.162,987.05,0.0149117394956826,1.5023474178403662,5.56640625,8.154077038519247,3.1115793013126245,0.0,1.2657482774408195,1.2577782438943346,1.3876040696634488,0.0,0.005087881591119281,0
2026-01-02 23:00:00+00:00,2.162,2.163,2.13,2.163,586.05,0.0004624277539051,0.0462534690101712,4.796511627906974,6.499261447562765,1.735527400331473,0.0,1.3144971837159736,1.2296036359108296,1.5256588065068577,0.0,-0.009708737864077666,0
2026-01-03 00:00:00+00:00,2.168,2.216,2.134,2.216,335.36,0.0242076219141157,2.4503005085529495,7.7297034516286,10.80000000000001,0.954406069385436,0.0,1.3268879557995712,1.2430363971078389,3.7003610091605,0.0,-0.033844765342960326,0
2026-01-03 01:00:00+00:00,2.191,2.191,2.159,2.188,376.94,-0.0127158843253025,-1.26353790613718,3.696682464454981,8.693492300049698,1.0421031532986746,0.1369237790337942,1.4826758730861378,1.2891237833427458,1.4625228512511332,0.0,-0.034734917733089565,0
2026-01-03 02:00:00+00:00,2.188,2.188,2.16,2.16,568.57,-0.0128796628636611,-1.279707495429616,3.151862464183397,7.302533532041733,1.4752676593511953,1.2797074948447416,1.5913674369141544,1.3303609671742658,1.29629629569616,0.0,-0.022222222222222254,0
2026-01-03 03:00:00+00:00,2.184,2.189,2.146,2.166,124.28,0.0027739268827252,0.2777777777777768,1.6901408450704205,7.600596125186288,0.3181937953311227,1.0507080854039763,1.481242493946502,1.3289027966956068,1.985226222536837,0.2308402584345102,-0.024469067405355482,0
2026-01-03 04:00:00+00:00,2.169,2.173,2.168,2.173,282.1,0.0032265526954937,0.3231763619575334,0.5087881591119281,7.948335817188279,0.7033326857912462,0.0,1.362068255745137,1.327311751227938,0.2300966404831535,0.0,-0.027611596870685706,0
2026-01-03 05:00:00+00:00,2.146,2.146,2.142,2.142,81.93,-0.0143687292487356,-1.4265991716520987,-0.9708737864077666,8.18181818181818,0.2026484292144618,0.1863932897547097,1.4981924151031965,1.314024263479951,0.1867413631247707,0.0,-0.014005602240896309,0
2026-01-03 06:00:00+00:00,2.142,2.142,2.141,2.141,61.25,-0.0004669624180112,-0.0466853408029876,-3.384476534296033,6.358668653750632,0.1552849161299062,0.0466853407811875,0.8423581728569237,1.2849746961747257,0.0467071461715468,0.0,-0.013545072396076607,0
2026-01-03 07:00:00+00:00,2.127,2.127,2.112,2.112,37.16,-0.0136376437635307,-1.3545072396076607,-3.4734917733089565,5.022376926902039,0.0938910394821324,0.7052186174399386,0.8583177652623338,1.325495397695219,0.7102272723909756,0.0,0.009943181818181879,0
2026-01-03 08:00:00+00:00,2.113,2.113,2.112,2.112,31.99,0.0,0.0,-2.2222222222222254,6.882591093117418,0.0805878030857631,0.0473260766458414,0.8082048409908754,1.259425152658347,0.0473484848260608,0.0,0.009943181818181879,0
2026-01-03 09:00:00+00:00,2.113,2.113,2.113,2.113,44.59,0.0004733727899046,0.0473484848484861,-2.446906740535548,6.502016129032251,0.1122847366998999,0.0,0.7759014270594605,1.2599695221967395,0.0,0.0,0.009465215333648747,0
2026-01-03 10:00:00+00:00,2.113,2.113,2.113,2.113,0.0,0.0,0.0,-2.76115968706857,4.967709885742688,0.0,0.0,0.7241844038163872,1.2350201976445876,0.0,0.0,0.013724562233790705,0
2026-01-03 11:00:00+00:00,2.112,2.112,2.112,2.112,9.96,-0.0004733727899045,-0.0473260766682415,-1.4005602240896309,6.5052950075642935,0.0256052375907024,0.0,0.5540665886476975,1.1823582761225473,0.0,0.0,0.006628787878787845,0
2026-01-03 12:00:00+00:00,2.112,2.112,2.112,2.112,10.0,0.0,0.0,-1.3545072396076607,5.389221556886237,0.0256958214311055,0.0,0.557558851507625,1.171224602647411,0.0,0.0,0.013731060606060552,0
2026-01-03 13:00:00+00:00,2.139,2.139,2.133,2.133,66.62,0.0098940736451985,0.994318181818188,0.994318181818188,6.172224987556008,0.1724345071762363,0.2805049087047562,0.4050318703763629,1.181761015935492,0.2812939520481408,0.0,0.0037505860290669712,0
2026-01-03 14:00:00+00:00,2.133,2.133,2.133,2.133,0.0,0.0,0.0,0.994318181818188,5.908639523336645,0.0,0.0,0.4050318703763629,1.1828587289430754,0.0,0.0,0.00046882325363339916,0
2026-01-03 15:00:00+00:00,2.133,2.133,2.133,2.133,0.0,0.0,0.0,0.9465215333648748,6.70335167583791,0.0,0.0,0.4082283045731757,1.1654589700918732,0.0,0.0,-0.003281762775433683,0
2026-01-03 16:00:00+00:00,2.142,2.142,2.142,2.142,2.16,0.0042105325363434,0.421940928270037,1.3724562233790705,4.58984375,0.0096134053596532,0.0,0.4120119869734194,1.072756201691953,0.0,0.0,-0.007469654528478031,0
2026-01-03 17:00:00+00:00,2.126,2.126,2.126,2.126,2.16,-0.0074976921058008,-0.7469654528478031,0.6628787878787845,3.003875968992231,0.0097512894499787,0.0,0.5736923313337368,1.0814484928766022,0.0,0.0,-0.006114769520225716,0
2026-01-03 18:00:00+00:00,2.141,2.141,2.141,2.141,54.38,0.0070307296877896,0.7055503292568321,1.3731060606060552,4.083616917841515,0.2454718833568642,0.0,0.6168796800385177,1.0829831435083437,0.0,0.0,-0.007006071929005153,0
2026-01-03 19:00:00+00:00,2.116,2.141,2.116,2.141,2.61,0.0,0.0,0.3750586029066971,1.469194312796218,0.0165388758632752,0.0,0.4920150639102084,0.9574162211058072,1.167678654288796,0.0,-0.0014012143858010973,0
2026-01-03 20:00:00+00:00,2.117,2.141,2.109,2.134,22.99,-0.0032748567279841,-0.3269500233535782,0.0468823253633399,1.9102196752626588,0.1477858637037139,0.3269500232008696,0.5178092357439554,0.9452432533814528,1.4995313957359286,0.3280224928172395,0.0018744142455482393,0
2026-01-03 21:00:00+00:00,2.139,2.142,2.126,2.126,58.49,-0.0037558729598054,-0.3748828491096589,-0.3281762775433683,-0.187793427230043,0.3746717058460402,0.7469654524990831,0.5411201278254897,0.8830114759773725,0.7525870175199504,0.1411100657849959,0.005644402634054524,0
2026-01-03 22:00:00+00:00,2.126,2.126,2.126,2.126,0.0,0.0,0.0,-0.7469654528478031,-1.665124884366331,0.0,0.0,0.4921556338861616,0.8233997761693778,0.0,0.0,0.005644402634054524,0
2026-01-03 23:00:00+00:00,2.141,2.141,2.113,2.113,67.13,-0.0061335412858364,-0.6114769520225716,-0.6114769520225716,-2.3116042533518177,0.7190349315083182,1.3078000928034574,0.4595926503822098,0.8303311530829407,1.3251301460837066,0.0,0.020350212967345183,0
2026-01-04 00:00:00+00:00,2.128,2.142,2.126,2.126,26.9,0.0061335412858364,0.6152389966871619,-0.7006071929005153,-4.061371841155248,0.3341251727255221,0.7469654524990831,0.4285636452897364,0.6555810973806122,0.7525870175199504,0.6585136403299461,0.0,0
2026-01-04 01:00:00+00:00,2.111,2.14,2.111,2.138,66.26,0.0056285326830972,0.5644402634054524,-0.1401214385801097,-2.2851919561243217,0.9807034097281356,0.0934579438815721,0.5126882349222397,0.6282676173952254,1.356407857176606,0.0935453694604663,-0.005612722170252549,0
2026-01-04 02:00:00+00:00,2.138,2.138,2.138,2.138,0.0,0.0,0.0,0.1874414245548239,-1.0185185185185297,0.0,0.0,0.4908016779212133,0.5747855978329384,0.0,0.0,0.001403180542563165,0
2026-01-04 03:00:00+00:00,2.138,2.138,2.138,2.138,0.0,0.0,0.0,0.5644402634054524,-1.2927054478301003,0.0,0.0,0.4508679944596468,0.5708455760963225,0.0,0.0,0.00187090739008422,0
2026-01-04 04:00:00+00:00,2.138,2.138,2.138,2.138,0.0,0.0,0.0,0.5644402634054524,-1.6106764841233412,0.0,0.0,0.4508679944596468,0.565357080646669,0.0,0.0,0.00187090739008422,0
2026-01-04 05:00:00+00:00,2.142,2.156,2.142,2.156,79.04,0.0083838404438973,0.841908325537899,2.0350212967345183,0.65359477124185,2.9470086531238224,0.0,0.3793323385554257,0.5142288772627944,0.6493506490494771,0.0,0.0,0
2026-01-04 06:00:00+00:00,2.156,2.156,2.126,2.126,248.3,-0.0140123731269946,-1.3914656771799705,0.0,-0.7006071929005153,7.173363507027281,1.391465676534582,0.7724192662065646,0.5912512049213549,1.4111006578499172,0.0,0.022577610536218318,0
2026-01-04 07:00:00+00:00,2.126,2.126,2.126,2.126,0.0,0.0,0.0,-0.5612722170252549,0.6628787878787845,0.0,0.0,0.7229872998581199,0.518478069784013,0.0,0.0,0.022107243650047126,0
2026-01-04 08:00:00+00:00,2.14,2.141,2.14,2.141,116.58,0.0070307296877896,0.7055503292568321,0.1403180542563165,1.3731060606060552,3.186080143848612,0.0,0.7946557096524535,0.536407310515682,0.0467071461715468,0.0,0.0009341429238671761,0
2026-01-04 09:00:00+00:00,2.141,2.142,2.119,2.142,1154.17,0.0004669624180113,0.0467071461933699,0.187090739008422,1.3724562233790705,13.93539428985816,0.0,0.7946097183609971,0.5364078193706323,1.0737628379674165,0.0,0.007469654528478031,0
2026-01-04 10:00:00+00:00,2.142,2.142,2.142,2.142,0.0,0.0,0.0,0.187090739008422,1.3724562233790705,0.0,0.0,0.7946097183609971,0.5364078193706323,0.0,0.0,0.014939309056956063,0
2026-01-04 11:00:00+00:00,2.156,2.156,2.156,2.156,68.8,0.0065146810211938,0.65359477124185,0.0,2.083333333333326,0.8068054666448272,0.0,0.7595220645914463,0.5493201340594185,0.0,0.0,0.005565862708719838,0
2026-01-04 12:00:00+00:00,2.157,2.174,2.157,2.174,26.86,0.0083141356522669,0.8348794063079756,2.257761053621832,2.9356060606060552,0.3124088298686677,0.0,0.3953132983252476,0.569511495166691,0.7819687208914542,0.0,-0.014719411223551027,0
2026-01-04 13:00:00+00:00,2.158,2.173,2.158,2.173,13.63,-0.000460087424725,-0.0459981600735903,2.2107243650047126,1.87529301453353,0.1627090317619326,0.0,0.4043185648079217,0.5392453499971006,0.6902899214494811,0.0,-0.021629084215370575,0
2026-01-04 14:00:00+00:00,2.143,2.143,2.143,2.143,25.51,-0.0139019847828526,-1.3805798435342909,0.0934142923867176,0.4688232536333769,0.3007117000706214,0.0,0.7811728800578283,0.6169854044797864,0.0,0.0,0.0041997200186656425,0
2026-01-04 15:00:00+00:00,2.163,2.165,2.142,2.158,44.49,0.0069751503445029,0.6999533364442367,0.7469654528478031,1.1720581340834535,0.5132326504656098,0.3233256349545894,0.8300183183442831,0.6322664804156165,1.065801667717429,0.0926784058884819,-0.00278035217794248,0
2026-01-04 16:00:00+00:00,2.166,2.174,2.166,2.174,27.64,0.0073869218630747,0.7414272474513428,1.4939309056956065,1.4939309056956065,0.3149947291909742,0.0,0.8621057376103367,0.6436253719610727,0.3679852804195103,0.0,-0.010119595216191213,0
2026-01-04 17:00:00+00:00,2.158,2.168,2.158,2.168,88.62,-0.0027637051216178,-0.2759889604415755,0.5565862708719838,1.975540921919117,0.970114942518116,0.0,0.8582826683693537,0.6246467785601039,0.4612546123333803,0.0,-0.00507380073800745,0
2026-01-04 18:00:00+00:00,2.142,2.158,2.142,2.142,91.33,-0.0120651115518428,-1.1992619926199375,-1.4719411223551029,0.0467071461933699,0.9832103527828306,0.741427247107773,0.9091228890703396,0.6625034591695257,0.7469654524990831,0.7469654524990831,0.0,0
2026-01-04 19:00:00+00:00,2.127,2.127,2.126,2.126,57.11,-0.0074976921058008,-0.7469654528478031,-2.1629084215370575,-0.7006071929005153,0.6001444928456758,0.0470145744959917,0.9232711667806964,0.6800446780958479,0.0470366885949916,0.0,0.015051740357478804,0
2026-01-04 20:00:00+00:00,2.111,2.152,2.111,2.152,130.76,0.0121553623797818,1.2229539040451654,0.4199720018665642,0.843486410496741,1.312181701093195,0.0,0.9565199750550272,0.7222572993082615,1.905204460081221,0.0,0.0027881040892192566,0
2026-01-04 21:00:00+00:00,2.152,2.152,2.152,2.152,30.06,0.0,0.0,-0.278035217794248,1.2229539040451654,0.3052822667634313,0.0,0.9060329292998784,0.7170242211469916,0.0,0.0,0.009293680297397744,0
2026-01-04 22:00:00+00:00,2.152,2.152,2.152,2.152,0.0,0.0,0.0,-1.0119595216191213,1.2229539040451654,0.0,0.0,0.8245376495243854,0.7170242211469916,0.0,0.0,-0.012081784386617223,0
2026-01-04 23:00:00+00:00,2.157,2.157,2.157,2.157,13.89,0.0023207251074812,0.232342007434938,-0.507380073800745,2.0823473734027376,0.1443148120074185,0.0,0.8373869552129918,0.7036266895721137,0.0,0.0,-0.018080667593880495,0
2026-01-05 00:00:00+00:00,2.157,2.157,2.113,2.142,76.98,-0.0069783953814623,-0.6954102920723293,0.0,0.7525870178739513,0.7828375062949251,0.6954102917499314,0.7184037703432715,0.7117467055467578,2.0541549943724786,0.0,-0.013071895424836666,0
2026-01-05 01:00:00+00:00,2.156,2.158,2.142,2.158,110.88,0.0074418948103858,0.7469654528478031,1.5051740357478804,0.9354536950420878,1.106655854271283,0.0,0.6633548932601988,0.7185653464703093,0.741427247107773,0.0,-0.007414272474513428,0
2026-01-05 02:00:00+00:00,2.143,2.158,2.142,2.158,50.2,0.0,0.0,0.2788104089219256,0.9354536950420878,0.490783550924994,0.0,0.4651313386886994,0.7185653464703093,0.741427247107773,0.0,-0.014828544949026856,0
2026-01-05 03:00:00+00:00,2.143,2.172,2.143,2.172,18.48,0.0064665352357461,0.6487488415199305,0.9293680297397744,1.5902712815715647,0.179320996387743,0.0,0.5234861680213323,0.7290939526515543,1.3351749533447792,0.0,-0.015193370165746067,0
2026-01-05 04:00:00+00:00,2.17,2.173,2.126,2.126,239.59,-0.0214061221519329,-2.117863720073676,-1.2081784386617225,-0.5612722170252549,2.1195464665191497,2.1629084205416964,1.0815528064790372,0.8571701701227383,2.2107243639648595,0.1411100657849959,-0.007055503292568099,0
2026-01-05 05:00:00+00:00,2.118,2.118,2.118,2.118,9.38,-0.0037700327405415,-0.3762935089369756,-1.8080667593880495,-1.7625231910946335,0.0851675582417,0.0,1.060984706434848,0.8397650840706452,0.0,0.0,-0.00802644003777142,0
2026-01-05 06:00:00+00:00,2.141,2.141,2.114,2.114,244.39,-0.0018903597311687,-0.1888574126534425,-1.3071895424836666,-0.5644402634054524,2.222274423606822,1.2610929466319103,1.0434085333437628,0.7915422070790388,1.2771996209663263,0.0,0.0052034058656575954,0
2026-01-05 07:00:00+00:00,2.141,2.142,2.141,2.142,62.07,0.0131580845775112,1.324503311258285,-0.7414272474513428,0.7525870178739513,0.5514433149923987,0.0,1.167672591386298,0.8374827018592986,0.0466853407811875,0.0,-0.0028011204481791507,0
2026-01-05 08:00:00+00:00,2.126,2.126,2.126,2.126,2.16,-0.0074976921058008,-0.7469654528478031,-1.4828544949026856,-0.7006071929005153,0.0200386548123382,0.0,1.1916180462781485,0.8393151032099517,0.0,0.0,0.015051740357478804,0
2026-01-05 09:00:00+00:00,2.114,2.139,2.112,2.139,183.54,0.0060961501805123,0.6114769520225716,-1.5193370165746067,-0.1400560224089742,2.725217617213012,0.0,1.1861335695608028,0.849336676171305,1.262272089171434,0.0,0.0187003272557269,0
2026-01-05 10:00:00+00:00,2.111,2.111,2.111,2.111,60.74,-0.0131766612340848,-1.3090229079008695,-0.7055503292568099,-1.4472455648926077,0.8692095330533713,0.0,0.9482289023348104,0.8905319604127295,0.0,0.0,0.037423022264329475,0
2026-01-05 11:00:00+00:00,2.11,2.11,2.101,2.101,46.01,-0.0047483470033203,-0.4737091425864648,-0.8026440037771421,-2.5510204081632737,0.6674887567000222,0.4265402841580329,0.9543942301035164,0.8809939239631841,0.4283674438703581,0.0,0.04236078058067583,0
2026-01-05 12:00:00+00:00,2.125,2.126,2.125,2.125,88.3,0.0113583805135167,1.142313184197996,0.5203405865657595,-2.25390984360625,1.2351377814906266,0.0470366885949916,1.08370515297296,0.8971459762155289,0.0470588235072612,0.0470588235072612,0.03952941176470581,0
2026-01-05 13:00:00+00:00,2.136,2.136,2.136,2.136,11.67,0.0051631187215682,0.5176470588235338,-0.2801120448179151,-1.7027151403589458,0.1634263041172119,0.0,0.9422407889532513,0.9057819949329896,0.0,0.0,0.018258426966291985,0
2026-01-05 14:00:00+00:00,2.132,2.158,2.132,2.158,85.06,0.0102469457379943,1.0299625468164653,1.5051740357478804,0.6999533364442367,1.1511771505751107,0.0,0.9558307428350832,0.8868633011296786,1.2048192765501209,0.0,0.011121408711770142,0
2026-01-05 15:00:00+00:00,2.167,2.19,2.159,2.179,182.55,0.0096841891265397,0.9731232622798736,1.87003272557269,0.9731232622798736,2.292129893609948,0.5022831047934835,0.9933912280790976,0.8974023699098799,1.4226709493241592,0.5048187239537373,0.015603487838458108,0
2026-01-05 16:00:00+00:00,2.2,2.2,2.174,2.19,214.3,0.0050354878659267,0.5048187241854185,3.742302226432947,0.7359705611775569,2.4513958065942356,0.4545454543388534,0.5956315059131404,0.8907051709914802,1.18721461133005,0.0,0.021461187214611988,0
2026-01-05 17:00:00+00:00,2.205,2.205,2.158,2.19,210.65,0.0,0.0,4.236078058067583,1.0147601476014678,2.2771947209338985,0.6802721085350296,0.4311212810692543,0.8883480020361595,2.146118720481231,0.0,-0.002739726027397138,0
2026-01-05 18:00:00+00:00,2.206,2.216,2.206,2.209,540.82,0.0086383806095707,0.8675799086758085,3.9529411764705817,3.127917833800198,4.862049977668224,0.3158844763917541,0.387103140008411,0.861961512666429,0.4526935262776503,0.3168854683943532,-0.011317338162064261,0
2026-01-05 19:00:00+00:00,2.175,2.175,2.175,2.175,56.72,-0.0155112598973327,-1.5391579900407515,1.8258426966291983,2.304797742238951,0.5099955042663571,0.0,0.9846790664041412,0.9115502314243688,0.0,0.0,0.028505747126436942,0
2026-01-05 20:00:00+00:00,2.178,2.217,2.175,2.182,979.29,0.0032132228702316,0.3218390804597737,1.1121408711770142,1.3940520446096505,6.681285942877836,1.578709967713714,0.9211926171425936,0.8815364398077185,1.924839595818142,1.6040329965151152,0.025206232813932195,0
2026-01-05 21:00:00+00:00,2.217,2.217,2.213,2.213,26.16,0.0141071736580336,1.4207149404216413,1.5603487838458108,2.834572490706311,0.1786768284167737,0.1804239963101381,1.0099110685438757,0.9235540616678674,0.1807501128871442,0.0,-0.015363759602349814,0
2026-01-05 22:00:00+00:00,2.216,2.237,2.183,2.237,596.63,0.0107866214390798,1.0845006778129165,2.1461187214611988,3.949814126394058,3.4835809130648148,0.0,1.0637302735964913,0.9436672133566631,2.4139472497032095,0.0,-0.025927581582476655,0
2026-01-05 23:00:00+00:00,2.184,2.184,2.184,2.184,2165.23,-0.0239776246253339,-2.3692445239159587,-0.2739726027397138,1.251738525730195,8.298815037177942,0.0,1.5585770338428109,1.0782004782156278,0.0,0.0,0.02426739926739918,0
2026-01-06 00:00:00+00:00,2.184,2.184,2.184,2.184,0.0,0.0,0.0,-1.131733816206426,1.9607843137255057,0.0,0.0,1.496410953223668,1.0664500739277427,0.0,0.0,0.025641025641025772,0
2026-01-06 01:00:00+00:00,2.211,2.237,2.211,2.237,96.36,0.0239776246253338,2.426739926739918,2.850574712643694,3.660797034291008,0.3748018734892963,0.0,1.6394352121462097,1.160438507058383,1.162270898005254,0.0,-0.024139472507823112,0
2026-01-06 02:00:00+00:00,2.237,2.237,2.237,2.237,0.0,0.0,0.0,2.5206232813932195,3.660797034291008,0.0,0.0,1.6504138937320716,1.160438507058383,0.0,0.0,-0.024139472507823112,0
2026-01-06 03:00:00+00:00,2.21,2.21,2.179,2.179,505.31,-0.0262696265455098,-2.5927581582476655,-1.5363759602349814,0.3222836095764014,1.8355635673385289,1.4027149314919904,1.9577249747618393,1.2851877997341172,1.4226709493241592,0.0,0.025699862322166256,0
2026-01-06 04:00:00+00:00,2.179,2.179,2.179,2.179,0.0,0.0,0.0,-2.5927581582476655,2.4929444967074277,0.0,0.0,1.8573802506293464,1.2007014657524044,0.0,0.0,0.025699862322166256,0
2026-01-06 05:00:00+00:00,2.187,2.237,2.187,2.237,233.5,0.0262696265455097,2.6617714547957805,2.426739926739918,5.618508026440039,0.8501910047211992,0.0,1.928363015569919,1.3009216332847808,2.2351363423177872,0.0,-0.0008940545373268272,0
2026-01-06 06:00:00+00:00,2.238,2.24,2.238,2.24,1.44,0.001340183358956,0.134108180599024,2.564102564102577,5.96026490066226,0.0054437970484207,0.0,1.9235785565460637,1.2980897425323776,0.0892857142458645,0.0,0.001339285714285543,0
2026-01-06 07:00:00+00:00,2.19,2.19,2.183,2.183,137.93,-0.0257757882991418,-2.544642857142876,-2.413947250782311,1.9140989729224955,0.515275427783212,0.3196347030504005,1.9732498304878177,1.397438223967718,0.3206596425466569,0.0,0.030233623453962633,0
2026-01-06 08:00:00+00:00,2.183,2.183,2.183,2.183,0.0,0.0,0.0,-2.413947250782311,2.6810912511759044,0.0,0.0,1.9732498304878177,1.386442608038049,0.0,0.0,0.012368300503893703,0
2026-01-06 09:00:00+00:00,2.179,2.235,2.179,2.235,20.88,0.0235411504977252,2.3820430600091536,2.5699862322166256,4.488078541374474,0.0800568730975994,0.0,1.89902598170659,1.4576622891597606,2.5055928400422425,0.0,-0.026398210290827562,0
2026-01-06 10:00:00+00:00,2.235,2.235,2.235,2.235,0.0,0.0,0.0,2.5699862322166256,5.873993368071995,0.0,0.0,1.89902598170659,1.4230900335999834,0.0,0.0,-0.03713646532438464,0
2026-01-06 11:00:00+00:00,2.235,2.235,2.235,2.235,0.0,0.0,0.0,-0.0894054537326827,6.377915278438828,0.0,0.0,1.562203430527584,1.4160345306262196,0.0,0.0,-0.051901565995525534,0
2026-01-06 12:00:00+00:00,2.237,2.243,2.237,2.243,133.04,0.0035730274725391,0.3579418344519025,0.1339285714285543,5.552941176470583,0.515197965642438,0.0,1.5691048446165845,1.4039067475993727,0.2674988853020416,0.0,-0.031654034774854956,0
2026-01-06 13:00:00+00:00,2.249,2.249,2.249,2.249,11.1,0.0026714174391075,0.2674988854213245,3.0233623453962633,5.290262172284654,0.0429887509539288,0.0,0.9232823485387018,1.4025808532970678,0.0,0.0,-0.04313028012449971,0
2026-01-06 14:00:00+00:00,2.25,2.253,2.21,2.21,179.16,-0.0174931574475172,-1.7341040462427793,1.2368300503893703,2.4096385542168752,0.6834830958777437,1.908566355122702,1.307604921617629,1.4465479475432077,1.945701356585662,0.1357466062734229,-0.01628959276018105,0
2026-01-06 15:00:00+00:00,2.26,2.26,2.176,2.176,200.17,-0.0155041865359651,-1.538461538461533,-2.639821029082756,-0.1376778338687323,0.76150199169427,3.7168141576474114,0.945523226530666,1.4718949930103784,3.8602941158730095,0.0,0.023437499999999778,0
2026-01-06 16:00:00+00:00,2.176,2.204,2.152,2.152,2447.65,-0.0110906866941581,-1.1029411764705843,-3.713646532438464,-1.7351598173515947,6.876998937002749,2.3593466413977575,0.9493231148094304,1.4843901363887668,2.4163568762005796,1.3011152410310811,0.025092936802973975,0
2026-01-06 17:00:00+00:00,2.173,2.188,2.119,2.119,357.02,-0.0154533630133758,-1.5334572490706244,-5.190156599552553,-3.242009132420076,0.986196553797108,3.1535648980102513,0.9535991355405145,1.514303880678149,3.2562529479677873,0.7078810756451775,0.05568664464369988,0
2026-01-06 18:00:00+00:00,2.119,2.172,2.119,2.172,92.57,0.0247041227855269,2.501179801793296,-3.1654034774854956,-1.6749660479855155,0.2696161239579728,0.0,1.6451078482962855,1.5939025794369368,2.4401473285266326,0.0,0.00874769797421715,0
2026-01-06 19:00:00+00:00,2.172,2.172,2.152,2.152,58.14,-0.0092507597721509,-0.920810313075504,-4.313028012449971,-1.057471264367804,0.169307341552947,0.9208103126515612,1.6000695494399368,1.573609149670752,0.9293680293079152,0.0,0.017657992565055736,0
2026-01-06 20:00:00+00:00,2.146,2.174,2.146,2.174,9.63,0.0101711463994796,1.0223048327137496,-1.6289592760181049,-0.3666361136571927,0.0317825278604876,0.0,1.647152422084435,1.5869905363938623,1.2879484814682862,0.0,0.007359705611775569,0
2026-01-06 21:00:00+00:00,2.185,2.233,1.736,2.227,2442.55,0.0240865995762127,2.4379024839006336,2.343749999999978,0.6326253953908623,6.050714727321359,0.2686968203006386,1.8176052327175067,1.638224996932338,22.317018400396492,0.2694207452764265,-0.022451728783116187,0
2026-01-06 22:00:00+00:00,2.225,2.231,2.206,2.206,515.67,-0.0094744674439197,-0.9429726088908796,2.5092936802973975,-1.3857845328565157,1.2881887304999904,1.1205737332494028,1.79203248658838,1.6338343876151251,1.1332728915986936,0.2719854939836776,-0.006346328195829476,0
2026-01-06 23:00:00+00:00,2.222,2.237,2.207,2.237,99.79,0.0139547616766819,1.40525838621941,5.568664464369988,2.426739926739918,0.3175535109796297,0.0,1.5326684443344445,1.5802616251081232,1.3410818053906763,0.0,-0.018775145283862482,0
2026-01-07 00:00:00+00:00,2.206,2.206,2.191,2.191,15.52,-0.0207776218946632,-2.0563254358516025,0.874769797421715,0.3205128205127971,0.0492865961046039,0.6799637349592242,1.7162520255861742,1.6416931640216792,0.6846188951690523,0.0,0.010953902327704323,0
2026-01-07 01:00:00+00:00,2.221,2.221,2.19,2.19,79.41,-0.0004565167849199,-0.0456412596987587,1.7657992565055736,-2.101028162717933,0.2527478356807436,1.395767671591286,1.6425412969382411,1.561184247883595,1.4155251135088989,0.0,0.01461187214611881,0
2026-01-07 02:00:00+00:00,2.19,2.19,2.19,2.19,0.0,0.0,0.0,0.7359705611775569,-2.101028162717933,0.0,0.0,1.604756439765818,1.561184247883595,0.0,0.0,0.023287671232876894,0
2026-01-07 03:00:00+00:00,2.203,2.203,2.177,2.177,81.21,-0.005953761575999,-0.5936073059360725,-2.2451728783116187,-0.0917852225791548,0.2738808214279489,1.180208805637663,1.1540597335730038,1.4699729780047222,1.1943040876461537,0.0,0.005971520440973821,0
2026-01-07 04:00:00+00:00,2.2,2.216,2.179,2.192,86.41,0.0068665868333588,0.6890215893431417,-0.6346328195829476,0.5966039467645956,0.2879217636489596,1.0830324904859971,1.1853228652266996,1.4767175939509478,1.6879562036095257,0.7299270069662747,0.005474452554744547,0
2026-01-07 05:00:00+00:00,2.207,2.207,2.195,2.195,512.94,0.0013676774413655,0.1368613138686081,-1.877514528386248,-1.877514528386248,1.645306279005125,0.5437245126670941,0.9555233395902764,1.3695256786543075,0.5466970384753094,0.0,0.004100227790432953,0
2026-01-07 06:00:00+00:00,2.215,2.215,2.215,2.215,13.66,0.0090703569699642,0.9111617312072884,1.0953902327704323,-1.1160714285714413,0.0437443708342773,0.0,0.5425246511514271,1.383768701956659,0.0,0.0,-0.004966139954853177,0
2026-01-07 07:00:00+00:00,2.192,2.222,2.192,2.222,132.53,0.0031552877203394,0.3160270880361304,1.461187214611881,1.7865322950068707,0.4247160854834467,0.0,0.5322098534278589,1.2754921591644213,1.3501350128937195,0.0,-0.023402340234023433,0
2026-01-07 08:00:00+00:00,2.239,2.241,2.239,2.241,93.72,0.0085145036013518,0.855085508550868,2.3287671232876894,2.656894182317915,0.2966303870475936,0.0,0.5672155832876418,1.2851554377909835,0.0892458723385883,0.0,-0.032574743418116836,0
2026-01-07 09:00:00+00:00,2.207,2.21,2.19,2.19,131.39,-0.0230206509903805,-2.27576974564927,0.5971520440973821,-2.0134228187919434,0.4098849905359173,0.9049773751561196,1.214732099352568,1.2829845156832824,0.9132420087154154,0.1369863013073174,-0.021917808219178103,0
2026-01-07 10:00:00+00:00,2.177,2.204,2.177,2.204,123.7,0.0063723474622586,0.6392694063926951,0.5474452554744547,-1.3870246085011084,0.379788614016012,0.0,1.2101107247450176,1.2913809827758227,1.2250453714949945,0.0,-0.02813067150635218,0
2026-01-07 11:00:00+00:00,2.204,2.204,2.204,2.204,0.0,0.0,0.0,0.4100227790432953,-1.3870246085011084,0.0,0.0,1.2103641102390008,1.2913809827758227,0.0,0.0,-0.020871143375680745,0
2026-01-07 12:00:00+00:00,2.204,2.204,2.204,2.204,0.0,0.0,0.0,-0.4966139954853177,-1.7387427552385093,0.0,0.0,1.13919170093942,1.2884388713169062,0.0,0.0,-0.02813067150635218,0
2026-01-07 13:00:00+00:00,2.198,2.198,2.17,2.17,212.7,-0.0155467237383,-1.5426497277677087,-2.3402340234023433,-3.5126722987994796,0.6473621337263478,1.2738853497389069,1.2580090417781526,1.320783268673721,1.2903225800505438,0.0,-0.005990783410138256,0
2026-01-07 14:00:00+00:00,2.17,2.17,2.142,2.168,606.92,-0.0009220839749683,-0.0921658986175022,-3.2574743418116836,-1.900452488687776,1.7521417487589703,0.0921658985750286,1.1227800608817455,1.2760426509817753,1.291512914533436,0.0,-0.016605166051660514,0
2026-01-07 15:00:00+00:00,2.143,2.143,2.142,2.142,67.96,-0.0120651115518428,-1.1992619926199375,-2.1917808219178103,-1.562500000000011,0.1993670770026017,0.0466635557411691,0.8329090098299038,1.260650001694248,0.0466853407811875,0.0,0.0032679738562091387,0
2026-01-07 16:00:00+00:00,2.152,2.152,2.142,2.142,6.8,0.0,0.0,-2.813067150635218,-0.4646840148698983,0.0284308670019577,0.4646840146539679,0.710521428021721,1.240910415989803,0.4668534078119373,0.0,0.002801120448179484,0
2026-01-07 17:00:00+00:00,2.158,2.158,2.158,2.158,2.15,0.0074418948103858,0.7469654528478031,-2.0871143375680745,1.8404907975460016,0.0095815143620159,0.0,0.8594812276942251,1.206016704042445,0.0,0.0,-0.00278035217794248,0
2026-01-07 18:00:00+00:00,2.162,2.162,2.142,2.142,91.9,-0.0074418948103858,-0.7414272474513428,-2.813067150635218,-1.3812154696132728,0.4096049919197299,0.9250693797756396,0.8522721942862024,1.102602086891666,0.9337068156238538,0.0,0.004668534080298992,0
2026-01-07 19:00:00+00:00,2.157,2.157,2.157,2.157,72.29,0.0069783953814622,0.7002801120448154,-0.5990783410138256,0.232342007434938,0.3213573260957958,0.0,0.774417382624157,1.0968610065990467,0.0,0.0,-0.014371812702828057,0
2026-01-07 20:00:00+00:00,2.142,2.142,2.131,2.132,223.48,-0.0116578611034211,-1.1590171534538674,-1.6605166051660514,-1.931922723091073,0.9556042546327196,0.4668534078119166,0.8879235287152417,1.100189718320636,0.5159474669249833,0.0,-0.000469043151970161,0
2026-01-07 21:00:00+00:00,2.149,2.149,2.149,2.149,46.41,0.0079421113567753,0.7973733583489739,0.3267973856209138,-3.5024696901661323,0.3462829855471962,0.0,0.8445949495366321,0.9846135387031508,0.0,0.0,-0.016286644951140183,0
2026-01-07 22:00:00+00:00,2.144,2.15,2.144,2.148,43.13,-0.000465441013755,-0.0465332712889621,0.2801120448179484,-2.629193109700811,0.3772275712243157,0.0930232557706766,0.8454076336731233,0.9698952234341964,0.2793296088084956,0.093109869602825,-0.0027932960893856107,0
2026-01-07 23:00:00+00:00,2.144,2.152,2.126,2.152,90.21,0.0018604656529196,0.1862197392923592,-0.278035217794248,-3.799731783638805,0.7917672356976191,0.0,0.7815991839603411,0.918264121782909,1.2081784381003002,0.0,0.0009293680297397522,0
2026-01-08 00:00:00+00:00,2.152,2.152,2.152,2.152,0.0,0.0,0.0,0.4668534080298991,-1.7800091282519248,0.0,0.0,0.7039079193515098,0.8227094472407376,0.0,0.0,-0.023234200743494582,0
2026-01-08 01:00:00+00:00,2.157,2.157,2.126,2.126,12.15,-0.0121553623797819,-1.2081784386617225,-1.4371812702828055,-2.922374429223751,0.109968849700701,1.4371812696165194,0.7943393177398786,0.8549317394501864,1.458137346444909,0.0,0.0,0
2026-01-08 02:00:00+00:00,2.157,2.157,2.131,2.131,20.67,0.0023490731967237,0.2351834430855959,-0.0469043151970161,-2.694063926940649,0.1856357560613939,1.205377839033216,0.6633089716488874,0.8577481250795101,1.2200844668136746,0.0,0.004692632566870136,0
2026-01-08 03:00:00+00:00,2.131,2.131,2.114,2.114,1168.58,-0.0080094656684341,-0.7977475363678987,-1.6286644951140183,-2.893890675241162,7.459616458712389,0.7977475359935444,0.5935662121333726,0.8637715470989925,0.8041627243121229,0.0,-0.0018921475875118832,0
2026-01-08 04:00:00+00:00,2.114,2.142,2.114,2.142,2047.69,0.0131580845775112,1.324503311258285,-0.279329608938561,-2.2810218978102315,8.590234540200079,0.0,0.8862448679762944,0.8982507471456664,1.3071895418733954,0.0,-0.007469654528478031,0
2026-01-08 05:00:00+00:00,2.126,2.154,2.126,2.154,465.31,0.0055866067086397,0.5602240896358524,0.0929368029739752,-1.8678815489749367,1.9684031480435296,0.0,0.9182854278968968,0.9070917601594992,1.2999071488858382,0.0,-0.01299907149489321,0
2026-01-08 06:00:00+00:00,2.127,2.14,2.102,2.102,521.38,-0.0244373062794374,-2.414113277623031,-2.323420074349458,-5.101580135440176,2.024426191573856,1.7757009337496843,1.3615010687441391,1.001727657444002,1.8078020923845024,0.6184586105526051,0.0038058991436726863,0
2026-01-08 07:00:00+00:00,2.097,2.126,2.094,2.126,167.63,0.0113530074649967,1.141769743101806,0.0,-4.320432043204326,0.6472023770238695,0.0,1.4142756210432643,1.034168525759811,1.5051740350399008,0.0,-0.015051740357478804,0
2026-01-08 08:00:00+00:00,2.141,2.141,2.141,2.141,4.7,0.0070307296877896,0.7055503292568321,0.4692632566870136,-4.462293618920132,0.0184098642924619,0.0,1.4424616435901974,1.028135107811796,0.0,0.0,-0.014479215319944005,0
2026-01-08 09:00:00+00:00,2.11,2.11,2.11,2.11,2.18,-0.0145850621195706,-1.4479215319944003,-0.1892147587511883,-3.65296803652968,0.008722994894879,0.0,1.5440048207008343,0.965298028558597,0.0,0.0,0.008056872037914609,0
2026-01-08 10:00:00+00:00,2.094,2.126,2.081,2.126,94.0,0.0075543324317811,0.7582938388625671,-0.7469654528478031,-3.5390199637023723,0.3780008846814016,0.0,1.4609153264474006,0.969807031450875,2.116650986774855,0.0,0.007525870178739513,0
2026-01-08 11:00:00+00:00,2.126,2.126,2.126,2.126,0.0,0.0,0.0,-1.299907149489321,-3.5390199637023723,0.0,0.0,1.4260173254548778,0.969807031450875,0.0,0.0,0.007525870178739513,0
2026-01-08 12:00:00+00:00,2.111,2.111,2.11,2.11,75.0,-0.007554332431781,-0.7525870178739402,0.3805899143672686,-4.264972776769527,0.2978534693298382,0.0473709142362209,1.0027730189693955,0.9769554015384782,0.0473933649064644,0.0,0.0018957345971564177,0
2026-01-08 13:00:00+00:00,2.122,2.122,2.094,2.094,28.76,-0.0076118350396299,-0.758293838862556,-1.5051740357478804,-3.5023041474654404,0.1178024678711062,1.3195098957023998,0.8898265756085435,0.9412417905738324,1.3371537720452955,0.0,0.009551098376313183,0
2026-01-08 14:00:00+00:00,2.106,2.11,2.104,2.11,37.81,0.00761183503963,0.764087870105068,-1.4479215319944003,-2.6752767527675414,0.1715325914562394,0.0,0.9025363961420928,0.9594069621619546,0.2843601894386816,0.0,-0.0033175355450235644,0
2026-01-08 15:00:00+00:00,2.125,2.158,2.125,2.127,78.61,0.0080245887301249,0.8056872037914609,0.8056872037914609,-0.7002801120448265,0.3559134024025359,1.4365152912713155,0.7532298842015903,0.9474153597586092,1.5514809583678943,1.4574518093759108,-0.011283497884343907,0
2026-01-08 16:00:00+00:00,2.158,2.162,2.142,2.142,22.63,0.0070274358074568,0.7052186177715081,0.7525870178739513,0.0,0.1021541679279602,0.9250693797756396,0.7447921199828595,0.9591465960548112,0.9337068156238538,0.1867413631247707,-0.014472455648926075,0
2026-01-08 17:00:00+00:00,2.142,2.142,2.142,2.142,0.0,0.0,0.0,0.7525870178739513,-0.7414272474513428,0.0,0.0,0.7447921199828595,0.9459808964803442,0.0,0.0,-0.014472455648926075,0
2026-01-08 18:00:00+00:00,2.127,2.138,2.114,2.114,94.91,-0.0131580845775111,-1.3071895424836666,0.1895734597156417,-1.3071895424836666,0.4283642969554886,1.1225444335254715,0.8968793660727545,0.9715676865668152,1.135288551970063,0.5203405863196175,-0.0018921475875118832,0
2026-01-08 19:00:00+00:00,2.114,2.114,2.114,2.114,0.0,0.0,0.0,0.9551098376313184,-1.9935095039406605,0.0,0.0,0.8121504060343714,0.9584162036797532,0.0,0.0,-0.009460737937559194,0
2026-01-08 20:00:00+00:00,2.111,2.111,2.103,2.103,108.53,-0.005216990727483,-0.5203405865657373,-0.3317535545023564,-1.360225140712945,0.5077139888754467,0.3789673138896415,0.7903045184164013,0.935549709562154,0.3804089394291924,0.0,0.003328578221587941,0
2026-01-08 21:00:00+00:00,2.103,2.103,2.103,2.103,0.0,0.0,0.0,-1.1283497884343907,-2.1405304792926905,0.0,0.0,0.6756856502839623,0.918011274710064,0.0,0.0,-0.0028530670470756636,0
2026-01-08 22:00:00+00:00,2.124,2.126,2.111,2.111,197.51,0.0037968721456209,0.3804089396100885,-1.4472455648926077,-1.722532588454373,0.9049264450367646,0.7055503289249377,0.598911933755061,0.9230010137985236,0.7105637135430621,0.0947418284723998,-0.006631927996210485,0
2026-01-08 23:00:00+00:00,2.111,2.111,2.111,2.111,0.0,0.0,0.0,-1.4472455648926077,-1.9052044609665364,0.0,0.0,0.598911933755061,0.9215161390242076,0.0,0.0,-0.006158218853623998,0
2026-01-09 00:00:00+00:00,2.11,2.11,2.11,2.11,2.18,-0.0004738213782085,-0.0473709142586598,-0.1892147587511883,-1.9516728624535464,0.0101587696083002,0.0,0.2872626055623113,0.9213877078694468,0.0,0.0,0.0028436018957347375,0
2026-01-09 01:00:00+00:00,2.117,2.12,2.094,2.094,51.83,-0.0076118350396299,-0.758293838862556,-0.9460737937559194,-1.5051740357478804,0.2396804568854272,1.2264150937611362,0.4116741672382808,0.901541405493586,1.2416427883277852,0.1432664755762869,0.010506208213944657,0
2026-01-09 02:00:00+00:00,2.11,2.11,2.11,2.11,2.2,0.00761183503963,0.764087870105068,0.3328578221587941,-0.9854528390426998,0.0102099221879698,0.0,0.5073073343235858,0.9154010930991774,0.0,0.0,-0.017535545023696697,0
2026-01-09 03:00:00+00:00,2.097,2.097,2.097,2.097,37.02,-0.0061801955681922,-0.6161137440758302,-0.2853067047075663,-0.8041627246925254,0.2199273245726907,0.0,0.5785414096191396,0.9095435043751056,0.0,0.0,-0.002384358607534498,0
2026-01-09 04:00:00+00:00,2.097,2.097,2.097,2.097,0.0,0.0,0.0,-0.6631927996210485,-2.1008403361344463,0.0,0.0,0.5420702273939504,0.8631381284250281,0.0,0.0,-0.002384358607534498,0
2026-01-09 05:00:00+00:00,2.118,2.118,2.098,2.098,2.83,0.0004767580543225,0.0476871721506899,-0.6158218853623998,-2.599814298978642,0.0444005726568659,0.9442870628213952,0.5443655627848454,0.8527207481203213,0.9532888460661167,0.0,-0.0028598665395613843,0
2026-01-09 06:00:00+00:00,2.116,2.116,2.116,2.116,2.36,0.0085430040219476,0.8579599618684597,0.2843601895734737,0.6660323501427312,0.0560409225367373,0.0,0.6722220499774217,0.7148373873100027,0.0,0.0,-0.025519848771266673,0
2026-01-09 07:00:00+00:00,2.116,2.116,2.116,2.116,0.0,0.0,0.0,1.0506208213944657,-0.4703668861712029,0.0,0.0,0.5497995395434818,0.6747952455604217,0.0,0.0,-0.02032136105860116,0
2026-01-09 08:00:00+00:00,2.115,2.115,2.073,2.073,126.51,-0.0205306805424104,-2.032136105860116,-1.7535545023696697,-3.1760859411489983,3.1467866136624405,1.9858156018979716,0.9805623802638592,0.7737259969139616,2.0260492030747597,0.0,-0.00048239266763139277,0
2026-01-09 09:00:00+00:00,2.084,2.092,2.062,2.092,245.92,0.0091237127490339,0.9165460684997572,-0.2384358607534498,-0.8530805687203658,4.883361878424638,0.0,1.0742545340530851,0.7482633445161418,1.4340344161405307,0.0,0.0009560229445506607,0
2026-01-09 10:00:00+00:00,2.092,2.092,2.092,2.092,0.0,0.0,0.0,-0.2384358607534498,-1.5992474129821188,0.0,0.0,1.0742545340530851,0.7291824754052926,0.0,0.0,0.02342256214149141,0
2026-01-09 11:00:00+00:00,2.092,2.092,2.092,2.092,0.0,0.0,0.0,-0.2859866539561384,-1.5992474129821188,0.0,0.0,1.0736543647745602,0.7291824754052926,0.0,0.0,0.008604206500955947,0
2026-01-09 12:00:00+00:00,2.063,2.063,2.062,2.062,92.85,-0.0144441606079083,-1.4340344168260133,-2.5519848771266673,-2.274881516587679,1.9677516203245808,0.0484730974074456,1.097273542551562,0.7698836416896446,0.0484966052141303,0.0,0.0053346265761398115,0
2026-01-09 13:00:00+00:00,2.075,2.078,2.05,2.073,412.0,0.0053204478588744,0.5334626576139812,-2.032136105860116,-1.002865329512892,6.52371841383086,0.240615976785069,1.158827377157643,0.7665438700705048,1.3506994687164993,0.1447178002196088,0.0,0
2026-01-09 14:00:00+00:00,2.089,2.089,2.062,2.072,104.57,-0.0004825090564058,-0.0482392667631392,-0.0482392667631392,-1.8009478672985746,1.5859358214185115,0.8137865003284844,0.8004712210994216,0.7472325599598293,1.3030888024599057,0.0,0.0004826254826253429,0
2026-01-09 15:00:00+00:00,2.077,2.126,2.077,2.094,508.61,0.0105617880511083,1.061776061776043,0.095602294455066,-1.5514809590973178,6.065531737204432,1.5051740350399008,0.8349526195385281,0.7618488877819968,2.3400191010792617,1.5281757394803377,-0.0019102196752626144,0
2026-01-09 16:00:00+00:00,2.109,2.141,2.109,2.141,329.66,0.0221968971592006,2.244508118433619,2.342256214149141,-0.0466853408029876,3.4110256995797075,0.0,1.2264484819640238,0.8818082420064705,1.4946286774896655,0.0,-0.01634750116767869,0
2026-01-09 17:00:00+00:00,2.113,2.113,2.11,2.11,70.88,-0.0145850621195706,-1.4479215319944003,0.8604206500955947,-1.4939309056956174,0.711655517757887,0.1419782299375452,1.443549797762038,0.9305772549776836,0.1421800947193513,0.0,-0.01516587677725123,0
2026-01-09 18:00:00+00:00,2.097,2.109,2.073,2.073,180.46,-0.0176911140343326,-1.7535545023696697,0.5334626576139812,-1.939451277199622,1.749264919689658,1.706970127213387,1.5190623967734225,0.961212655409552,1.7366136026354992,0.5788712008784996,0.002411963338157186,0
2026-01-09 19:00:00+00:00,2.073,2.073,2.073,2.073,0.0,0.0,0.0,0.0,-1.939451277199622,0.0,0.0,1.503453343559202,0.961212655409552,0.0,0.0,0.002411963338157186,0
2026-01-09 20:00:00+00:00,2.073,2.073,2.073,2.073,0.0,0.0,0.0,0.0482625482625342,-1.4265335235378096,0.0,0.0,1.5032726703042971,0.9567158548708482,0.0,0.0,0.00723589001447178,0
2026-01-09 21:00:00+00:00,2.093,2.093,2.09,2.09,45.02,0.0081672325230769,0.8200675349734565,-0.1910219675262614,-0.6181645268663938,0.4478840661368719,0.143334925875144,1.4727499197791103,0.9733191378858692,0.143540669787785,0.0,-0.000956937799042934,0
2026-01-09 22:00:00+00:00,2.066,2.109,2.066,2.106,247.58,0.0076263477350642,0.7655502392344582,-1.634750116767869,-0.2368545712932435,2.4129820343483352,0.1422475106011208,1.100259143801243,0.9833434677894776,2.0417853741492067,0.1424501423825077,-0.008547008547008406,0
2026-01-09 23:00:00+00:00,2.102,2.102,2.078,2.078,68.87,-0.013384521034748,-1.3295346628679927,-1.516587677725123,-1.5632401705353072,0.6529638335213737,1.1417697425586264,1.0752323030490416,1.0200285846578403,1.1549566885683569,0.0,-0.0038498556304138454,0
2026-01-10 00:00:00+00:00,2.078,2.078,2.078,2.078,0.0,0.0,0.0,0.2411963338157186,-1.516587677725123,0.0,0.0,0.7785152652771425,1.02011132864966,0.0,0.0,-0.0038498556304138454,0
2026-01-10 01:00:00+00:00,2.078,2.078,2.078,2.078,0.0,0.0,0.0,0.2411963338157186,-0.764087870105068,0.0,0.0,0.7785152652771425,1.009257559345893,0.0,0.0,0.015399422521655382,0
2026-01-10 02:00:00+00:00,2.078,2.088,2.078,2.088,259.63,0.0048007773433567,0.4812319538017418,0.723589001447178,-1.0426540284360075,2.2784804572030986,0.0,0.7979901119759389,1.0012521033364743,0.4789272028357739,0.0,0.010057471264367734,0
2026-01-10 03:00:00+00:00,2.088,2.088,2.088,2.088,239.46,0.0,0.0,-0.0956937799042934,-0.4291845493562207,1.9566323143231303,0.0,0.7213893239714896,0.993757699873844,0.0,0.0,0.010057471264367734,0
2026-01-10 04:00:00+00:00,2.088,2.088,2.088,2.088,3.35,0.0,0.0,-0.8547008547008406,-0.4291845493562207,0.0273417308265581,0.0,0.6162998574344327,0.993757699873844,0.0,0.0,0.010057471264367734,0
2026-01-10 05:00:00+00:00,2.07,2.07,2.07,2.07,22.82,-0.0086580627431146,-0.8620689655172487,-0.3849855630413845,-1.3346043851286904,0.1849926533906065,0.0,0.4371035082334615,1.0085199631211916,0.0,0.0,0.018840579710144967,0
2026-01-10 06:00:00+00:00,2.07,2.07,2.07,2.07,0.0,0.0,0.0,-0.3849855630413845,-2.1739130434782705,0.0,0.0,0.4371035082334615,0.989898911537099,0.0,0.0,0.024154589371980784,0
2026-01-10 07:00:00+00:00,2.094,2.11,2.094,2.11,47.33,0.0191393402106975,1.932367149758463,1.5399422521655382,-0.2835538752363087,0.3779445819661587,0.0,0.922388555932469,1.0713413089192108,0.758293838503179,0.0,0.011848341232227444,0
2026-01-10 08:00:00+00:00,2.097,2.109,2.094,2.109,180.73,-0.0004740459913375,-0.0473933649289048,1.0057471264367734,1.736613603473236,1.4176106466451326,0.0,0.9217487005287754,0.9794800656251909,0.7112375530055831,0.0,0.011379800853485111,0
2026-01-10 09:00:00+00:00,2.109,2.109,2.109,2.109,14.22,0.0,0.0,1.0057471264367734,0.8126195028680616,0.1206772181429908,0.0,0.9217487005287754,0.9630017607124848,0.0,0.0,-0.006638217164532834,0
2026-01-10 10:00:00+00:00,2.109,2.109,2.109,2.109,0.0,0.0,0.0,1.0057471264367734,0.8126195028680616,0.0,0.0,0.9217487005287754,0.9630017607124848,0.0,0.0,-0.006638217164532834,0
2026-01-10 11:00:00+00:00,2.109,2.109,2.109,2.109,0.0,0.0,0.0,1.884057971014497,0.8126195028680616,0.0,0.0,0.7854597743829363,0.9630017607124848,0.0,0.0,0.007586533902323334,0
2026-01-10 12:00:00+00:00,2.11,2.12,2.11,2.12,30.18,0.0052021871872835,0.5215742057847361,2.4154589371980784,2.812803103782757,0.2619251673351898,0.0,0.7728635542166333,0.9141526396727342,0.4716981129850588,0.0,-0.010377358490566202,0
2026-01-10 13:00:00+00:00,2.126,2.135,2.11,2.135,52.03,0.0070505579966665,0.7075471698112956,1.1848341232227444,2.9908345393149904,0.519131953100333,0.0,0.3282525859338314,0.9182525226470412,1.170960186805167,0.0,-0.005152224824355844,0
2026-01-10 14:00:00+00:00,2.133,2.133,2.133,2.133,14.05,-0.0009372071913742,-0.0936768149882749,1.1379800853485111,2.9440154440154354,0.145666298035537,0.0,0.3355927400045714,0.9186675802224924,0.0,0.0,0.0009376465072665763,0
2026-01-10 15:00:00+00:00,2.11,2.11,2.095,2.095,16.92,-0.0179758861151124,-1.781528363806839,-0.6638217164532834,0.0477554918815847,0.22273048886548,0.7109004735967145,0.8870068609506034,0.975289277931634,0.7159904531188436,0.0,0.007159904534606021,0
2026-01-10 16:00:00+00:00,2.095,2.095,2.095,2.095,0.0,0.0,0.0,-0.6638217164532834,-2.1485287248949048,0.0,0.0,0.8870068609506034,0.8534805320135883,0.0,0.0,-0.008114558472553823,0
2026-01-10 17:00:00+00:00,2.098,2.125,2.098,2.125,94.78,0.0142182490022789,1.4319809069212264,0.7586533902323334,0.7109004739336511,1.4990609121765246,0.0,1.0894239324325694,0.8552614782120218,1.2705882346962,0.0,-0.008470588235294008,0
2026-01-10 18:00:00+00:00,2.125,2.125,1.998,2.098,6877.35,-0.0127872924022747,-1.2705882352941231,-1.0377358490566202,1.2059816690786151,20.09373873911873,1.2705882346962,1.2010481696831703,0.8153496381044928,6.053384172519836,0.0,0.004766444232602529,0
2026-01-10 19:00:00+00:00,2.109,2.124,2.109,2.124,193.07,0.0123165934055871,1.2392755004766665,-0.5152224824355844,2.460202604920414,0.5511436961990311,0.0,1.29378176222637,0.8500901059729978,0.7062146889330497,0.0,-0.007532956685499026,0
2026-01-10 20:00:00+00:00,2.126,2.135,2.112,2.135,274.59,0.0051655433008953,0.517890772128049,0.0937646507266576,2.9908345393149904,0.7590618729807926,0.0,1.316845360033559,0.8539451470259382,1.0772833718607426,0.0,-0.022950819672131084,0
2026-01-10 21:00:00+00:00,2.111,2.111,2.11,2.11,94.16,-0.0117786991926127,-1.1709601873536313,0.7159904534606021,0.9569377990430672,0.258825900914635,0.0473709142362209,1.161300352041139,0.8801314844802994,0.0473933649064644,0.0,-0.0033175355450235644,0
2026-01-10 22:00:00+00:00,2.116,2.117,2.078,2.078,178.49,-0.0152820548109395,-1.516587677725123,-0.8114558472553823,-1.3295346628679927,0.4945445813496527,1.842229569276233,1.345562821889977,0.921564657956844,1.8768046189235852,0.0481231953570095,0.012512030798845108,0
2026-01-10 23:00:00+00:00,2.092,2.108,2.092,2.107,32.05,0.0138592421450164,1.3955726660250356,-0.8470588235294008,1.3955726660250356,0.0891804373456251,0.0474383301482688,1.3373056037885234,0.9244837736571472,0.7593735164881954,0.0474608447805069,-0.0014238253440911341,0
2026-01-11 00:00:00+00:00,2.079,2.108,2.079,2.108,12.99,0.0004744958570638,0.0474608448030267,0.4766444232602529,1.4436958614052031,0.0360908522607874,0.0,1.2158910107072067,0.9244056427289016,1.375711574299943,0.0,-0.010436432637571325,0
2026-01-11 01:00:00+00:00,2.108,2.108,2.108,2.108,0.0,0.0,0.0,-0.7532956685499026,1.4436958614052031,0.0,0.0,1.0786437957858794,0.9244056427289016,0.0,0.0,0.008064516129032251,0
2026-01-11 02:00:00+00:00,2.108,2.108,2.079,2.086,48.63,-0.0104912741005353,-1.0436432637571325,-2.2950819672131084,-0.0957854406130387,0.1384943990882708,1.04364326326204,1.0814817237872518,0.9466074653191636,1.3902205170708395,0.0,0.01869606903163956,0
2026-01-11 03:00:00+00:00,2.103,2.103,2.103,2.103,2.37,0.0081165401419821,0.8149568552253239,-0.3317535545023564,0.7183908045977017,0.0069449616671611,0.0,1.0953990598185082,0.9611434709799108,0.0,0.0,0.010461245839277211,0
2026-01-11 04:00:00+00:00,2.1,2.109,2.1,2.104,523.47,0.0004753981549005,0.0475511174512499,1.2512030798845108,0.766283524904221,1.442359156987288,0.2370791843351873,0.8278958135117988,0.9611283174010634,0.4277566537890841,0.2376425854383776,0.009980988593155882,0
2026-01-11 05:00:00+00:00,2.104,2.104,2.104,2.104,0.0,0.0,0.0,-0.1423825344091134,1.6425120772946888,0.0,0.0,0.5933933676308258,0.9420312023574096,0.0,0.0,0.009980988593155882,0
2026-01-11 06:00:00+00:00,2.078,2.094,2.078,2.086,135.21,-0.0085919382968828,-0.855513307984801,-1.0436432637571325,0.7729468599033895,0.3678091088578192,0.3820439348700844,0.6806584917416403,0.9608607293374662,0.7670182163149488,0.3835091081574744,0.006711409395973256,0
2026-01-11 07:00:00+00:00,2.11,2.125,2.11,2.125,1053.54,0.0185234457977995,1.869606903163956,0.8064516129032251,0.7109004739336511,2.5725299959342323,0.0,1.0792199748834563,0.9556845409227068,0.7058823526090023,0.0,-0.010823529411764787,0
2026-01-11 08:00:00+00:00,2.125,2.125,2.125,2.125,235.29,0.0,0.0,1.869606903163956,0.7586533902323334,0.5713586127822828,0.0,0.9228838870622308,0.9555676309213054,0.0,0.0,-0.010823529411764787,0
2026-01-11 09:00:00+00:00,2.125,2.125,2.125,2.125,0.0,0.0,0.0,1.0461245839277211,0.7586533902323334,0.0,0.0,0.8934370006952109,0.9555676309213054,0.0,0.0,-0.029176470588235248,0
2026-01-11 10:00:00+00:00,2.125,2.125,2.125,2.125,0.0,0.0,0.0,0.9980988593155882,0.7586533902323334,0.0,0.0,0.8949863772311442,0.9555676309213054,0.0,0.0,-0.0014117647058824456,0
2026-01-11 11:00:00+00:00,2.125,2.125,2.125,2.125,0.95,0.0,0.0,0.9980988593155882,0.7586533902323334,0.0023100023099966,0.0,0.8949863772311442,0.9555676309213054,0.0,0.0,-0.01458823529411768,0
2026-01-11 12:00:00+00:00,2.125,2.125,2.1,2.1,36.82,-0.0118344576470027,-1.17647058823529,0.6711409395973256,-0.943396226415094,0.0894706361193197,1.1764705876816568,0.9754130799572072,0.9806342113594368,1.1904761899092926,0.0,-0.010000000000000009,0
2026-01-11 13:00:00+00:00,2.126,2.128,2.102,2.102,164.1,0.0009519277253819,0.0952380952380815,-1.0823529411764787,-1.5456674473067866,0.3942804112183846,1.2218045107040507,0.4923866596024414,0.9683263796297236,1.236917221105189,0.0951474785465627,-0.010941960038058807,0
2026-01-11 14:00:00+00:00,2.102,2.102,2.102,2.102,0.0,0.0,0.0,-1.0823529411764787,-1.453352086263482,0.0,0.0,0.4923866596024414,0.9683940975837734,0.0,0.0,-0.011417697431018059,0
2026-01-11 15:00:00+00:00,2.123,2.123,2.063,2.063,1139.39,-0.0187280383656445,-1.855375832540429,-2.917647058823525,-1.5274463007159955,2.464156435147524,2.826189353355542,0.8313471190411058,0.9743618035988088,2.9083858444457675,0.0,-0.0004847309743094552,0
2026-01-11 16:00:00+00:00,2.093,2.122,2.093,2.122,123.19,0.0281978061026764,2.859912748424609,-0.1411764705882445,1.288782816229106,0.2634976881471383,0.0,1.6040471281878708,1.1385978575123654,1.3666352491203375,0.0,-0.02827521206409056,0
2026-01-11 17:00:00+00:00,2.098,2.098,2.094,2.094,74.99,-0.0132829277434462,-1.3195098963242224,-1.458823529411768,-1.458823529411768,0.1606835317589732,0.1906577692132233,1.6895316095985706,1.1332606478922247,0.1910219674350422,0.0,-0.015281757402101248,0
2026-01-11 18:00:00+00:00,2.107,2.107,2.079,2.079,32.86,-0.0071891035724691,-0.7163323782234832,-1.0000000000000009,-0.9056244041944606,0.1810401821778023,1.328903653854342,1.648057256838376,1.1126860593107826,1.3468013461535358,0.0,-0.0009620009620010528,0
2026-01-11 19:00:00+00:00,2.079,2.079,2.079,2.079,0.0,0.0,0.0,-1.094196003805881,-2.1186440677966045,0.0,0.0,1.645478715956317,1.0794936115182094,0.0,0.0,0.008658008658008587,0
2026-01-11 20:00:00+00:00,2.078,2.078,2.078,2.078,2.21,-0.0004811161988403,-0.0481000481000637,-1.141769743101806,-2.669789227166275,0.0136324732502995,0.0,1.6445233598742477,1.071842875987922,0.0,0.0,0.03368623676612148,0
2026-01-11 21:00:00+00:00,2.062,2.062,2.062,2.062,2.23,-0.0077295070822674,-0.7699711260827691,-0.0484730974309455,-2.274881516587679,0.0140887337512732,0.0,1.471851365778469,1.057438247696132,0.0,0.0,0.04170708050436489,0
2026-01-11 22:00:00+00:00,2.062,2.062,2.062,2.062,0.0,0.0,0.0,-2.827521206409056,-0.7699711260827691,0.0,0.0,0.5495095140630237,1.0124952466491164,0.0,0.0,0.04267701260911738,0
2026-01-11 23:00:00+00:00,2.047,2.062,2.036,2.062,185.68,0.0,0.0,-1.5281757402101248,-2.1357380161367012,1.1808199431815358,0.0,0.3798281142301996,0.966578069061468,1.2609117355669586,0.0,0.04267701260911738,0
2026-01-12 00:00:00+00:00,2.073,2.085,2.062,2.077,103.93,0.007248159299207,0.7274490785645016,-0.0962000962001052,-1.4705882352941235,0.6453843088713463,0.3836930453795241,0.4740425640640627,0.9805529529410116,1.107366393304115,0.385170919410125,0.009147809340394941,0
2026-01-12 01:00:00+00:00,2.078,2.097,2.078,2.097,4.98,0.0095832070258076,0.9629272989889248,0.8658008658008587,-0.5218216318785607,0.030884997829176,0.0,0.6196195944065496,1.002443976708438,0.9060562704310712,0.0,-0.0019074868860277094,0
2026-01-12 02:00:00+00:00,2.109,2.148,2.109,2.148,389.72,0.0240294247268354,2.432045779685277,3.368623676612148,2.9721955896452767,2.221191043296064,0.0,1.094152828738402,1.0922652668317387,1.815642457255294,0.0,-0.05214152700186225,0
2026-01-12 03:00:00+00:00,2.148,2.148,2.148,2.148,0.0,0.0,0.0,4.170708050436489,2.139800285306692,0.0,0.0,0.941827530494123,1.0825065566565817,0.0,0.0,-0.04050279329608952,0
2026-01-12 04:00:00+00:00,2.15,2.15,2.15,2.15,13.96,0.000930665492953,0.0931098696461685,4.267701260911738,2.186311787072226,0.0905746069930999,0.0,0.9290483529568307,1.082472063839344,0.0,0.0,-0.0413953488372093,0
2026-01-12 05:00:00+00:00,2.15,2.15,2.15,2.15,49.01,0.0,0.0,4.267701260911738,2.186311787072226,0.3138263528311896,0.0,0.9290483529568307,1.082472063839344,0.0,0.0,-0.0413953488372093,0
2026-01-12 06:00:00+00:00,2.148,2.148,2.096,2.096,125.52,-0.0254370756807755,-2.511627906976732,0.914780934039494,0.4793863854266611,0.8058271385605654,2.4208566096737183,1.6145225435734771,1.195421578179051,2.48091602935071,0.0,-0.016698473282442783,0
2026-01-12 07:00:00+00:00,2.095,2.095,2.073,2.093,332.88,-0.001432322994933,-0.1431297709923673,-0.1907486886027709,-1.5058823529411791,2.6474114477323747,0.0954653937491918,1.5663768274910328,1.1300382554019006,1.051122789751028,0.0,-0.02723363592928807,0
2026-01-12 08:00:00+00:00,2.062,2.062,2.036,2.036,45.57,-0.0276113447755863,-2.723363592928807,-5.214152700186226,-4.188235294117648,0.3867340407818693,1.2609117355669586,1.3670506394204829,1.2567688118057256,1.277013751828569,0.0,0.012770137524557912,0
2026-01-12 09:00:00+00:00,2.061,2.061,2.061,2.061,1.99,0.0122042032200456,1.2278978388998052,-4.050279329608952,-3.0117647058823582,0.0168764443563541,0.0,1.597734573399319,1.28858288362314,0.0,0.0,0.0082484230955846,0
2026-01-12 10:00:00+00:00,2.061,2.061,2.061,2.061,0.0,0.0,0.0,-4.1395348837209305,-3.0117647058823582,0.0,0.0,1.589050657415543,1.28858288362314,0.0,0.0,0.01601164483260553,0
2026-01-12 11:00:00+00:00,2.061,2.061,2.061,2.061,0.0,0.0,0.0,-4.1395348837209305,-3.0117647058823582,0.0,0.0,1.589050657415543,1.28858288362314,0.0,0.0,0.012615235322658958,0
2026-01-12 12:00:00+00:00,2.061,2.061,2.061,2.061,0.0,0.0,0.0,-1.6698473282442785,-1.8571428571428683,0.0,0.0,1.3161452994684972,1.268908140626434,0.0,0.0,0.012615235322658958,0
2026-01-12 13:00:00+00:00,2.057,2.057,2.036,2.036,39.73,-0.0122042032200456,-1.2130033964095066,-2.723363592928807,-3.1398667935299662,0.3574127383918909,1.0209042289640675,1.3661677198664857,1.2893487687071388,1.031434184169232,0.0,0.025049115913555964,0
2026-01-12 14:00:00+00:00,2.036,2.062,2.035,2.062,210.39,0.0126892869064918,1.2770137524557912,1.2770137524557912,-1.9029495718363432,1.754328180846526,0.0,0.9295878882261752,1.320673435049136,1.3094083407810673,0.0,0.0,0
2026-01-12 15:00:00+00:00,2.061,2.078,2.061,2.078,207.65,0.0077295070822673,0.7759456838021261,0.82484230955846,0.727096461463872,2.560300849189338,0.0,0.846710428166978,1.2741254028540496,0.8180943210692473,0.0,-0.020211742059672688,0
2026-01-12 16:00:00+00:00,2.091,2.11,2.091,2.094,445.23,0.0076702197713094,0.7699711260827691,1.6011644832605532,-1.3195098963242224,4.710327833392972,0.758293838503179,0.8791855267132654,1.1406255188127656,0.9073543453164348,0.7640878697401688,-0.027698185291308408,0
2026-01-12 17:00:00+00:00,2.078,2.093,2.06,2.087,1522.25,-0.0033484843532812,-0.3342884431709492,1.2615235322658958,-0.3342884431709492,9.832094924568946,0.2866698517502668,0.9094583346811996,1.1100375286499498,1.581217057220304,0.2874940104036819,-0.024436990896023025,0
2026-01-12 18:00:00+00:00,2.087,2.087,2.087,2.087,0.0,0.0,0.0,1.2615235322658958,0.3848003848003767,0.0,0.0,0.9094583346811996,1.0998401064282222,0.0,0.0,-0.0047915668423575974,0
2026-01-12 19:00:00+00:00,2.087,2.087,2.087,2.087,0.0,0.0,0.0,2.5049115913555964,0.3848003848003767,0.0,0.0,0.6144790772349487,1.0998401064282222,0.0,0.0,-0.004312410158121893,0
2026-01-12 20:00:00+00:00,2.062,2.062,2.062,2.062,2.23,-0.0120512425002957,-1.1978917105893827,0.0,-0.7699711260827691,0.0145318291042917,0.0,0.7416499771996377,1.1277752593420267,0.0,0.0,0.0004849660523764676,0
2026-01-12 21:00:00+00:00,2.046,2.046,2.036,2.036,44.92,-0.0126892869064918,-1.2609117361784603,-2.021174205967269,-1.2609117361784603,0.2893677327903543,0.488758553035787,0.7833354438655109,1.146330669255528,0.4911591353186735,0.0,0.012770137524557912,0
2026-01-12 22:00:00+00:00,2.036,2.036,2.036,2.036,0.0,0.0,0.0,-2.769818529130841,-1.2609117361784603,0.0,0.0,0.6098590216186245,1.146330669255528,0.0,0.0,0.03339882121807469,0
2026-01-12 23:00:00+00:00,2.036,2.036,2.036,2.036,0.0,0.0,0.0,-2.4436990896023025,-1.2609117361784603,0.0,0.0,0.6391162890139989,1.146330669255528,0.0,0.0,0.03143418467583503,0
2026-01-13 00:00:00+00:00,2.062,2.077,2.062,2.077,4.84,0.0199374462056988,2.01375245579567,-0.4791566842357597,0.0,0.0337589039978813,0.0,1.1831375866696467,1.211187925485744,0.7221954738939899,0.0,0.014925373134328401,0
2026-01-13 01:00:00+00:00,2.077,2.078,2.049,2.078,244.61,0.0004813477830602,0.0481463649494307,-0.4312410158121893,-0.9060562708631426,1.5950658877765849,0.0,1.1839518616782396,1.1940044517778012,1.3955726653534255,0.0,0.014436958614052031,0
2026-01-13 02:00:00+00:00,2.094,2.094,2.063,2.063,87.66,-0.0072446585879206,-0.7218479307025794,0.0484966052376467,-3.9571694599627505,0.622725281486442,1.480420247621561,1.105619606797123,1.081381002254978,1.502666019630297,0.0,0.021812893843916603,0
2026-01-13 03:00:00+00:00,2.062,2.062,2.062,2.062,2.23,-0.0004848484943467,-0.0484730974309455,1.2770137524557912,-4.003724394785857,0.015831181392925,0.0,0.9204534527201106,1.081098301765416,0.0,0.0,0.022308438409311515,0
2026-01-13 04:00:00+00:00,2.077,2.104,2.076,2.104,121.38,0.0201639092806953,2.036857419980609,3.3398821218074692,-2.139534883720917,0.8351619367562066,0.0,1.163742325894532,1.1691642246508545,1.3307984784549447,0.0,0.0019011406844107182,0
2026-01-13 05:00:00+00:00,2.064,2.1,2.064,2.1,1069.65,-0.001902950146086,-0.1901140684410607,3.143418467583503,-2.3255813953488302,5.693754116982689,0.0,1.1840651289090611,1.16917178417685,1.7142857134693892,0.0,0.003809523809523707,0
2026-01-13 06:00:00+00:00,2.108,2.108,2.108,2.108,14.28,0.0038022859497384,0.3809523809523707,1.49253731343284,0.5725190839694694,0.0779353676752259,0.0,0.9391832187437408,1.0494592593323009,0.0,0.0,0.0,0
2026-01-13 07:00:00+00:00,2.108,2.108,2.108,2.108,0.0,0.0,0.0,1.4436958614052031,0.716674629718117,0.0,0.0,0.9414237272501704,1.0488752678487605,0.0,0.0,0.013282732447817747,0
2026-01-13 08:00:00+00:00,2.108,2.108,2.108,2.108,0.0,0.0,0.0,2.1812893843916603,3.5363457760314354,0.0,0.0,0.8334175184288939,0.8647031440199336,0.0,0.0,0.054079696394686794,0
2026-01-13 09:00:00+00:00,2.108,2.108,2.108,2.108,0.0,0.0,0.0,2.2308438409311515,2.28044638524989,0.0,0.0,0.8288916751584765,0.8340399086988708,0.0,0.0,0.0649905123339658,0
2026-01-13 10:00:00+00:00,2.108,2.108,2.108,2.108,0.0,0.0,0.0,0.1901140684410718,2.28044638524989,0.0,0.0,0.1869617694586885,0.8340399086988708,0.0,0.0,0.07685009487666039,0
2026-01-13 11:00:00+00:00,2.108,2.108,2.108,2.108,0.0,0.0,0.0,0.3809523809523707,2.28044638524989,0.0,0.0,0.1552276738835512,0.8340399086988708,0.0,0.0,0.060246679316887874,0
2026-01-13 12:00:00+00:00,2.108,2.108,2.108,2.108,0.0,0.0,0.0,0.0,2.28044638524989,0.0,0.0,0.0,0.8340399086988708,0.0,0.0,0.06166982922201125,0
2026-01-13 13:00:00+00:00,2.108,2.136,2.108,2.136,219.91,0.0131952904188324,1.3282732447817749,1.3282732447817749,4.911591355599221,1.2574578948425084,0.0,0.5386954755662527,0.8210539576309503,1.3108614226072757,0.0,0.05430711610486871,0
2026-01-13 14:00:00+00:00,2.151,2.222,2.133,2.222,961.28,0.0394727701194897,4.026217228464413,5.407969639468679,7.75945683802135,4.66252233169125,0.0,1.5936715491794544,1.1054553255355264,4.0054005382513935,0.0,-0.0013501350135014523,0
2026-01-13 15:00:00+00:00,2.223,2.247,2.175,2.245,976.58,0.0102978299767793,1.035103510351032,6.49905123339658,8.036573628488952,4.0996527929441955,0.0890075656034581,1.5345857275808643,1.1113452607311942,3.207126947346494,0.0890868596485038,0.004008908685968704,0
2026-01-13 16:00:00+00:00,2.248,2.346,2.216,2.27,2583.35,0.0110743102990937,1.1135857461024523,7.685009487666039,8.404966571155681,7.892941845919385,3.2395566908612317,1.4472334745117144,1.1194137447546475,5.726872244173179,3.34801761967048,0.02555066079295143,0
2026-01-13 17:00:00+00:00,2.258,2.258,2.235,2.235,169.91,-0.0155386034277791,-1.541850220264318,6.0246679316887874,7.091518926689022,0.6270869759758367,1.0186005309926538,1.8066227984834504,1.1773453846817383,1.0290827735887833,0.0,0.02774049217002239,0
2026-01-13 18:00:00+00:00,2.254,2.254,2.238,2.238,9.61,0.0013413818242013,0.1342281879194606,6.166982922201125,7.235265931959733,0.0354152974920536,0.709849156739198,1.7929220447033984,1.1762491446101992,0.714924039001375,0.0,0.015192135835567333,0
2026-01-13 19:00:00+00:00,2.252,2.262,2.238,2.252,102.52,0.0062361003877103,0.6255585344057124,5.430711610486871,7.906085289889764,0.3719568976972005,0.4420866487877702,1.790422197026998,1.1764277913021606,1.0657193600951524,0.4440497333729899,0.02131438721136769,0
2026-01-13 20:00:00+00:00,2.253,2.267,2.219,2.219,664.85,-0.014762066326987,-1.4653641207815205,-0.1350135013501452,7.613967022308432,2.192542026325699,2.1173356849945604,1.207009926512939,1.1928643812065156,2.163136547019769,0.6309148262140893,0.022983325822442557,0
2026-01-13 21:00:00+00:00,2.236,2.254,2.233,2.254,392.71,0.0156497716671278,1.5772870662460692,0.4008908685968704,10.707269155206278,1.2360108427486582,0.0,1.31525122652778,1.1702599670028755,0.9316770182201924,0.0,0.00842945874001777,0
2026-01-13 22:00:00+00:00,2.27,2.328,2.27,2.328,642.05,0.0323031142516066,3.283052351375315,2.555066079295143,14.341846758349686,1.8638462785192071,0.0,1.8343238439279632,1.2981694127357415,2.491408933637704,0.0,-0.0313573883161512,0
2026-01-13 23:00:00+00:00,2.329,2.329,2.28,2.297,306.13,-0.01340560616223,-1.3316151202748985,2.774049217002239,12.819253438113964,0.8569519044012612,1.373980248443977,1.789937144252702,1.351006732205718,2.1332172389494213,0.0,-0.018284719198955246,0
2026-01-14 00:00:00+00:00,2.272,2.272,2.272,2.272,5.64,-0.0109434228480564,-1.0883761427949667,1.5192135835567333,9.388541165142028,0.0157866193938457,0.0,1.900943138586056,1.349866725953398,0.0,0.0,0.0061619718309859906,0
2026-01-14 01:00:00+00:00,2.272,2.3,2.272,2.3,21.93,0.012248622076199,1.232394366197176,2.131438721136769,10.683349374398452,0.0630197313828836,0.0,1.939942482544241,1.3588605026631555,1.217391303818527,0.0,0.0004347826086958939,0
2026-01-14 02:00:00+00:00,2.272,2.272,2.27,2.27,17.32,-0.0131292914417926,-1.304347826086949,2.2983325822442557,10.033931168201637,0.0501948358535157,0.08802816897533,1.9100917002271016,1.385512055102107,0.0881057268334239,0.0,0.013656387665198277,0
2026-01-14 03:00:00+00:00,2.274,2.274,2.273,2.273,909.45,0.0013207133770948,0.1321585903083733,0.842945874001777,10.232783705140648,2.375434644197723,0.043975373771334,1.8195426476243275,1.383468650907798,0.0439947206141637,0.0,-0.007919049714034454,0
2026-01-14 04:00:00+00:00,2.284,2.284,2.255,2.255,433.4,-0.0079505719157646,-0.7919049714034454,-3.13573883161512,7.176806083650189,1.094839572780762,1.2697022761516152,1.0175065600616098,1.3600053011044186,1.2860310415582974,0.0,0.007538802660753907,0
2026-01-14 05:00:00+00:00,2.284,2.284,2.255,2.255,106.13,0.0,0.0,-1.8284719198955248,7.380952380952377,0.2983606749395681,1.2697022761516152,0.9490662443101128,1.3576434168046838,1.2860310415582974,0.0,0.0,0
2026-01-14 06:00:00+00:00,2.285,2.286,2.285,2.286,13.4,0.0136535924179773,1.3747228381374876,0.616197183098599,8.444022770398485,0.0376749760137269,0.0,1.065358117993728,1.3750585864670168,0.0437445319143676,0.0,-0.01837270341207342,0
2026-01-14 07:00:00+00:00,2.298,2.301,2.298,2.301,763.35,0.0065402456806099,0.6561679790026309,0.0434782608695893,9.155597722960152,1.9700371632033395,0.0,0.9659172620482138,1.3745543298136271,0.1303780964231348,0.0,-0.026075619295958252,0
2026-01-14 08:00:00+00:00,2.301,2.301,2.301,2.301,0.0,0.0,0.0,1.3656387665198275,9.155597722960152,0.0,0.0,0.7259306948199109,1.3745543298136271,0.0,0.0,-0.01999130812690142,0
2026-01-14 09:00:00+00:00,2.272,2.272,2.255,2.255,113.86,-0.0201938380985872,-1.999130812690142,-0.7919049714034454,6.97343453510435,0.2902931784325113,0.7482394362903834,1.1744469547726666,1.4571921999211022,0.7538802657410688,0.0,0.016407982261640752,0
2026-01-14 10:00:00+00:00,2.285,2.286,2.272,2.272,56.03,0.0075105279042632,0.7538802660753907,0.7538802660753907,7.779886148007575,0.1420067353717488,0.6124234468012248,1.1696094970529305,1.4589615183101594,0.6161971828273883,0.044014084487665,-0.007042253521126751,0
2026-01-14 11:00:00+00:00,2.272,2.282,2.255,2.255,57.24,-0.0075105279042631,-0.7482394366197131,0.0,6.97343453510435,0.1442017918152277,1.183172655046819,1.2245836479656045,1.4739265815702456,1.1973392455887693,0.4434589798477002,-0.007538802660753796,0
2026-01-14 12:00:00+00:00,2.254,2.254,2.244,2.244,537.02,-0.0048899852941916,-0.4878048780487698,-1.837270341207342,6.451612903225823,1.2806938224295177,0.4436557229619889,1.0295467092842303,1.48133932680406,0.4456327983753769,0.0,-0.0035650623885917776,0
2026-01-14 13:00:00+00:00,2.269,2.269,2.241,2.241,532.76,-0.0013377928416599,-0.133689839572193,-2.6075619295958252,4.915730337078661,1.2322281458495166,1.2340237984865483,0.9273170990313944,1.465788646801175,1.249442212740098,0.0,0.004908522980811902,0
2026-01-14 14:00:00+00:00,2.269,2.279,2.255,2.255,31.55,0.0062277781358517,0.6247211066488179,-1.999130812690142,1.4851485148514865,0.0801542111127776,1.0530934615826717,1.0169846011309405,1.2352103751337038,1.064301551634457,0.4434589798476805,-0.0017738359201774356,0
2026-01-14 15:00:00+00:00,2.255,2.301,2.255,2.292,526.46,0.0162748258978514,1.6407982261640752,1.6407982261640752,2.0935412026725997,1.4044129661270557,0.3911342892694044,0.8922195807982609,1.2613322837164689,2.006980801916687,0.3926701568967556,-0.02661431064572428,0
2026-01-14 16:00:00+00:00,2.256,2.256,2.256,2.256,12.26,-0.0158314652166806,-1.5706806282722474,-0.7042253521126751,-0.6167400881057383,0.0457919751989549,0.0,1.1207818722604934,1.2859598449457972,0.0,0.0,-0.0150709219858155,0
2026-01-14 17:00:00+00:00,2.256,2.256,2.238,2.238,160.08,-0.0080107237460788,-0.7978723404255206,-0.7538802660753796,0.1342281879194606,0.5988263258365163,0.797872340071856,1.1266052070383663,1.255896784741638,0.804289543876537,0.0,-0.007149240393208189,0
2026-01-14 18:00:00+00:00,2.239,2.239,2.2,2.236,229.06,-0.0008940545968806,-0.0893655049150954,-0.3565062388591777,-0.0893655049150954,0.8285266457650283,0.1339883876132106,1.1125873743735744,1.2557308943802457,1.7441860457315668,0.0,-0.0062611806797854275,0
2026-01-14 19:00:00+00:00,2.232,2.252,2.221,2.252,418.6,0.007130154984591,0.7155635062611632,0.4908522980811902,0.0,1.4452590026535137,0.0,1.154213698421063,1.257803753538995,1.3765541734562234,0.0,-0.006660746003552265,0
2026-01-14 20:00:00+00:00,2.251,2.251,2.251,2.251,15.18,-0.0004441483528487,-0.0444049733570151,-0.1773835920177435,1.442091031996395,0.0578137967913933,0.0,1.1233764355251217,1.2180702008717754,0.0,0.0,-0.025766326077298896,0
2026-01-14 21:00:00+00:00,2.224,2.252,2.224,2.231,178.29,-0.0089246464741997,-0.8884940026654853,-2.661431064572428,-1.0204081632653073,0.7029450370340223,0.9325044400832532,0.8062480465201468,1.1889694328865092,1.255042581239317,0.9412819359294976,-0.017480950246526072,0
2026-01-14 22:00:00+00:00,2.231,2.231,2.222,2.222,335.12,-0.0040422242329571,-0.4034065441505974,-1.50709219858155,-4.553264604810991,1.391439139410097,0.4034065439697818,0.5891728811098719,0.964169806446204,0.4050405038681139,0.0,-0.013501350135013412,0
2026-01-14 23:00:00+00:00,2.222,2.222,2.222,2.222,0.0,0.0,0.0,-0.7149240393208189,-3.265128428384856,0.0,0.0,0.5277209362262862,0.933203026174226,0.0,0.0,-0.013501350135013412,0
2026-01-15 00:00:00+00:00,2.222,2.222,2.222,2.222,0.0,0.0,0.0,-0.6261180679785427,-2.2007042253521014,0.0,0.0,0.5300007428553415,0.9109290691332712,0.0,0.0,-0.013501350135013412,0
2026-01-15 01:00:00+00:00,2.236,2.237,2.236,2.237,21.77,0.0067279912905543,0.6750675067506817,-0.6660746003552265,-2.7391304347825995,0.095546537973697,0.0,0.5177030345211237,0.8827454309239585,0.0447027268463505,0.0,-0.021010281627179328,0
2026-01-15 02:00:00+00:00,2.208,2.237,2.193,2.193,244.5,-0.0198652130722414,-1.9669199821189087,-2.5766326077298896,-3.3920704845814997,1.0302852597880214,1.966919981239644,0.9190330148649996,0.9318095377871451,2.0063839480135064,1.3223894202816242,-0.001367989056087593,0
2026-01-15 03:00:00+00:00,2.19,2.211,2.164,2.192,948.45,-0.0004561003499819,-0.0455996352029086,-1.7480950246526072,-3.5635723713154377,3.969441155374171,0.8593396649211348,0.899560721197044,0.930226995999042,2.144160582963417,0.866788320772436,0.006386861313868453,0
2026-01-15 04:00:00+00:00,2.192,2.192,2.192,2.192,0.0,0.0,0.0,-1.3501350135013412,-2.7937915742793695,0.0,0.0,0.9047697869012792,0.9204056567964092,0.0,0.0,0.006386861313868453,0
2026-01-15 05:00:00+00:00,2.192,2.192,2.192,2.192,0.0,0.0,0.0,-1.3501350135013412,-2.7937915742793695,0.0,0.0,0.9047697869012792,0.9204056567964092,0.0,0.0,0.010948905109489093,0
2026-01-15 06:00:00+00:00,2.192,2.192,2.192,2.192,0.0,0.0,0.0,-1.3501350135013412,-4.111986001749779,0.0,0.0,0.9047697869012792,0.8652742152777754,0.0,0.0,0.011861313868613,0
2026-01-15 07:00:00+00:00,2.189,2.19,2.189,2.19,73.48,-0.0009128252573598,-0.0912408759124239,-2.101028162717933,-4.823989569752285,0.3926166203941433,0.0,0.8006495616784957,0.8474190130885481,0.0456621004357657,0.0,0.007762557077625631,0
2026-01-15 08:00:00+00:00,2.19,2.19,2.19,2.19,0.0,0.0,0.0,-0.1367989056087593,-4.823989569752285,0.0,0.0,0.0381824897037507,0.8474190130885481,0.0,0.0,0.007305936073059405,0
2026-01-15 09:00:00+00:00,2.178,2.206,2.178,2.206,144.72,0.0072793770029013,0.7305936073059405,0.6386861313868453,-2.172949002217295,0.7679881129494004,0.0,0.3068129157844126,0.7742086190567585,1.2692656385905423,0.0,-0.014959202175883868,0
2026-01-15 10:00:00+00:00,2.206,2.206,2.206,2.206,0.0,0.0,0.0,0.6386861313868453,-2.9049295774647765,0.0,0.0,0.3068129157844126,0.7535739113940163,0.0,0.0,-0.021758839528558505,0
2026-01-15 11:00:00+00:00,2.216,2.216,2.216,2.216,3.38,0.0045228480537267,0.4533091568449832,1.094890510948909,-1.7294900221729304,0.018383386060072,0.0,0.3301986150381585,0.749981346740226,0.0,0.0,-0.026173285198556107,0
2026-01-15 12:00:00+00:00,2.214,2.218,2.214,2.218,28.21,0.0009021200431377,0.0902527075812065,1.1861313868613,-1.1586452762923471,0.1734279061535957,0.0,0.3222397592617381,0.7453072060648078,0.1803426509556617,0.0,-0.047339945897204694,0
2026-01-15 13:00:00+00:00,2.222,2.237,2.207,2.207,57.9,-0.0049717616535759,-0.4959422903516697,0.7762557077625631,-1.5171798304328576,0.4052481620031072,1.3410818053906763,0.4219294825464401,0.7507850321936217,1.3593112816677453,0.6796556408338726,-0.04123244222927036,0
2026-01-15 14:00:00+00:00,2.237,2.237,2.19,2.206,137.74,-0.0004532064432885,-0.0453103760761131,0.7305936073059405,-2.172949002217295,0.9350984385544124,1.3857845322370268,0.4250918953234584,0.7364747191045182,2.1305530362055585,0.0,-0.03762466001813225,0
2026-01-15 15:00:00+00:00,2.191,2.191,2.142,2.173,752.71,-0.015072219557018,-1.4959202175883868,-1.4959202175883868,-5.1919720767888204,4.802679817592881,0.8215426742028467,0.6862996727698513,0.6951629189569518,2.25494707673495,0.0,-0.02623101702715136,0
2026-01-15 16:00:00+00:00,2.158,2.158,2.158,2.158,9.09,-0.0069268344383497,-0.690289921767151,-2.1758839528558505,-4.343971631205667,0.0580478303901271,0.0,0.6938110598315445,0.641019450388222,0.0,0.0,-0.012511584800741438,0
2026-01-15 17:00:00+00:00,2.143,2.158,2.142,2.158,654.03,0.0,0.0,-2.6173285198556107,-3.574620196604117,3.691408978326997,0.0,0.606061471447809,0.628277655792789,0.741427247107773,0.0,-0.01575532900834098,0
2026-01-15 18:00:00+00:00,2.142,2.142,2.113,2.113,182.19,-0.0210731282020232,-2.085264133456899,-4.733994589720469,-5.500894454382832,1.0397587840220686,1.353874882654583,0.8392351067169558,0.7439569012281398,1.372456222729548,0.0,0.0052058684335070105,0
2026-01-15 19:00:00+00:00,2.112,2.121,2.103,2.116,803.41,0.0014187753621334,0.1419782300047467,-4.1232442229270365,-6.039076376554164,4.200681020506689,0.235737859389086,0.922987983930922,0.7210713309960062,0.850661625306861,0.2362948959185701,0.003780718336483968,0
2026-01-15 20:00:00+00:00,2.123,2.126,2.11,2.123,550.16,0.003302668725066,0.3308128544423416,-3.762466001813225,-5.686361617059066,2.5762836209551274,0.141110065784975,0.9869349136592702,0.7299332233531334,0.7536504942281445,0.1413094676677614,0.0014130946773431852,0
2026-01-15 21:00:00+00:00,2.125,2.125,2.096,2.116,386.18,-0.0033026687250661,-0.3297220913801246,-2.623101702715136,-5.154639175257724,1.737905584799344,0.423529411565393,0.8923295500859865,0.7171244117154587,1.370510396327732,0.0,0.004725897920604849,0
2026-01-15 22:00:00+00:00,2.098,2.131,2.098,2.131,235.17,0.0070638391204269,0.7088846880907163,-1.2511584800741438,-4.095409540954109,1.078536772723977,0.0,0.9913450939621772,0.7402155733307338,1.5485687463404143,0.0,-0.02064758329422789,0
2026-01-15 23:00:00+00:00,2.11,2.125,2.098,2.124,377.8,-0.0032902497367875,-0.3284842796808851,-1.575532900834098,-4.410441044104408,1.616000313668815,0.0470588235072612,0.9865042885052624,0.7398951373730103,1.2711864400794854,0.0470809792621977,-0.006591337099811745,0
2026-01-16 00:00:00+00:00,2.124,2.124,2.124,2.124,1.41,0.0,0.0,0.520586843350701,-4.410441044104408,0.006029613527405,0.0,0.4001456970923717,0.7398951373730103,0.0,0.0,0.0009416195856872811,0
2026-01-16 01:00:00+00:00,2.124,2.124,2.124,2.124,0.0,0.0,0.0,0.3780718336483968,-5.051408135896285,0.0,0.0,0.4004134822706263,0.7182955068317165,0.0,0.0,0.0014124293785309217,0
2026-01-16 02:00:00+00:00,2.12,2.126,2.12,2.126,218.78,0.0009411765400636,0.0941619585687281,0.1413094677343185,-3.0551755585955354,0.943557821377074,0.0,0.3799596400156227,0.613180228859978,0.2822201315699709,0.0,0.01175917215428024,0
2026-01-16 03:00:00+00:00,2.126,2.126,2.126,2.126,0.0,0.0,0.0,0.4725897920604849,-3.0109489051095006,0.0,0.0,0.3403073418055667,0.6135214178539882,0.0,0.0,0.002351834430855959,0
2026-01-16 04:00:00+00:00,2.113,2.113,2.073,2.087,652.73,-0.0185146518246923,-1.8344308560677147,-2.064758329422789,-4.790145985401462,2.9730978214319075,1.2304779927920029,0.750939036812844,0.7062083812615414,1.9166267360246176,0.0,0.02108289410637254,0
2026-01-16 05:00:00+00:00,2.109,2.11,2.109,2.11,40.93,0.0109603193929113,1.1020603737422086,-0.6591337099811745,-3.74087591240877,0.1849936535070603,0.0,0.9555289371397936,0.7538413928835961,0.0473933649064434,0.0,0.007582938388625671,0
2026-01-16 06:00:00+00:00,2.125,2.126,2.125,2.126,19.54,0.0075543324317811,0.7582938388625671,0.0941619585687281,-3.0109489051095006,0.0879922545196767,0.0,1.0205165844875266,0.7762027108762803,0.0470366885949916,0.0,0.0,0
2026-01-16 07:00:00+00:00,2.142,2.144,2.127,2.127,43.45,0.0004702562983439,0.0470366886171191,0.1412429378530921,-2.876712328767128,0.1967721665874667,0.7929104473913826,1.020552597726886,0.7769954167425962,0.7992477664319639,0.0940291489920043,-0.0014104372355429051,0
2026-01-16 08:00:00+00:00,2.15,2.151,2.15,2.151,111.96,0.0112203140674928,1.128349788434413,1.175917215428024,-1.7808219178082283,0.4965434658454664,0.0,1.1165368076216302,0.8173399613977108,0.0464900046273821,0.0,-0.012087401208740078,0
2026-01-16 09:00:00+00:00,2.131,2.131,2.131,2.131,56.19,-0.0093414971691129,-0.9298000929800154,0.2351834430855959,-3.399818676337274,0.2533477613947728,0.0,1.2103299873836058,0.8167747649351986,0.0,0.0,-0.03190990145471595,0
2026-01-16 10:00:00+00:00,2.131,2.131,2.131,2.131,0.0,0.0,0.0,2.108289410637254,-3.399818676337274,0.0,0.0,0.7975305981709624,0.8167747649351986,0.0,0.0,-0.02487095260441108,0
2026-01-16 11:00:00+00:00,2.129,2.129,2.126,2.126,208.22,-0.0023490731967238,-0.2346316283434957,0.7582938388625671,-4.061371841155248,0.904026918480825,0.1409112258614843,0.7300067375190987,0.8069439465488487,0.1411100657849959,0.0,-0.019755409219190834,0
2026-01-16 12:00:00+00:00,2.126,2.126,2.126,2.126,0.0,0.0,0.0,0.0,-4.147880973850315,0.0,0.0,0.6616620028434791,0.8058751546308492,0.0,0.0,-0.019755409219190834,0
2026-01-16 13:00:00+00:00,2.14,2.14,2.11,2.124,84.4,-0.0009411765400636,-0.0940733772342272,-0.1410437235542905,-3.7607612143180646,0.3665521191278468,0.7476635510524943,0.6621645588834146,0.8030971665366156,1.4124293778660997,0.0,-0.014124293785310882,0
2026-01-16 14:00:00+00:00,2.107,2.125,2.107,2.125,40.52,0.0004706989966877,0.047080979284364,-1.2087401208740078,-3.671804170444237,0.1791312004147642,0.0,0.3721305434767027,0.8038904237977638,0.8470588231307861,0.0,0.0004705882352940005,0
2026-01-16 15:00:00+00:00,2.112,2.112,2.044,2.063,3542.56,-0.0296105682872653,-2.917647058823525,-3.190990145471595,-5.062126092959041,10.34485175304083,2.3200757564772334,1.190063723768808,0.95139176605019,3.296170623705203,0.0,0.02423654871546277,0
2026-01-16 16:00:00+00:00,2.075,2.078,2.062,2.078,225.01,0.0072446585879207,0.727096461463872,-2.487095260441108,-3.707136237256725,0.6402454639421047,0.0,1.2885483655140637,0.9644372795645836,0.7699711257122379,0.0,0.01684311838306063,0
2026-01-16 17:00:00+00:00,2.062,2.084,2.062,2.084,22.67,0.0028832312140849,0.2887391722810495,-1.9755409219190831,-3.429101019462455,0.0697245260965038,0.0,1.320860693758995,0.9682712888470316,1.0556621875932637,0.0,0.0057581573896352545,0
2026-01-16 18:00:00+00:00,2.084,2.084,2.084,2.084,0.0,0.0,0.0,-1.9755409219190831,-1.3724562233790816,0.0,0.0,1.320860693758995,0.8735381258881234,0.0,0.0,0.020153550863723613,0
2026-01-16 19:00:00+00:00,2.094,2.094,2.094,2.094,2.21,0.0047869885572244,0.4798464491362564,-1.4124293785310882,-1.0396975425330912,0.0077772515392203,0.0,1.3616134623383669,0.879566829187282,0.0,0.0,0.01528175740210136,0
2026-01-16 20:00:00+00:00,2.105,2.126,2.099,2.126,65.84,0.0151661674714111,1.528175740210136,0.0470588235294,0.1413094677343185,0.2494108659511322,0.0,1.5430326362603584,0.9331899969267052,1.2699905920649006,0.0,0.0,0
2026-01-16 21:00:00+00:00,2.131,2.131,2.113,2.113,48.17,-0.0061335412858364,-0.6114769520225716,2.423654871546277,-0.1417769376181543,0.1927583884105159,0.8446738616402185,0.7152144133872704,0.939392063384683,0.8518693796252296,0.0,0.006152389966871619,0
2026-01-16 22:00:00+00:00,2.113,2.113,2.113,2.113,0.0,0.0,0.0,1.684311838306063,-0.8446738620365934,0.0,0.0,0.7104417437720324,0.9270898990929836,0.0,0.0,0.010411736867013577,0
2026-01-16 23:00:00+00:00,2.132,2.132,2.096,2.096,1335.42,-0.0080779721751239,-0.8045433033601501,0.5758157389635254,-1.318267419962338,4.769350045593019,1.6885553462999283,0.8370274171007802,0.9387615558720448,1.7175572510889532,0.0,0.01908396946564883,0
2026-01-17 00:00:00+00:00,2.12,2.126,2.097,2.126,183.15,0.0142115134609603,1.4312977099236512,2.0153550863723613,0.0941619585687281,0.6368819502277996,0.0,0.9913770564074694,0.9860320741576926,1.3640639692549048,0.0,0.007525870178739513,0
2026-01-17 01:00:00+00:00,2.114,2.126,2.11,2.126,19.54,0.0,0.0,1.528175740210136,0.0941619585687281,0.0677561552829564,0.0,0.9965121920919344,0.9860320741576926,0.7525870175199504,0.0,0.01175917215428024,0
2026-01-17 02:00:00+00:00,2.126,2.126,2.126,2.126,0.0,0.0,0.0,0.0,0.0,0.0,0.0,0.7808214623307859,0.9858448977406312,0.0,0.0,0.0235183443085607,0
2026-01-17 03:00:00+00:00,2.126,2.126,2.126,2.126,0.0,0.0,0.0,0.6152389966871619,0.0,0.0,0.0,0.722427428229239,0.9858448977406312,0.0,0.0,0.036218250235183325,0
2026-01-17 04:00:00+00:00,2.135,2.135,2.135,2.135,14.11,0.0042243667608317,0.4233301975540948,1.0411736867013577,2.299952084331558,0.0558453402021903,0.0,0.731006129467162,0.9062238963205648,0.0,0.0,0.04637002341920393,0
2026-01-17 05:00:00+00:00,2.136,2.136,2.136,2.136,67.53,0.0004682744173606,0.0468384074941541,1.9083969465648831,1.2322274881516604,0.2661066679353572,0.0,0.5665165367533973,0.880770779164756,0.0,0.0,0.027153558052434468,0
2026-01-17 06:00:00+00:00,2.137,2.142,2.137,2.142,36.49,0.0028050509276084,0.2808988764044784,0.7525870178739513,0.7525870178739513,0.1433923214958409,0.0,0.1820089833729111,0.8695198725201525,0.2334267039059583,0.0,0.024276377217553602,0
2026-01-17 07:00:00+00:00,2.137,2.151,2.137,2.151,81.31,0.0041928782600359,0.4201680672268892,1.175917215428024,1.128349788434413,0.3175499975578701,0.0,0.203641130538522,0.8731265188652826,0.650860064783412,0.0,0.01115760111576014,0
2026-01-17 08:00:00+00:00,2.158,2.176,2.142,2.176,296.73,0.0115554787081034,1.1622501162250387,2.35183443085607,1.1622501162250387,1.1250302129317686,0.0,0.4170828443335773,0.8749460563062805,1.5624999992819508,0.0,-0.0004595588235295489,0
2026-01-17 09:00:00+00:00,2.19,2.203,2.19,2.203,10.03,0.0123317388265096,1.2408088235293937,3.621825023518333,3.378695448146418,0.0383073595896632,0.0,0.4861086290402859,0.8809792386197123,0.5901044028188315,0.0,-0.008170676350431116,0
2026-01-17 10:00:00+00:00,2.206,2.234,2.206,2.234,266.64,0.0139736328268029,1.4071720381298336,4.637002341920393,4.833411543876132,0.976919495305975,0.0,0.5729004588892499,0.9168753227839664,1.2533572062429028,0.0,-0.006714413607878278,0
2026-01-17 11:00:00+00:00,2.227,2.227,2.194,2.194,246.45,-0.0180673387939704,-1.7905102954342,2.7153558052434468,3.19849482596426,0.897707921645351,1.4818140990202864,1.1942448146457567,1.0012955376206607,1.504102095941609,0.0,0.010483135824977285,0
2026-01-17 12:00:00+00:00,2.194,2.194,2.194,2.194,0.0,0.0,0.0,2.42763772175536,3.19849482596426,0.0,0.0,1.2074610509195949,1.0012955376206607,0.0,0.0,0.010483135824977285,0
2026-01-17 13:00:00+00:00,2.231,2.231,2.175,2.175,33.5,-0.0086976973123911,-0.8659981768459502,1.115760111576014,2.401129943502811,0.1229756434803099,2.5100851624786733,1.3133334983980989,1.0212037269306404,2.5747126424943874,0.0,0.019310344827586423,0
2026-01-17 14:00:00+00:00,2.175,2.175,2.175,2.175,18.66,0.0,0.0,-0.0459558823529548,2.35294117647058,0.0687290708129119,0.0,1.2242366203171189,1.0213527138184637,0.0,0.0,0.0,0
2026-01-17 15:00:00+00:00,2.185,2.185,2.185,2.185,8.43,0.0045871640069061,0.459770114942537,-0.8170676350431116,5.913717886572956,0.0678495853295633,0.0,1.10196633399709,0.7880965681678971,0.0,0.0,-0.004576659038901698,0
2026-01-17 16:00:00+00:00,2.231,2.231,2.219,2.219,69.36,0.0154408154029032,1.5560640732265263,-0.6714413607878278,6.785370548604419,0.5889945652123899,0.5378753919597157,1.143656301585503,0.8268362132279725,0.5407841367549423,0.0,-0.019828751689950463,0
2026-01-17 17:00:00+00:00,2.218,2.227,2.217,2.217,280.1,-0.0009017133162823,-0.0901306894997677,1.0483135824977283,6.38195777351247,2.179999805409685,0.4490345754606843,0.7972427964408073,0.8301450574786349,0.4510599907753354,0.4059539916978059,0.007668019846639451,0
2026-01-17 18:00:00+00:00,2.217,2.217,2.217,2.217,0.0,0.0,0.0,1.0483135824977283,6.38195777351247,0.0,0.0,0.7972427964408073,0.8301450574786349,0.0,0.0,0.0,0
2026-01-17 19:00:00+00:00,2.217,2.217,2.217,2.217,0.0,0.0,0.0,1.9310344827586423,5.873925501432686,0.0,0.0,0.631355576080785,0.8303569317229621,0.0,0.0,-0.021650879566982417,0
2026-01-17 20:00:00+00:00,2.175,2.175,2.175,2.175,753.05,-0.0191262660935271,-1.8944519621109768,0.0,2.304797742238951,4.795644086610106,0.0,1.1190066983874192,0.893393623743163,0.0,0.0,0.003218390804597737,0
2026-01-17 21:00:00+00:00,2.175,2.175,2.175,2.175,0.0,0.0,0.0,-0.4576659038901698,2.934216753431129,0.0,0.0,1.0968490412273315,0.8809370930353109,0.0,0.0,-0.007356321839080415,0
2026-01-17 22:00:00+00:00,2.175,2.175,2.175,2.175,7.37,0.0,0.0,-1.9828751689950463,2.934216753431129,0.0474480065020672,0.0,0.7743046106606994,0.8809370930353109,0.0,0.0,-0.010114942528735571,0
2026-01-17 23:00:00+00:00,2.234,2.234,2.234,2.234,58.55,0.0267650361063616,2.712643678160931,0.7668019846639451,6.583969465648853,0.5733170134582786,0.0,1.4645518617677926,1.0003200921921107,0.0,0.0,-0.03625783348254252,0
2026-01-18 00:00:00+00:00,2.217,2.217,2.217,2.217,13.42,-0.0076387700128345,-0.7609668755595322,0.0,4.280338664158045,0.1411845156411173,0.0,1.5103191846521915,0.989964077989026,0.0,0.0,-0.03022101939557964,0
2026-01-18 01:00:00+00:00,2.174,2.187,2.169,2.169,176.83,-0.021888698789437,-2.1650879566982417,-2.1650879566982417,2.022577610536236,1.7403385604447843,0.8230452671133672,1.7548758543041258,1.101317300917784,0.8298755182895822,0.5993545409869228,-0.010603964960811507,0
2026-01-18 02:00:00+00:00,2.167,2.182,2.167,2.182,53.61,0.0059756555661417,0.5993545412632528,0.3218390804597737,2.634054562558807,0.5162729669274607,0.0,1.6048805307694356,1.1060935543900654,0.687442712792195,0.0,-0.00595783684692941,0
2026-01-18 03:00:00+00:00,2.172,2.184,2.159,2.159,115.75,-0.0105967358782087,-1.0540788267644374,-0.7356321839080415,1.5522107243649996,1.0652167244295974,1.144688644164536,1.668979524403887,1.1314650108345192,1.1579434918212563,0.5558128760741955,0.004631773969430375,0
2026-01-18 04:00:00+00:00,2.158,2.158,2.153,2.153,24.87,-0.0027829331504442,-0.2779064381658092,-1.011494252873557,0.843091334894619,0.2279316296739311,0.2316960147211739,1.6687426301464434,1.1308592263016828,0.2322340918568301,0.0,-0.004180213655364584,0
2026-01-18 05:00:00+00:00,2.153,2.153,2.153,2.153,0.0,0.0,0.0,-3.625783348254252,0.7958801498127333,0.0,0.0,0.9652849657956368,1.1308782962214068,0.0,0.0,-0.004644681839294118,0
2026-01-18 06:00:00+00:00,2.152,2.152,2.15,2.15,90.42,-0.0013943762426546,-0.1393404551788268,-3.022101939557964,0.3734827264239015,0.8330185637216547,0.0929368029308018,0.9796467125711232,1.1301312945076087,0.0930232557706972,0.0,-0.0032558139534883956,0
2026-01-18 07:00:00+00:00,2.146,2.146,2.146,2.146,12.79,-0.0018621979310646,-0.1860465116279019,-1.0603964960811507,-0.232450023245001,0.1210142870648026,0.0,0.533319227267188,1.1274815031434489,0.0,0.0,-0.0009319664492076773,0
2026-01-18 08:00:00+00:00,2.169,2.169,2.169,2.169,2.31,0.0106605876362305,1.071761416589001,-0.595783684692941,-0.3216911764705954,0.0247263774783941,0.0,0.6828532979712779,1.12360165555411,0.0,0.0,-0.012448132780083054,0
2026-01-18 09:00:00+00:00,2.169,2.169,2.169,2.169,0.0,0.0,0.0,0.4631773969430375,-1.5433499773036652,0.0,0.0,0.4964793007468476,1.0918644378294122,0.0,0.0,-0.005071461502996866,0
2026-01-18 10:00:00+00:00,2.147,2.147,2.144,2.144,72.06,-0.0115929886361817,-1.152604887044717,-0.4180213655364584,-4.0286481647269445,0.8487924104084993,0.1397298555473857,0.7078601486282362,1.0674527784917704,0.1399253730690492,0.0,0.013526119402984982,0
2026-01-18 11:00:00+00:00,2.143,2.143,2.143,2.143,7.93,-0.0004665267171157,-0.046641791044788,-0.4644681839294118,-2.324521422060166,0.1057915186671897,0.0,0.7071957928478686,1.0090764921763486,0.0,0.0,0.013999066728884957,0
2026-01-18 12:00:00+00:00,2.143,2.143,2.143,2.143,0.0,0.0,0.0,-0.3255813953488395,-2.324521422060166,0.0,0.0,0.7070480217050115,1.0090764921763486,0.0,0.0,0.017732151189920886,0
2026-01-18 13:00:00+00:00,2.168,2.168,2.144,2.144,29.68,0.0004665267171158,0.0466635557629713,-0.0931966449207677,-1.425287356321825,0.3967936541482948,1.107011069600088,0.7047494779752189,0.9958547496230468,1.1194029845525182,0.0,0.020988805970149294,0
2026-01-18 14:00:00+00:00,2.143,2.143,2.142,2.142,87.54,-0.0009332711829986,-0.093283582089565,-1.2448132780083054,-1.5172413793103412,1.127082137458867,0.0466635557411691,0.4680864823205606,0.995793241726177,0.0466853407811875,0.0,0.02194211017740444,0
2026-01-18 15:00:00+00:00,2.136,2.158,2.136,2.158,64.15,0.0074418948103858,0.7469654528478031,-0.5071461502996866,-1.235697940503444,0.801962714661892,0.0,0.6111906610656928,1.0039761969178485,1.0194624647731776,0.0,0.014365152919369795,0
2026-01-18 16:00:00+00:00,2.168,2.173,2.168,2.173,64.57,0.0069268344383496,0.6950880444856367,1.3526119402984982,-2.073005858494814,0.8092323759689707,0.0,0.3862223908295337,0.9591769388553456,0.2300966404831535,0.0,0.0013805798435342354,0
2026-01-18 17:00:00+00:00,2.173,2.173,2.173,2.173,0.0,0.0,0.0,1.3999066728884957,-1.9846639603067209,0.0,0.0,0.3801068599753915,0.95934172202457,0.0,0.0,-0.05200184077312475,0
2026-01-18 18:00:00+00:00,2.168,2.181,2.168,2.181,142.67,0.0036747859451995,0.3681546249424849,1.7732151189920886,-1.6238159675236783,1.9262701327957668,0.0,0.3645958022867817,0.963655680931031,0.5960568543805287,0.0,-0.1127922971114168,0
2026-01-18 19:00:00+00:00,2.189,2.189,2.189,2.189,22.8,0.0036613313212338,0.3668042182485065,2.09888059701493,-1.2629679747406364,0.3039375239493581,0.0,0.3441903658240628,0.9676722679262624,0.0,0.0,-0.09730470534490643,0
2026-01-18 20:00:00+00:00,2.189,2.189,2.189,2.189,0.0,0.0,0.0,2.194211017740444,0.6436781609195474,0.0,0.0,0.3217312712524725,0.8829047653767016,0.0,0.0,-0.10872544540886253,0
2026-01-18 21:00:00+00:00,2.189,2.189,2.189,2.189,0.0,0.0,0.0,1.4365152919369797,0.6436781609195474,0.0,0.0,0.286304507710569,0.8829047653767016,0.0,0.0,-0.09639104613978988,0
2026-01-18 22:00:00+00:00,2.19,2.19,2.176,2.176,17.11,-0.0059564895470296,-0.593878483325716,0.1380579843534235,0.0459770114942692,0.3884736911723809,0.6392694061007806,0.3523405674535164,0.8920138802265637,0.6433823526454947,0.0,-0.08961397058823528,0
2026-01-18 23:00:00+00:00,2.176,2.176,2.06,2.06,893.09,-0.0547823461922065,-5.330882352941179,-5.200184077312475,-7.788719785138765,11.331232818633993,5.3308823504913265,2.2751642713377636,1.2922618926395644,5.631067958431525,0.0,-0.03834951456310676,0
2026-01-19 00:00:00+00:00,2.06,2.06,1.856,1.935,6382.87,-0.0625986563197445,-6.0679611650485406,-11.27922971114168,-12.719891745602164,18.543512023236147,6.0679611621029315,3.027050853214552,1.769778412198959,10.542635653466336,0.0,0.01395348837209287,0
2026-01-19 01:00:00+00:00,1.962,1.977,1.95,1.976,161.62,0.0209672728439309,2.1188630490956095,-9.730470534490642,-8.898109727985249,0.4704044706165425,0.0505816894028474,3.3610097377345056,1.8146411710861856,1.3663967604421137,0.0506072874237874,-0.007085020242915019,0
2026-01-19 02:00:00+00:00,1.951,1.951,1.951,1.951,4.59,-0.0127325376847018,-1.2651821862348145,-10.872544540886253,-10.586617781851505,0.013439358190088,0.0,3.2707227337397797,1.8106281094683112,0.0,0.0,0.021014864172219427,0
2026-01-19 03:00:00+00:00,1.972,1.978,1.972,1.978,675.17,0.013744171559546,1.3839056893900414,-9.639104613978988,-8.383510884668821,1.85057513270029,0.0,3.473776856099215,1.8438103197004951,0.3033367035877977,0.0,0.009100101112234693,0
2026-01-19 04:00:00+00:00,1.978,1.981,1.978,1.981,33.4,0.0015155345158936,0.151668351870593,-8.961397058823529,-7.988852763585696,0.0914570490723436,0.0,3.533702299971729,1.846772778227896,0.1514386672632875,0.0,0.007571933366986361,0
2026-01-19 05:00:00+00:00,1.981,1.981,1.981,1.981,1.07,0.0,0.0,-3.834951456310676,-7.988852763585696,0.0029295538134314,0.0,2.9855245133584645,1.846772778227896,0.0,0.0,0.007571933366986361,0
2026-01-19 06:00:00+00:00,1.981,1.981,1.962,1.962,336.9,-0.0096374065732426,-0.959111559818282,1.395348837209287,-8.744186046511626,0.8971718713914363,0.9591115593341246,1.3067668858583386,1.850407859614416,0.968399591759232,0.0,0.017329255861366022,0
2026-01-19 07:00:00+00:00,1.962,1.962,1.962,1.962,0.0,0.0,0.0,-0.7085020242915019,-8.574091332712019,0.0,0.0,0.9357032687507738,1.851651295386362,0.0,0.0,0.019367991845056,0
2026-01-19 08:00:00+00:00,1.982,1.992,1.982,1.992,37.36,0.0151747980192351,1.5290519877675823,2.1014864172219427,-8.16044260027663,0.0992453440002322,0.0,0.9404963082227752,1.869120661471472,0.5020080318765024,0.0,-0.005522088353413612,0
2026-01-19 09:00:00+00:00,1.996,1.996,1.996,1.996,1.01,0.0020060187268657,0.2008032128514081,0.9100101112234692,-7.976025818349475,0.0026827246477469,0.0,0.7947296939693628,1.8712231166302935,0.0,0.0,-0.01002004008016033,0
2026-01-19 10:00:00+00:00,1.996,1.996,1.996,1.996,0.0,0.0,0.0,0.7571933366986361,-6.902985074626866,0.0,0.0,0.7971127548961954,1.8642750309863243,0.0,0.0,0.012024048096192397,0
2026-01-19 11:00:00+00:00,1.972,1.996,1.972,1.996,7.93,0.0,0.0,0.7571933366986361,-6.859542697153509,0.0212327063109612,0.0,0.7971127548961954,1.864572837973177,1.2024048090168322,0.0,0.013026052104208263,0
2026-01-19 12:00:00+00:00,1.996,1.996,1.996,1.996,0.0,0.0,0.0,1.7329255861366022,-6.859542697153509,0.0,0.0,0.608443690158097,1.864572837973177,0.0,0.0,0.016533066132264462,0
2026-01-19 13:00:00+00:00,1.995,2.0,1.995,2.0,16.86,0.0020020026706729,0.2004008016031955,1.9367991845056,-6.7164179104477695,0.0452075868840477,0.0,0.5949395385881497,1.866062839809893,0.2499999998749946,0.0,0.02950000000000008,0
2026-01-19 14:00:00+00:00,1.965,1.999,1.965,1.981,56.37,-0.0095454128435313,-0.9499999999999952,-0.5522088353413612,-7.516339869281041,0.15167598329021,0.9004502246621067,0.4336740285245256,1.8703980487084753,1.716304895650529,0.9086320035796918,0.040383644623927184,0
2026-01-19 15:00:00+00:00,1.976,1.976,1.976,1.976,74.66,-0.0025271683907378,-0.252397778899549,-1.002004008016033,-8.43373493975903,0.2006528518871881,0.0,0.4113556669219112,1.856626734332815,0.0,0.0,0.020748987854251055,0
2026-01-19 16:00:00+00:00,1.998,2.02,1.996,2.02,316.42,0.0220229120874372,2.2267206477732726,1.2024048096192397,-7.040957202024856,0.8270706498633346,0.0,1.0608566775539918,1.9186290579826055,1.1881188112930114,0.0,-0.002970297029703084,0
2026-01-19 17:00:00+00:00,2.001,2.022,2.001,2.022,250.07,0.0009896091851662,0.0990099009900991,1.3026052104208263,-6.94891854578924,0.6363124564629371,0.0,1.0579053241430734,1.9194174534419512,1.038575667142144,0.0,0.003956478733926794,0
2026-01-19 18:00:00+00:00,2.029,2.029,2.029,2.029,1.47,0.0034559402453981,0.3461918892186055,1.6533066132264462,-6.96928014672169,0.0037973171222523,0.0,1.0532102477862948,1.9190916938055,0.0,0.0,0.007885657959586068,0
2026-01-19 19:00:00+00:00,2.03,2.059,2.03,2.059,89.41,0.0146773672019749,1.478560867422396,2.950000000000008,-5.938784833257193,0.2293206004238896,0.0,1.1575685557634383,1.9486874120414253,1.4084507035413234,0.0,-0.007770762506070894,0
2026-01-19 20:00:00+00:00,2.061,2.061,2.061,2.061,23.7,0.0009708738626694,0.0971345313258709,4.038364462392718,-5.84741891274555,0.0606326776872753,0.0,0.9586072403809334,1.949340668903465,0.0,0.0,-0.007278020378457151,0
2026-01-19 21:00:00+00:00,2.03,2.045,2.017,2.017,178.02,-0.0215800429362473,-2.134885977680745,2.0748987854251055,-7.857469164001829,0.4469542111693856,1.3691931533646988,1.489768482053872,1.986670235449172,1.3882002967832434,0.7436787304196003,0.01189885969261284,0
2026-01-19 22:00:00+00:00,2.018,2.018,2.014,2.014,94.52,-0.0014884646757042,-0.1487357461576688,-0.2970297029703084,-7.444852941176483,0.235404726399324,0.1982160554022717,1.1796012122110937,1.9862733650062945,0.1986097317782475,0.0,0.00744786494538241,0
2026-01-19 23:00:00+00:00,2.011,2.03,2.011,2.03,34.38,0.0079129987573255,0.794438927507457,0.3956478733926794,-1.456310679611661,0.094000774681326,0.0,1.2298307912444082,1.664995612875951,0.935960590671925,0.0,0.005418719211822687,0
2026-01-20 00:00:00+00:00,2.042,2.045,2.042,2.045,92.62,0.0073619964410692,0.7389162561576512,0.7885657959586068,5.68475452196382,0.8936021386418582,0.0,1.2576273148231445,1.020077131834041,0.1466992664319374,0.0,-0.030317848410757908,0
2026-01-20 01:00:00+00:00,2.043,2.043,2.043,2.043,214.4,-0.00097847365928,-0.0977995110024387,-0.7770762506070894,3.3906882591093312,2.025563607858581,0.0,1.0737648121999193,0.9407816698271284,0.0,0.0,-0.029368575624082238,0
2026-01-20 02:00:00+00:00,2.045,2.046,2.043,2.046,8.84,0.0014673516939495,0.1468428781203901,-0.7278020378457151,4.869297796002048,0.0833772174574975,0.0,1.076053814280326,0.8914662586792528,0.146627565910723,0.0,-0.03128054740957964,0
2026-01-20 03:00:00+00:00,2.031,2.041,2.03,2.041,88.81,-0.0024467837017269,-0.2443792766373409,1.189885969261284,3.185035389282098,1.088457885208954,0.0,0.4578383030547608,0.8592587542880756,0.5389514941014506,0.0,-0.03527682508574226,0
2026-01-20 04:00:00+00:00,2.039,2.046,2.029,2.029,152.35,-0.00589682298403,-0.5879470847623747,0.744786494538241,2.42301867743564,1.7602796111814412,0.8308895401608509,0.5504681979489213,0.8717055539932039,0.8378511577930702,0.3449975355618382,-0.029571217348447476,0
2026-01-20 05:00:00+00:00,2.044,2.044,2.041,2.041,95.88,0.00589682298403,0.5914243469689495,0.5418719211822687,3.0287733467945444,1.0594572693922475,0.1467710371101958,0.5059129375785345,0.8770655586364047,0.1469867711185813,0.0,-0.036746692797648195,0
2026-01-20 06:00:00+00:00,2.018,2.018,1.983,1.983,358.94,-0.0288290342900487,-2.8417442430181183,-3.031784841075791,1.070336391437321,3.926381710242281,1.734390484769861,1.2261997642296094,1.0508523165843164,1.7650025205420912,0.0,-0.008572869389813498,0
2026-01-20 07:00:00+00:00,1.983,1.983,1.983,1.983,0.0,0.0,0.0,-2.936857562408224,1.070336391437321,0.0,0.0,1.2334564078329702,1.0508523165843164,0.0,0.0,-0.018154311649016708,0
2026-01-20 08:00:00+00:00,1.982,1.982,1.982,1.982,2.32,-0.0005044136298626,-0.0504286434694911,-3.128054740957964,-0.5020080321285092,0.0257899563679983,0.0,1.2153755995402993,1.0029339077445278,0.0,0.0,-0.008072653884964698,0
2026-01-20 09:00:00+00:00,1.969,1.969,1.969,1.969,58.77,-0.0065806362508077,-0.6559031281533789,-3.527682508574226,-1.352705410821642,0.6362857168566136,0.0,1.2076814372827187,1.0099769987899463,0.0,0.0,-0.016251904520060978,0
2026-01-20 10:00:00+00:00,1.969,1.969,1.969,1.969,0.0,0.0,0.0,-2.9571217348447476,-1.352705410821642,0.0,0.0,1.2322924039790553,1.0099769987899463,0.0,0.0,-0.02590147282884725,0
2026-01-20 11:00:00+00:00,1.995,1.995,1.966,1.966,52.37,-0.0015247779320136,-0.1523616048755727,-3.674669279764819,-1.503006012024044,0.5558513696329614,1.453634084484401,1.1343597076380034,1.0100840835783802,1.4750762962995612,0.0,-0.03255340793489325,0
2026-01-20 12:00:00+00:00,1.966,1.966,1.966,1.966,0.0,0.0,0.0,-0.8572869389813498,-1.503006012024044,0.0,0.0,0.2589567473152485,1.0100840835783802,0.0,0.0,-0.02492370295015256,0
2026-01-20 13:00:00+00:00,1.979,1.979,1.947,1.947,340.97,-0.0097112953349121,-0.9664292980671396,-1.8154311649016708,-2.649999999999997,3.165323812773049,1.6169782710374048,0.4104862624604631,1.0249968936357643,1.6435541850829218,0.0,-0.01746276322547513,0
2026-01-20 14:00:00+00:00,1.939,1.968,1.939,1.966,192.28,0.009711295334912,0.9758602978941822,-0.8072653884964698,-0.7571933366986472,1.6958400705421508,0.1016260162085234,0.6682793011787668,1.0315174941323435,1.4750762962995498,0.1017293997447969,-0.024415055951169884,0
2026-01-20 15:00:00+00:00,1.974,1.974,1.937,1.937,233.92,-0.0148606373001158,-1.4750762970498377,-1.6251904520060978,-1.9736842105263164,1.9490220311871105,1.874366767034258,0.8567788872473889,1.0729007974117049,1.9101703655600524,0.0,-0.009808982963345425,0
2026-01-20 16:00:00+00:00,1.934,1.934,1.918,1.918,338.07,-0.0098574079636123,-0.9808982963345424,-2.590147282884725,-5.049504950495054,2.7957865139270752,0.827300930285781,0.8878846018320707,0.9700783698938332,0.834202293621376,0.0,-0.0031282586027111536,0
2026-01-20 17:00:00+00:00,1.902,1.902,1.901,1.902,132.67,-0.0083770123380479,-0.8342022940563076,-3.2553407934893253,-5.934718100890201,1.1434152927854455,0.0,0.8879783139147557,0.9756859827964748,0.0525762355138868,0.0,-0.00525762355415349,0
2026-01-20 18:00:00+00:00,1.917,1.917,1.917,1.917,4.69,0.007855499940309,0.7886435331230457,-2.492370295015256,-5.519960571710191,0.0403740409547696,0.0,1.031829653340804,0.991464641677978,0.0,0.0,0.006781429316640608,0
2026-01-20 19:00:00+00:00,1.913,1.913,1.913,1.913,16.72,-0.0020887736053915,-0.2086593635889366,-1.746276322547513,-7.090820786789709,0.1477880408348628,0.0,0.9968307989181524,0.9228491124077498,0.0,0.0,0.010977522216413904,0
2026-01-20 20:00:00+00:00,1.918,1.918,1.918,1.918,2.42,0.0026102860031305,0.2613695765812718,-2.4415055951169884,-6.938379427462394,0.0215593401533365,0.0,0.8476278928084576,0.9265651964682674,0.0,0.0,0.016684045881126153,0
2026-01-20 21:00:00+00:00,1.918,1.918,1.918,1.918,0.0,0.0,0.0,-0.9808982963345424,-4.9082796232027714,0.0,0.0,0.6693781089204552,0.8389476053699823,0.0,0.0,0.016684045881126153,0
2026-01-20 22:00:00+00:00,1.932,1.932,1.892,1.912,593.87,-0.0031331618320369,-0.3128258602711153,-0.3128258602711153,-5.064548162859972,4.7268687256902515,1.0351966868347853,0.549982489002754,0.8391006216101526,2.0920502081108543,0.0,0.01987447698744771,0
2026-01-20 23:00:00+00:00,1.892,1.892,1.892,1.892,13.08,-0.010515343999523,-1.0460251046025104,-0.525762355415349,-6.798029556650242,0.1048500495985235,0.0,0.6142363867278822,0.8270951673443306,0.0,0.0,0.030655391120507414,0
2026-01-21 00:00:00+00:00,1.93,1.93,1.93,1.93,10.33,0.0198855322871077,2.008456659619462,0.6781429316640608,-5.623471882640585,0.0851461345598642,0.0,1.0192027771316796,0.9281988152253304,0.0,0.0,0.015544041450777257,0
2026-01-21 01:00:00+00:00,1.931,1.934,1.931,1.934,2.94,0.0020703941143084,0.2072538860103723,1.0977522216413904,-5.335291238374951,0.0261310105766053,0.0,1.0070328980128087,0.9323227051831204,0.1551189244285782,0.0,0.013443640124095158,0
2026-01-21 02:00:00+00:00,1.95,1.95,1.95,1.95,2.92,0.0082389755445528,0.8273009307135482,1.6684045881126153,-4.692082111436946,0.0260102734639448,0.0,1.0414991783502503,0.9541615909239868,0.0,0.0,-0.008205128205128198,0
2026-01-21 03:00:00+00:00,1.95,1.95,1.95,1.95,0.0,0.0,0.0,1.6684045881126153,-4.458598726114649,0.0,0.0,1.0414991783502503,0.95497293483567,0.0,0.0,-0.008205128205128198,0
2026-01-21 04:00:00+00:00,1.95,1.95,1.95,1.95,0.0,0.0,0.0,1.987447698744771,-3.893543617545592,0.0,0.0,1.0135350052375671,0.9518244085067568,0.0,0.0,-0.014358974358974375,0
2026-01-21 05:00:00+00:00,1.95,1.95,1.95,1.95,0.0,0.0,0.0,3.065539112050742,-4.458598726114649,0.0,0.0,0.7945392294482717,0.9390081635538852,0.0,0.0,-0.014358974358974375,0
2026-01-21 06:00:00+00:00,1.951,1.96,1.95,1.96,28.28,0.0051151006667704,0.512820512820511,1.5544041450777255,-1.1598587997982968,0.3349024484076752,0.0,0.3425759006092386,0.7529806083043433,0.5102040813723453,0.0,-0.03469387755102049,0
2026-01-21 07:00:00+00:00,1.96,1.96,1.96,1.96,7.0,0.0,0.0,1.3443640124095158,-1.1598587997982968,0.0826113039791197,0.0,0.3586727782960294,0.7529806083043433,0.0,0.0,-0.01632653061224487,0
2026-01-21 08:00:00+00:00,1.934,1.934,1.934,1.934,2.38,-0.0133540762113233,-1.3265306122449028,-0.8205128205128198,-2.4217961654894093,0.0280870146725767,0.0,0.6215820996217138,0.7974847118137759,0.0,0.0,0.024301964839710477,0
2026-01-21 09:00:00+00:00,1.934,1.934,1.934,1.934,0.0,0.0,0.0,-0.8205128205128198,-1.7775520568816705,0.0,0.0,0.6215820996217138,0.7888057602366393,0.0,0.0,0.024301964839710477,0
2026-01-21 10:00:00+00:00,1.922,1.922,1.922,1.922,17.32,-0.0062240864830018,-0.6204756980351611,-1.4358974358974377,-2.3869984763839613,0.2086506076080535,0.0,0.6455563465746881,0.7964366033479501,0.0,0.0,0.003121748178980255,0
2026-01-21 11:00:00+00:00,1.922,1.922,1.922,1.922,0.0,0.0,0.0,-1.4358974358974377,-2.238046795523907,0.0,0.0,0.6455563465746881,0.7966134587184599,0.0,0.0,-0.021331945889698223,0
2026-01-21 12:00:00+00:00,1.918,1.918,1.892,1.892,93.31,-0.0157318399184142,-1.5608740894901163,-3.469387755102049,-3.7639877924720233,1.1014524117381066,1.355578727134736,0.7166059035095714,0.8513592131787163,1.3742071874343529,0.0,0.01374207188160681,0
2026-01-21 13:00:00+00:00,1.93,1.93,1.928,1.928,19.03,0.0188487255586673,1.9027484143763207,-1.6326530612244872,-0.9758602978942044,0.266895741655765,0.1036269429514887,1.2447277394689982,0.9290855671440056,0.1037344397802208,0.0,0.032157676348547826,0
2026-01-21 14:00:00+00:00,1.932,1.981,1.932,1.981,291.58,0.0271185715280601,2.748962655601672,2.4301964839710477,0.7629704984740693,3.865122367432321,0.0,1.6005189343733062,1.068942489689095,2.473498231966944,0.0,0.008076728924785392,0
2026-01-21 15:00:00+00:00,1.981,1.981,1.981,1.981,15.14,0.0,0.0,2.4301964839710477,2.271553949406302,0.2282770535539636,0.0,1.6005189343733062,1.0190820035235193,0.0,0.0,0.008076728924785392,0
2026-01-21 16:00:00+00:00,1.951,1.964,1.898,1.928,241.43,-0.02711857152806,-2.675416456335189,0.3121748178980255,0.5213764337852034,3.875514176152251,1.832993889087072,2.0356718415143393,1.150946259589951,3.4232365127472866,0.6742738585714295,0.035788381742738684,0
2026-01-21 17:00:00+00:00,1.891,1.891,1.881,1.881,188.9,-0.0246796458694604,-2.4377593360995764,-2.1331945889698223,-1.1041009463722329,2.9223767838964156,0.5288207294929561,2.282626514043791,1.2478954694360251,0.5316321102968468,0.0,0.03189792663476876,0
2026-01-21 18:00:00+00:00,1.901,1.918,1.894,1.918,361.1,0.019479426142353,1.9670388091440616,1.374207188160681,0.0521648408972286,4.5427335866287395,0.0,2.3594890590136908,1.3029269642024448,1.251303440432064,0.0,0.031282586027111536,0
2026-01-21 19:00:00+00:00,1.926,1.99,1.906,1.99,237.57,0.0368516622751545,3.753910323253384,3.2157676348547826,4.0250914793517945,2.678605656269715,0.0,2.7020151182906837,1.502654332153137,4.221105525517036,0.0,-0.002512562814070307,0
2026-01-21 20:00:00+00:00,1.991,1.997,1.991,1.997,20.59,0.0035114156972771,0.3517587939698474,0.8076728924785392,4.118873826903036,0.2301876772986746,0.0,2.483360564225854,1.5030187519071283,0.3004506758635702,0.0,-0.005007511266900355,0
2026-01-21 21:00:00+00:00,1.997,1.997,1.997,1.997,0.0,0.0,0.0,0.8076728924785392,4.118873826903036,0.0,0.0,2.483360564225854,1.5030187519071283,0.0,0.0,-0.006509764646970506,0
2026-01-21 22:00:00+00:00,1.997,1.997,1.997,1.997,19.1,0.0,0.0,3.5788381742738684,4.445606694560689,0.2916030534306627,0.0,2.0750117665795047,1.5000124556159518,0.0,0.0,-0.009514271407110697,0
2026-01-21 23:00:00+00:00,1.995,1.995,1.941,1.941,202.52,-0.0284427502468049,-2.8042063094641967,3.189792663476876,2.5898520084566723,2.7593786901249984,2.7067669159364596,2.188373389796032,1.605031955178695,2.782071095939172,0.0,0.0,0
2026-01-22 00:00:00+00:00,1.965,1.978,1.965,1.978,52.4,0.018882929013647,1.9062339000515127,3.1282586027111536,2.4870466321243567,0.697306918166944,0.0,2.18072923495181,1.6000432657677168,0.6572295244402228,0.0,-0.011122345803842304,0
2026-01-22 01:00:00+00:00,1.985,1.985,1.985,1.985,0.97,0.0035326809386334,0.3538928210313541,-0.2512562814070307,2.6370217166494347,0.0129222776067641,0.0,1.5422776097976831,1.6007374761219588,0.0,0.0,-0.012594458438287215,0
2026-01-22 02:00:00+00:00,1.987,1.987,1.987,1.987,1.01,0.001007049430526,0.1007556675062915,-0.5007511266900355,1.8974358974358951,0.0134694353837604,0.0,1.5328723457564657,1.593474419234574,0.0,0.0,-0.013588324106693528,0
2026-01-22 03:00:00+00:00,1.984,1.984,1.984,1.984,4.53,-0.0015109547069987,-0.1509813789632663,-0.6509764646970506,1.7435897435897465,0.0602607307547854,0.0,1.5324639795600157,1.5940956629224667,0.0,0.0,-0.009576612903225756,0
2026-01-22 04:00:00+00:00,1.978,1.978,1.978,1.978,1.02,-0.0030287756621607,-0.3024193548387122,-0.9514271407110696,1.4358974358974264,0.0135609745286755,0.0,1.5331495700308613,1.5958885180902629,0.0,0.0,-0.0065722952477249574,0
2026-01-22 05:00:00+00:00,1.982,1.982,1.941,1.941,49.54,-0.0188829290136471,-1.870576339737107,0.0,-0.4615384615384577,0.6410455486459495,2.0686175569784937,1.2149736339335744,1.6447440371390076,2.112313239509366,0.0,0.002060793405461059,0
2026-01-22 06:00:00+00:00,1.959,1.959,1.956,1.956,8.34,0.0076982674257523,0.7727975270479082,-1.1122345803842304,-0.2040816326530636,0.1090920982337838,0.1531393567365349,0.91643803536106,1.6492076675315726,0.153374233050428,0.0,-0.0056237218813904866,0
2026-01-22 07:00:00+00:00,1.96,1.96,1.96,1.96,15.33,0.0020429016298003,0.2044989775051187,-1.2594458438287215,0.0,0.1996191220248434,0.0,0.9007761274755488,1.649780615346787,0.0,0.0,-0.001530612244897922,0
2026-01-22 08:00:00+00:00,1.96,1.96,1.96,1.96,0.0,0.0,0.0,-1.3588324106693528,1.3443640124095158,0.0,0.0,0.8947190021875224,1.6251184781885923,0.0,0.0,-0.017857142857142794,0
2026-01-22 09:00:00+00:00,1.965,1.965,1.965,1.965,101.71,0.0025477720787987,0.2551020408163351,-0.9576612903225756,1.6028955532574996,1.2566874652343654,0.0,0.9167698418286708,1.625571280605974,0.0,0.0,-0.016284987277353724,0
2026-01-22 10:00:00+00:00,1.965,1.965,1.965,1.965,0.0,0.0,0.0,-0.6572295247724957,2.237252861602501,0.0,0.0,0.9156922406230892,1.6190586787229566,0.0,0.0,-0.012722646310432628,0
2026-01-22 11:00:00+00:00,1.945,1.945,1.945,1.945,24.05,-0.0102302682508149,-1.0178117048346036,0.2060793405461058,1.196670135275757,0.2961260433891827,0.0,0.5897116987189749,1.634980094033846,0.0,0.0,-0.0025706940874036244,0
2026-01-22 12:00:00+00:00,1.945,1.945,1.945,1.945,0.0,0.0,0.0,-0.5623721881390487,2.8012684989429326,0.0,0.0,0.4690887769951719,1.59821501310548,0.0,0.0,0.0020565552699229883,0
2026-01-22 13:00:00+00:00,1.957,1.957,1.957,1.957,12.75,0.0061507113435296,0.6169665809768743,-0.1530612244897922,1.504149377593378,0.1654429654278428,0.0,0.5451416701869309,1.5575821345401817,0.0,0.0,-0.01941747572815533,0
2026-01-22 14:00:00+00:00,1.937,1.937,1.925,1.925,165.73,-0.0164867206741915,-1.635155850792025,-1.7857142857142794,-2.8268551236749095,2.3075075562556906,0.6195147131546135,0.8563663346695795,1.4878292313822423,0.6233766230527918,0.0,-0.0031168831168830735,0
2026-01-22 15:00:00+00:00,1.918,1.933,1.918,1.933,112.51,0.0041472324864463,0.4155844155844246,-1.6284987277353724,-2.42301867743564,1.4827521827271513,0.0,0.8792841339351771,1.4916806561800542,0.7759958609539661,0.0,-0.007242628039317078,0
2026-01-22 16:00:00+00:00,1.928,1.94,1.928,1.94,182.91,0.0036147728490429,0.3621314019658594,-1.2722646310432628,0.6224066390041472,2.4905763142326753,0.0,0.91350185461493,1.386090845784502,0.6185567007120847,0.0,-0.0005154639175257714,0
2026-01-22 17:00:00+00:00,1.94,1.94,1.94,1.94,0.0,0.0,0.0,-0.2570694087403624,3.1366294524189264,0.0,0.0,0.8231707954479356,1.280564682184003,0.0,0.0,-0.004639175257731942,0
2026-01-22 18:00:00+00:00,1.949,1.949,1.949,1.949,15.46,0.0046284474501869,0.4639175257731942,0.2056555269922988,1.6162669447341127,0.3021399954339834,0.0,0.8492683888475868,1.2234399842081571,0.0,0.0,0.0,0
2026-01-22 19:00:00+00:00,1.922,1.922,1.919,1.919,68.09,-0.0155122034998609,-1.5392508978963604,-1.9417475728155331,-3.567839195979894,1.5437575574015183,0.1560874088677948,1.000047035718229,0.9958503782555578,0.1563314225344751,0.0,0.015633142261594513,0
2026-01-22 20:00:00+00:00,1.919,1.919,1.919,1.919,0.0,0.0,0.0,-0.3116883116883073,-3.9058587881822815,0.0,0.0,0.7624865664567054,0.9907126592173924,0.0,0.0,0.015633142261594513,0
2026-01-22 21:00:00+00:00,1.919,1.919,1.919,1.919,0.0,0.0,0.0,-0.7242628039317078,-3.9058587881822815,0.0,0.0,0.7298098562985307,0.9907126592173924,0.0,0.0,0.0182386659718603,0
2026-01-22 22:00:00+00:00,1.939,1.939,1.939,1.939,749.87,0.0103681592349519,1.0422094841063156,-0.0515463917525771,-2.9043565348022105,10.17497201383799,0.0,0.859657376473132,1.0204261911730743,0.0,0.0,0.02166064981949467,0
2026-01-22 23:00:00+00:00,1.919,1.931,1.919,1.931,35.95,-0.0041343728141373,-0.4125838060856091,-0.4639175257731942,-0.5151983513652758,0.5385196327400188,0.0,0.8752588700298346,0.8439315758734087,0.6214396682436879,0.0,0.025893319523562885,0
2026-01-23 00:00:00+00:00,1.948,1.949,1.948,1.949,269.7,0.0092784170790463,0.932159502848262,0.0,-1.4661274014155623,3.557519497389142,0.0,0.9500623615336348,0.7688651668938619,0.0513083632368921,0.0,0.00667008722421758,0
2026-01-23 01:00:00+00:00,1.949,1.949,1.949,1.949,0.0,0.0,0.0,1.5633142261594513,-1.813602015113347,0.0,0.0,0.5840822631732954,0.7639444178371518,0.0,0.0,0.0061570035915854415,0
2026-01-23 02:00:00+00:00,1.949,1.949,1.949,1.949,2222.99,0.0,0.0,1.5633142261594513,-1.9124308002013144,13.204312358849224,0.0,0.5840822631732954,0.7632063669749517,0.0,0.0,-0.007696254489481857,0
2026-01-23 03:00:00+00:00,1.95,1.982,1.95,1.954,82.61,0.0025621330951671,0.2565418163160471,1.8238665971860304,-1.5120967741935498,0.4813915543268636,1.4127144291560485,0.5706108541191469,0.7660904466997682,1.6376663246480738,1.432958034067065,-0.01586489252814738,0
2026-01-23 04:00:00+00:00,1.98,1.981,1.971,1.981,422.37,0.0137232140958229,1.3817809621289756,2.166064981949467,0.151668351870593,2.232837214822853,0.0,0.6656376243589807,0.8178943901013419,0.5047955575442732,0.0,-0.017667844522968323,0
2026-01-23 05:00:00+00:00,1.981,1.981,1.981,1.981,0.0,0.0,0.0,2.5893319523562885,2.0607934054611032,0.0,0.0,0.5866216509259623,0.711636553049372,0.0,0.0,-0.017667844522968323,0
2026-01-23 06:00:00+00:00,1.975,1.975,1.95,1.962,88.85,-0.0096374065732426,-0.959111559818282,0.667008722421758,0.3067484662576669,0.4665184822154168,0.658227847767992,0.7488723311294225,0.7269184371765118,1.2742099891568823,0.0,-0.0025484199796126372,0
2026-01-23 07:00:00+00:00,1.961,1.961,1.961,1.961,1.01,-0.000509813928962,-0.0509683995922438,0.6157003591585442,0.0510204081632714,0.0053198026581176,0.0,0.7506679873410849,0.72586093921813,0.0,0.0,-0.0050994390617031815,0
2026-01-23 08:00:00+00:00,1.934,1.934,1.934,1.934,2.38,-0.0138641501831066,-1.37684854665987,-0.7696254489481857,-1.3265306122449028,0.0125292282854565,0.0,0.9698419808861204,0.7792430733832827,0.0,0.0,-0.014477766287487093,0
2026-01-23 09:00:00+00:00,1.923,1.923,1.923,1.923,12.44,-0.0057039304244598,-0.5687693898655533,-1.5864892528147378,-2.1374045801526687,0.0667968776214792,0.0,0.9629030365477828,0.7831456121692079,0.0,0.0,0.009880395215808635,0
2026-01-23 10:00:00+00:00,1.947,1.947,1.946,1.946,12.18,0.0118895171571705,1.1960478419136722,-1.7667844522968323,-0.9669211195928784,0.0652230663673337,0.051361068283847,0.901432032117208,0.8255450540840845,0.0513874614330029,0.0,0.0020554984583760483,0
2026-01-23 11:00:00+00:00,1.946,1.946,1.946,1.946,0.0,0.0,0.0,-1.7667844522968323,0.0514138817480747,0.0,0.0,0.901432032117208,0.7985777681356072,0.0,0.0,0.010277492291880685,0
2026-01-23 12:00:00+00:00,1.95,1.957,1.95,1.957,3.11,0.0056367046501259,0.5652620760534521,-0.2548419979612637,0.6169665809768743,0.016732012078163,0.0,0.8911310544316122,0.8067589437750846,0.3576903421779874,0.0,0.0005109862033725321,0
2026-01-23 13:00:00+00:00,1.951,1.951,1.951,1.951,12.8,-0.003070626772965,-0.3065917220235081,-0.5099439061703182,-0.3065917220235081,0.068864101000311,0.0,0.8977249439031751,0.7993907791807359,0.0,0.0,-0.013326499231163469,0
2026-01-23 14:00:00+00:00,1.961,1.961,1.906,1.906,76.27,-0.0233352564089638,-2.3065094823167653,-1.4477766287487093,-0.9870129870129918,0.4187304128994512,2.8046914825065397,1.20348158439393,0.8694762152100771,2.885624342662325,0.0,0.0010493179433368471,0
2026-01-23 15:00:00+00:00,1.934,1.942,1.934,1.942,13.07,0.0187115646371228,1.8887722980063024,0.9880395215808636,0.465597516813232,0.0734259350285899,0.0,1.456782478983329,0.9498050293772234,0.4119464467497704,0.0,-0.01750772399588052,0
2026-01-23 16:00:00+00:00,1.933,1.95,1.932,1.95,69.92,0.0041110027065222,0.4119464469618972,0.2055498458376048,0.5154639175257714,0.4034748152808962,0.0,1.3798953872791822,0.9506358231114352,0.9230769226035512,0.0,-0.019487179487179485,0
2026-01-23 17:00:00+00:00,1.965,1.966,1.965,1.966,76.21,0.0081716491493194,0.8205128205128309,1.0277492291880683,1.3402061855670055,0.4318581061912402,0.0,1.415704058378249,0.9643700031460664,0.0508646998723928,0.0,-0.018819938962360117,0
2026-01-23 18:00:00+00:00,1.981,1.981,1.958,1.958,35.25,-0.0040774776166561,-0.4069175991861629,0.0510986203372532,0.4617752693689025,0.1988216410059596,1.161029782351834,1.4172819852217289,0.9647539991170132,1.174668028000687,0.0,-0.014811031664964225,0
2026-01-23 19:00:00+00:00,1.954,1.954,1.925,1.925,214.54,-0.016997576368571,-1.6853932584269593,-1.332649923116347,0.3126628452318813,1.1698140642259778,1.4841351067123114,1.5835895087464449,0.975681062114176,1.506493505710908,0.0,0.0025974025974024872,0
2026-01-23 20:00:00+00:00,1.918,1.918,1.908,1.908,137.96,-0.0088703947136527,-0.8831168831168856,0.1049317943336847,-0.5732152162584714,0.7293875069352648,0.5213764335133599,1.2789392900029175,0.9928453037747308,0.5241090144003626,0.0,0.006813417190775661,0
2026-01-23 21:00:00+00:00,1.908,1.908,1.908,1.908,0.0,0.0,0.0,-1.750772399588052,-0.5732152162584714,0.0,0.0,0.912039242045284,0.9928453037747308,0.0,0.0,0.006813417190775661,0
2026-01-23 22:00:00+00:00,1.912,1.912,1.912,1.912,520.88,0.0020942416031146,0.2096436058700135,-1.9487179487179485,-1.392470345538943,2.9001621625222187,0.0,0.8841284138022839,0.9684764368994928,0.0,0.0,0.004707112970711469,0
2026-01-23 23:00:00+00:00,1.929,1.929,1.929,1.929,1050.15,0.0088519192943826,0.8891213389121466,-1.8819938962360117,-0.1035732780942488,4.733345978805604,0.0,0.9020060924652918,0.983933742638667,0.0,0.0,-0.00414722654224986,0
2026-01-24 00:00:00+00:00,1.929,1.929,1.929,1.929,0.0,0.0,0.0,-1.4811031664964225,-1.026167265264244,0.0,0.0,0.9091025882737844,0.9637362961454142,0.0,0.0,-0.00414722654224986,0
2026-01-24 01:00:00+00:00,1.93,1.93,1.93,1.93,2.06,0.0005182689932021,0.051840331778119,0.2597402597402487,-0.97485890200103,0.0097764506974946,0.0,0.5666980238689736,0.9638948355928808,0.0,0.0,-0.004663212435233155,0
2026-01-24 02:00:00+00:00,1.934,1.947,1.921,1.921,132.63,-0.0046741191303745,-0.4663212435233155,0.6813417190775661,-1.4366341713699329,1.0729533587851274,1.335387775379874,0.4408482628836432,0.9677485669281224,1.353461737973212,0.6767308689866118,0.0,0
2026-01-24 03:00:00+00:00,1.921,1.921,1.921,1.921,0.0,0.0,0.0,0.6813417190775661,-1.6888433981576243,0.0,0.0,0.4408482628836432,0.9655158783770948,0.0,0.0,0.001561686621551317,0
2026-01-24 04:00:00+00:00,1.921,1.921,1.921,1.921,0.0,0.0,0.0,0.4707112970711469,-3.0287733467945555,0.0,0.0,0.4399930832796359,0.9156741322740624,0.0,0.0,0.001561686621551317,0
2026-01-24 05:00:00+00:00,1.921,1.921,1.921,1.921,0.0,0.0,0.0,-0.414722654224986,-3.0287733467945555,0.0,0.0,0.1961503369041605,0.9156741322740624,0.0,0.0,0.001561686621551317,0
2026-01-24 06:00:00+00:00,1.921,1.921,1.921,1.921,0.0,0.0,0.0,-0.414722654224986,-2.0897043832823647,0.0,0.0,0.1961503369041605,0.8984060665125675,0.0,0.0,0.001561686621551317,0
2026-01-24 07:00:00+00:00,1.921,1.921,1.921,1.921,0.0,0.0,0.0,-0.4663212435233155,-2.0397756246812837,0.0,0.0,0.1908201144399802,0.8985576429666751,0.0,0.0,-0.001561686621551317,0
2026-01-24 08:00:00+00:00,1.921,1.921,1.921,1.921,0.0,0.0,0.0,0.0,-0.6721820062047468,0.0,0.0,0.0,0.8548124523632782,0.0,0.0,0.004685059864653729,0
2026-01-24 09:00:00+00:00,1.921,1.924,1.921,1.924,74.91,0.0015604684570951,0.1561686621551317,0.1561686621551317,0.0520020800832021,0.7392616594086442,0.0,0.0637058579931894,0.8476064217668077,0.1559251558441081,0.0,-0.01455301455301461,0
2026-01-24 10:00:00+00:00,1.924,1.924,1.924,1.924,0.0,0.0,0.0,0.1561686621551317,-1.130524152106882,0.0,0.0,0.0637058579931894,0.8090973879728824,0.0,0.0,-0.01455301455301461,0
2026-01-24 11:00:00+00:00,1.924,1.924,1.924,1.924,0.0,0.0,0.0,0.1561686621551317,-1.130524152106882,0.0,0.0,0.0637058579931894,0.8090973879728824,0.0,0.0,-0.01455301455301461,0
2026-01-24 12:00:00+00:00,1.924,1.924,1.924,1.924,0.0,0.0,0.0,0.1561686621551317,-1.6862544711292893,0.0,0.0,0.0637058579931894,0.7987032549821638,0.0,0.0,-0.0031185031185031464,0
2026-01-24 13:00:00+00:00,1.938,1.938,1.918,1.918,401.18,-0.0031233757822682,-0.3118503118503146,-0.1561686621551317,-1.6914402870322975,3.43251943826541,1.031991743533545,0.1535149821027415,0.7987718022720046,1.04275286702672,0.0,-0.007820646506777829,0
2026-01-24 14:00:00+00:00,1.93,1.93,1.93,1.93,15.64,0.0062370264555476,0.6256517205422307,0.4685059864653729,1.2591815320041944,0.1367730651496566,0.0,0.3080578045840166,0.6485607322290878,0.0,0.0,-0.013989637305699465,0
2026-01-24 15:00:00+00:00,1.902,1.902,1.896,1.896,17.28,-0.0177735990839641,-1.761658031088087,-1.455301455301461,-2.3686920700308978,0.1508835374958175,0.315457413083356,0.8108486728294382,0.6310135855073211,0.3164556960356249,0.0,0.003691983122362963,0
2026-01-24 16:00:00+00:00,1.896,1.896,1.896,1.896,0.0,0.0,0.0,-1.455301455301461,-2.7692307692307683,0.0,0.0,0.8108486728294382,0.6220557811063984,0.0,0.0,0.003691983122362963,0
2026-01-24 17:00:00+00:00,1.896,1.896,1.896,1.896,0.0,0.0,0.0,-1.455301455301461,-3.560528992878942,0.0,0.0,0.8108486728294382,0.590250849593808,0.0,0.0,0.021097046413502074,0
2026-01-24 18:00:00+00:00,1.917,1.918,1.917,1.918,81.6,0.0115365726284163,1.1603375527426074,-0.3118503118503146,-2.0429009193054126,0.7393452958409018,0.0,0.9960154566870956,0.6443037406156444,0.0521376433513302,0.0,0.009384775808133572,0
2026-01-24 19:00:00+00:00,1.919,1.919,1.903,1.903,43.41,-0.0078513881472339,-0.7820646506777829,-0.7820646506777829,-1.1428571428571457,0.4204867417322148,0.8337675868505647,1.0385221017845727,0.5671307845463052,0.84077771894862,0.0,0.011035207566999494,0
2026-01-24 20:00:00+00:00,1.903,1.903,1.903,1.903,0.0,0.0,0.0,-1.3989637305699465,-0.2620545073375169,0.0,0.0,0.9772993985912712,0.5382338644338504,0.0,0.0,0.011035207566999494,0
2026-01-24 21:00:00+00:00,1.903,1.903,1.903,1.903,0.0,0.0,0.0,0.3691983122362963,-0.2620545073375169,0.0,0.0,0.620440767636245,0.5382338644338504,0.0,0.0,0.0031529164477142047,0
2026-01-24 22:00:00+00:00,1.903,1.903,1.903,1.903,0.0,0.0,0.0,0.3691983122362963,-0.4707112970711247,0.0,0.0,0.620440767636245,0.5361998182771052,0.0,0.0,0.004729374671571085,0
2026-01-24 23:00:00+00:00,1.934,1.936,1.934,1.936,2.59,0.0171924005403727,1.734104046242768,2.1097046413502074,0.3628823224468558,0.0805912096435445,0.0,0.9139691980234532,0.618158765646776,0.1033057850706066,0.0,-0.012396694214875992,0
2026-01-25 00:00:00+00:00,1.936,1.936,1.936,1.936,0.0,0.0,0.0,0.9384775808133572,0.3628823224468558,0.0,0.0,0.8278653434277106,0.618158765646776,0.0,0.0,-0.012396694214875992,0
2026-01-25 01:00:00+00:00,1.922,1.924,1.921,1.924,183.09,-0.0062176366108705,-0.6198347107438051,1.1035207566999494,-0.3108808290155473,4.614114855028473,0.0,0.7926706766546422,0.6315645670776604,0.1559251558441081,0.0,-0.011434511434511463,0
2026-01-25 02:00:00+00:00,1.924,1.924,1.924,1.924,0.0,0.0,0.0,1.1035207566999494,0.1561686621551317,0.0,0.0,0.7926706766546422,0.6241045222500043,0.0,0.0,-0.017671517671517645,0
2026-01-25 03:00:00+00:00,1.918,1.918,1.909,1.909,4.43,-0.007826807499904,-0.77962577962577,0.3152916447714204,-0.6246746486205157,0.1290087728840157,0.4692387901620182,0.8875189598638384,0.6445723547385963,0.4714510212302455,0.0,-0.012048192771084376,0
2026-01-25 04:00:00+00:00,1.922,1.922,1.912,1.912,64.39,0.0015702698855988,0.1571503404923957,0.4729374671571085,-0.468505986465384,1.7392517894456625,0.5202913628926689,0.8879775086409023,0.6456449731540904,0.5230125520277136,0.0,0.0026150627615062483,0
2026-01-25 05:00:00+00:00,1.912,1.912,1.912,1.912,0.0,0.0,0.0,-1.2396694214875992,-0.468505986465384,0.0,0.0,0.391023011460123,0.6456449731540904,0.0,0.0,0.0026150627615062483,0
2026-01-25 06:00:00+00:00,1.912,1.912,1.912,1.912,0.0,0.0,0.0,-1.2396694214875992,-0.468505986465384,0.0,0.0,0.391023011460123,0.6456449731540904,0.0,0.0,0.0026150627615062483,0
2026-01-25 07:00:00+00:00,1.907,1.907,1.902,1.902,14.3,-0.005243850506011,-0.5230125523012608,-1.1434511434511463,-0.9890681936491452,0.380142221030634,0.2621919243512426,0.3719663339530807,0.6537757187108395,0.2628811775694691,0.0,0.007886435331230457,0
2026-01-25 08:00:00+00:00,1.89,1.89,1.89,1.89,75.14,-0.0063291350516475,-0.6309148264984188,-1.7671517671517645,-1.613742842269661,1.8440017996193565,0.0,0.3957236384876706,0.6647060369990963,0.0,0.0,-0.0037037037037036535,0
2026-01-25 09:00:00+00:00,1.886,1.886,1.886,1.886,21.68,-0.0021186448602852,-0.2116402116402072,-1.2048192771084376,-1.975051975051978,0.5626723475895629,0.0,0.3162986731867074,0.6635609112412334,0.0,0.0,-0.0010604453870625141,0
2026-01-25 10:00:00+00:00,1.917,1.917,1.917,1.917,82.2,0.0163032798522417,1.6436903499469802,0.2615062761506248,-0.3638253638253541,1.9592225874221452,0.0,0.8206152852032806,0.7502300708729132,0.0,0.0,-0.03390714658320293,0
2026-01-25 11:00:00+00:00,1.917,1.917,1.917,1.917,0.0,0.0,0.0,0.2615062761506248,-0.3638253638253541,0.0,0.0,0.8206152852032806,0.7502300708729132,0.0,0.0,-0.039645279081898854,0
2026-01-25 12:00:00+00:00,1.917,1.917,1.917,1.917,0.0,0.0,0.0,0.2615062761506248,-0.3638253638253541,0.0,0.0,0.8206152852032806,0.7502300708729132,0.0,0.0,-0.0292123109024518,0
2026-01-25 13:00:00+00:00,1.917,1.917,1.917,1.917,13.02,0.0,0.0,0.7886435331230457,-0.0521376433785136,0.5050018585061985,0.0,0.7746724821081715,0.7475556131966764,0.0,0.0,-0.06729264475743346,0
2026-01-25 14:00:00+00:00,1.905,1.905,1.883,1.883,135.81,-0.017895214388492,-1.773604590505995,-0.3703703703703653,-2.4352331606217636,4.41096706078185,1.154855642438397,1.0846469976463469,0.81862950818787,1.16834837962382,0.0,-0.03823685608072225,0
2026-01-25 15:00:00+00:00,1.901,1.901,1.884,1.884,36.81,0.000530926479156,0.0531067445565636,-0.1060445387062514,-0.6329113924050667,1.164765910282604,0.8942661752265892,1.0827094641321549,0.7370273732207442,0.902335455996644,0.0,-0.04723991507430991,0
2026-01-25 16:00:00+00:00,1.883,1.883,1.837,1.852,1834.98,-0.0171310399301835,-1.698513800424617,-3.390714658320293,-2.320675105485226,16.98105612199675,1.6463090803790137,0.9117804957699516,0.8133564213424633,2.483801294555185,0.0,-0.015118790496760237,0
2026-01-25 17:00:00+00:00,1.854,1.866,1.841,1.841,65.6,-0.0059572339730469,-0.5939524838013077,-3.9645279081898854,-2.9008438818565407,0.5920911603714822,1.3397642007825556,0.8680400763815885,0.8193092069452268,1.357957630984278,0.6518196628724505,-0.0032590983161325804,0
2026-01-25 18:00:00+00:00,1.84,1.861,1.823,1.861,842.63,0.0108050754091729,1.086366105377512,-2.92123109024518,-2.9718456725756015,5.9130546653464515,0.0,1.1133156122383934,0.8144765785673252,2.041912948929656,0.0,-0.01182160128962928,0
2026-01-25 19:00:00+00:00,1.871,1.871,1.788,1.788,2754.66,-0.0400163009087913,-3.922622246104246,-6.729264475743346,-6.043089858118755,10.782626281694386,4.436130409173631,1.7656133188650442,1.1308794251414895,4.642058162951867,0.0,0.03411633109619694,0
2026-01-25 20:00:00+00:00,1.806,1.811,1.793,1.811,29.31,0.0127815021499539,1.2863534675615185,-3.823685608072225,-4.834471886495018,0.1141829420315518,0.0,1.9785509298151192,1.1729554453760551,0.9939260071817092,0.0,0.021535063500828455,0
2026-01-25 21:00:00+00:00,1.812,1.812,1.795,1.795,22.65,-0.008874156961034,-0.8834897846493606,-4.723991507430991,-5.675249605885446,0.0879143627418235,0.9381898449568558,1.9487598720490136,1.18012914289823,0.9470752083860376,0.0,0.03064066852367686,0
2026-01-25 22:00:00+00:00,1.824,1.824,1.824,1.824,25.0,0.0160268697118975,1.6155988857938786,-1.5118790496760235,-4.1513399894902765,0.096644969870557,0.0,2.1042054431186807,1.2384092127045774,0.0,0.0,0.014254385964912242,0
2026-01-25 23:00:00+00:00,1.828,1.835,1.827,1.835,401.38,0.0060125898543938,0.6030701754385914,-0.325909831613258,-5.216942148760328,1.4579996004233355,0.0,2.1219835851010114,1.1838175194702276,0.4359673022147321,0.0,0.008174386920980936,0
2026-01-26 00:00:00+00:00,1.839,1.839,1.839,1.839,29.84,0.0021774641156504,0.2179836512261612,-1.182160128962928,-5.0103305785124,0.1079054742256062,0.0,2.057962519530907,1.1864343907616788,0.0,0.0,0.013050570962479524,0
2026-01-26 01:00:00+00:00,1.84,1.849,1.84,1.849,152.51,0.0054230067828036,0.543773790103308,3.411633109619694,-3.898128898128894,0.5540495947811803,0.0,0.87373869138138,1.1928241620452196,0.4867495941120822,0.0,0.007571660356949783,0
2026-01-26 02:00:00+00:00,1.851,1.851,1.85,1.85,2014.08,0.0005406866852456,0.0540832882639286,2.1535063500828455,-3.846153846153843,5.607374118646821,0.0540248514024657,0.8130735165087857,1.193201667973607,0.0540540540248296,0.0,-0.011891891891891881,0
2026-01-26 03:00:00+00:00,1.85,1.85,1.85,1.85,0.0,0.0,0.0,3.064066852367686,-3.0906233630172864,0.0,0.0,0.5926936401882341,1.1862159817958022,0.0,0.0,0.009189189189189095,0
2026-01-26 04:00:00+00:00,1.85,1.85,1.85,1.85,0.0,0.0,0.0,1.4254385964912242,-3.24267782426777,0.0,0.0,0.272785032457741,1.184991773076555,0.0,0.0,0.009189189189189095,0
2026-01-26 05:00:00+00:00,1.85,1.85,1.85,1.85,0.0,0.0,0.0,0.8174386920980936,-3.24267782426777,0.0,0.0,0.2163159117237729,1.184991773076555,0.0,0.0,0.009189189189189095,0
2026-01-26 06:00:00+00:00,1.863,1.863,1.863,1.863,2.67,0.0070024525292178,0.7027027027026955,1.3050570962479524,-2.5627615062761455,0.007490995724921,0.0,0.318482429902013,1.1970797326595797,0.0,0.0,0.0021470746108427363,0
2026-01-26 07:00:00+00:00,1.863,1.863,1.863,1.863,0.0,0.0,0.0,0.7571660356949783,-2.050473186119872,0.0,0.0,0.2822889488240348,1.1939341201180933,0.0,0.0,0.004830917874396157,0
2026-01-26 08:00:00+00:00,1.866,1.867,1.828,1.828,100.36,-0.0189656185874931,-1.8786902844873832,-1.189189189189188,-3.2804232804232725,0.2812126759585311,2.088912693042892,0.8773552752151241,1.2458221646217198,2.133479211086714,0.0547045951560636,0.018052516411378505,0
2026-01-26 09:00:00+00:00,1.867,1.867,1.867,1.867,5.47,0.0211103915276271,2.1334792122538193,0.9189189189189096,-1.0074231177094384,0.015356217934728,0.0,1.2964816784786446,1.3274707108734831,0.0,0.0,-0.01339046598821636,0
2026-01-26 10:00:00+00:00,1.867,1.867,1.867,1.867,0.0,0.0,0.0,0.9189189189189096,-2.608242044861764,0.0,0.0,1.2964816784786446,1.278991176853295,0.0,0.0,0.007498660953401126,0
2026-01-26 11:00:00+00:00,1.867,1.867,1.867,1.867,0.0,0.0,0.0,0.9189189189189096,-2.608242044861764,0.0,0.0,1.2964816784786446,1.278991176853295,0.0,0.0,0.007498660953401126,0
2026-01-26 12:00:00+00:00,1.867,1.867,1.867,1.867,0.0,0.0,0.0,0.2147074610842736,-2.608242044861764,0.0,0.0,1.2685240586565083,1.278991176853295,0.0,0.0,0.004284949116229342,0
2026-01-26 13:00:00+00:00,1.872,1.872,1.872,1.872,13.33,0.0026745134958148,0.2678093197643338,0.4830917874396156,-2.347417840375587,0.0377839375746677,0.0,1.2717117763104349,1.281155672880303,0.0,0.0,-0.0010683760683760646,0
2026-01-26 14:00:00+00:00,1.874,1.876,1.861,1.861,192.8,-0.0058934003952866,-0.5876068376068466,1.8052516411378503,-1.1683483802442884,0.5428386406494277,0.7995735603413734,0.9318613968450012,1.2348872517891625,0.806018269314332,0.1074691025752331,0.004836109618484796,0
2026-01-26 15:00:00+00:00,1.884,1.901,1.827,1.842,234.0,-0.0102620398269985,-1.0209564750134237,-1.339046598821636,-2.2292993630573132,0.6439429119823771,3.103629666962843,0.4835399076986735,1.2505617445731774,4.017372419100235,0.9229098800635736,0.023887079261672106,0
2026-01-26 16:00:00+00:00,1.88,1.885,1.865,1.881,340.81,0.0209516124857782,2.1172638436482094,0.7498660953401126,1.565874730021588,1.1317734637645582,0.2122015913993627,1.0741162508821187,1.27749723888632,1.0632642205936935,0.2126528441187387,0.0026581605528972485,0
2026-01-26 17:00:00+00:00,1.881,1.881,1.881,1.881,0.0,0.0,0.0,0.7498660953401126,2.172732210755024,0.0,0.0,1.0741162508821187,1.2698711823188675,0.0,0.0,0.0026581605528972485,0
2026-01-26 18:00:00+00:00,1.883,1.901,1.836,1.875,578.72,-0.0031948908965191,-0.3189792663476853,0.4284949116229342,0.7522837184309461,2.01364244612273,1.3677012091700689,1.0893346367204797,1.2544331060227862,3.466666664817774,0.9599999994880009,-0.011733333333333373,0
2026-01-26 19:00:00+00:00,1.87,1.87,1.87,1.87,2.46,-0.0026702285558788,-0.2666666666666595,-0.1068376068376064,4.5861297539149914,0.0142423270186057,0.0,1.0919328756080218,0.9192797003154975,0.0,0.0,0.0064171122994651775,0
2026-01-26 20:00:00+00:00,1.87,1.87,1.87,1.87,0.0,0.0,0.0,0.4836109618484796,3.2578685808945407,0.0,0.0,1.0561607365891992,0.8898607986439988,0.0,0.0,-0.0032085561497325887,0
2026-01-26 21:00:00+00:00,1.884,1.886,1.884,1.886,142.29,0.0085197533447704,0.8556149732620311,2.3887079261672106,5.06963788300836,0.8062289291975513,0.0,0.9338285708275508,0.8737773748694321,0.1060445386500295,0.0,-0.002651113467656341,0
2026-01-26 22:00:00+00:00,1.886,1.886,1.886,1.886,0.0,0.0,0.0,0.2658160552897248,3.3991228070175294,0.0,0.0,0.4213054282107727,0.8221142093787348,0.0,0.0,-0.014316012725344551,0
2026-01-26 23:00:00+00:00,1.886,1.886,1.886,1.886,0.0,0.0,0.0,0.2658160552897248,2.7792915531335005,0.0,0.0,0.4213054282107727,0.8165664476385461,0.0,0.0,-0.014316012725344551,0
2026-01-27 00:00:00+00:00,1.872,1.881,1.837,1.853,417.79,-0.0176522369080429,-1.7497348886532316,-1.1733333333333371,0.7612833061446445,2.388912846132307,1.488569908831171,0.8580215031020775,0.9015378867810404,2.374527791487035,0.4856988664405238,0.0032379924446843678,0
2026-01-27 01:00:00+00:00,1.882,1.882,1.882,1.882,25.0,0.015529093859965,1.5650296815973963,0.6417112299465177,1.7847485127095777,0.1474281165066568,0.0,1.1122238837665572,0.9487917842296903,0.0,0.0,-0.01222104144527092,0
2026-01-27 02:00:00+00:00,1.883,1.885,1.854,1.864,270.74,-0.0096103248997882,-0.9564293304994532,-0.3208556149732589,0.756756756756749,2.7930056222954263,1.1140583548466485,1.1966431705228364,0.972046329932268,1.6630901278631445,0.1072961372814935,-0.002682403433476477,0
2026-01-27 03:00:00+00:00,1.881,1.881,1.881,1.881,7.96,0.0090788340554937,0.912017167381962,-0.2651113467656341,1.6756756756756808,0.081836874570783,0.0,1.2052910710188431,0.98830055337939,0.0,0.0,-0.011695906432748537,0
2026-01-27 04:00:00+00:00,1.856,1.859,1.856,1.859,17.58,-0.0117648415795863,-1.1695906432748535,-1.4316012725344551,0.4864864864864815,0.1793892805192624,0.0,1.2894151762467023,1.0205356590451289,0.1613770843671931,0.0,0.0,0
2026-01-27 05:00:00+00:00,1.859,1.859,1.859,1.859,0.0,0.0,0.0,-1.4316012725344551,0.4864864864864815,0.0,0.0,1.2894151762467023,1.0205356590451289,0.0,0.0,0.002151694459386677,0
2026-01-27 06:00:00+00:00,1.859,1.859,1.859,1.859,0.0,0.0,0.0,0.3237992444684368,-0.2147074610842736,0.0,0.0,1.051290668566292,1.0102062816358652,0.0,0.0,-0.00484131253362019,0
2026-01-27 07:00:00+00:00,1.859,1.859,1.859,1.859,0.0,0.0,0.0,-1.222104144527092,-0.2147074610842736,0.0,0.0,0.758940188288491,1.0102062816358652,0.0,0.0,-0.01183431952662728,0
2026-01-27 08:00:00+00:00,1.859,1.859,1.859,1.859,0.0,0.0,0.0,-0.2682403433476477,1.695842450765861,0.0,0.0,0.6627733938484724,0.9268702705963968,0.0,0.0,-0.018827326519634147,0
2026-01-27 09:00:00+00:00,1.859,1.859,1.859,1.859,0.0,0.0,0.0,-1.1695906432748535,-0.4284949116229231,0.0,0.0,0.4802976462444316,0.8186068051172892,0.0,0.0,-0.012372243141473893,0
2026-01-27 10:00:00+00:00,1.859,1.859,1.859,1.859,0.0,0.0,0.0,0.0,-0.4284949116229231,0.0,0.0,0.0,0.8186068051172892,0.0,0.0,0.0,0
2026-01-27 11:00:00+00:00,1.876,1.876,1.863,1.863,84.75,0.0021493828801443,0.2151694459386677,0.2151694459386677,-0.2142474558114671,0.8736250284460874,0.6929637522958563,0.0877481886371225,0.8199856401405957,0.697799248149324,0.0,-0.012345679012345623,0
2026-01-27 12:00:00+00:00,1.85,1.85,1.85,1.85,38.0,-0.0070024525292178,-0.6977992485238782,-0.484131253362019,-0.9105516871987128,0.3854232259715878,0.0,0.3153690135474556,0.8320235999625343,0.0,0.0,0.0,0
2026-01-27 13:00:00+00:00,1.874,1.874,1.837,1.837,78.26,-0.0070518328572448,-0.7027027027027066,-1.183431952662728,-1.869658119658124,0.7725694730011432,1.9743863383274427,0.3994030985235384,0.8401410375344202,2.0141535100630708,0.0,0.007076755579749738,0
2026-01-27 14:00:00+00:00,1.837,1.837,1.824,1.824,638.92,-0.0071019145808488,-0.7076755579749516,-1.8827326519634149,-1.988178398710372,5.329366623989358,0.7076755575897193,0.4326889789493007,0.8436897313910529,0.7127192978548633,0.0,0.033991228070175294,0
2026-01-27 15:00:00+00:00,1.836,1.836,1.836,1.836,9.58,0.006557400546159,0.6578947368421018,-1.237224314147389,-0.3257328990228014,0.0866687273349969,0.0,0.5847869676565051,0.8317657218292333,0.0,0.0,0.0212418300653594,0
2026-01-27 16:00:00+00:00,1.868,1.883,1.859,1.859,185.84,0.0124494165410082,1.252723311546844,0.0,-1.1695906432748535,1.7855710219253644,1.2745618686805311,0.8388172622018424,0.7523623644878886,1.291016674937593,0.8068854218359897,0.019903173749327596,0
2026-01-27 17:00:00+00:00,1.842,1.842,1.84,1.84,97.49,-0.0102731371184126,-1.0220548682087105,-1.2345679012345625,-2.1796916533758592,0.90150960552149,0.108577632948655,0.9241264689637702,0.7782313087587631,0.1086956521148394,0.0,0.01902173913043481,0
2026-01-27 18:00:00+00:00,1.844,1.853,1.834,1.85,247.7,0.0054200674693391,0.5434782608695565,0.0,-1.3333333333333308,2.6253775901080187,0.1618996221468373,0.930663729948026,0.787091479675816,1.0270270264718722,0.162162162074501,0.011351351351351235,0
2026-01-27 19:00:00+00:00,1.85,1.85,1.85,1.85,0.0,0.0,0.0,0.7076755579749738,-1.0695187165775444,0.0,0.0,0.8660843893056238,0.7858641222182298,0.0,0.0,0.011351351351351235,0
2026-01-27 20:00:00+00:00,1.884,1.886,1.884,1.886,155.93,0.0192725451210321,1.945945945945926,3.3991228070175294,0.8556149732620311,1.5478011274419026,0.0,1.0179522989751204,0.8830933130021978,0.1060445386500295,0.0,-0.0031813361611876534,0
2026-01-27 21:00:00+00:00,1.899,1.899,1.875,1.875,51.72,-0.0058495247888916,-0.5832449628844105,2.12418300653594,-0.5832449628844105,0.5333654168366232,1.263823064105413,1.1152710454881192,0.8739946276356155,1.2799999993173343,0.0,0.0,0
2026-01-27 22:00:00+00:00,1.876,1.898,1.876,1.896,98.09,0.0111377444104558,1.1199999999999877,1.9903173749327596,0.5302226935312904,0.9706475353976564,0.1053740779212993,1.0953351598727532,0.9043861809706762,1.1603375521306247,0.1054852320118749,-0.015295358649789037,0
2026-01-27 23:00:00+00:00,1.872,1.875,1.871,1.875,115.03,-0.0111377444104558,-1.1075949367088556,1.9021739130434812,-0.5832449628844105,1.0867350553751485,0.0,1.117091558640711,0.9336678261654277,0.2133333332195557,0.0,-0.002666666666666595,0
2026-01-28 00:00:00+00:00,1.871,1.871,1.87,1.871,131.6,-0.0021356121304215,-0.213333333333332,1.1351351351351235,0.971397733405288,1.4011241288295906,0.0,1.1287809459674525,0.8585840496408019,0.0534473543273873,0.0,-0.01336183858898976,0
2026-01-28 01:00:00+00:00,1.871,1.871,1.871,1.871,0.0,0.0,0.0,1.1351351351351235,-0.5844845908607788,0.0,0.0,1.1287809459674525,0.7958567799542695,0.0,0.0,-0.0026723677177978855,0
2026-01-28 02:00:00+00:00,1.879,1.88,1.879,1.88,18.3,0.0047987295499051,0.481026189203626,-0.3181336161187653,0.8583690987124415,0.2221828759300204,0.0,0.7851268523899881,0.7762366963799274,0.0531914893334029,0.0,-0.00744680851063817,0
2026-01-28 03:00:00+00:00,1.88,1.88,1.875,1.875,17.02,-0.0026631174194836,-0.2659574468085068,0.0,-0.3189792663476853,0.2056994375066413,0.2659574466670382,0.752036621395494,0.7555980484916001,0.2666666665244387,0.0,-0.0021333333333333204,0
2026-01-28 04:00:00+00:00,1.869,1.869,1.853,1.867,166.44,-0.0042757948627885,-0.4266666666666641,-1.5295358649789037,0.4303388918773576,1.871277527653029,0.107009095715886,0.5242450043532626,0.7201036310539026,0.85698982278683,0.0,0.0048205677557577875,0
2026-01-28 05:00:00+00:00,1.859,1.87,1.85,1.87,633.35,0.0016055663069097,0.1606855918586003,-0.2666666666666595,0.591715976331364,5.491434310398123,0.0,0.3297051722548149,0.7206757510635422,1.069518716005606,0.0,0.0117647058823529,0
2026-01-28 06:00:00+00:00,1.862,1.877,1.846,1.846,232.31,-0.0129172947858348,-1.2834224598930466,-1.336183858898976,-0.6993006993006978,1.858275589670271,1.6515716560194034,0.6126626857725729,0.7691932510544475,1.6793066079743686,0.8125677135359819,0.0297941495124594,0
2026-01-28 07:00:00+00:00,1.866,1.866,1.866,1.866,18.78,0.0107759663444917,1.0834236186348931,-0.2672367717797885,0.3765465303926962,0.1492890288848095,0.0,0.8157999423605091,0.8017369214024586,0.0,0.0,0.002143622722400762,0
2026-01-28 08:00:00+00:00,1.866,1.866,1.866,1.866,0.0,0.0,0.0,-0.744680851063817,0.3765465303926962,0.0,0.0,0.7766834896751342,0.8017369214024586,0.0,0.0,0.001607717041800516,0
2026-01-28 09:00:00+00:00,1.871,1.871,1.871,1.871,29.49,0.0026759448668004,0.2679528403001008,-0.213333333333332,0.6455083378160253,0.2321590238123822,0.0,0.7877039560450723,0.803368729116779,0.0,0.0,-0.011758417958311118,0
2026-01-28 10:00:00+00:00,1.885,1.886,1.875,1.876,95.78,0.0026688032920803,0.2672367717797996,0.4820567755757787,0.9144701452393766,0.7310566788945533,0.5302226932501476,0.7693953460379271,0.8048272202865454,0.586353944250339,0.0533049040227527,-0.010660980810234477,0
2026-01-28 11:00:00+00:00,1.892,1.892,1.892,1.892,50.15,0.0084926200456535,0.8528784648187626,1.17647058823529,1.5566290928609616,0.3870370251241926,0.0,0.8325697385002983,0.8211429038047656,0.0,0.0,-0.0184989429175475,0
2026-01-28 12:00:00+00:00,1.895,1.901,1.88,1.901,255.38,0.0047455928766056,0.4756871035940913,2.97941495124594,2.756756756756751,1.8421476574483313,0.0,0.4034652888646931,0.8085003815049405,1.1046817458681384,0.0,-0.03156233561283539,0
2026-01-28 13:00:00+00:00,1.895,1.895,1.87,1.87,70.21,-0.0164416326397968,-1.6307206733298218,0.2143622722400762,1.7964071856287456,0.5076782631451855,1.319261213024132,0.8700477092804165,0.8701953887569139,1.3368983950070013,0.0,-0.013368983957219305,0
2026-01-28 14:00:00+00:00,1.869,1.869,1.869,1.869,5.34,-0.0005349023930695,-0.0534759358288838,0.1607717041800516,2.4671052631578982,0.0477224235062928,0.0,0.8707602914576248,0.8546447170581619,0.0,0.0,0.0005350454788657366,0
2026-01-28 15:00:00+00:00,1.849,1.849,1.839,1.849,125.13,-0.0107585760684379,-1.0700909577314066,-1.1758417958311118,0.7080610021786393,1.0721293215382175,0.0,0.9641688821765791,0.8785815355966788,0.5408328823467647,0.0,0.009734991887506705,0
2026-01-28 16:00:00+00:00,1.856,1.856,1.856,1.856,16.22,0.0037786819590211,0.3785830178475002,-1.0660980810234475,-0.1613770844540063,0.147933086574164,0.0,0.9758456380327164,0.8435532320207069,0.0,0.0,0.016163793103448176,0
2026-01-28 17:00:00+00:00,1.849,1.857,1.849,1.857,165.48,0.0005386480065598,0.0538793103448176,-1.84989429175475,0.9239130434782528,1.4712330289372622,0.0,0.8547995770878088,0.8150689656589718,0.4308023691810438,0.0,0.015616585891222279,0
2026-01-28 18:00:00+00:00,1.842,1.851,1.841,1.841,195.86,-0.0086533801196279,-0.8616047388260606,-3.156233561283539,-0.4864864864864926,1.7754276498265953,0.5402485140247176,0.7802350491040855,0.8277820351067793,0.5431830523937088,0.4888647471543318,0.007061379684953906,0
2026-01-28 19:00:00+00:00,1.85,1.85,1.845,1.845,193.57,0.0021703752415496,0.2172732210754979,-1.3368983957219305,-0.2702702702702786,1.6351234346154622,0.2702702701241845,0.6000028442254037,0.8291979913354061,0.2710027098802215,0.0,0.009214092140921393,0
2026-01-28 20:00:00+00:00,1.854,1.87,1.822,1.87,1234.7,0.0134591533740047,1.3550135501354976,0.0535045478865736,-0.8483563096500446,7.559484177047817,0.0,0.8843168855223448,0.7769527943219916,2.566844918413454,0.0,-0.031016042780748654,0
2026-01-28 21:00:00+00:00,1.842,1.867,1.842,1.867,144.15,-0.0016055663069097,-0.1604278074866405,0.9734991887506704,-0.4266666666666641,0.8622313938309203,0.0,0.7242156321584142,0.7686893257235592,1.3390465981044155,0.0,-0.025174076057846828,0
2026-01-28 22:00:00+00:00,1.88,1.886,1.874,1.886,239.19,0.0101253196516801,1.0176754151044465,1.6163793103448176,-0.5274261603375519,1.382108496963229,0.0,0.804088648285849,0.7624619273248305,0.6362672319001652,0.0,-0.03976670201484622,0
2026-01-28 23:00:00+00:00,1.886,1.886,1.886,1.886,0.0,0.0,0.0,1.561658589122228,0.5866666666666687,0.0,0.0,0.8072419356063197,0.7261545534010567,0.0,0.0,-0.03976670201484622,0
2026-01-29 00:00:00+00:00,1.871,1.882,1.854,1.854,204.16,-0.0171127170676022,-1.6967126193001003,0.7061379684953906,-0.9086050240513012,1.1918822868276644,1.4877789577641878,1.0728952952668993,0.8073115853086199,1.51024811137526,0.5933117580402795,-0.023193096008630065,0
2026-01-29 01:00:00+00:00,1.861,1.867,1.841,1.862,4673.42,0.004305711711212,0.4314994606256839,0.9214092140921392,-0.481026189203626,12.768282062660136,0.2678093196208784,1.080381747749584,0.8129579216943701,1.396348012139449,0.268528463872965,-0.027389903329752996,0
2026-01-29 02:00:00+00:00,1.848,1.854,1.8,1.812,684.77,-0.0272199712340877,-2.685284640171859,-3.1016042780748654,-3.617021276595733,1.738932800046373,2.2653721670629077,1.4085170650007866,0.9740966803403516,2.980132448686464,0.3311258276318293,-0.0033112582781457123,0
2026-01-29 03:00:00+00:00,1.82,1.82,1.82,1.82,19.76,0.0044052934679164,0.4415011037527616,-2.517407605784683,-2.933333333333332,0.0501648042445868,0.0,1.460065539379009,0.981197359250206,0.0,0.0,-0.001098901098901095,0
2026-01-29 04:00:00+00:00,1.811,1.811,1.811,1.811,1.0,-0.0049573221874277,-0.4945054945055038,-3.9766702014846222,-2.9994643813604727,0.0025839236881137,0.0,1.2820687302773688,0.9822120958643744,0.0,0.0,-0.009387078961899498,0
2026-01-29 05:00:00+00:00,1.811,1.811,1.811,1.811,0.0,0.0,0.0,-3.9766702014846222,-3.1550802139037493,0.0,0.0,1.2820687302773688,0.9807148040811304,0.0,0.0,-0.011595803423522844,0
2026-01-29 06:00:00+00:00,1.822,1.833,1.808,1.811,727.18,0.0,0.0,-2.3193096008630065,-1.8959913326110576,1.9074157460506145,1.2002182208400347,1.1930380215963483,0.9493349053339488,1.380452787752368,0.6073992266110385,-0.011043622308117063,0
2026-01-29 07:00:00+00:00,1.811,1.811,1.811,1.811,0.0,0.0,0.0,-2.7389903329752996,-2.9474812433011865,0.0,0.0,1.1457409458999683,0.9171542199795252,0.0,0.0,-0.011043622308117063,0
2026-01-29 08:00:00+00:00,1.81,1.81,1.806,1.806,20.3,-0.0027647239064826,-0.2760905577029238,-0.3311258278145712,-3.2154340836012874,0.0532386867789198,0.2209944750160253,0.3155689383441724,0.9172566840986972,0.2214839422915373,0.0,-0.017165005537098654,0
2026-01-29 09:00:00+00:00,1.795,1.818,1.795,1.818,37.12,0.0066225407604934,0.6644518272425293,-0.1098901098901095,-2.8327097808658386,0.0972696413419631,0.0,0.3895517997487244,0.9282814285392426,1.265126511955383,0.0,-0.0489548954895489,0
2026-01-29 10:00:00+00:00,1.795,1.801,1.794,1.794,72.64,-0.0132892321186827,-1.320132013201325,-0.9387078961899498,-4.371002132196155,0.1908287569789628,0.3886729592511475,0.653115868829703,0.9561200789489008,0.3901895204068004,0.3344481603486914,-0.03623188405797095,0
2026-01-29 11:00:00+00:00,1.811,1.811,1.79,1.79,209.79,-0.0022321437839407,-0.2229654403567482,-1.1595803423522844,-5.391120507399572,0.5416632151261327,1.159580341711988,0.6487138027920729,0.930334624018768,1.173184356886484,0.0,-0.021787709497206764,0
2026-01-29 12:00:00+00:00,1.793,1.802,1.778,1.791,294.69,0.000558503225911,0.0558659217877011,-1.1043622308117065,-5.786428195686488,0.7576649654816038,0.6104328520474912,0.6524509416485222,0.9204029340124676,1.340033500089318,0.5025125625335004,-0.04969290898939138,0
2026-01-29 13:00:00+00:00,1.791,1.791,1.791,1.791,0.0,0.0,0.0,-1.1043622308117065,-4.224598930481294,0.0,0.0,0.6524509416485222,0.8719051896606186,0.0,0.0,-0.02289223897264092,0
2026-01-29 14:00:00+00:00,1.793,1.793,1.762,1.775,470.37,-0.0089737001511956,-0.8933556672250154,-1.7165005537098654,-5.029427501337613,1.1602733953411948,1.003904070828833,0.715989950794222,0.8835261119494744,1.7464788722555,0.0,-0.01746478873239432,0
2026-01-29 15:00:00+00:00,1.759,1.759,1.712,1.729,839.95,-0.0262572162262256,-2.591549295774642,-4.89548954895489,-6.4899945916711665,1.9301208695208192,1.7055144959036193,1.0314688915479926,0.9983595063761486,2.718334295709461,0.0,0.003470213996529692,0
2026-01-29 16:00:00+00:00,1.729,1.729,1.729,1.729,0.0,0.0,0.0,-3.6231884057970953,-6.842672413793105,0.0,0.0,1.047160003354675,0.9904888707841446,0.0,0.0,0.010410641989589298,0
2026-01-29 17:00:00+00:00,1.749,1.751,1.749,1.751,108.43,0.0126438466025611,1.2724117987275685,-2.1787709497206764,-5.70813139472267,0.2509215556760384,0.0,1.3032813897363362,1.038692683180831,0.1142204453944931,0.0,-0.011993146773272345,0
2026-01-29 18:00:00+00:00,1.711,1.719,1.702,1.702,397.91,-0.0283830231525323,-2.7984009137635546,-4.969290898939138,-7.550244432373709,0.9032204367667312,0.9889470616701952,1.6139639585212435,1.1608263738806983,0.9988249112815438,0.4700352523677823,0.023501762632197387,0
2026-01-29 19:00:00+00:00,1.7,1.75,1.7,1.75,1608.52,0.0278117577842403,2.820211515863691,-2.289223897264092,-5.1490514905149,3.220246829127566,0.0,2.199791209102707,1.320149400528344,2.8571428555102063,0.0,-0.021714285714285686,0
2026-01-29 20:00:00+00:00,1.724,1.744,1.719,1.744,92.31,-0.0034344624486348,-0.3428571428571447,-1.746478873239432,-6.737967914438503,0.2042697263232572,0.0,2.185614285150611,1.2773548103480683,1.4334862377101518,0.0,-0.015481651376146766,0
2026-01-29 21:00:00+00:00,1.735,1.735,1.735,1.735,24.85,-0.0051739120879653,-0.5160550458715552,0.3470213996529692,-7.070166041778247,0.0556013409953298,0.0,1.8844211357867509,1.2778512996799118,0.0,0.0,-0.02363112391930844,0
2026-01-29 22:00:00+00:00,1.763,1.763,1.747,1.747,17.52,0.0068926177530968,0.6916426512968199,1.0410641989589298,-7.370095440084823,0.0400278351859064,0.9075439586457376,1.9011325609823144,1.264992944477077,0.9158557521946898,0.0,-0.02003434459072706,0
2026-01-29 23:00:00+00:00,1.73,1.73,1.73,1.73,77.03,-0.009778622642232,-0.97309673726389,-1.1993146773272343,-8.27147401908801,0.1747088375042816,0.0,1.8636099998757176,1.2700098544397749,0.0,0.0,-0.010404624277456698,0
2026-01-30 00:00:00+00:00,1.746,1.746,1.742,1.742,75.2,0.0069124699206235,0.6936416184971206,2.3501762632197387,-6.040992448759441,0.1726625312353729,0.229095074324688,1.3513201015911145,1.253424715388067,0.2296211250116987,0.0,-0.036739380022962176,0
2026-01-30 01:00:00+00:00,1.728,1.728,1.679,1.712,456.85,-0.0173716007107606,-1.7221584385763489,-2.1714285714285686,-8.055853920515577,1.758188894173816,0.92592592539009,0.949655925830453,1.2793613762288691,2.86214953103846,0.0,0.001168224299065379,0
2026-01-30 02:00:00+00:00,1.693,1.717,1.691,1.717,563.83,0.0029163041957882,0.2920560747663669,-1.5481651376146766,-5.242825607064017,2.2128155022193527,0.0,0.9873037228304216,1.1804979255060932,1.514269073084294,0.0,-0.0017472335468842193,0
2026-01-30 03:00:00+00:00,1.697,1.697,1.694,1.694,10.88,-0.0134859856854758,-1.3395457192778126,-2.363112391930844,-6.923076923076932,0.0427619027341896,0.1767825573501643,1.0841967397979102,1.193107026805064,0.17709563153655,0.0,0.011806375442739103,0
2026-01-30 04:00:00+00:00,1.712,1.712,1.712,1.712,264.3,0.0105696814896876,1.0625737898465104,-2.003434459072706,-5.4665930425179425,0.9958443686998072,0.0,1.1653410733657186,1.2236773731139587,0.0,0.0,-0.01869158878504673,0
2026-01-30 05:00:00+00:00,1.712,1.712,1.712,1.712,0.0,0.0,0.0,-1.0404624277456698,-5.4665930425179425,0.0,0.0,1.1255374914899745,1.2236773731139587,0.0,0.0,-0.0017523364485980686,0
2026-01-30 06:00:00+00:00,1.713,1.713,1.678,1.678,96.64,-0.020059669674536,-1.985981308411222,-3.6739380022962176,-7.344008834897842,0.4041309397051995,2.043199064773389,1.2431741619425227,1.2744373407488576,2.0858164469095337,0.0,0.014302741358760418,0
2026-01-30 07:00:00+00:00,1.687,1.714,1.687,1.714,103.37,0.0212272121305735,2.1454112038140627,0.1168224299065379,-5.356156819436775,0.4246264441574343,0.0,1.519771362138467,1.367699789083627,1.5752625428382314,0.0,-0.01225204200700114,0
2026-01-30 08:00:00+00:00,1.714,1.714,1.714,1.714,0.0,0.0,0.0,-0.1747233546884219,-5.094130675526031,0.0,0.0,1.513978311856837,1.3684499446779197,0.0,0.0,0.004667444574095736,0
2026-01-30 09:00:00+00:00,1.714,1.714,1.714,1.714,0.0,0.0,0.0,1.1806375442739103,-5.720572057205731,0.0,0.0,1.3724012858897825,1.3565568390398497,0.0,0.0,-0.026254375729288126,0
2026-01-30 10:00:00+00:00,1.72,1.72,1.68,1.68,119.04,-0.0200360267604204,-1.9836639439906656,-1.869158878504673,-6.354515050167231,0.4899202260812423,2.325581393996757,1.5460211085070596,1.3866426993628092,2.3809523795351497,0.0,0.004761904761904745,0
2026-01-30 11:00:00+00:00,1.703,1.725,1.703,1.709,176.44,0.0171146107182864,1.7261904761904925,-0.1752336448598068,-4.525139664804467,0.7303320208381795,0.9275362313463564,1.7588771826999785,1.444716061169817,1.2873025153380335,0.9362200111549336,-0.015213575190169748,0
2026-01-30 12:00:00+00:00,1.705,1.705,1.702,1.702,8.99,-0.0041043739822715,-0.4095962551199594,1.4302741358760418,-4.969290898939138,0.0391406330781634,0.175953079075694,1.502118031779946,1.444360040510535,0.1762632196379248,0.0,0.004700352526439522,0
2026-01-30 13:00:00+00:00,1.713,1.713,1.693,1.693,154.26,-0.005301927000184,-0.5287896592244379,-1.225204200700114,-5.4718034617532,0.6533337803875493,1.167542322727647,1.1949726492641355,1.4450250211832916,1.1813349077487694,0.0,-0.01594802126402839,0
2026-01-30 14:00:00+00:00,1.722,1.722,1.722,1.722,14.5,0.0169843028545406,1.7129356172474797,0.4667444574095736,-2.985915492957747,0.0667841145920214,0.0,1.4311961167316487,1.4897057035734231,0.0,0.0,-0.0325203252032521,0
2026-01-30 15:00:00+00:00,1.678,1.678,1.669,1.669,442.71,-0.031261761325841,-3.0778164924506357,-2.6254375729288126,-3.470213996529792,2.207305165790748,0.5363528006338718,1.942730186209684,1.5291918191377003,0.5392450565972107,0.0,0.013181545835829755,0
2026-01-30 16:00:00+00:00,1.683,1.688,1.662,1.688,125.43,0.0113197514940673,1.1384062312762122,0.4761904761904745,-2.371312897628697,0.6094986647091974,0.0,1.859035170824458,1.5512264029564244,1.540284359277084,0.0,0.0017772511848341832,0
2026-01-30 17:00:00+00:00,1.683,1.683,1.683,1.683,155.08,-0.0029664809650964,-0.2962085308056861,-1.5213575190169748,-3.883495145631055,0.7465250337933363,0.0,1.6783841724161142,1.524019046833346,0.0,0.0,0.004753416518122444,0
2026-01-30 18:00:00+00:00,1.663,1.71,1.657,1.71,666.06,0.0159154553058993,1.6042780748662944,0.4700352526439522,0.4700352526439522,3.0426376286784222,0.0,1.83327478019767,1.4527661701625234,3.0994152028658353,0.0,-0.011111111111111072,0
2026-01-30 19:00:00+00:00,1.725,1.725,1.666,1.666,45.31,-0.0260678267699175,-2.5730994152046827,-1.594802126402839,-4.800000000000004,0.2946512762133336,3.420289853089696,2.1412418815079564,1.4234605592456335,3.5414165645009605,0.0,0.02400960384153672,0
2026-01-30 20:00:00+00:00,1.666,1.666,1.666,1.666,0.0,0.0,0.0,-3.25203252032521,-4.472477064220193,0.0,0.0,1.9312678282719744,1.4237341299838713,0.0,0.0,0.007202881152460927,0
2026-01-30 21:00:00+00:00,1.704,1.704,1.691,1.691,31.17,0.0148945261717923,1.5006002400960394,1.3181545835829755,-2.5360230547550433,0.2075342408734979,0.7629107976743422,1.589361701751937,1.4621248111388332,0.768775871810298,0.0,-0.013601419278533533,0
2026-01-30 22:00:00+00:00,1.691,1.691,1.691,1.691,0.0,0.0,0.0,0.1777251184834183,-3.205495134516312,0.0,0.0,1.525093260378257,1.4525417765083113,0.0,0.0,-0.013601419278533533,0
2026-01-30 23:00:00+00:00,1.691,1.691,1.691,1.691,0.0,0.0,0.0,0.4753416518122444,-2.254335260115603,0.0,0.0,1.5171896485084784,1.4415664410826046,0.0,0.0,-0.002956830277942135,0
2026-01-31 00:00:00+00:00,1.691,1.691,1.691,1.691,0.0,0.0,0.0,-1.1111111111111072,-2.9276693455797864,0.0,0.0,1.327080551194458,1.4320484140330445,0.0,0.0,-0.01833234772324077,0
2026-01-31 01:00:00+00:00,1.706,1.706,1.706,1.706,17.74,0.0088313791530441,0.8870490833826183,2.400960384153672,-0.3504672897196248,0.1421213385618256,0.0,0.6419040484576783,1.4032956890226649,0.0,0.0,-0.03223915592028137,0
2026-01-31 02:00:00+00:00,1.678,1.678,1.678,1.678,17.67,-0.016548841024473,-1.6412661195779663,0.7202881152460927,-2.2714036109493407,0.1731228491281583,0.0,1.0631267703195622,1.440580569449067,0.0,0.0,-0.028009535160905763,0
2026-01-31 03:00:00+00:00,1.668,1.668,1.668,1.668,38.67,-0.0059773041084594,-0.5959475566150174,-1.3601419278533533,-1.5348288075560768,0.3746215760161985,0.0,0.8441893060158874,1.4201975136084195,0.0,0.0,-0.02577937649880091,0
2026-01-31 04:00:00+00:00,1.668,1.668,1.668,1.668,0.0,0.0,0.0,-1.3601419278533533,-2.5700934579439227,0.0,0.0,0.8441893060158874,1.400157361050621,0.0,0.0,-0.00959232613908878,0
2026-01-31 05:00:00+00:00,1.69,1.69,1.672,1.686,14.36,0.0107335556431086,1.0791366906474753,-0.2956830277942135,-1.5186915887850485,0.1547247063877306,0.2366863903924934,1.0013324293530537,1.420763940821515,1.0676156577297662,0.0,-0.04151838671411612,0
2026-01-31 06:00:00+00:00,1.667,1.667,1.66,1.66,236.36,-0.0155412572112119,-1.542111506524324,-1.8332347723240772,-1.0727056019070311,2.3963906115102027,0.4199160165447484,1.172406558856144,1.3966984869810537,0.4216867467339307,0.0,-0.012048192771084376,0
2026-01-31 07:00:00+00:00,1.654,1.654,1.635,1.651,145.84,-0.0054364374304607,-0.5421686746987842,-3.223915592028137,-3.675612602100342,1.4525715566145594,0.181378476311131,1.016764601763052,1.3207601155072637,1.150817685553709,0.0,-0.0066626287098728865,0
2026-01-31 08:00:00+00:00,1.633,1.633,1.624,1.631,289.92,-0.0121878412991141,-1.2113870381586955,-2.8009535160905763,-4.842473745624265,2.577496249351982,0.1224739742054661,0.9338648841347452,1.33782043032375,0.5518087059768123,0.0,-0.04230533415082771,0
2026-01-31 09:00:00+00:00,1.625,1.625,1.625,1.625,17.02,-0.003685507857176,-0.3678724708767622,-2.577937649880091,-5.192532088681445,0.1503660866446995,0.0,0.9324526692137728,1.3374583989272,0.0,0.0,-0.02030769230769225,0
2026-01-31 10:00:00+00:00,1.623,1.652,1.622,1.652,183.28,0.0164788593170853,1.6615384615384476,-0.959232613908878,-1.6666666666666718,1.581812493468464,0.0,1.2684558577225695,1.3336835342141595,1.815980628440678,0.0,-0.04721549636803868,0
2026-01-31 11:00:00+00:00,1.618,1.618,1.616,1.616,91.65,-0.0220327149998825,-2.1791767554479313,-4.151838671411612,-5.441778818022236,0.8158693184696036,0.1236093942375715,1.334548155245194,1.3456667183877609,0.1237623761610382,0.0,-0.07549504950495056,0
2026-01-31 12:00:00+00:00,1.64,1.64,1.64,1.64,500.0,0.0147422817372032,1.4851485148514645,-1.2048192771084376,-3.6427732079906017,3.765261073761352,0.0,1.5109742580542205,1.3891586685354371,0.0,0.0,-0.09146341463414631,0
2026-01-31 13:00:00+00:00,1.64,1.64,1.64,1.64,0.0,0.0,0.0,-0.6662628709872886,-3.1305375073833575,0.0,0.0,1.5026687035817972,1.387140582336858,0.0,0.0,-0.08536585365853655,0
2026-01-31 14:00:00+00:00,1.616,1.616,1.542,1.562,949.44,-0.0487291904186127,-4.756097560975602,-4.230533415082771,-9.291521486643427,5.743000370456051,3.341584156348032,2.4702334859158412,1.636211511861392,4.737516002088662,0.0,-0.035851472471190804,0
2026-01-31 15:00:00+00:00,1.571,1.592,1.571,1.592,146.75,0.0190240360046971,1.9206145966709445,-2.030769230769225,-4.613541042540437,0.9592156328663392,0.0,2.698377337021592,1.5942070671031283,1.3190954765583651,0.0,-0.039572864321608114,0
2026-01-31 16:00:00+00:00,1.592,1.592,1.56,1.574,54.41,-0.0113709374269798,-1.1306532663316604,-4.721549636803868,-6.7535545023696635,0.3626597939838024,1.13065326562145,2.521362636373064,1.5791902628584642,2.033036847501249,0.0,-0.02858958068615003,0
2026-01-31 17:00:00+00:00,1.552,1.554,1.478,1.494,1876.53,-0.0521630632845859,-5.08259212198221,-7.549504950495056,-11.229946524064172,8.462081327538138,3.861003858519305,3.090988951611212,1.8720491002929152,5.087014722163984,0.1338688084779995,0.0381526104417671,0
2026-01-31 18:00:00+00:00,1.52,1.52,1.416,1.49,5080.12,-0.0026809667532578,-0.2677376171352108,-9.14634146341463,-12.865497076023392,12.52258366676453,1.9736842092278408,2.849727689852074,1.8196249806534237,6.979865767127613,0.0,0.04832214765100673,0
2026-01-31 19:00:00+00:00,1.491,1.5,1.491,1.5,2000.68,0.0066889881507967,0.6711409395973256,-8.536585365853655,-9.96398559423769,4.106904010645364,0.0,2.936538418426029,1.7829889983539502,0.5999999995999931,0.0,0.040000000000000036,0
2026-01-31 20:00:00+00:00,1.505,1.506,1.489,1.506,408.72,0.0039920212695374,0.4000000000000003,-3.5851472471190804,-9.603841536614643,0.8106621885502748,0.0,2.4730148858883756,1.789097867805144,1.1288180603394238,0.0,0.03585657370517925,0
2026-01-31 21:00:00+00:00,1.483,1.534,1.483,1.529,277.53,0.0151567975692234,1.527224435590968,-3.957286432160811,-9.580130100532235,0.5394741424614251,0.3259452409870054,2.398399090828521,1.790322925998284,3.33551340527435,0.3270111181641598,0.020274689339437657,0
2026-01-31 22:00:00+00:00,1.529,1.529,1.529,1.529,0.0,0.0,0.0,-2.858958068615003,-9.580130100532235,0.0,0.0,2.399313749204825,1.790322925998284,0.0,0.0,0.017658600392413515,0
2026-01-31 23:00:00+00:00,1.533,1.551,1.533,1.551,51.87,0.0142859572474764,1.4388489208633004,3.81526104417671,-8.279124778237733,0.1004052083465814,0.0,0.7321515582982925,1.8282284607508368,1.160541585325248,0.0,0.003223726627981982,0
2026-02-01 00:00:00+00:00,1.492,1.562,1.492,1.562,29.79,0.0070671672230925,0.7092198581560405,4.832214765100673,-7.628622117090478,0.0575265421394327,0.0,0.5886879205077017,1.839934274563386,4.481434056029816,0.0,-0.003841229193341844,0
2026-02-01 01:00:00+00:00,1.56,1.56,1.56,1.56,3.19,-0.0012812301560485,-0.1280409731113985,4.0000000000000036,-8.558030480656498,0.006167329907027,0.0,0.6999461894710324,1.8224253779538304,0.0,0.0,-0.002564102564102555,0
2026-02-01 02:00:00+00:00,1.56,1.56,1.56,1.56,0.0,0.0,0.0,3.585657370517925,-7.032181168057205,0.0,0.0,0.7464047628417688,1.8030099254359215,0.0,0.0,-0.002564102564102555,0
2026-02-01 03:00:00+00:00,1.56,1.56,1.56,1.56,0.0,0.0,0.0,2.0274689339437657,-6.474820143884886,0.0,0.0,0.6140491090888994,1.8029018476245664,0.0,0.0,-0.002564102564102555,0
2026-02-01 04:00:00+00:00,1.558,1.558,1.556,1.556,7.71,-0.0025673955052458,-0.2564102564102555,1.7658600392413517,-6.714628297362102,0.0149646143158275,0.1283697046672852,0.649920894163316,1.8019363813708715,0.1285347042875742,0.0,-0.0032133676092546137,0
2026-02-01 05:00:00+00:00,1.556,1.556,1.556,1.556,0.0,0.0,0.0,0.3223726627981982,-7.710557532621587,0.0,0.0,0.3360101823500093,1.7798217952176332,0.0,0.0,-0.005141388174807249,0
2026-02-01 06:00:00+00:00,1.556,1.556,1.556,1.556,0.0,0.0,0.0,-0.3841229193341844,-6.265060240963849,0.0,0.0,0.1073724093641441,1.7616921518100113,0.0,0.0,-0.005141388174807249,0
2026-02-01 07:00:00+00:00,1.556,1.556,1.556,1.556,0.0,0.0,0.0,-0.2564102564102555,-5.754088431253779,0.0,0.0,0.1048134825961365,1.761510101684984,0.0,0.0,-0.005141388174807249,0
2026-02-01 08:00:00+00:00,1.556,1.556,1.556,1.556,0.0,0.0,0.0,-0.2564102564102555,-4.598405885959533,0.0,0.0,0.1048134825961365,1.749803547504101,0.0,0.0,-0.019922879177378006,0
2026-02-01 09:00:00+00:00,1.556,1.556,1.556,1.556,0.0,0.0,0.0,-0.2564102564102555,-4.2461538461538435,0.0,0.0,0.1048134825961365,1.7498419344560756,0.0,0.0,-0.045629820051413805,0
2026-02-01 10:00:00+00:00,1.533,1.551,1.533,1.551,98.97,-0.0032185415617982,-0.3213367609254614,-0.3213367609254614,-6.113801452784506,0.2051659445672481,0.0,0.1313964090391134,1.7059864120637491,1.160541585325248,0.0,-0.04255319148936165,0
2026-02-01 11:00:00+00:00,1.548,1.548,1.548,1.548,4.83,-0.0019361090268663,-0.19342359767891,-0.5141388174807249,-4.207920792079212,0.0100882987222321,0.0,0.1391339222983914,1.6551669588351188,0.0,0.0,-0.0626614987080103,0
2026-02-01 12:00:00+00:00,1.548,1.548,1.548,1.548,0.0,0.0,0.0,-0.5141388174807249,-5.60975609756097,0.0,0.0,0.1391339222983914,1.618080408569558,0.0,0.0,-0.005813953488372214,0
2026-02-01 13:00:00+00:00,1.548,1.548,1.548,1.548,0.0,0.0,0.0,-0.5141388174807249,-5.60975609756097,0.0,0.0,0.1391339222983914,1.618080408569558,0.0,0.0,-0.036175710594315236,0
2026-02-01 14:00:00+00:00,1.554,1.554,1.477,1.525,143.29,-0.0149693651081604,-1.4857881136950968,-1.9922879177378008,-2.3687580025608335,0.3376697082487902,1.866151864951005,0.5842831820205108,1.3165010989127115,5.049180324557911,0.0,-0.02163934426229508,0
2026-02-01 15:00:00+00:00,1.484,1.485,1.484,1.485,342.94,-0.0265796378047118,-2.6229508196721207,-4.5629820051413805,-6.721105527638194,0.7928805519519114,0.0,1.078079796478983,1.3437631604836626,0.067340067294728,0.0,0.00471380471380467,0
2026-02-01 16:00:00+00:00,1.485,1.485,1.485,1.485,0.0,0.0,0.0,-4.255319148936165,-5.6543837357052045,0.0,0.0,1.1127878465065983,1.3325934248215443,0.0,0.0,0.00471380471380467,0
2026-02-01 17:00:00+00:00,1.529,1.529,1.451,1.451,40.31,-0.0231617983526122,-2.289562289562297,-6.26614987080103,-2.878179384203472,0.1139512011257151,5.1013734433607665,1.240252641274871,0.9337768521847328,5.375603028686686,0.0,0.03170227429359063,0
2026-02-01 18:00:00+00:00,1.539,1.539,1.539,1.539,20.67,0.0588798809546913,6.0647829083390725,-0.5813953488372214,3.288590604026842,0.1446086576290715,0.0,3.1394909512398055,1.5403311888010138,0.0,0.0,-0.0350877192982455,0
2026-02-01 19:00:00+00:00,1.492,1.492,1.492,1.492,20.59,-0.031015353075173,-3.053931124106557,-3.617571059431523,-0.5333333333333301,0.3407036630965201,0.0,3.3673567688546244,1.670286057593158,0.0,0.0,0.009383378016085908,0
2026-02-01 20:00:00+00:00,1.492,1.492,1.492,1.492,0.0,0.0,0.0,-2.163934426229508,-0.9296148738379806,0.0,0.0,3.344240433065109,1.6678922469664317,0.0,0.0,0.03753351206434319,0
2026-02-01 21:00:00+00:00,1.492,1.492,1.492,1.492,0.0,0.0,0.0,0.471380471380467,-2.419882275997376,0.0,0.0,3.1501033209646105,1.6348369623423773,0.0,0.0,-0.0006702412868632157,0
2026-02-01 22:00:00+00:00,1.492,1.492,1.492,1.492,0.0,0.0,0.0,0.471380471380467,-2.419882275997376,0.0,0.0,3.1501033209646105,1.6348369623423773,0.0,0.0,0.020107238605898248,0
2026-02-01 23:00:00+00:00,1.472,1.548,1.461,1.497,441.01,0.0033456036559222,0.3351206434316411,3.1702274293590627,-3.481624758220492,9.177351946397089,3.294573641282571,2.9249410887613467,1.6052868373167757,5.811623242610803,3.406813624978743,-0.011356045424181782,0
2026-02-02 00:00:00+00:00,1.501,1.555,1.468,1.485,260.87,-0.0080483331828283,-0.8016032064128265,-3.50877192982455,-4.929577464788726,4.522515494222301,4.501607714146866,1.2847494851218977,1.5999523414927843,5.85858585464068,3.6363636339149097,-0.0060606060606061,0
2026-02-02 01:00:00+00:00,1.547,1.554,1.483,1.506,468.45,0.0140423571230387,1.414141414141401,0.9383378016085908,-3.4615384615384603,6.078372007446925,3.088803086815445,0.7191917924210331,1.6336096543401055,4.71447542847644,0.4648074366103614,-0.019920318725099584,0
2026-02-02 02:00:00+00:00,1.545,1.556,1.507,1.548,255.15,0.0275066457898335,2.7888446215139417,3.753351206434319,-0.7692307692307665,2.9093638794987533,0.5141388171502969,1.2676730203674522,1.7375403654497732,3.165374674957778,0.5167958652992278,-0.04651162790697683,0
2026-02-02 03:00:00+00:00,1.472,1.491,1.46,1.491,142.57,-0.0375167393849339,-3.6821705426356544,-0.0670241286863215,-4.423076923076918,1.5225331054942073,0.0,2.2078056528253365,1.8960513311165956,2.079141514366782,0.0,0.024144869215291687,0
2026-02-02 04:00:00+00:00,1.522,1.522,1.522,1.522,59.27,0.0205782236568926,2.079141515761229,2.0107238605898248,-2.185089974293064,0.6187601134381149,0.0,2.3641861069488743,1.9505106636569112,0.0,0.0,0.003285151116951379,0
2026-02-02 05:00:00+00:00,1.492,1.492,1.48,1.48,110.0,-0.0279831716634704,-2.759526938239165,-1.1356045424181782,-4.884318766066842,1.0959268053624442,0.8042895436968576,2.6873280416652863,2.026910478062975,0.8108108102629663,0.0,0.03175675675675671,0
2026-02-02 06:00:00+00:00,1.484,1.484,1.476,1.476,71.28,-0.0027063615977429,-0.2702702702702675,-0.60606060606061,-5.141388174807204,0.6897508265395723,0.5390835575882191,2.671701905168442,2.026451973799581,0.5420054196869887,0.0,0.020325203252032464,0
2026-02-02 07:00:00+00:00,1.476,1.476,1.476,1.476,0.0,0.0,0.0,-1.9920318725099584,-5.141388174807204,0.0,0.0,2.5731258800209917,2.026451973799581,0.0,0.0,0.020325203252032464,0
2026-02-02 08:00:00+00:00,1.476,1.476,1.476,1.476,0.0,0.0,0.0,-4.651162790697683,-5.141388174807204,0.0,0.0,2.11814988640622,2.026451973799581,0.0,0.0,0.029132791327913132,0
2026-02-02 09:00:00+00:00,1.527,1.527,1.527,1.527,6.55,0.0339693000582145,3.4552845528455167,2.4144869215291687,-1.8637532133676136,0.0632150397098554,0.0,2.1320842572531813,2.156911747120982,0.0,0.0,0.02226588081204972,0
2026-02-02 10:00:00+00:00,1.527,1.527,1.527,1.527,0.0,0.0,0.0,0.3285151116951379,-1.5473887814313358,0.0,0.0,1.9710417672808913,2.1563326753596166,0.0,0.0,0.02226588081204972,0
2026-02-02 11:00:00+00:00,1.527,1.527,1.527,1.527,0.0,0.0,0.0,3.175675675675671,-1.3565891472868352,0.0,0.0,1.4130410605113688,2.1561926792763035,0.0,0.0,0.02226588081204972,0
2026-02-02 12:00:00+00:00,1.507,1.507,1.506,1.506,68.44,-0.0138478968587934,-1.3752455795677745,2.0325203252032464,-2.713178294573648,0.6700525008195022,0.0663570006195301,1.5988740513693915,2.173065935987883,0.0664010623729003,0.0,0.04515272244355906,0
2026-02-02 13:00:00+00:00,1.506,1.506,1.506,1.506,0.0,0.0,0.0,2.0325203252032464,-2.713178294573648,0.0,0.0,1.5988740513693915,2.173065935987883,0.0,0.0,0.04515272244355906,0
2026-02-02 14:00:00+00:00,1.528,1.554,1.519,1.519,191.51,0.0085950942359339,0.863213811420982,2.9132791327913132,-0.3934426229508236,1.8387828501069656,2.2522522508029352,1.601320518377832,2.161095501161524,2.3041474639209127,1.7116524017698156,0.036208031599736845,0
2026-02-02 15:00:00+00:00,1.553,1.581,1.553,1.561,413.56,0.0272744179196593,2.764976958525356,2.226588081204972,5.117845117845099,3.861693311457467,1.2650221370872736,1.3628708731785475,2.1544728138219527,1.7937219719450868,1.2812299799607765,0.00832799487508007,0
2026-02-02 16:00:00+00:00,1.561,1.561,1.561,1.561,0.0,0.0,0.0,2.226588081204972,5.117845117845099,0.0,0.0,1.3628708731785475,2.1544728138219527,0.0,0.0,0.00832799487508007,0
2026-02-02 17:00:00+00:00,1.561,1.561,1.561,1.561,0.0,0.0,0.0,2.226588081204972,7.580978635423841,0.0,0.0,1.3628708731785475,2.087319164895971,0.0,0.0,-0.021780909673286386,0
2026-02-02 18:00:00+00:00,1.574,1.574,1.574,1.574,12.67,0.0082935084619164,0.8327994875080069,4.515272244355906,2.274204028589999,0.1205748001511175,0.0,1.0597072571028932,1.7225152217325483,0.0,0.0,-0.03430749682337997,0
2026-02-02 19:00:00+00:00,1.574,1.574,1.574,1.574,0.0,0.0,0.0,4.515272244355906,5.495978552278835,0.0,0.0,1.0597072571028932,1.583073588622335,0.0,0.0,-0.033672172808132284,0
2026-02-02 20:00:00+00:00,1.571,1.574,1.54,1.574,136.17,0.0,0.0,3.620803159973685,5.495978552278835,1.239082464443702,0.0,1.09711432793784,1.583073588622335,2.160101650470077,0.0,-0.031766200762388896,0
2026-02-02 21:00:00+00:00,1.574,1.574,1.574,1.574,0.0,0.0,0.0,0.8327994875080069,5.495978552278835,0.0,0.0,0.3385810651525031,1.583073588622335,0.0,0.0,-0.033672172808132284,0
2026-02-02 22:00:00+00:00,1.574,1.574,1.574,1.574,0.0,0.0,0.0,0.8327994875080069,5.495978552278835,0.0,0.0,0.3385810651525031,1.583073588622335,0.0,0.0,-0.016518424396442244,0
2026-02-02 23:00:00+00:00,1.521,1.527,1.521,1.527,25.36,-0.0303151237587162,-2.986022871664562,-2.1780909673286386,2.004008016032044,0.2739338839225987,0.0,1.346821260896032,1.7162601170803684,0.3929273081906176,0.0,0.003929273084479323,0
2026-02-03 00:00:00+00:00,1.575,1.575,1.518,1.52,274.19,-0.0045946913783103,-0.4584151931892544,-3.430749682337997,2.3569023569023573,2.9440982117375176,3.4920634898463048,1.2140857069289963,1.709931371448281,3.749999997532891,0.0,0.0019736842105262387,0
2026-02-03 01:00:00+00:00,1.551,1.568,1.521,1.521,82.68,0.0006576784189707,0.0657894736842079,-3.3672172808132284,0.9960159362549792,1.0729533902748194,2.997448977680208,1.2206683797375797,1.6871192315493118,3.090072318809956,1.1176857323355205,0.026298487836949436,0
2026-02-03 02:00:00+00:00,1.564,1.575,1.512,1.524,289.8,0.0019704439872987,0.1972386587771213,-3.1766200762388896,-1.5503875968992276,3.6916217721989377,3.2380952360393005,1.2415703713584352,1.586333052704519,4.133858265004027,0.7217847764292684,0.024278215223097144,0
2026-02-03 03:00:00+00:00,1.524,1.524,1.511,1.521,130.22,-0.0019704439872988,-0.1968503937007981,-3.3672172808132284,2.012072434607637,1.6697547683709617,0.1968503935716279,1.227013403072474,1.3796432284830435,0.8547008541389293,0.0,-0.005917159763313529,0
2026-02-03 04:00:00+00:00,1.549,1.549,1.548,1.548,6.0,0.0175957618903796,1.775147928994092,-1.6518424396442244,1.708278580814726,0.0791891906744277,0.0645577791707109,1.556719278946213,1.3623163707159192,0.0645994831623963,0.0,-0.023901808785529832,0
2026-02-03 05:00:00+00:00,1.551,1.551,1.533,1.533,131.99,-0.0097371752778584,-0.9689922480620284,0.3929273084479323,3.5810810810810834,1.7212158094123593,1.160541585325248,0.928621908371738,1.240741664243241,1.1741682966900413,0.0,-0.014350945857795172,0
2026-02-03 06:00:00+00:00,1.533,1.575,1.523,1.523,32.47,-0.0065445259766523,-0.6523157208088715,0.1973684210526238,3.184281842818426,0.4325464445632626,3.3015872994910587,0.9537338411953656,1.248800815072915,3.414313851993231,2.757715034302225,-0.007879185817465495,0
2026-02-03 07:00:00+00:00,1.561,1.561,1.561,1.561,6.56,0.0246445676202703,2.4950755088640975,2.6298487836949436,5.758807588075876,0.0870714589877668,0.0,1.3784526502818963,1.3358810524989253,0.0,0.0,-0.008968609865470878,0
2026-02-03 08:00:00+00:00,1.561,1.561,1.561,1.561,0.0,0.0,0.0,2.4278215223097144,5.758807588075876,0.0,0.0,1.3875057509297806,1.3358810524989253,0.0,0.0,-0.03203074951953877,0
2026-02-03 09:00:00+00:00,1.512,1.512,1.512,1.512,30.95,-0.0318933637759537,-3.139013452914796,-0.5917159763313529,-0.982318271119842,0.4053324020311763,0.0,2.032695463831605,1.33422619401387,0.0,0.0,-0.000661375661375696,0
2026-02-03 10:00:00+00:00,1.512,1.512,1.511,1.511,55.16,-0.0006615944667387,-0.0661375661375696,-2.3901808785529832,-1.047806155861164,0.7012867306146378,0.0661375660938317,1.824872374237518,1.3342058615378574,0.0661813368192123,0.0,-0.012574454003970836,0
2026-02-03 11:00:00+00:00,1.511,1.511,1.511,1.511,0.0,0.0,0.0,-1.4350945857795172,-1.047806155861164,0.0,0.0,1.8071999287951117,1.3342058615378574,0.0,0.0,-0.026472534745201726,0
2026-02-03 12:00:00+00:00,1.511,1.511,1.511,1.511,0.0,0.0,0.0,-0.7879185817465495,0.332005312084993,0.0,0.0,1.7969696863000224,1.3032806613295225,0.0,0.0,-0.050959629384513594,0
2026-02-03 13:00:00+00:00,1.547,1.547,1.547,1.547,108.78,0.0235458883003265,2.382528127068162,-0.8968609865470878,2.722443559096943,1.354058721917516,0.0,1.7655061554678595,1.3880621336107797,0.0,0.0,-0.04330963154492562,0
2026-02-03 14:00:00+00:00,1.511,1.511,1.511,1.511,80.91,-0.0235458883003265,-2.3270846800258593,-3.203074951953877,-0.5266622778143493,1.0684302904446068,0.0,1.9747427786200769,1.465677035903981,0.0,0.0,0.02382528127068162,0
2026-02-03 15:00:00+00:00,1.511,1.511,1.511,1.511,0.0,0.0,0.0,-0.0661375661375696,-3.203074951953877,0.0,0.0,1.4894176497778764,1.3439056767441526,0.0,0.0,0.009265387160820593,0
2026-02-03 16:00:00+00:00,1.51,1.511,1.487,1.492,538.95,-0.0126541815090333,-1.2574454003970836,-1.2574454003970836,-4.420243433696347,6.6576078563768,1.2574453995648878,1.5762347349020562,1.3630394866910351,1.6085790873937005,0.0670241286413973,0.018096514745308268,0
2026-02-03 17:00:00+00:00,1.472,1.492,1.471,1.471,694.2,-0.0141750601622685,-1.407506702412864,-2.647253474520173,-5.765534913516968,6.31794498412944,1.4075067014694933,1.6431130923915234,1.3850557835909263,1.4276002709533584,1.3596193056698724,0.008157715839564927,0
2026-02-03 18:00:00+00:00,1.451,1.451,1.434,1.434,1028.34,-0.0254746994418719,-2.515295717199195,-5.095962938451359,-8.894536213468873,6.756634079123793,1.1716057883035194,1.8236711806842016,1.4412902741474587,1.1854951177228157,0.0,0.04672245467224534,0
2026-02-03 19:00:00+00:00,1.452,1.511,1.452,1.48,1488.45,0.0315743455985951,3.207810320781035,-4.3309631544925615,-5.972045743329102,6.94836593930445,2.0516214413953477,2.1140715991871524,1.6122267831411252,3.98648648379291,2.0945945931793224,0.01418918918918921,0
2026-02-03 20:00:00+00:00,1.436,1.569,1.436,1.547,701.52,0.0442754838149054,4.527027027027031,2.382528127068162,-1.715374841169004,2.9503884146634114,1.4021669844473137,2.7838380854386773,1.874795219694689,8.597285062315912,1.422107303540979,-0.02068519715578543,0
2026-02-03 21:00:00+00:00,1.528,1.542,1.525,1.525,179.75,-0.0143231615315541,-1.4221073044602517,0.9265387160820592,-3.11308767471411,0.7328907221509022,1.1024643313213671,2.883836065738979,1.8950879273642056,1.1147540976296777,0.918032786283258,-0.006557377049180357,0
2026-02-03 22:00:00+00:00,1.532,1.532,1.511,1.519,690.57,-0.0039421864457391,-0.3934426229508236,1.8096514745308268,-3.4942820838627764,2.52000273686332,0.8485639681145223,2.819303161532704,1.895604496092847,1.3824884783525508,0.0,-0.0026333113890717463,0
2026-02-03 23:00:00+00:00,1.49,1.499,1.483,1.483,97.43,-0.0239851604578406,-2.3699802501645717,0.8157715839564927,-2.8814669286181926,0.3516841832946645,1.0673782514560528,2.963510827350661,1.857768809132655,1.078894132785642,0.6068779496919311,0.04180714767363436,0
2026-02-04 00:00:00+00:00,1.501,1.501,1.501,1.501,16.62,0.0120644894955296,1.2137559002022735,4.672245467224534,-1.2500000000000069,0.0624093501370606,0.0,2.6650556423455387,1.8756411613591564,0.0,0.0,0.019320453031312468,0
2026-02-04 01:00:00+00:00,1.501,1.501,1.501,1.501,0.0,0.0,0.0,1.418918918918921,-1.3149243918474718,0.0,0.0,2.395314836442161,1.8755090322732064,0.0,0.0,0.03131245836109264,0
2026-02-04 02:00:00+00:00,1.516,1.516,1.515,1.515,43.76,0.0092838863100076,0.9327115256495766,-2.068519715578543,-0.5905511811023723,0.1732317492566498,0.0659630606425119,1.3819606647665572,1.8856984406466617,0.0660066006165046,0.0,-0.008580858085808551,0
2026-02-04 03:00:00+00:00,1.515,1.515,1.515,1.515,0.0,0.0,0.0,-0.6557377049180357,-0.3944773175542426,0.0,0.0,1.2769944383967229,1.8853442720534157,0.0,0.0,-0.009240924092409286,0
2026-02-04 04:00:00+00:00,1.515,1.515,1.515,1.515,0.0,0.0,0.0,-0.2633311389071746,-2.131782945736438,0.0,0.0,1.26954448663775,1.8471006604372544,0.0,0.0,-0.009900990099009799,0
2026-02-04 05:00:00+00:00,1.545,1.545,1.545,1.545,2.7,0.0196084713883763,1.980198019801982,4.180714767363436,0.7827788649706457,0.0111779642304681,0.0,0.8205575908889475,1.8828273589834383,0.0,0.0,-0.04077669902912617,0
2026-02-04 06:00:00+00:00,1.544,1.544,1.53,1.53,11.02,-0.0097561749453645,-0.9708737864077556,1.9320453031312468,0.4596191726854881,0.0457920899218447,0.9067357507080734,1.004821771636797,1.889052970601161,0.9150326791405023,0.0,-0.03137254901960784,0
2026-02-04 07:00:00+00:00,1.548,1.548,1.548,1.548,19.6,0.0116960397631912,1.17647058823529,3.1312458361092643,-0.8327994875079958,0.0812616282380789,0.0,1.0432883909681396,1.8338606624137248,0.0,0.0,-0.04263565891472876,0
2026-02-04 08:00:00+00:00,1.503,1.503,1.502,1.502,23.65,-0.0301662218255923,-2.9715762273901825,-0.8580858085808551,-3.779628443305571,0.0976539649983236,0.0665335994234566,1.7401697578310291,1.9321158219454175,0.0665778960941485,0.0,-0.031957390146471365,0
2026-02-04 09:00:00+00:00,1.501,1.501,1.501,1.501,15.48,-0.0006660006906181,-0.0665778961384866,-0.9240924092409286,-0.7275132275132323,0.064089537665621,0.0,1.739282525186776,1.8212458442466768,0.0,0.0,-0.02664890073284465,0
2026-02-04 10:00:00+00:00,1.51,1.51,1.5,1.5,69.89,-0.0006664445431604,-0.0666222518321046,-0.99009900990098,-0.7279947054930402,0.2886217612288955,0.6622516551905624,1.7383092799388484,1.821246260701896,0.6666666662222227,0.0,-0.016666666666666607,0
2026-02-04 11:00:00+00:00,1.488,1.488,1.482,1.482,237.38,-0.0120725812342692,-1.200000000000001,-4.077669902912618,-1.9192587690271323,0.9418284013849229,0.4032258061806282,1.414039704411602,1.836973043666692,0.4048582993219583,0.0,-0.0047233468286098645,0
2026-02-04 12:00:00+00:00,1.482,1.482,1.482,1.482,0.0,0.0,0.0,-3.1372549019607843,-1.9192587690271323,0.0,0.0,1.431149925854571,1.836973043666692,0.0,0.0,-0.03576248313090413,0
2026-02-04 13:00:00+00:00,1.482,1.482,1.482,1.482,80.27,0.0,0.0,-4.263565891472876,-4.201680672268903,0.319987243561956,0.0,1.2167390154235065,1.7626248628057697,0.0,0.0,-0.002024291497975672,0
2026-02-04 14:00:00+00:00,1.474,1.474,1.454,1.454,209.4,-0.0190741477625675,-1.889338731444001,-3.1957390146471365,-3.772336201191262,0.8173062849416304,1.356852102200237,0.8180976828287192,1.740854814053303,1.3755158174858912,0.0,0.024759284731774356,0
2026-02-04 15:00:00+00:00,1.453,1.464,1.436,1.461,693.39,0.0048027536572348,0.4814305364511773,-2.664890073284465,-3.3090668431502213,2.432104665480182,0.2049180326469065,0.907179281627357,1.7455308273003924,1.9164955496807028,0.2053388088943534,-0.00479123887748123,0
2026-02-04 16:00:00+00:00,1.456,1.477,1.429,1.475,281.34,0.0095368570232208,0.958247775496246,-1.6666666666666607,-1.1394101876675555,1.0254223388514374,0.1354096139909211,1.0737863326406492,1.742106720015248,3.254237285929333,0.1355932202470555,0.0,0
2026-02-04 17:00:00+00:00,1.475,1.475,1.475,1.475,0.0,0.0,0.0,-0.4723346828609864,0.2719238613188235,0.0,0.0,0.9737609808141364,1.717503811775524,0.0,0.0,-0.008813559322033981,0
2026-02-04 18:00:00+00:00,1.432,1.432,1.426,1.429,3447.52,-0.0316830908440528,-3.1186440677966165,-3.5762483130904132,-0.348675034867496,9.957047994252656,0.2094972065576061,1.5878405706573815,1.7618223459207154,0.4198740374948401,0.0,0.017494751574527623,0
2026-02-04 19:00:00+00:00,1.462,1.479,1.429,1.479,145.33,0.0343912847809323,3.498950314905525,-0.2024291497975672,-0.0675675675675613,0.5006617269189342,0.0,2.3081315245599385,1.7846631414941947,3.3806626075857618,0.0,-0.0027045300878972833,0
2026-02-04 20:00:00+00:00,1.483,1.49,1.483,1.49,182.19,0.0074099362287049,0.7437457741717335,2.4759284731774356,-3.684550743374271,0.6782012287307883,0.0,2.1240560754935833,1.5267806683090817,0.4697986574028127,0.0,-0.01744966442953022,0
2026-02-04 21:00:00+00:00,1.489,1.492,1.443,1.454,421.3,-0.0244577408460401,-2.4161073825503365,-0.479123887748123,-4.655737704918028,1.511652244628923,2.5469168883733824,2.4194107511074847,1.576799065388886,3.370013752840426,0.206327372622876,-0.007565337001375405,0
2026-02-04 22:00:00+00:00,1.441,1.475,1.441,1.475,160.0,0.0143396106804555,1.4442916093535096,0.0,-2.896642527978921,0.6235517442374298,0.0,2.4679106106130617,1.6107344255511282,2.305084744199944,0.0,-0.026440677966101833,0
2026-02-04 23:00:00+00:00,1.464,1.464,1.439,1.462,270.53,-0.0088526284641964,-0.8813559322033981,-0.8813559322033981,-1.4160485502360154,1.0254842158925144,0.1366120217646093,2.4942329147826263,1.5460858770044208,1.709986318939812,0.0,-0.015731874145006763,0
2026-02-05 00:00:00+00:00,1.464,1.48,1.454,1.454,2958.28,-0.0054869822162591,-0.5471956224350261,1.7494751574527625,-3.1312458361092532,7.656474744481174,1.7567567555697603,2.0493005795920847,1.5249714935233365,1.7881705627316586,1.100412653988713,-0.023383768913342484,0
2026-02-05 01:00:00+00:00,1.455,1.475,1.455,1.475,167.34,0.0143396106804555,1.4442916093535096,-0.2704530087897283,-1.7321785476348994,0.4254240035072556,0.0,1.5307453935733146,1.5581217774711844,1.3559322024705556,0.0,-0.03728813559322042,0
2026-02-05 02:00:00+00:00,1.464,1.464,1.464,1.464,71.68,-0.0074855742526634,-0.7457627118644172,-1.744966442953022,-3.3663366336633582,0.1816927871870886,0.0,1.4981931658795364,1.5488449361730183,0.0,0.0,-0.030054644808743203,0
2026-02-05 03:00:00+00:00,1.443,1.443,1.443,1.443,80.77,-0.0144481357473859,-1.43442622950819,-0.7565337001375405,-4.752475247524746,0.2030021803188091,0.0,1.2449060991805256,1.5709785434393138,0.0,0.0,-0.009009009009009139,0
2026-02-05 04:00:00+00:00,1.439,1.439,1.436,1.436,2566.76,-0.0048628091657015,-0.4851004851004981,-2.6440677966101833,-5.214521452145215,5.0844466160670905,0.2084781096536019,0.9827046629067469,1.5713839856876182,0.2089136488795945,0.0,-0.01671309192200554,0
2026-02-05 05:00:00+00:00,1.439,1.439,1.439,1.439,70.53,0.0020869572791982,0.2089136490250664,-1.5731874145006763,-6.860841423948216,0.1389337349642074,0.0,0.9865182250548296,1.504796018086506,0.0,0.0,-0.03196664350243228,0
2026-02-05 06:00:00+00:00,1.42,1.42,1.42,1.42,26.68,-0.0132915562920614,-1.3203613620569876,-2.3383768913342484,-7.189542483660139,0.052488214497274,0.0,1.078669086500054,1.5134422682415474,0.0,0.0,-0.019014084507042228,0
2026-02-05 07:00:00+00:00,1.42,1.42,1.42,1.42,0.0,0.0,0.0,-3.7288135593220417,-8.268733850129205,0.0,0.0,0.6764161298024545,1.4822059124225102,0.0,0.0,-0.010563380281690127,0
2026-02-05 08:00:00+00:00,1.42,1.42,1.42,1.42,1479.0,0.0,0.0,-3.0054644808743203,-5.459387483355527,2.6032888744118123,0.0,0.7186329550719515,1.3708128602702851,0.0,0.0,-0.008450704225352101,0
2026-02-05 09:00:00+00:00,1.418,1.43,1.416,1.43,51.1,0.0070175726586465,0.7042253521126751,-0.900900900900914,-4.730179880079943,0.0897102411875522,0.0,0.6932015260543745,1.3838012864038576,0.9790209783363498,0.0,-0.05944055944055937,0
2026-02-05 10:00:00+00:00,1.416,1.416,1.4,1.412,217.95,-0.0126673052007655,-1.2587412587412583,-1.671309192200554,-5.866666666666676,0.3785294462440798,0.2824858755067193,0.8287135303888219,1.4002855033138597,1.1331444751181707,0.0,-0.053824362606232135,0
2026-02-05 11:00:00+00:00,1.388,1.398,1.344,1.393,419.48,-0.0135474442733816,-1.345609065155806,-3.196664350243228,-6.005398110661265,0.7190654275016887,0.3576537908743459,0.8876779058326798,1.4049761906226166,3.876525481782812,0.3589375446095131,-0.06173725771715732,0
2026-02-05 12:00:00+00:00,1.393,1.393,1.393,1.393,0.0,0.0,0.0,-1.9014084507042228,-6.005398110661265,0.0,0.0,0.8146388898911091,1.4049761906226166,0.0,0.0,-0.05599425699928218,0
2026-02-05 13:00:00+00:00,1.392,1.405,1.392,1.405,225.36,0.0085776079880404,0.8614501076812608,-1.056338028169013,-5.195681511470984,0.382346017546448,0.0,0.946593554304496,1.4226250949411257,0.9252669032560464,0.0,-0.06761565836298933,0
2026-02-05 14:00:00+00:00,1.406,1.408,1.406,1.408,154.78,0.0021329549501415,0.2135231316725994,-0.8450704225352101,-3.1636863823934047,0.263617789970817,0.0,0.9585001615452698,1.378588221342228,0.1420454544445701,0.0,-0.1157670454545453,0
2026-02-05 15:00:00+00:00,1.37,1.37,1.255,1.345,2396.79,-0.0457762446820481,-4.474431818181812,-5.944055944055937,-7.939767282683096,3.6419130202398526,1.8248175169162009,1.9450971313289305,1.6420382312411563,8.550185867248947,0.0,-0.05724907063197027,0
2026-02-05 16:00:00+00:00,1.328,1.357,1.322,1.336,416.63,-0.0067139379393483,-0.6691449814126282,-5.382436260623214,-9.423728813559318,0.627691148774949,1.5475313179458063,1.9452603805784772,1.6195216447912597,2.6197604770810115,1.5718562862486036,-0.06062874251497019,0
2026-02-05 17:00:00+00:00,1.344,1.348,1.296,1.307,1203.34,-0.0219456404723691,-2.1706586826347407,-6.173725771715732,-11.389830508474583,1.6856117954794307,3.0415430244499047,2.0116955042383253,1.6567501824461206,3.97857689060553,0.3060443762004254,-0.04820198928844677,0
2026-02-05 18:00:00+00:00,1.312,1.324,1.3,1.315,609.97,0.006102230987643,0.6120887528691776,-5.599425699928218,-7.977606717984608,1.0240273535058522,0.679758307643696,2.0900299068741313,1.5697936968293618,1.8250950556463172,0.6844106458673773,-0.049429657794676785,0
2026-02-05 19:00:00+00:00,1.31,1.31,1.31,1.31,327.94,-0.0038095284166676,-0.3802281368821214,-6.761565836298933,-11.426639621365789,0.5436070284000273,0.0,1.9295325970840664,1.3471492631403332,0.0,0.0,-0.03587786259541992,0
2026-02-05 20:00:00+00:00,1.296,1.296,1.236,1.245,1809.87,-0.0508916072963891,-4.961832061068694,-11.57670454545453,-16.442953020134222,2.696924391281757,3.9351851821487713,2.341338957515792,1.6121771798563167,4.819277104562833,0.0,0.00401606425702794,0
2026-02-05 21:00:00+00:00,1.285,1.285,1.265,1.268,512.14,0.018305326098363,1.8473895582329147,-5.724907063197026,-12.792297111416772,0.7588702049514222,1.3229571974140335,2.4183600631354376,1.6522500063175398,1.5772870650021409,0.0,-0.006309148264984188,0
2026-02-05 22:00:00+00:00,1.268,1.284,1.244,1.255,608.67,-0.010305283431287,-1.0252365930599416,-6.0628742514970195,-14.915254237288146,0.877594606137658,2.2585669764341483,2.4135580606650566,1.5979600449025446,3.187250993476297,1.2749003973905189,-0.01195219123505964,0
2026-02-05 23:00:00+00:00,1.282,1.291,1.244,1.244,526.38,-0.0088035782667594,-0.8764940239043728,-4.820198928844677,-14.911080711354307,0.7474582047436232,3.6405886881172767,2.346795854683675,1.5979320313409369,3.778135045194419,0.7234726682287115,0.03938906752411575,0
2026-02-06 00:00:00+00:00,1.263,1.263,1.111,1.25,3281.22,0.0048115569972221,0.4823151125401992,-4.942965779467679,-14.0302613480055,4.5719660156063835,1.029295327767771,2.33156919748738,1.6151447434705783,12.159999990271992,0.0,0.01519999999999988,0
2026-02-06 01:00:00+00:00,1.212,1.263,1.21,1.263,11833.19,0.0103462920541442,1.0399999999999965,-3.587786259541992,-14.37288135593221,9.830193805994764,0.0,2.4561936867574268,1.594888887073917,4.196357874745555,0.0,0.015043547110055622,0
2026-02-06 02:00:00+00:00,1.267,1.279,1.226,1.25,518.52,-0.0103462920541442,-1.0292953285827355,0.401606425702794,-14.617486338797814,0.4241896003926029,2.2673964016673924,1.2274787551360382,1.5967524404847186,4.239999996607994,0.9599999992320007,0.025600000000000067,0
2026-02-06 03:00:00+00:00,1.241,1.26,1.234,1.26,457.98,0.0079681696491768,0.8000000000000007,-0.6309148264984188,-12.681912681912689,0.3699069942125847,0.0,0.977506888619546,1.6142207900685532,2.0634920618543733,0.0,0.0365079365079366,0
2026-02-06 04:00:00+00:00,1.242,1.242,1.239,1.24,126.58,-0.0160003413464411,-1.5873015873015928,-1.195219123505964,-13.649025069637876,0.1113847936319558,0.1610305956835503,1.1046731380090022,1.6278099264544554,0.2419354836758497,0.0,0.06370967741935485,0
2026-02-06 05:00:00+00:00,1.268,1.293,1.268,1.293,754.85,0.0418537201727749,4.274193548387095,3.938906752411575,-10.145934676858936,0.6479765308620606,0.0,2.0296434839287647,1.8953331195635308,1.933488010878966,0.0,0.0139211136890951,0
2026-02-06 06:00:00+00:00,1.303,1.303,1.269,1.269,8.34,-0.0187359110574698,-1.8561484918793505,1.519999999999988,-10.633802816901404,0.0071639021792288,2.609363006439478,2.279663578412218,1.9095705730150236,2.679275017589226,0.0,0.03309692671394804,0
2026-02-06 07:00:00+00:00,1.263,1.282,1.263,1.282,124.41,0.0101921697662278,1.024428684003165,1.5043547110055622,-9.718309859154928,0.1063920990546219,0.0,2.2786130135156646,1.9316471486149769,1.4820592812152522,0.0,0.04836193447737913,0
2026-02-06 08:00:00+00:00,1.282,1.282,1.282,1.282,0.0,0.0,0.0,2.5600000000000067,-9.718309859154928,0.0,0.0,2.199843922380782,1.9316471486149769,0.0,0.0,0.049141965678627164,0
2026-02-06 09:00:00+00:00,1.292,1.306,1.274,1.306,130.99,0.018547672355761,1.8720748829953229,3.65079365079366,-8.67132867132866,0.1178966885151147,0.0,2.277008801439219,1.974771564951194,2.450229707159091,0.0,0.03905053598774888,0
2026-02-06 10:00:00+00:00,1.31,1.319,1.31,1.319,56.32,0.0099048428809382,0.9954058192955584,6.370967741935485,-6.586402266288949,0.0509995755317181,0.0,2.00649098130373,1.9843295151130025,0.6823351018329451,0.0,0.05003790750568626,0
2026-02-06 11:00:00+00:00,1.311,1.311,1.311,1.311,183.94,-0.0060836689536147,-0.6065200909780133,1.39211136890951,-5.886575735821975,0.1680571306532104,0.0,1.3432737546315947,1.9726312783958884,0.0,0.0,0.06788710907704032,0
2026-02-06 12:00:00+00:00,1.311,1.311,1.311,1.311,0.0,0.0,0.0,3.309692671394804,-5.886575735821975,0.0,0.0,0.9014545140304384,1.9726312783958884,0.0,0.0,0.04347826086956541,0
2026-02-06 13:00:00+00:00,1.332,1.344,1.332,1.344,43.84,0.024860037319395,2.517162471395884,4.836193447737913,-4.341637010676147,0.0403332120709462,0.0,1.204486035382341,2.0393573860157224,0.8928571421928153,0.0,0.017857142857142794,0
2026-02-06 14:00:00+00:00,1.337,1.345,1.337,1.345,65.59,0.0007437709528444,0.0744047619047449,4.914196567862716,-4.474431818181812,0.0605504375420154,0.0,1.195110993579968,2.0383748285714867,0.5947955385912306,0.0,0.017100371747212018,0
2026-02-06 15:00:00+00:00,1.357,1.357,1.357,1.357,22.3,0.0088823677989297,0.8921933085501932,3.905053598774888,0.8921933085501932,0.0226558766219654,0.0,1.0844468988839937,1.820641432381952,0.0,0.0,0.002210759027266196,0
2026-02-06 16:00:00+00:00,1.356,1.385,1.327,1.385,5309.25,0.0204237587865697,2.0633750921149607,5.003790750568626,3.667664670658688,4.468496750725577,0.0,1.2282328924271084,1.858607604186041,4.187725628745328,0.0,-0.002888086642599319,0
2026-02-06 17:00:00+00:00,1.385,1.4,1.385,1.4,119.99,0.010772096981911,1.0830324909747224,6.788710907704032,7.115531752104043,0.1049770562270974,0.0,1.0115508427456252,1.7981618685540588,1.0714285706632585,0.0,-0.014285714285714346,0
2026-02-06 18:00:00+00:00,1.343,1.384,1.343,1.368,1748.78,-0.023122417420854,-2.2857142857142687,4.347826086956541,4.030418250950585,1.468992607561166,1.1560693633265244,1.7107884121842432,1.8726885476424715,2.997076021200962,1.1695906424198743,-0.008040935672514737,0
2026-02-06 19:00:00+00:00,1.368,1.368,1.368,1.368,0.0,0.0,0.0,1.7857142857142794,4.427480916030535,0.0,0.0,1.479899545086345,1.8694747511462124,0.0,0.0,0.0073099415204676,0
2026-02-06 20:00:00+00:00,1.368,1.369,1.368,1.368,4093.56,0.0,0.0,1.7100371747212018,9.879518072289152,3.2183298369540627,0.0730460189385996,1.48242644411975,1.497353005571718,0.073099415151235,0.073099415151235,-0.004385964912280715,0
2026-02-06 21:00:00+00:00,1.361,1.362,1.36,1.36,107.98,-0.0058651194523981,-0.5847953216374324,0.2210759027266196,7.2555205047318605,0.0860321857151467,0.1468428780125971,1.4841839718922727,1.477584867527396,0.1470588234212804,0.0735294117106483,0.014705882352941124,0
2026-02-06 22:00:00+00:00,1.345,1.381,1.345,1.381,134.96,0.0153231746791943,1.544117647058818,-0.2888086642599319,10.039840637450204,0.1092462908491383,0.0,1.3553518875448431,1.4704526990113422,2.606806659951627,0.0,0.004344677769732019,0
2026-02-06 23:00:00+00:00,1.409,1.41,1.359,1.38,676.71,-0.0007243752580418,-0.0724112961622114,-1.4285714285714346,10.932475884244376,0.5450141446271194,2.127659572959109,1.2408579728782612,1.448990747035832,3.69565217123503,0.072463768063424,0.005072463768116098,0
2026-02-07 00:00:00+00:00,1.357,1.357,1.357,1.357,1.32,-0.0168071183163811,-1.6666666666666607,-0.8040935672514737,8.55999999999999,0.0011945971628306,0.0,1.0405189598751343,1.5116632526259264,0.0,0.0,-0.005158437730287346,0
2026-02-07 01:00:00+00:00,1.347,1.378,1.347,1.378,19.83,0.0153567917387345,1.547531319086204,0.73099415204676,9.10530482977039,0.032362213077023,0.0,1.2483533958450048,1.5250423638042767,2.249637153664989,0.0,-0.029753265602322165,0
2026-02-07 02:00:00+00:00,1.362,1.362,1.362,1.362,72.99,-0.011678964864146,-1.1611030478954842,-0.4385964912280715,8.960000000000012,0.1228399264820859,0.0,1.3573594170224856,1.5305854154246823,0.0,0.0,-0.018355359765051538,0
2026-02-07 03:00:00+00:00,1.362,1.38,1.351,1.38,832.92,0.0131292914417925,1.3215859030836885,1.4705882352941124,9.523809523809511,1.3658671240014637,0.0,1.4331017900644167,1.540618314848308,2.101449273839523,0.0,-0.013768115942028869,0
2026-02-07 04:00:00+00:00,1.382,1.387,1.382,1.387,107.47,0.0050596421635813,0.5072463768116098,0.4344677769732019,11.854838709677429,0.1764655173590492,0.0,1.3039011218775505,1.481848817396673,0.3604902665028992,0.0,-0.041095890410958846,0
2026-02-07 05:00:00+00:00,1.387,1.387,1.387,1.387,0.0,0.0,0.0,0.5072463768116098,7.269914926527465,0.0,0.0,1.302628195883563,1.253956747483825,0.0,0.0,-0.03100216294160052,0
2026-02-07 06:00:00+00:00,1.356,1.402,1.35,1.35,398.04,-0.0270385488823564,-2.667627974044695,-0.5158437730287346,6.382978723404276,0.6703271796940407,3.708987158552778,1.610486120301714,1.3257104848315735,3.851851848998615,3.407407404883388,0.004444444444444473,0
2026-02-07 07:00:00+00:00,1.361,1.361,1.328,1.337,65.46,-0.009676294330532,-0.9629629629629766,-2.9753265602322165,4.290171606864268,0.1106971133518981,1.7634092566029338,1.4191790233874753,1.3380743283542986,2.468212414010306,0.0,0.014210919970082392,0
2026-02-07 08:00:00+00:00,1.337,1.337,1.337,1.337,0.0,0.0,0.0,-1.8355359765051535,4.290171606864268,0.0,0.0,1.3895974350562004,1.3380743283542986,0.0,0.0,0.014958863126402377,0
2026-02-07 09:00:00+00:00,1.361,1.361,1.361,1.361,29.28,0.017791425549523,1.7950635751682986,-1.376811594202887,4.211332312404292,0.0498717933249354,0.0,1.5065288277080142,1.334029664251819,0.0,0.0,0.0014695077149156077,0
2026-02-07 10:00:00+00:00,1.33,1.33,1.33,1.33,1.0,-0.0230407814356665,-2.2777369581190254,-4.109589041095885,0.833965125094771,0.0017099851017518,0.0,1.6604982558745294,1.41328470715998,0.0,0.0,0.017293233082706694,0
2026-02-07 11:00:00+00:00,1.313,1.344,1.313,1.344,296.18,0.0104712998672954,1.0526315789473717,-3.100216294160052,2.517162471395884,0.5024453169997379,0.0,1.798039988687207,1.4209181888260352,2.306547617331448,0.0,0.029017857142856984,0
2026-02-07 12:00:00+00:00,1.366,1.366,1.336,1.356,49.15,0.0088889474172459,0.8928571428571397,0.4444444444444473,3.4324942791762236,0.0830903173998003,0.7320644211331891,1.5009510337070515,1.4296587836333845,2.2123893788994193,0.0,0.019911504424778625,0
2026-02-07 13:00:00+00:00,1.356,1.356,1.356,1.356,0.0,0.0,0.0,1.4210919970082392,0.8928571428571397,0.0,0.0,1.416254023828261,1.339560302405363,0.0,0.0,0.02359882005899694,0
2026-02-07 14:00:00+00:00,1.367,1.367,1.357,1.357,14.94,0.0007371913345281,0.0737463126843529,1.4958863126402375,0.8921933085501932,0.0254259823529521,0.7315288948562341,1.4141238490817092,1.3395595117259933,0.7369196752122927,0.0,0.017686072218128235,0
2026-02-07 15:00:00+00:00,1.363,1.363,1.363,1.363,73.35,0.0044117718616635,0.442151805453217,0.1469507714915607,0.442151805453217,0.1243821167850158,0.0,1.2158839727895234,1.3302841986986118,0.0,0.0,0.013206162876008731,0
2026-02-07 16:00:00+00:00,1.389,1.393,1.353,1.353,418.99,-0.0073638035257446,-0.7336757153338258,1.7293233082706694,-2.310469314079422,1.0855952239551272,2.871500356876169,0.6540644130525165,1.2658298130322048,2.9563931981105767,0.2956393198110576,-0.0014781966001478075,0
2026-02-07 17:00:00+00:00,1.383,1.383,1.383,1.383,7.39,0.0219307034939702,2.2172949002217335,2.9017857142856984,-1.2142857142857122,0.0193829710500786,0.0,0.997827034023136,1.3297293145002795,0.0,0.0,-0.04699927693420103,0
2026-02-07 18:00:00+00:00,1.383,1.383,1.383,1.383,0.0,0.0,0.0,1.9911504424778623,1.0964912280701622,0.0,0.0,0.9903561616000662,1.239465506299526,0.0,0.0,-0.012292118582791,0
2026-02-07 19:00:00+00:00,1.375,1.388,1.375,1.388,1510.73,0.0036088094019916,0.3615328994938549,2.359882005899694,1.4619883040935422,4.06827905409996,0.0,0.97728056739862,1.241078280908806,0.9365994229563332,0.0,-0.008645533141210415,0
2026-02-07 20:00:00+00:00,1.381,1.381,1.381,1.381,67.59,-0.0050559876574576,-0.5043227665705974,1.7686072218128237,0.9502923976608012,0.3319826125379702,0.0,1.041159028262416,1.2464290400556672,0.0,0.0,-0.003620564808110127,0
2026-02-07 21:00:00+00:00,1.381,1.381,1.381,1.381,0.0,0.0,0.0,1.3206162876008731,1.544117647058818,0.0,0.0,1.0441072980893935,1.2393530301640228,0.0,0.0,-0.003620564808110127,0
2026-02-07 22:00:00+00:00,1.352,1.352,1.351,1.351,138.49,-0.0219628154490933,-2.172338884866043,-0.1478196600147807,-2.172338884866043,0.6950811718491288,0.0739644969867209,1.4153040790556504,1.2802922550967963,0.0740192449489207,0.0,-0.0007401924500369805,0
2026-02-07 23:00:00+00:00,1.407,1.41,1.318,1.318,4075.26,-0.0247296228977462,-2.442635085122125,-4.699927693420102,-4.492753623188395,11.956197633815677,6.524822690407916,1.2216946534807904,1.3694055822292324,6.980273135826792,0.2276176022552136,0.02427921092564489,0
2026-02-08 00:00:00+00:00,1.384,1.384,1.346,1.366,127.31,0.0357713250682828,3.6418816388467334,-1.2292118582791,0.6632277081798144,0.3678429927864003,1.300578033742342,2.184764496310879,1.5317589822899853,2.7818448003061023,0.0,-0.010248901903367469,0
2026-02-08 01:00:00+00:00,1.357,1.376,1.357,1.376,45.25,0.0072939783625534,0.7320644216690875,-0.8645533141210415,-0.1451378809869341,0.1303441397343034,0.0,2.2089392191115462,1.5058668912663835,1.3808139524848668,0.0,-0.021802325581395166,0
2026-02-08 02:00:00+00:00,1.376,1.376,1.376,1.376,0.0,0.0,0.0,-0.3620564808110127,1.027900146842864,0.0,0.0,2.202052062960067,1.4854208616699554,0.0,0.0,-0.0043604651162789665,0
2026-02-08 03:00:00+00:00,1.376,1.376,1.376,1.376,0.0,0.0,0.0,-0.3620564808110127,-0.2898550724637738,0.0,0.0,2.202052062960067,1.4605718083854762,0.0,0.0,-0.018168604651162767,0
2026-02-08 04:00:00+00:00,1.359,1.359,1.35,1.35,118.24,-0.0190761470608136,-1.8895348837209112,-0.074019245003698,-2.667627974044695,0.3815911734438009,0.6622516551418234,2.1485586196633792,1.5057440327534373,0.6666666661728318,0.0,-0.020740740740740726,0
2026-02-08 05:00:00+00:00,1.35,1.35,1.35,1.35,0.0,0.0,0.0,2.427921092564489,-2.667627974044695,0.0,0.0,1.7892880895050869,1.5057440327534373,0.0,0.0,0.007407407407407307,0
2026-02-08 06:00:00+00:00,1.352,1.352,1.352,1.352,1.86,0.0014803851704342,0.1481481481481417,-1.0248901903367469,0.1481481481481417,0.0063404857914099,0.0,0.8962201254710426,1.4012709462905848,0.0,0.0,0.014792899408283988,0
2026-02-08 07:00:00+00:00,1.364,1.364,1.346,1.346,112.83,-0.0044477463982362,-0.4437869822485174,-2.180232558139517,0.6731488406881203,0.382051513576891,1.3196480928741592,0.7808806976953798,1.389487908782301,1.3372956899425748,0.0,0.01634472511144125,0
2026-02-08 08:00:00+00:00,1.374,1.374,1.37,1.37,22.07,0.0176735086174974,1.7830609212481363,-0.4360465116278966,2.4682124158563967,0.0744988333183137,0.2911208149264043,1.1790194787422443,1.434059853932014,0.2919708027065908,0.0,-0.0007299270072993469,0
2026-02-08 09:00:00+00:00,1.351,1.351,1.351,1.351,144.69,-0.0139656808619718,-1.386861313868626,-1.8168604651162767,-0.7347538574577483,0.4806098553404509,0.0,1.294012102198123,1.4189745157004092,0.0,0.0,0.006661732050333269,0
2026-02-08 10:00:00+00:00,1.322,1.322,1.322,1.322,12.95,-0.0216993175485671,-2.1465581051073213,-2.0740740740740726,-0.6015037593984918,0.042944369907295,0.0,1.3616279079016458,1.4098652651975372,0.0,0.0,0.02571860816944027,0
2026-02-08 11:00:00+00:00,1.38,1.38,1.36,1.36,15.12,0.0283389583184661,2.874432677760974,0.7407407407407307,1.1904761904761862,0.0521663377038283,1.4492753612686264,1.8943317627925256,1.512395973616828,1.4705882342127876,0.0,-0.002941176470588225,0
2026-02-08 12:00:00+00:00,1.372,1.372,1.372,1.372,7.35,0.0087848295557328,0.8823529411764675,1.4792899408283988,1.179941002949847,0.0255119381117677,0.0,1.9195657971350852,1.5121461440631618,0.0,0.0,-0.011661807580174988,0
2026-02-08 13:00:00+00:00,1.362,1.368,1.361,1.368,187.38,-0.0029197101033347,-0.2915451895043719,1.634472511144125,0.8849557522123908,0.6332375358866994,0.0,1.909575882420776,1.5137301064027964,0.5116959060587103,0.0,-0.00877192982456143,0
2026-02-08 14:00:00+00:00,1.372,1.372,1.369,1.369,59.74,0.0007307271059531,0.0730994152046804,-0.0729927007299346,0.8843036109064117,0.2006215551745917,0.2186588919689158,1.7635987175861858,1.5137294250249198,0.2191380568158314,0.0,-0.02118334550766976,0
2026-02-08 15:00:00+00:00,1.361,1.361,1.36,1.36,176.82,-0.006595846558351,-0.6574141709276726,0.6661732050333269,-0.2201027146001344,0.5853303282987938,0.0734753856917807,1.6711352790199732,1.5176118909739418,0.073529411710632,0.0,-0.016176470588235348,0
2026-02-08 16:00:00+00:00,1.356,1.356,1.356,1.356,75.83,-0.0029455102297568,-0.2941176470588225,2.571860816944027,0.2217294900221711,0.2634930287095045,0.0,1.291540537073858,1.5110727244208029,0.0,0.0,0.0007374631268435294,0
2026-02-08 17:00:00+00:00,1.356,1.356,1.356,1.356,0.0,0.0,0.0,-0.2941176470588225,-1.95227765726681,0.0,0.0,0.5233872691678363,1.437802665630023,0.0,0.0,-0.014011799410029613,0
2026-02-08 18:00:00+00:00,1.356,1.356,1.356,1.356,69.84,0.0,0.0,-1.1661807580174988,-1.95227765726681,0.2405044946794504,0.0,0.2767902200053304,1.437802665630023,0.0,0.0,-0.01179941002949858,0
2026-02-08 19:00:00+00:00,1.356,1.356,1.356,1.356,0.0,0.0,0.0,-0.8771929824561431,-2.3054755043227515,0.0,0.0,0.2820543158292265,1.4348519963250004,0.0,0.0,-0.0007374631268437515,0
2026-02-08 20:00:00+00:00,1.34,1.34,1.34,1.34,31.71,-0.0118695755553838,-1.179941002949858,-2.118334550766976,-2.9688631426502465,0.1403423361615404,0.0,0.4830390782610016,1.4499454698992398,0.0,0.0,0.0007462686567163423,0
2026-02-08 21:00:00+00:00,1.339,1.339,1.338,1.338,3058.94,-0.0014936522567832,-0.1492537313432795,-1.6176470588235348,-3.113685734974647,8.65566255739338,0.0746825988986604,0.4636047785691641,1.4497035663792226,0.0747384154897238,0.0,0.008968609865470878,0
2026-02-08 22:00:00+00:00,1.313,1.357,1.313,1.357,238.68,0.0141004191466952,1.4200298953662038,0.0737463126843529,0.4441154700222105,0.6674908848519007,0.0,0.8268604064343253,1.4128451253964958,3.2424465709340877,0.0,-0.005158437730287346,0
2026-02-08 23:00:00+00:00,1.364,1.364,1.337,1.337,151.85,-0.0148480827329259,-1.4738393515106862,-1.4011799410029613,1.4415781487101542,0.7823186203125552,1.979472139311247,1.0288041529295753,1.350087896463475,2.0194465205539016,0.0,0.0037397157816005944,0
2026-02-09 00:00:00+00:00,1.355,1.355,1.34,1.34,192.16,0.0022413158430139,0.2243829468960401,-1.179941002949858,-1.9033674963396807,0.976400024554088,1.1070110692937114,1.0430221102956392,1.1249888806117052,1.119402984239244,0.0,-0.020149253731343353,0
2026-02-09 01:00:00+00:00,1.355,1.355,1.355,1.355,7.35,0.0111318403688441,1.1194029850746243,-0.0737463126843751,-1.5261627906976716,0.0376487863386761,0.0,1.1758025852356893,1.1396277146346814,0.0,0.0,-0.024354243542435317,0
2026-02-09 02:00:00+00:00,1.34,1.341,1.34,1.341,3157.91,-0.0103858500321227,-1.033210332103318,0.0746268656716342,-2.5436046511627897,9.66297945254919,0.0,1.1473734138039555,1.156679833266982,0.0745712154551959,0.0,-0.030574198359433202,0
2026-02-09 03:00:00+00:00,1.35,1.35,1.35,1.35,7.4,0.0066889881507967,0.6711409395973256,0.8968609865470878,-1.8895348837209112,0.0226221289256854,0.0,1.1726469629618086,1.167388226428386,0.0,0.0,-0.03851851851851851,0
2026-02-09 04:00:00+00:00,1.35,1.35,1.35,1.35,0.0,0.0,0.0,-0.5158437730287346,0.0,0.0,0.0,0.9975544814268992,1.1005319290012447,0.0,0.0,-0.04444444444444451,0
2026-02-09 05:00:00+00:00,1.364,1.364,1.342,1.342,138.58,-0.0059435539008479,-0.592592592592589,0.3739715781600594,-0.592592592592589,0.4225504569892568,1.6129032246239725,0.7931625531544029,1.1071989991970668,1.6393442610735152,0.0,-0.03874813710879288,0
2026-02-09 06:00:00+00:00,1.337,1.337,1.312,1.313,118.27,-0.021846443228831,-2.160953800298071,-2.0149253731343353,-2.884615384615397,0.3553665929251029,1.7950635738256833,1.200053968873381,1.19061464749922,1.9040365560517551,0.0,-0.017517136329017413,0
2026-02-09 07:00:00+00:00,1.327,1.327,1.322,1.322,116.5,0.0068311461088355,0.6854531607006997,-2.4354243542435317,-1.7830609212481474,0.3498875004056497,0.376789751034815,1.1050326258851284,1.199544924114388,0.378214825735079,0.0,-0.018154311649016708,0
2026-02-09 08:00:00+00:00,1.312,1.312,1.3,1.3,155.87,-0.0167814769620035,-1.6641452344931973,-3.05741983594332,-5.109489051094895,0.4604194000188249,0.9146341456443344,1.2040933400944671,1.1754057686387662,0.9230769223668646,0.0,0.009230769230769154,0
2026-02-09 09:00:00+00:00,1.299,1.299,1.298,1.298,3115.42,-0.0015396461855927,-0.1538461538461488,-3.8518518518518503,-3.923019985196141,6.7386719323698605,0.0769822940130921,1.082675595772436,1.1483137364843783,0.0770416024059687,0.0,0.01155624036979952,0
2026-02-09 10:00:00+00:00,1.316,1.316,1.267,1.29,442.33,-0.0061823999083175,-0.6163328197226536,-4.444444444444451,-2.4205748865355536,0.9211170450434396,1.9756838890762296,1.036336602779243,1.07175498136995,3.7984496094585776,0.0,0.029457364341085368,0
2026-02-09 11:00:00+00:00,1.29,1.29,1.29,1.29,0.0,0.0,0.0,-3.874813710879288,-5.147058823529416,0.0,0.0,1.082453382144086,0.8716523939402702,0.0,0.0,0.0348837209302324,0
2026-02-09 12:00:00+00:00,1.29,1.29,1.29,1.29,0.0,0.0,0.0,-1.751713632901741,-5.976676384839652,0.0,0.0,0.7960187862478562,0.8414315001046961,0.0,0.0,0.041860465116279055,0
2026-02-09 13:00:00+00:00,1.298,1.298,1.298,1.298,3071.3,0.0061823999083175,0.6201550387596955,-1.8154311649016708,-5.116959064327487,5.123636742771144,0.0,0.7803700290130321,0.860082466839604,0.0,0.0,0.0030816640986133237,0
2026-02-09 14:00:00+00:00,1.3,1.312,1.296,1.312,126.43,0.010728072239999,1.078582434514641,0.9230769230769154,-4.163623082542001,0.2099411963722169,0.0,0.5997249137006616,0.8982007986795876,1.219512194192446,0.0,-0.007621951219512146,0
2026-02-09 15:00:00+00:00,1.312,1.313,1.295,1.313,2022.33,0.0007619047987618,0.0762195121951192,1.155624036979952,-3.4558823529411864,2.9779013050076717,0.0,0.5832887931431664,0.8935649543791604,1.3709063203572698,0.0,-0.008377760853008343,0
2026-02-09 16:00:00+00:00,1.305,1.328,1.302,1.328,775.06,0.0113594557335831,1.1424219345011588,2.945736434108537,-2.064896755162249,1.094335604392637,0.0,0.5337729566628431,0.9302207820782,1.957831323826936,0.0,0.0,0
2026-02-09 17:00:00+00:00,1.305,1.335,1.305,1.335,1700.69,0.0052572407979706,0.5271084337349352,3.48837209302324,-1.5486725663716894,2.1828648317334443,0.0,0.478775849229314,0.938510077131185,2.247191009552668,0.0,-0.005243445692883819,0
2026-02-09 18:00:00+00:00,1.341,1.344,1.306,1.344,86.74,0.006718950248745,0.6741573033707926,4.1860465116279055,-0.8849557522123908,0.1112317477685541,0.0,0.3884272759407788,0.9504792879754972,2.827380950277248,0.0,-0.02083333333333337,0
2026-02-09 19:00:00+00:00,1.302,1.302,1.302,1.302,4.53,-0.0317486983145803,-3.125,0.3081664098613323,-3.9823008849557584,0.0058076767957276,0.0,1.6272025526254716,1.1459395219113886,0.0,0.0,0.010752688172043001,0
2026-02-09 20:00:00+00:00,1.302,1.302,1.302,1.302,0.0,0.0,0.0,-0.7621951219512146,-2.8358208955223896,0.0,0.0,1.5495959325024466,1.125542738865286,0.0,0.0,0.010752688172043001,0
2026-02-09 21:00:00+00:00,1.302,1.302,1.302,1.302,0.0,0.0,0.0,-0.8377760853008343,-2.6905829596412634,0.0,0.0,1.547903989141456,1.1257854624046455,0.0,0.0,-0.004608294930875556,0
2026-02-09 22:00:00+00:00,1.328,1.328,1.328,1.328,376.17,0.0197725072678645,1.9969278033794111,0.0,-2.1370670596904895,0.5725973860403833,0.0,1.7156425977347098,1.16445271613251,0.0,0.0,-0.02409638554216864,0
2026-02-09 23:00:00+00:00,1.328,1.328,1.328,1.328,0.0,0.0,0.0,-0.5243445692883819,-0.6731488406880981,0.0,0.0,1.696743793646208,1.1259320970418745,0.0,0.0,-0.02409638554216864,0
2026-02-10 00:00:00+00:00,1.326,1.34,1.316,1.316,122.48,-0.0090772181511166,-0.9036144578313254,-2.083333333333337,-1.7910447761193993,0.1890930798640534,1.7910447747828038,1.6777684213754844,1.138539668786751,1.823708205301135,1.063829786425662,-0.025075987841945424,0
2026-02-10 01:00:00+00:00,1.316,1.316,1.316,1.316,0.0,0.0,0.0,1.0752688172043,-2.878228782287817,0.0,0.0,0.953187352838448,1.1103427863372362,0.0,0.0,-0.025075987841945424,0
2026-02-10 02:00:00+00:00,1.316,1.316,1.316,1.316,0.0,0.0,0.0,1.0752688172043,-1.864280387770312,0.0,0.0,0.953187352838448,1.093159855362852,0.0,0.0,-0.024316109422492405,0
2026-02-10 03:00:00+00:00,1.309,1.309,1.292,1.296,368.36,-0.0153142349730424,-1.5197568389057723,-0.4608294930875556,-4.0000000000000036,0.6938700547665068,0.99312452177759,1.1868596791755814,1.1197051238838691,1.3117283940495847,0.0,-0.019290123456790265,0
2026-02-10 04:00:00+00:00,1.296,1.296,1.296,1.296,0.0,0.0,0.0,-2.409638554216864,-4.0000000000000036,0.0,0.0,0.6599462370847787,1.1197051238838691,0.0,0.0,-0.013117283950617398,0
2026-02-10 05:00:00+00:00,1.296,1.296,1.296,1.296,0.0,0.0,0.0,-2.409638554216864,-3.427719821162445,0.0,0.0,0.6599462370847787,1.1164817085329537,0.0,0.0,-0.013117283950617398,0
2026-02-10 06:00:00+00:00,1.295,1.295,1.283,1.283,3169.31,-0.0100815122965836,-1.0030864197530964,-2.5075987841945424,-2.2848438690022843,4.859190776252459,0.9266409259253748,0.676272163799862,1.0466966695432038,0.935307871445591,0.0,-0.0077942322681215925,0
2026-02-10 07:00:00+00:00,1.283,1.283,1.283,1.283,0.0,0.0,0.0,-2.5075987841945424,-2.950075642965211,0.0,0.0,0.676272163799862,1.0337886107512084,0.0,0.0,-0.0077942322681215925,0
2026-02-10 08:00:00+00:00,1.284,1.284,1.284,1.284,3100.14,0.0007791196342702,0.0779423226812348,-2.4316109422492405,-1.2307692307692353,4.025874817174742,0.0,0.6866925333955585,0.9797990191763788,0.0,0.0,-0.0031152647975077885,0
2026-02-10 09:00:00+00:00,1.271,1.271,1.271,1.271,150.48,-0.0101762130604525,-1.0124610591900396,-1.9290123456790265,-2.08012326656396,0.2327557705255691,0.0,0.5339723145605432,0.999386325824587,0.0,0.0,0.023603461841070095,0
2026-02-10 10:00:00+00:00,1.279,1.279,1.279,1.279,7.86,0.0062745303893886,0.6294256490952055,-1.3117283950617398,-0.852713178294584,0.0125077245011696,0.0,0.6574359698325695,1.0029697289951167,0.0,0.0,-0.0023455824863173325,0
2026-02-10 11:00:00+00:00,1.279,1.279,1.279,1.279,0.0,0.0,0.0,-1.3117283950617398,-0.852713178294584,0.0,0.0,0.6574359698325695,1.0029697289951167,0.0,0.0,0.004691164972634887,0
2026-02-10 12:00:00+00:00,1.276,1.276,1.27,1.273,148.34,-0.0047022030214361,-0.4691164972634887,-0.7794232268121593,-1.31782945736435,0.233756308181654,0.2351097176840922,0.5575630736351315,1.0068277312462104,0.4713275722927517,0.0,0.0015710919088767206,0
2026-02-10 13:00:00+00:00,1.273,1.273,1.273,1.273,0.0,0.0,0.0,-0.7794232268121593,-1.926040061633294,0.0,0.0,0.5575630736351315,0.9967044695560758,0.0,0.0,0.0007855459544383603,0
2026-02-10 14:00:00+00:00,1.28,1.28,1.28,1.28,4.18,0.0054837583562565,0.5498821681068522,-0.3115264797507788,-2.4390243902439046,0.0083345310621459,0.0,0.6220688553388771,0.9758386013342972,0.0,0.0,-0.004687499999999956,0
2026-02-10 15:00:00+00:00,1.277,1.301,1.277,1.301,164.97,0.0162731215988423,1.6406249999999956,2.3603461841070095,-0.9139375476009182,0.3889536717116058,0.0,0.7289141029719575,1.0376241732796954,1.8447348179517813,0.0,-0.020753266717909225,0
2026-02-10 16:00:00+00:00,1.284,1.284,1.276,1.276,103.49,-0.01940301460777,-1.92159877017678,-0.2345582486317332,-3.915662650602414,0.2612355827981971,0.6230529590163144,1.1769066797607428,1.0755786110262833,0.626959247157556,0.0,0.0007836990595611049,0
2026-02-10 17:00:00+00:00,1.285,1.285,1.285,1.285,3.1,0.0070285334245849,0.7053291536050166,0.4691164972634887,-3.745318352059923,0.0095260654404552,0.0,1.2159139427838168,1.0811279330578705,0.0,0.0,0.0007782101167315147,0
2026-02-10 18:00:00+00:00,1.275,1.275,1.275,1.275,399.01,-0.0078125397367936,-0.7782101167315147,0.157109190887672,-5.133928571428581,1.1789885280460388,0.0,1.25011070269076,1.0732304160689436,0.0,0.0,0.008627450980392304,0
2026-02-10 19:00:00+00:00,1.269,1.274,1.269,1.274,77.16,-0.0007846214604178,-0.0784313725490148,0.078554595443836,-2.1505376344086,0.2259705553955835,0.0,1.2508493049796563,0.8692513936425919,0.3924646778709159,0.0,0.009419152276295195,0
2026-02-10 20:00:00+00:00,1.274,1.274,1.274,1.274,0.0,0.0,0.0,-0.4687499999999955,-2.1505376344086,0.0,0.0,1.223653384685851,0.8692513936425919,0.0,0.0,0.009419152276295195,0
2026-02-10 21:00:00+00:00,1.274,1.274,1.274,1.274,0.0,0.0,0.0,-2.0753266717909225,-2.1505376344086,0.0,0.0,0.910194523446977,0.8692513936425919,0.0,0.0,0.009419152276295195,0
2026-02-10 22:00:00+00:00,1.277,1.277,1.277,1.277,3.91,0.0023520199004305,0.2354788069073743,0.0783699059561104,-3.840361445783147,0.0119957201969773,0.0,0.4826622086235387,0.7541913317402935,0.0,0.0,-0.012529365700861383,0
2026-02-10 23:00:00+00:00,1.279,1.286,1.279,1.286,118.62,0.0070230487650255,0.7047768206734695,0.0778210116731514,-3.162650602409645,0.3584854578710075,0.0,0.4825054670603307,0.7741580014543593,0.5443234832470359,0.0,-0.023328149300155587,0
2026-02-11 00:00:00+00:00,1.286,1.286,1.286,1.286,16.16,0.0,0.0,0.8627450980392304,-2.27963525835867,0.0495003886360989,0.0,0.2938419480163035,0.7566856284469045,0.0,0.0,-0.031104199066874005,0
2026-02-11 01:00:00+00:00,1.286,1.286,1.286,1.286,0.0,0.0,0.0,0.9419152276295196,-2.27963525835867,0.0,0.0,0.2835720701607101,0.7566856284469045,0.0,0.0,-0.034214618973561484,0
2026-02-11 02:00:00+00:00,1.286,1.286,1.286,1.286,0.0,0.0,0.0,0.9419152276295196,-2.27963525835867,0.0,0.0,0.2835720701607101,0.7566856284469045,0.0,0.0,-0.03732503888024885,0
2026-02-11 03:00:00+00:00,1.286,1.286,1.286,1.286,0.0,0.0,0.0,0.9419152276295196,-0.7716049382716084,0.0,0.0,0.2835720701607101,0.6922080740826476,0.0,0.0,-0.028771384136858424,0
2026-02-11 04:00:00+00:00,1.266,1.266,1.26,1.261,302.52,-0.0196315688326451,-1.9440124416796325,-1.2529365700861383,-2.7006172839506237,0.9345149145641564,0.3949447074289627,0.9035772378764544,0.796382509457026,0.4758128465695382,0.0,-0.009516256938937206,0
2026-02-11 05:00:00+00:00,1.256,1.256,1.256,1.256,41.67,-0.0039729889367754,-0.3965107057890438,-2.3328149300155587,-3.0864197530864224,0.1280361340273524,0.0,0.7852650652371796,0.7980357566868684,0.0,0.0,-0.005573248407643283,0
2026-02-11 06:00:00+00:00,1.252,1.252,1.244,1.246,562.39,-0.0079936476807455,-0.79617834394905,-3.1104199066874005,-2.883865939204977,2.5936510376513753,0.4792332264542869,0.7728826231125897,0.7891423461453002,0.6420545741235523,0.0,-0.00561797752808979,0
2026-02-11 07:00:00+00:00,1.242,1.242,1.242,1.242,62.26,-0.0032154368539743,-0.3210272873194197,-3.4214618973561484,-3.1956352299298496,0.2837383646066071,0.0,0.7394894070663078,0.7897116143267975,0.0,0.0,0.004025764895330131,0
2026-02-11 08:00:00+00:00,1.235,1.259,1.227,1.238,194.91,-0.0032258092488826,-0.3220611916264104,-3.732503888024885,-3.5825545171339623,1.9812708859914752,1.6679904673010326,0.6995137924246011,0.7892410583721322,2.5848142143902795,1.696284328193624,0.004846526655896577,0
2026-02-11 09:00:00+00:00,1.237,1.249,1.236,1.249,30.86,0.0088460568810363,0.8885298869143909,-2.8771384136858424,-1.7309205350117818,0.3304348601960686,0.0,0.9187347374536978,0.794033812187921,1.0408326652995832,0.0,-0.012009607686149004,0
2026-02-11 10:00:00+00:00,1.249,1.249,1.249,1.249,0.0,0.0,0.0,-0.9516256938937206,-2.3455824863174213,0.0,0.0,0.5717386825929945,0.7801856862350436,0.0,0.0,-0.008006405124099336,0
2026-02-11 11:00:00+00:00,1.249,1.249,1.249,1.249,0.0,0.0,0.0,-0.5573248407643283,-2.3455824863174213,0.0,0.0,0.5615873136113074,0.7801856862350436,0.0,0.0,0.008807045636509025,0
2026-02-11 12:00:00+00:00,1.239,1.239,1.239,1.239,7.29,-0.0080386284964352,-0.8006405124099336,-0.561797752808979,-2.670856245090325,0.0836129032248475,0.0,0.5627204745482194,0.7900005727804135,0.0,0.0,0.016949152542372836,0
2026-02-11 13:00:00+00:00,1.248,1.248,1.247,1.247,189.2,0.006436064050894,0.6456820016142117,0.402576489533013,-2.042419481539659,1.9900951045063944,0.080128205063991,0.6196946665236983,0.8047815408703538,0.0801924618442634,0.0,0.010425020048115297,0
2026-02-11 14:00:00+00:00,1.272,1.295,1.244,1.244,618.84,-0.0024086723809117,-0.2405773857257487,0.4846526655896577,-2.8125000000000067,5.127870844742001,3.9382239351828336,0.6102474570073686,0.7937832347927942,4.099678453296073,1.8488745965844984,0.012861736334405238,0
2026-02-11 15:00:00+00:00,1.24,1.24,1.234,1.234,176.76,-0.0080710688337916,-0.8038585209003246,-1.2009607686149004,-5.149884704073782,1.4587418117927178,0.4838709673517173,0.5525503988802385,0.7123052345144474,0.486223662490905,0.0,0.037277147487844386,0
2026-02-11 16:00:00+00:00,1.239,1.26,1.239,1.239,241.13,0.0040436771638094,0.4051863857374549,-0.8006405124099336,-2.8996865203761657,1.900039070308328,1.6666666653439075,0.6042643852660021,0.6210951012788851,1.69491525286931,1.69491525286931,0.03309120258272791,0
2026-02-11 17:00:00+00:00,1.251,1.26,1.251,1.26,21.16,0.0168071183163811,1.6949152542372836,0.8807045636509025,-1.9455252918287869,0.165752239827675,0.0,0.9622915069230874,0.7041242213366659,0.7142857137188302,0.0,-0.006349206349206327,0
2026-02-11 18:00:00+00:00,1.26,1.26,1.26,1.26,0.0,0.0,0.0,1.6949152542372836,-1.17647058823529,0.0,0.0,0.8533668089570019,0.6882653868615464,0.0,0.0,-0.0071428571428572285,0
2026-02-11 19:00:00+00:00,1.26,1.26,1.26,1.26,0.0,0.0,0.0,1.0425020048115297,-1.098901098901095,0.0,0.0,0.838865835241898,0.688307241073087,0.0,0.0,0.011111111111111072,0
2026-02-11 20:00:00+00:00,1.26,1.26,1.26,1.26,0.0,0.0,0.0,1.2861736334405238,-1.098901098901095,0.0,0.0,0.8206734645395125,0.688307241073087,0.0,0.0,0.016666666666666607,0
2026-02-11 21:00:00+00:00,1.271,1.28,1.271,1.28,18.68,0.0157483569681391,1.5873015873015817,3.727714748784438,0.4709576138147486,0.1720100062907165,0.0,0.8044770205699383,0.7638125586086213,0.7031249994506928,0.0,0.0007812499999999556,0
2026-02-11 22:00:00+00:00,1.28,1.28,1.28,1.28,0.0,0.0,0.0,3.3091202582727908,0.2349256068911565,0.0,0.0,0.8412452810723794,0.7624333348292951,0.0,0.0,0.0031250000000000444,0
2026-02-11 23:00:00+00:00,1.252,1.252,1.252,1.252,88.56,-0.0221178052536189,-2.187499999999998,-0.6349206349206327,-2.6438569206842955,0.8262510738963265,0.0,1.208673993423692,0.8715777834978674,0.0,0.0,0.025559105431310014,0
2026-02-12 00:00:00+00:00,1.251,1.251,1.251,1.251,67.07,-0.0007990411931327,-0.0798722044728528,-0.7142857142857229,-2.721617418351485,0.6136088133211125,0.0,1.2077102160925144,0.8712853398481784,0.0,0.0,0.03277378097521999,0
2026-02-12 01:00:00+00:00,1.27,1.281,1.27,1.274,1257.35,0.0182183256651975,1.8385291766586764,1.1111111111111072,-0.9331259720062212,7.776119979852187,0.5464480870051065,1.448726406201493,0.9568943800924432,0.8634222913159871,0.5494505490192614,0.011773940345368938,0
2026-02-12 02:00:00+00:00,1.281,1.281,1.281,1.281,100.0,0.0054794657646255,0.5494505494505475,1.6666666666666607,-0.3888024883359375,0.6029166090928697,0.0,1.452062088574587,0.9643745781453988,0.0,0.0,0.006245120999219367,0
2026-02-12 03:00:00+00:00,1.281,1.281,1.281,1.281,0.0,0.0,0.0,0.0781249999999955,-0.3888024883359375,0.0,0.0,1.305117669277227,0.9643745781453988,0.0,0.0,0.006245120999219367,0
2026-02-12 04:00:00+00:00,1.283,1.284,1.281,1.284,123.01,0.0023391823531722,0.2341920374707262,0.3125000000000044,1.8239492466296747,0.7766722614745476,0.0,1.3081413935987487,0.8713145479318988,0.2336448596311265,0.0,0.003894080996884597,0
2026-02-12 05:00:00+00:00,1.284,1.284,1.284,1.284,0.0,0.0,0.0,2.5559105431310014,2.229299363057335,0.0,0.0,0.72371721335092,0.8657010471930771,0.0,0.0,-0.007788161993769527,0
2026-02-12 06:00:00+00:00,1.286,1.292,1.286,1.292,10.87,0.0062112000926406,0.6230529595015577,3.277378097521999,3.6918138041733606,0.0813229632625347,0.0,0.6821416217505558,0.8505451176800285,0.4643962844702818,0.0,-0.0007739938080496556,0
2026-02-12 07:00:00+00:00,1.273,1.289,1.268,1.289,480.64,-0.0023246814033599,-0.2321981424148744,1.1773940345368938,3.784219001610301,3.1810011774779636,0.0,0.3365837618427955,0.8485852926552613,1.6291698978827158,0.0,0.0015515903801397446,0
2026-02-12 08:00:00+00:00,1.289,1.289,1.289,1.289,0.0,0.0,0.0,0.6245120999219367,4.1195476575121015,0.0,0.0,0.2932406249288878,0.8432336285097717,0.0,0.0,-0.0038789759503490284,0
2026-02-12 09:00:00+00:00,1.289,1.289,1.289,1.289,0.0,0.0,0.0,0.6245120999219367,3.20256204963969,0.0,0.0,0.2932406249288878,0.8297838418037319,0.0,0.0,-0.006982156710628296,0
2026-02-12 10:00:00+00:00,1.289,1.289,1.289,1.289,0.0,0.0,0.0,0.3894080996884597,3.20256204963969,0.0,0.0,0.2879779353732798,0.8297838418037319,0.0,0.0,-0.020170674941815347,0
2026-02-12 11:00:00+00:00,1.301,1.307,1.274,1.274,338.55,-0.0117051668070786,-1.1636927851047196,-0.7788161993769527,2.001601281024823,2.17303048050147,2.524866103653501,0.5844750416134017,0.8712050462938452,2.5902668739479786,0.4709576134450886,-0.014913657770800781,0
2026-02-12 12:00:00+00:00,1.291,1.291,1.291,1.291,59.64,0.0132555547145337,1.334379905808469,-0.0773993808049655,4.19693301049231,0.3775221154887405,0.0,0.7975272818686057,0.8853210592239927,0.0,0.0,-0.027885360185902375,0
2026-02-12 13:00:00+00:00,1.291,1.291,1.291,1.291,0.0,0.0,0.0,0.1551590380139744,3.5284683239775294,0.0,0.0,0.7903417534977369,0.880125021318576,0.0,0.0,-0.0038729666924863793,0
2026-02-12 14:00:00+00:00,1.292,1.292,1.284,1.284,5.06,-0.0054369065967359,-0.5422153369480931,-0.3878975950349028,3.2154340836012985,0.0406360424025005,0.6191950459603759,0.8243338031721676,0.888024916657967,0.6230529590163144,0.0,-0.017133956386292892,0
2026-02-12 15:00:00+00:00,1.284,1.307,1.28,1.28,916.39,-0.0031201273362436,-0.3115264797507788,-0.6982156710628296,3.727714748784438,5.899332369446832,2.065799539352863,0.829257049757643,0.870848493658235,2.1093749983520436,1.7968749985961845,-0.014062499999999978,0
2026-02-12 16:00:00+00:00,1.264,1.265,1.263,1.263,172.65,-0.0133702345631718,-1.328125000000013,-2.0170674941815347,1.9370460048425908,1.1322456095214075,0.1581027666734367,0.9608081014376516,0.9201028287338956,0.1583531273488891,0.0791765636744358,-0.0007917656373712667,0
2026-02-12 17:00:00+00:00,1.255,1.255,1.255,1.255,83.56,-0.0063542707846068,-0.6334125098970689,-1.491365777080078,-0.3968253968254065,0.538802750108696,0.0,0.8905220635562948,0.8647016024705221,0.0,0.0,0.005577689243027928,0
2026-02-12 18:00:00+00:00,1.255,1.255,1.255,1.255,0.0,0.0,0.0,-2.7885360185902375,-0.3968253968254065,0.0,0.0,0.5002549351404197,0.8647016024705221,0.0,0.0,0.005577689243027928,0
2026-02-12 19:00:00+00:00,1.278,1.286,1.278,1.286,248.08,0.0244010532316805,2.4701195219123617,-0.3872966692486379,2.063492063492056,1.4996864066648057,0.0,1.3048653424013874,0.9996560616311184,0.6220839808537455,0.0,-0.018662519440124425,0
2026-02-12 20:00:00+00:00,1.262,1.262,1.262,1.262,75.63,-0.0188388616964062,-1.8662519440124423,-1.7133956386292892,0.1587301587301581,0.4486496907832024,0.0,1.5029363066306975,1.0775573052080334,0.0,0.0,0.007923930269413626,0
2026-02-12 21:00:00+00:00,1.262,1.262,1.262,1.262,0.0,0.0,0.0,-1.4062499999999978,-1.4062499999999978,0.0,0.0,1.5073324226743532,1.0245540603576453,0.0,0.0,0.010301109350237647,0
2026-02-12 22:00:00+00:00,1.262,1.262,1.262,1.262,0.0,0.0,0.0,-0.0791765637371266,-1.4062499999999978,0.0,0.0,1.4075413323329944,1.0245540603576453,0.0,0.0,0.004754358161648264,0
2026-02-12 23:00:00+00:00,1.262,1.262,1.262,1.262,0.0,0.0,0.0,0.5577689243027928,0.7987220447284393,0.0,0.0,1.3748874715547597,0.9162442470115024,0.0,0.0,0.003961965134706702,0
2026-02-13 00:00:00+00:00,1.262,1.262,1.262,1.262,0.0,0.0,0.0,0.5577689243027928,0.8792965627498095,0.0,0.0,1.3748874715547597,0.915960720715938,0.0,0.0,0.0031695721077653616,0
2026-02-13 01:00:00+00:00,1.262,1.262,1.262,1.262,0.0,0.0,0.0,-1.8662519440124423,-0.9419152276295196,0.0,0.0,0.7690933081843033,0.8333321037815092,0.0,0.0,0.019809825673533954,0
2026-02-13 02:00:00+00:00,1.277,1.277,1.272,1.272,44.0,0.0078927007989089,0.7923930269413626,0.7923930269413626,-0.7025761124121677,0.4128096072015313,0.3915426778452989,0.3222181608297358,0.8421370930121377,0.3930817606972543,0.0,0.011792452830188704,0
2026-02-13 03:00:00+00:00,1.273,1.275,1.273,1.275,25.0,0.0023557136924589,0.2358490566037652,1.0301109350237647,-0.4683840749414525,0.2322808430224482,0.0,0.3172983232568064,0.843865455420258,0.1568627449750097,0.0,0.009411764705882453,0
2026-02-13 04:00:00+00:00,1.268,1.268,1.268,1.268,7.88,-0.0055053225953551,-0.5490196078431264,0.4754358161648264,-1.2461059190031154,0.0766304017496955,0.0,0.4345185910680044,0.848798182862248,0.0,0.0,-0.003154574132492094,0
2026-02-13 05:00:00+00:00,1.267,1.267,1.267,1.267,0.82,-0.0007889546760322,-0.0788643533123134,0.3961965134706702,-1.3239875389408184,0.0079715809896461,0.0,0.4385641855022505,0.8487398116858194,0.0,0.0,-0.010260457774269871,0
2026-02-13 06:00:00+00:00,1.266,1.266,1.266,1.266,84.57,-0.0007895776170174,-0.0789265982636067,0.3169572107765361,-2.0123839009287936,0.7983103045388311,0.0,0.4421074511055944,0.8364139068914869,0.0,0.0,-0.0015797788309637184,0
2026-02-13 07:00:00+00:00,1.284,1.287,1.284,1.287,310.87,0.016451604892005,1.6587677725118375,1.9809825673533952,-0.1551590380139633,3.1444683271903484,0.0,0.7822040109187597,0.9068395325807124,0.2331002329191056,0.0,-0.02175602175602176,0
2026-02-13 08:00:00+00:00,1.287,1.287,1.287,1.287,0.0,0.0,0.0,1.1792452830188704,-0.1551590380139633,0.0,0.0,0.7547881153335737,0.9068395325807124,0.0,0.0,0.0038850038850040125,0
2026-02-13 09:00:00+00:00,1.287,1.287,1.287,1.287,0.0,0.0,0.0,0.9411764705882452,-0.1551590380139633,0.0,0.0,0.7583982762032665,0.9068395325807124,0.0,0.0,0.01942501942501962,0
2026-02-13 10:00:00+00:00,1.264,1.264,1.264,1.264,2.99,-0.0180326328893238,-1.7871017871017747,-0.3154574132492094,-1.9394879751745475,0.0302059612151733,0.0,1.0912499541349974,0.978178586116773,0.0,0.0,0.04509493670886067,0
2026-02-13 11:00:00+00:00,1.254,1.254,1.254,1.254,15.94,-0.0079428535139367,-0.7911392405063333,-1.026045777426987,-1.5698587127158548,0.1863346776528573,0.0,1.1329744928012817,0.9628638081264396,0.0,0.0,0.05263157894736836,0
2026-02-13 12:00:00+00:00,1.264,1.264,1.264,1.264,4.36,0.0079428535139367,0.797448165869219,-0.1579778830963718,-2.091402013942678,0.0523776153762854,0.0,1.2013262571647758,0.9351919839689328,0.0,0.0,0.04509493670886067,0
2026-02-13 13:00:00+00:00,1.259,1.259,1.259,1.259,23.73,-0.0039635406624556,-0.3955696202531777,-2.175602175602176,-2.478698683191327,0.2817272066173834,0.0,0.8791185800619956,0.937066963851594,0.0,0.0,0.039714058776807004,0
2026-02-13 14:00:00+00:00,1.288,1.292,1.279,1.292,29.18,0.0258736502982,2.6211278792692694,0.3885003885004012,0.6230529595015577,0.3423459536048612,0.0,1.5059902541686565,1.0802867528013058,1.006191949685619,0.0,0.013157894736842035,0
2026-02-13 15:00:00+00:00,1.308,1.312,1.308,1.312,134.23,0.0153612851614871,1.5479876160990669,1.9425019425019616,2.499999999999991,2.549699641420836,0.0,1.619129323020858,1.1202835257737964,0.3048780485481115,0.0,-0.0022865853658537993,0
2026-02-13 16:00:00+00:00,1.304,1.334,1.304,1.321,475.06,0.0068363350182909,0.6859756097560954,4.509493670886067,4.592240696753769,7.2810779742162755,0.9745127428976756,1.2407974840984473,1.0826619911767803,2.271006811301284,0.984102951563898,-0.009084027252081794,0
2026-02-13 17:00:00+00:00,1.32,1.32,1.32,1.32,20.0,-0.0007572889419086,-0.0757002271006723,5.263157894736836,5.179282868525914,0.3195015775339354,0.0,1.0890565270869998,1.0701301997657775,0.0,0.0,-0.011363636363636465,0
2026-02-13 18:00:00+00:00,1.321,1.321,1.321,1.321,20.0,0.0007572889419087,0.0757575757575734,4.509493670886067,5.2589641434263035,0.315304071358851,0.0,1.1355688684248757,1.0695943544954416,0.0,0.0,-0.012112036336109022,0
2026-02-13 19:00:00+00:00,1.309,1.338,1.309,1.309,205.55,-0.0091255386124254,-0.9084027252081794,3.971405877680701,1.7884914463452528,3.333671214493752,2.167414049202242,1.2520205757157006,0.9814583866568992,2.215431625503882,2.215431625503882,0.0076394194041253805,0
2026-02-13 20:00:00+00:00,1.309,1.309,1.309,1.309,0.0,0.0,0.0,1.3157894736842035,3.724247226624411,0.0,0.0,0.8229788578825794,0.8890589762718223,0.0,0.0,0.0076394194041253805,0
2026-02-13 21:00:00+00:00,1.309,1.309,1.309,1.309,0.0,0.0,0.0,-0.2286585365853799,3.724247226624411,0.0,0.0,0.510459588377023,0.8890589762718223,0.0,0.0,0.0076394194041253805,0
2026-02-13 22:00:00+00:00,1.309,1.309,1.309,1.309,0.0,0.0,0.0,-0.9084027252081794,3.724247226624411,0.0,0.0,0.3756146577423838,0.8890589762718223,0.0,0.0,0.02291825821237592,0
2026-02-13 23:00:00+00:00,1.332,1.332,1.305,1.305,30.87,-0.003060446153106,-0.3055767761650063,-1.1363636363636465,3.4072900158478525,0.5162746942528904,2.027027025505245,0.3780108220487461,0.8935228692855318,2.0689655156559756,0.0,0.036015325670498255,0
2026-02-14 00:00:00+00:00,1.305,1.305,1.305,1.305,0.0,0.0,0.0,-1.2112036336109022,3.4072900158478525,0.0,0.0,0.3684890269880542,0.8935228692855318,0.0,0.0,0.037547892720306564,0
2026-02-14 01:00:00+00:00,1.357,1.357,1.319,1.319,597.14,0.0106708329605208,1.072796934865905,0.763941940412538,4.5166402535657735,7.052175239436647,2.8002947658067123,0.4766130691332778,0.9126190932681368,2.880970429961359,0.0,0.014404852160727843,0
2026-02-14 02:00:00+00:00,1.319,1.319,1.319,1.319,0.0,0.0,0.0,0.763941940412538,3.6949685534591215,0.0,0.0,0.4766130691332778,0.9040427790889036,0.0,0.0,0.031084154662623265,0
2026-02-14 03:00:00+00:00,1.319,1.319,1.319,1.319,0.0,0.0,0.0,0.763941940412538,3.450980392156877,0.0,0.0,0.4766130691332778,0.904365466291272,0.0,0.0,0.01667930250189542,0
2026-02-14 04:00:00+00:00,1.348,1.349,1.305,1.339,50.24,0.015049192973858,1.5163002274450443,2.291825821237592,5.599369085173489,0.6012116376981737,0.7412898437796227,0.7268220184444603,0.9328704832151394,3.286034351541426,0.0746825988986604,0.02165795369678869,0
2026-02-14 05:00:00+00:00,1.352,1.352,1.352,1.352,7.46,0.0096619109117368,0.9708737864077666,3.6015325670498255,6.708760852407281,0.088977681033036,0.0,0.6708956678028883,0.9423142737950816,0.0,0.0,0.01257396449704129,0
2026-02-14 06:00:00+00:00,1.354,1.354,1.354,1.354,2.21,0.0014781968693109,0.1479289940828465,3.754789272030656,6.951026856240139,0.0274842861803062,0.0,0.6472056305379513,0.9397907854651224,0.0,0.0,0.01107828655834564,0
2026-02-14 07:00:00+00:00,1.338,1.338,1.338,1.338,1.03,-0.0118872127840465,-1.1816838995568737,1.4404852160727843,3.962703962703973,0.015259353452573,0.0,0.9265311709101132,0.9388390946402388,0.0,0.0,0.023168908819132916,0
2026-02-14 08:00:00+00:00,1.36,1.36,1.36,1.36,123.83,0.0163087380419239,1.6442451420029869,3.1084154662623265,5.672105672105676,1.704258467020163,0.0,1.0706316986194155,0.98451932639692,0.0,0.0,0.022794117647058743,0
2026-02-14 09:00:00+00:00,1.341,1.341,1.341,1.341,25.57,-0.0140690954484192,-1.397058823529418,1.667930250189542,4.195804195804209,0.3468313938654997,0.0,1.3278789103688813,1.0391709989264923,0.0,0.0,0.03803131991051445,0
2026-02-14 10:00:00+00:00,1.35,1.377,1.347,1.368,174.48,0.0199342149008173,2.0134228187919545,2.165795369678869,8.227848101265822,2.1575367874099496,0.6535947707671713,1.42941463739908,1.0142054565158127,2.192982454537295,0.6578947363611805,0.02266081871345027,0
2026-02-14 11:00:00+00:00,1.369,1.369,1.369,1.369,19.74,0.0007307271059531,0.0730994152046804,1.257396449704129,9.170653907496009,0.2436184873573819,0.0,1.3994920197704863,0.9875241422511578,0.0,0.0,0.032870708546384186,0
2026-02-14 12:00:00+00:00,1.369,1.369,1.369,1.369,0.0,0.0,0.0,1.107828655834564,8.306962025316444,0.0,0.0,1.4020675327690402,0.9858406929858968,0.0,0.0,0.032870708546384186,0
2026-02-14 13:00:00+00:00,1.369,1.369,1.369,1.369,0.0,0.0,0.0,2.3168908819132916,8.73709293089755,0.0,0.0,1.2444955629654195,0.9763745681986769,0.0,0.0,0.04455807158509861,0
2026-02-14 14:00:00+00:00,1.374,1.391,1.35,1.391,383.86,0.0159423666349941,1.6070124178232392,2.2794117647058743,7.662538699690402,4.0561624112952925,0.0,1.237209395496062,0.8950426583157126,2.9475197678306775,0.0,0.01869158878504673,0
2026-02-14 15:00:00+00:00,1.392,1.392,1.392,1.392,212.0,0.0007186489709219,0.0718907260963241,3.803131991051445,6.097560975609739,2.165991213409742,0.0,0.916927344412825,0.856747526430333,0.0,0.0,0.027298850574712707,0
2026-02-14 16:00:00+00:00,1.403,1.403,1.358,1.399,70.78,0.0050161337711164,0.5028735632184089,2.266081871345027,5.904617713853155,0.8734856743140738,0.2851033497611525,0.6271930839887081,0.8535102941482597,3.216583271467769,0.0,0.026447462473195182,0
2026-02-14 17:00:00+00:00,1.414,1.414,1.414,1.414,1414.43,0.0106648717910368,1.0721944245889905,3.287070854638418,7.121212121212106,10.166034277700891,0.0,0.6621815607887739,0.8669354674261813,0.0,0.0,0.01555869872701554,0
2026-02-14 18:00:00+00:00,1.414,1.414,1.414,1.414,0.0,0.0,0.0,3.287070854638418,7.040121120363363,0.0,0.0,0.6621815607887739,0.8678737561588115,0.0,0.0,0.01555869872701554,0
2026-02-14 19:00:00+00:00,1.428,1.43,1.428,1.43,305.43,0.0112518767974348,1.1315417256011262,4.455807158509861,9.243697478991583,2.1439514253725576,0.0,0.6378766966906536,0.8451575208154485,0.1398601397623357,0.0,-0.034265734265734205,0
2026-02-14 20:00:00+00:00,1.388,1.417,1.388,1.417,112.06,-0.0091324835632724,-0.9090909090909038,1.869158878504673,8.250572956455326,0.7616372096132745,0.0,0.7645460663726575,0.8822109832788363,2.0465772744907804,0.0,-0.007057163020465773,0
2026-02-14 21:00:00+00:00,1.43,1.43,1.43,1.43,500.0,0.0091324835632724,0.917431192660545,2.7298850574712707,9.243697478991583,2.976832798726055,0.0,0.7891940697039681,0.887025893584601,0.0,0.0,-0.01118881118881121,0
2026-02-14 22:00:00+00:00,1.436,1.436,1.436,1.436,34.73,0.0041870263542164,0.419580419580412,2.6447462473195182,9.702062643239117,0.2050045992717605,0.0,0.7888118649783029,0.883576434355109,0.0,0.0,-0.005571030640668551,0
2026-02-14 23:00:00+00:00,1.436,1.436,1.436,1.436,0.0,0.0,0.0,1.555869872701554,10.038314176245212,0.0,0.0,0.7364968587415627,0.8753270947091197,0.0,0.0,-0.0069637883008356605,0
2026-02-15 00:00:00+00:00,1.436,1.436,1.436,1.436,0.0,0.0,0.0,1.555869872701554,10.038314176245212,0.0,0.0,0.7364968587415627,0.8753270947091197,0.0,0.0,-0.009052924791086325,0
2026-02-15 01:00:00+00:00,1.425,1.426,1.381,1.381,107.6,-0.0390535961988773,-3.830083565459608,-3.4265734265734205,4.700530705079609,0.728370164572204,3.1556802221909623,1.7360334841436582,1.2277461590653789,3.2585083249395255,0.0724112961097593,0.03982621288921062,0
2026-02-15 02:00:00+00:00,1.408,1.408,1.407,1.407,128.67,0.0186519037050969,1.8826937002172304,-0.7057163020465773,6.671721000758146,0.8404951389665634,0.0710227272222771,1.9827510090475464,1.2732927223392794,0.0710732053510417,0.0,0.020611229566453337,0
2026-02-15 03:00:00+00:00,1.413,1.414,1.397,1.414,277.71,0.0049627893421288,0.4975124378109319,-1.118881118881121,7.2024260803638995,1.686570525543742,0.0,1.946348667149328,1.272762069853971,1.2022630826009386,0.0,0.01555869872701554,0
2026-02-15 04:00:00+00:00,1.42,1.428,1.42,1.428,79.85,0.0098522964430116,0.990099009900991,-0.5571030640668551,6.646751306945475,0.4813333869123857,0.0,1.9947792937524016,1.2554935895972794,0.5602240892435411,0.0,-0.016106442577030755,0
2026-02-15 05:00:00+00:00,1.426,1.426,1.426,1.426,4.2,-0.0014015419252884,-0.1400560224089631,-0.696378830083566,5.473372781065078,0.0253382199898928,0.0,1.994291450126852,1.2490428985657251,0.0,0.0,-0.014025245441795287,0
2026-02-15 06:00:00+00:00,1.423,1.423,1.423,1.423,1.0,-0.0021060028843888,-0.2103786816269215,-0.9052924791086324,5.096011816838986,0.0060347450445578,0.0,1.99368480311652,1.252107792400928,0.0,0.0,-0.035839775122979534,0
2026-02-15 07:00:00+00:00,1.436,1.436,1.436,1.436,1.59,0.009094151518317,0.9135628952916308,3.982621288921062,7.324364723467847,0.0095938936977897,0.0,0.7803799914027509,1.223329441744291,0.0,0.0,-0.05153203342618373,0
2026-02-15 08:00:00+00:00,1.436,1.436,1.436,1.436,0.0,0.0,0.0,2.0611229566453337,5.588235294117627,0.0,0.0,0.5318433483192248,1.190732155381096,0.0,0.0,-0.03969359331476319,0
2026-02-15 09:00:00+00:00,1.436,1.436,1.436,1.436,0.0,0.0,0.0,1.555869872701554,7.084265473527207,0.0,0.0,0.541191801863512,1.1403850346757942,0.0,0.0,-0.03969359331476319,0
2026-02-15 10:00:00+00:00,1.401,1.405,1.401,1.405,223.71,-0.0218241678403232,-2.1587743732590425,-1.6106442577030755,2.7046783625730875,1.3847153733382431,0.0,1.021229059934394,1.1860688555495225,0.2846975086941656,0.0,-0.017793594306049876,0
2026-02-15 11:00:00+00:00,1.406,1.406,1.406,1.406,83.28,0.000711490602764,0.0711743772241924,-1.4025245441795289,2.7027027027026973,0.5071734882863888,0.0,1.0302319894811245,1.1860716089811705,0.0,0.0,-0.042674253200568835,0
2026-02-15 12:00:00+00:00,1.433,1.433,1.372,1.372,547.18,-0.0244792640847795,-2.4182076813655584,-3.583977512297954,0.2191380569759093,2.926044099020022,4.256803904914996,1.3687393513798112,1.296186604539591,4.446064136701114,0.0,-0.01895043731778423,0
2026-02-15 13:00:00+00:00,1.373,1.373,1.351,1.362,351.71,-0.0073153215763728,-0.7288629737609353,-5.153203342618373,-0.5113221329437478,1.7440922023389744,0.8011653308075924,1.1515372995490083,1.304981750766432,1.6152716581385684,0.0,-0.011013215859030923,0
2026-02-15 14:00:00+00:00,1.384,1.384,1.379,1.379,7.48,0.0124043910838441,1.2481644640234937,-3.9693593314763183,-0.8626887131560013,0.0402203696274899,0.3612716760395358,1.421269832216409,1.2878233839292184,0.3625815805927539,0.0,-0.023205221174764312,0
2026-02-15 15:00:00+00:00,1.379,1.379,1.379,1.379,0.0,0.0,0.0,-3.9693593314763183,-0.9339080459770056,0.0,0.0,1.421269832216409,1.287644968304728,0.0,0.0,-0.01957940536620728,0
2026-02-15 16:00:00+00:00,1.367,1.38,1.367,1.38,41.8,0.0007249003579485,0.0725163161711339,-1.7793594306049876,-1.3581129378127277,0.2375883081529589,0.0,1.2279460412265415,1.2827804767295596,0.9420289848246096,0.0,-0.020289855072463614,0
2026-02-15 17:00:00+00:00,1.347,1.347,1.346,1.346,126.05,-0.024946267946577,-2.463768115942011,-4.2674253200568835,-4.8090523338047975,1.0310662735724532,0.0742390496850407,1.4916194268589766,1.3513064251843878,0.0742942049968014,0.0,0.02526002971768193,0
2026-02-15 18:00:00+00:00,1.346,1.346,1.346,1.346,0.0,0.0,0.0,-1.895043731778423,-4.8090523338047975,0.0,0.0,1.240336358633169,1.3513064251843878,0.0,0.0,0.003714710252600284,0
2026-02-15 19:00:00+00:00,1.371,1.374,1.346,1.347,158.41,0.0007426662056908,0.0742942050520056,-1.1013215859030925,-5.8041958041958,1.364118793112117,1.965065500753237,1.2303025466488295,1.3230480842739387,2.0786933911813725,0.2227171490551553,0.005939123979213035,0
2026-02-15 20:00:00+00:00,1.347,1.347,1.347,1.347,0.0,0.0,0.0,-2.3205221174764312,-4.940014114326042,0.0,0.0,1.0310367743001096,1.3162327741541842,0.0,0.0,0.005939123979213035,0
2026-02-15 21:00:00+00:00,1.356,1.356,1.352,1.352,45.41,0.0037050801925454,0.3711952487008174,-1.957940536620728,-5.454545454545445,0.4908349021285639,0.2949852505199226,1.0695372097196545,1.3006457301883374,0.2958579879468508,0.0,0.002218934911242476,0
2026-02-15 22:00:00+00:00,1.352,1.352,1.352,1.352,0.0,0.0,0.0,-2.0289855072463614,-5.84958217270194,0.0,0.0,1.0644847509576838,1.2943069484580485,0.0,0.0,0.002218934911242476,0
2026-02-15 23:00:00+00:00,1.38,1.38,1.38,1.38,18.5,0.0204985215483407,2.0710059171597406,2.526002971768193,-3.8997214484679743,0.2014381961278342,0.0,0.8133254911169588,1.376617863554797,0.0,0.0,-0.021739130434782483,0
2026-02-16 00:00:00+00:00,1.36,1.36,1.351,1.351,22.75,-0.0212384401910514,-2.1014492753623104,0.3714710252600284,-5.919220055710306,0.2451838879132947,0.6617647053957699,1.3290963611658502,1.4326247378314685,0.6661732045402211,0.0,0.0007401924500372026,0
2026-02-16 01:00:00+00:00,1.38,1.38,1.355,1.355,127.47,0.0029563953536025,0.2960769800148144,0.5939123979213035,-1.8826937002172304,1.3616347022469248,1.811594201585795,1.3325798143274918,1.2058158952381013,1.845018448822858,0.0,0.0007380073800737907,0
2026-02-16 02:00:00+00:00,1.355,1.355,1.355,1.355,0.0,0.0,0.0,0.5939123979213035,-3.695806680881309,0.0,0.0,1.3325798143274918,1.1329550249679308,0.0,0.0,0.006642066420664339,0
2026-02-16 03:00:00+00:00,1.355,1.355,1.355,1.355,0.0,0.0,0.0,0.2218934911242476,-4.172560113154167,0.0,0.0,1.3260333374907838,1.1250160601379096,0.0,0.0,0.0022140221402215943,0
2026-02-16 04:00:00+00:00,1.355,1.355,1.355,1.355,0.0,0.0,0.0,0.2218934911242476,-5.112044817927163,0.0,0.0,1.3260333374907838,1.0984010890218583,0.0,0.0,0.0022140221402215943,0
2026-02-16 05:00:00+00:00,1.368,1.369,1.35,1.35,181.47,-0.003696861881326,-0.3690036900368953,-2.1739130434782483,-5.329593267882182,2.2475268472894987,1.38787435983354,0.8865284499061541,1.098687240219095,1.4074074063648765,0.0740740740191962,0.00592592592592589,0
2026-02-16 06:00:00+00:00,1.352,1.352,1.352,1.352,3.68,0.0014803851704342,0.1481481481481417,0.0740192450037202,-4.989458889669707,0.0455142773211445,0.0,0.2213926598133148,1.1013727127052406,0.0,0.0,0.013313609467455523,0
2026-02-16 07:00:00+00:00,1.356,1.356,1.356,1.356,69.3,0.0029542118974313,0.2958579881656709,0.073800738007379,-5.571030640668518,0.8282043621054299,0.0,0.2213367890333266,1.081105555330479,0.0,0.0,0.0007374631268435294,0
2026-02-16 08:00:00+00:00,1.364,1.364,1.364,1.364,2.93,0.0058823699030666,0.5899705014749346,0.6642066420664339,-5.013927576601662,0.034965417451463,0.0,0.3221293934667678,1.093354424154733,0.0,0.0,0.008064516129032251,0
2026-02-16 09:00:00+00:00,1.358,1.358,1.358,1.358,74.56,-0.0044085302847659,-0.4398826979472137,0.2214022140221594,-5.431754874651795,0.8579606748746987,0.0,0.3944817707305034,1.093300236675893,0.0,0.0,-0.008836524300441795,0
2026-02-16 10:00:00+00:00,1.345,1.358,1.345,1.358,86.29,0.0,0.0,0.2214022140221594,-3.3451957295373647,1.0629738177842345,0.0,0.3944817707305034,1.011807040271123,0.957290131842947,0.0,-0.006627393225331457,0
2026-02-16 11:00:00+00:00,1.358,1.358,1.358,1.358,0.0,0.0,0.0,0.592592592592589,-3.413940256045511,0.0,0.0,0.3439129321700371,1.0112601649790065,0.0,0.0,0.018409425625920406,0
2026-02-16 12:00:00+00:00,1.339,1.37,1.339,1.37,84.7,0.0087977107035291,0.8836524300441795,1.3313609467455525,-0.1457725947521915,1.4494014302680318,0.0,0.4711921733773719,0.9042024930075776,2.2627737209760874,0.0,-0.006569343065693567,0
2026-02-16 13:00:00+00:00,1.387,1.387,1.357,1.357,564.81,-0.0095343589873015,-0.948905109489062,0.0737463126843529,-0.3671071953010418,8.390292211485844,2.1629415990173473,0.6667091640177859,0.9130346156995784,2.210759025636878,0.0,0.0029476787030213725,0
2026-02-16 14:00:00+00:00,1.375,1.375,1.375,1.375,3.89,0.0131773502658026,1.3264554163596287,0.8064516129032251,-0.290065264684558,0.0579149142061575,0.0,0.8374112297535634,0.9177808135750908,0.0,0.0,-0.01018181818181818,0
2026-02-16 15:00:00+00:00,1.346,1.346,1.346,1.346,121.43,-0.0213164998959985,-2.109090909090905,-0.8836524300441795,-2.393038433647565,1.6812253021198498,0.0,1.2515666007026671,1.0145977388574847,0.0,0.0,0.011144130757800852,0
2026-02-16 16:00:00+00:00,1.354,1.354,1.349,1.349,225.83,0.0022263460030827,0.222882615156017,-0.6627393225331457,-2.2463768115941973,2.8265848926362556,0.3692762183388,1.2601006765374436,1.0161751622818649,0.3706449218898195,0.0,0.021497405485544796,0
2026-02-16 17:00:00+00:00,1.381,1.383,1.381,1.383,73.87,0.0248914754570022,2.5203854707190443,1.8409425625920408,2.74888558692421,0.9504530102274116,0.0,1.6525251622136496,1.013634059934255,0.1446131596929768,0.0,-0.0036153289949386602,0
2026-02-16 18:00:00+00:00,1.361,1.361,1.361,1.361,3.62,-0.0160353290132921,-1.590744757772955,-0.6569343065693567,1.1144130757800852,0.0464867410049035,0.0,1.785146169719402,1.0725425099779609,0.0,0.0,0.010286554004408588,0
2026-02-16 19:00:00+00:00,1.361,1.361,1.361,1.361,0.0,0.0,0.0,0.2947678703021372,1.0393466963622977,0.0,0.0,1.73681650932826,1.0725650786738676,0.0,0.0,0.016164584864070575,0
2026-02-16 20:00:00+00:00,1.361,1.361,1.361,1.361,0.0,0.0,0.0,-1.018181818181818,1.0393466963622977,0.0,0.0,1.6239527660952588,1.0725650786738676,0.0,0.0,-0.0036737692872886862,0
2026-02-16 21:00:00+00:00,1.361,1.361,1.361,1.361,0.0,0.0,0.0,1.1144130757800852,0.665680473372765,0.0,0.0,1.3124051740050748,1.0703114819813735,0.0,0.0,0.006612784717119791,0
2026-02-16 22:00:00+00:00,1.378,1.378,1.378,1.378,2.06,0.0124134489221378,1.2490815576781775,2.1497405485544796,1.923076923076916,0.029655222053845,0.0,1.3823254030527306,1.0985391762585035,0.0,0.0,-0.007982583454281489,0
2026-02-16 23:00:00+00:00,1.378,1.378,1.378,1.378,0.0,0.0,0.0,-0.361532899493866,-0.1449275362318869,0.0,0.0,0.9044768154109148,1.0152005976402982,0.0,0.0,-0.0036284470246733536,0
2026-02-17 00:00:00+00:00,1.381,1.381,1.375,1.375,67.22,-0.0021794414729321,-0.2177068214804012,1.0286554004408588,1.77646188008882,0.9528388251210088,0.4344677766586045,0.5317666051907752,0.9115922670301856,0.4363636360462813,0.0,0.005818181818181722,0
2026-02-17 01:00:00+00:00,1.383,1.383,1.383,1.383,5.82,0.0058013215640864,0.5818181818181722,1.6164584864070577,2.0664206642066363,0.0888843637831006,0.0,0.5470716864768399,0.9164449914605164,0.0,0.0,-0.005061460592914013,0
2026-02-17 02:00:00+00:00,1.356,1.356,1.356,1.356,60.36,-0.0197158631644173,-1.95227765726681,-0.3673769287288686,0.073800738007379,0.8877340915645504,0.0,1.0760637058695202,1.008189960416603,0.0,0.0,0.014749262536873031,0
2026-02-17 03:00:00+00:00,1.37,1.37,1.37,1.37,19.9,0.0102715503218296,1.0324483775811188,0.6612784717119791,1.1070110701107083,0.289149624028637,0.0,1.165743340938494,1.0296274828074825,0.0,0.0,0.004379562043795415,0
2026-02-17 04:00:00+00:00,1.367,1.367,1.367,1.367,5.82,-0.0021921820982211,-0.2189781021897929,-0.7982583454281489,0.8856088560885711,0.0842684427700823,0.0,1.0263774067169336,1.031023542868212,0.0,0.0,0.006583760058522126,0
2026-02-17 05:00:00+00:00,1.373,1.373,1.373,1.373,71.94,0.0043795690440215,0.4389173372348232,-0.3628447024673353,1.7037037037036962,1.115327222323362,0.0,1.053004587882423,1.0303616295688125,0.0,0.0,0.002184996358339353,0
2026-02-17 06:00:00+00:00,1.383,1.383,1.383,1.383,21.84,0.0072569258967872,0.7283321194464731,0.5818181818181722,2.2928994082840104,0.3346720385087176,0.0,1.094454546406345,1.0389653301172053,0.0,0.0,-0.013015184381778733,0
2026-02-17 07:00:00+00:00,1.376,1.376,1.376,1.376,1.45,-0.0050743131714692,-0.5061460592914013,-0.5061460592914013,1.4749262536873031,0.0232257031110713,0.0,1.0884176394824456,1.0451202224653262,0.0,0.0,-0.012354651162790664,0
2026-02-17 08:00:00+00:00,1.376,1.376,1.376,1.376,0.0,0.0,0.0,1.4749262536873031,0.8797653958944052,0.0,0.0,0.5868108667102211,1.0390984086457105,0.0,0.0,0.0,0
2026-02-17 09:00:00+00:00,1.376,1.376,1.376,1.376,0.0,0.0,0.0,0.4379562043795415,1.3254786450662692,0.0,0.0,0.4454550455638014,1.034178059246638,0.0,0.0,-0.0014534883720929148,0
2026-02-17 10:00:00+00:00,1.376,1.376,1.376,1.376,0.0,0.0,0.0,0.6583760058522126,1.3254786450662692,0.0,0.0,0.4252416122221578,1.034178059246638,0.0,0.0,-0.0014534883720929148,0
2026-02-17 11:00:00+00:00,1.376,1.376,1.376,1.376,0.0,0.0,0.0,0.2184996358339352,1.3254786450662692,0.0,0.0,0.3939991402244944,1.034178059246638,0.0,0.0,-0.012354651162790664,0
2026-02-17 12:00:00+00:00,1.33,1.366,1.33,1.365,253.39,-0.0080263108742288,-0.7994186046511587,-1.3015184381778733,-0.3649635036496401,4.0454748045254725,0.073206442113327,0.3509014923900707,1.0328506870328842,2.637362635430506,0.073260073206411,-0.00439560439560438,0
2026-02-17 13:00:00+00:00,1.368,1.372,1.359,1.359,59.37,-0.0044052934679163,-0.439560439560438,-1.2354651162790664,0.1473839351510797,1.42800733603164,0.947521865198608,0.34079557616932,1.017790553627701,0.9565857240937649,0.2943340689519251,0.0,0
2026-02-17 14:00:00+00:00,1.375,1.376,1.374,1.376,63.12,0.0124316043421451,1.2509197939661432,0.0,0.0727272727272687,1.4331340346302954,0.0,0.6904680489463254,1.0137178847291504,0.1453488371036549,0.0,-0.006540697674418561,0
2026-02-17 15:00:00+00:00,1.373,1.374,1.373,1.374,105.71,-0.0014545457109942,-0.1453488372092914,-0.1453488372092914,2.080237741456159,2.4363692236214916,0.0,0.6930168097947057,0.9073652537111252,0.0727802037316091,0.0,-0.005094614264919972,0
2026-02-17 16:00:00+00:00,1.361,1.374,1.361,1.374,32.65,0.0,0.0,-0.1453488372092914,1.8532246108228456,0.9239040724147288,0.0,0.6930168097947057,0.907043362746342,0.946142648510822,0.0,-0.011644832605531286,0
2026-02-17 17:00:00+00:00,1.359,1.359,1.359,1.359,73.33,-0.010977058631151,-1.091703056768567,-1.2354651162790664,-1.7353579175705014,2.0763567720035057,0.0,0.8188126993458645,0.7786454916828532,0.0,0.0,-0.004415011037527616,0
2026-02-17 18:00:00+00:00,1.359,1.359,1.359,1.359,0.0,0.0,0.0,-0.439560439560438,-0.1469507714915496,0.0,0.0,0.7659353515610349,0.7071102876940301,0.0,0.0,-0.004415011037527616,0
2026-02-17 19:00:00+00:00,1.359,1.359,1.359,1.359,0.0,0.0,0.0,0.0,-0.1469507714915496,0.0,0.0,0.7445217336475018,0.7071102876940301,0.0,0.0,-0.009565857247976428,0
2026-02-17 20:00:00+00:00,1.367,1.367,1.367,1.367,10.23,0.0058694225728059,0.5886681383370229,-0.6540697674418561,0.4408523144746601,0.287423467289194,0.0,0.5475118309095319,0.7174063784826987,0.0,0.0,-0.013899049012435882,0
2026-02-17 21:00:00+00:00,1.367,1.367,1.367,1.367,0.0,0.0,0.0,-0.5094614264919972,0.4408523144746601,0.0,0.0,0.5488131676854567,0.7174063784826987,0.0,0.0,-0.013899049012435882,0
2026-02-17 22:00:00+00:00,1.358,1.365,1.355,1.358,959.8,-0.006605528605308,-0.6583760058522237,-1.1644832605531286,-1.4513788098693636,12.712933579676545,0.5128205124448124,0.59281122562323,0.6805319974995598,0.7363770244945683,0.5154639171461896,0.005154639175257714,0
2026-02-17 23:00:00+00:00,1.347,1.353,1.346,1.353,197.01,-0.0036886799478534,-0.3681885125184192,-0.4415011037527616,-1.81422351233671,2.3535759795832263,0.0,0.4205386246773157,0.683256295854078,0.5173688096693427,0.0,-0.0014781966001478075,0
2026-02-18 00:00:00+00:00,1.353,1.353,1.353,1.353,0.0,0.0,0.0,-0.4415011037527616,-1.6000000000000014,0.0,0.0,0.4205386246773157,0.6827398294345761,0.0,0.0,-0.0014781966001478075,0
2026-02-18 01:00:00+00:00,1.357,1.357,1.346,1.346,28.54,-0.0051871179661148,-0.5173688100517326,-0.9565857247976428,-2.6753434562545086,0.3486759720185864,0.8106116427335138,0.4543073096479197,0.674233061692373,0.8172362549648985,0.0,0.023774145616641817,0
2026-02-18 02:00:00+00:00,1.353,1.353,1.348,1.348,104.2,0.0014847812675792,0.1485884101040113,-1.3899049012435882,-0.5899705014749235,1.2452322859981662,0.3695491497638138,0.3277181399405595,0.5470190469863089,0.3709198810304669,0.0,0.004451038575667754,0
2026-02-18 03:00:00+00:00,1.348,1.348,1.348,1.348,0.0,0.0,0.0,-1.3899049012435882,-1.6058394160583966,0.0,0.0,0.3277181399405595,0.4992441974420463,0.0,0.0,0.0037091988130562026,0
2026-02-18 04:00:00+00:00,1.365,1.365,1.365,1.365,4.51,0.0125324161468077,1.261127596439171,0.5154639175257714,-0.1463057790782707,0.0544716142694557,0.0,0.6250966607455082,0.5658196161912117,0.0,0.0,0.01098901098901095,0
2026-02-18 05:00:00+00:00,1.351,1.351,1.351,1.351,76.21,-0.0103093696588612,-1.025641025641022,-0.1478196600147807,-1.6023306627822254,0.9184878675769113,0.0,0.7643174848960402,0.5944194433811534,0.0,0.0,-0.006661732050333047,0
2026-02-18 06:00:00+00:00,1.351,1.351,1.351,1.351,0.0,0.0,0.0,-0.1478196600147807,-2.313810556760665,0.0,0.0,0.7643174848960402,0.570294950270771,0.0,0.0,-0.006661732050333047,0
2026-02-18 07:00:00+00:00,1.361,1.378,1.35,1.378,146.28,0.0197881136134049,1.998519615099914,2.3774145616641817,0.1453488372092914,1.6604251897557891,0.0,1.0631168291654047,0.7029784273360334,2.0319303323425615,0.0,-0.02612481857764859,0
2026-02-18 08:00:00+00:00,1.384,1.385,1.354,1.354,1488.8,-0.0175699981013833,-1.741654571843232,0.4451038575667754,-1.5988372093023062,9.916656259040566,2.238267146398357,1.3858798727988355,0.7897659739104442,2.289512553700501,0.0738552436677665,-0.011078286558345751,0
2026-02-18 09:00:00+00:00,1.353,1.353,1.353,1.353,15.03,-0.0007388253014323,-0.0738552437223094,0.3709198813056202,-1.6715116279069742,0.0996965325101591,0.0,1.38699685956429,0.7896368056052326,0.0,0.0,0.003695491500369741,0
2026-02-18 10:00:00+00:00,1.378,1.38,1.378,1.38,217.12,0.0197591499804621,1.99556541019954,1.098901098901095,0.2906976744186051,1.3586629468274698,0.0,1.5346790001492303,0.8934599229370819,0.1449275361268642,0.0,-0.02826086956521734,0
2026-02-18 11:00:00+00:00,1.35,1.35,1.342,1.342,258.46,-0.0279224606196231,-2.753623188405785,-0.6661732050333047,-2.4709302325581217,1.5152427108486175,0.5925925921536356,1.9305242448493352,1.061163148216398,0.5961251858449146,0.0,-0.011177347242921076,0
2026-02-18 12:00:00+00:00,1.342,1.342,1.342,1.342,0.0,0.0,0.0,-0.6661732050333047,-1.684981684981679,0.0,0.0,1.9305242448493352,1.050793360362736,0.0,0.0,0.005961251862891315,0
2026-02-18 13:00:00+00:00,1.342,1.342,1.342,1.342,0.0,0.0,0.0,-2.612481857764859,-1.2509197939661432,0.0,0.0,1.6507833681764903,1.0478978054992094,0.0,0.0,0.0029806259314455463,0
2026-02-18 14:00:00+00:00,1.383,1.383,1.328,1.339,101.46,-0.0022379718404547,-0.2235469448584326,-1.1078286558345751,-2.688953488372092,0.6375551796867259,3.181489513245491,1.519841129127612,1.011179955018104,4.107542939426774,0.0,0.00522778192681117,0
2026-02-18 15:00:00+00:00,1.376,1.376,1.358,1.358,87.97,0.014089962427469,1.4189693801344383,0.3695491500369741,-1.1644832605531286,0.5553661616126558,1.308139533933023,1.6561133098581615,1.0577596399894278,1.3254786440902069,0.0,-0.008836524300441795,0
2026-02-18 16:00:00+00:00,1.342,1.342,1.34,1.341,95.67,-0.0125974248369629,-1.2518409425625987,-2.826086956521734,-2.401746724890841,0.5941282713399357,0.0745156482306226,1.417688103475531,1.086108741384727,0.1491424309104084,0.0,-0.001491424310216205,0
2026-02-18 17:00:00+00:00,1.328,1.328,1.327,1.327,764.5,-0.0104948489494709,-1.0439970171513768,-1.1177347242921076,-2.3546725533480473,4.027402492191991,0.0753012047625828,0.9500686274448196,1.084228298092298,0.075357950206973,0.0,0.009042954031650341,0
2026-02-18 18:00:00+00:00,1.327,1.35,1.32,1.35,195.83,0.0171838371002677,1.7332328560663246,0.5961251862891315,-0.6622516556291314,0.9891195002917454,0.0,1.2343169324133276,1.1460461271303934,2.2222222205761333,0.0,-0.008148148148148238,0
2026-02-18 19:00:00+00:00,1.313,1.346,1.303,1.346,239.44,-0.002967361227802,-0.2962962962962945,0.2980625931445546,-0.9565857247976428,1.1513706507179575,0.0,1.244978497138205,1.1473343876764486,3.1946508148628263,0.0,-0.03714710252600295,0
2026-02-18 20:00:00+00:00,1.346,1.346,1.346,1.346,0.0,0.0,0.0,0.522778192681117,-1.53621068032187,0.0,0.0,1.2384847568044244,1.1396182331536575,0.0,0.0,-0.014858841010401247,0
2026-02-18 21:00:00+00:00,1.346,1.346,1.346,1.346,0.0,0.0,0.0,-0.8836524300441795,-1.53621068032187,0.0,0.0,1.0581082103184687,1.1396182331536575,0.0,0.0,-0.014858841010401247,0
2026-02-18 22:00:00+00:00,1.3,1.339,1.296,1.339,178.17,-0.0052141645135007,-0.5200594353640509,-0.1491424310216205,-1.399116347569962,1.0183082491845024,0.0,0.9391992100873484,1.1368046760690376,3.2113517526427486,0.0,-0.009708737864077555,0
2026-02-18 23:00:00+00:00,1.339,1.339,1.339,1.339,0.0,0.0,0.0,0.904295403165034,-1.0347376201034764,0.0,0.0,0.7972077103884,1.1349209944921224,0.0,0.0,-0.020164301717699673,0
2026-02-19 00:00:00+00:00,1.339,1.339,1.339,1.339,0.0,0.0,0.0,-0.8148148148148238,-1.0347376201034764,0.0,0.0,0.2228744803135272,1.1349209944921224,0.0,0.0,-0.022404779686333143,0
2026-02-19 01:00:00+00:00,1.326,1.326,1.296,1.296,37.29,-0.0326404687789524,-3.2113517550410697,-3.714710252600295,-3.714710252600295,0.2231297401593255,2.262443437207812,1.306720197083218,1.309795801359365,2.3148148130286943,0.0,0.011574074074073959,0
2026-02-19 02:00:00+00:00,1.326,1.326,1.326,1.326,75.26,0.0228842938335878,2.314814814814814,-1.4858841010401247,-1.6320474777448135,0.4536012054216762,0.0,1.7770350441264011,1.4011968514623283,0.0,0.0,-0.023378582202111753,0
2026-02-19 03:00:00+00:00,1.326,1.326,1.326,1.326,0.0,0.0,0.0,-1.4858841010401247,-1.6320474777448135,0.0,0.0,1.7770350441264011,1.4011968514623283,0.0,0.0,-0.03167420814479638,0
2026-02-19 04:00:00+00:00,1.326,1.326,1.326,1.326,0.0,0.0,0.0,-0.9708737864077556,-2.857142857142847,0.0,0.0,1.773824839968325,1.3728612036925385,0.0,0.0,-0.03167420814479638,0
2026-02-19 05:00:00+00:00,1.312,1.312,1.312,1.312,38.11,-0.0106142012417734,-1.0558069381598756,-2.0164301717699673,-2.886750555144335,0.2321780783305101,0.0,1.806982938512904,1.3737536752074757,0.0,0.0,-0.021341463414634165,0
2026-02-19 06:00:00+00:00,1.309,1.309,1.309,1.309,118.92,-0.0022892035941345,-0.2286585365853799,-2.2404779686333143,-3.1088082901554404,0.7032681091348673,0.0,1.8007869028977528,1.3736641183277174,0.0,0.0,-0.019098548510313118,0
2026-02-19 07:00:00+00:00,1.311,1.311,1.311,1.311,59.54,0.0015267178537998,0.1527883880825031,1.157407407407396,-4.862119013062404,0.3597972590162997,0.0,1.1152153665147566,1.3003006910659392,0.0,0.0,-0.02135774218154085,0
2026-02-19 08:00:00+00:00,1.3,1.3,1.295,1.295,208.5,-0.0122795096300616,-1.2204424103737566,-2.3378582202111753,-4.357459379615969,1.8593452161824635,0.3846153843195354,0.5962376577012662,1.2771721675908605,0.386100385802248,0.0,-0.004633204633204602,0
2026-02-19 09:00:00+00:00,1.284,1.284,1.284,1.284,2.78,-0.0085304898837316,-0.8494208494208455,-3.167420814479638,-5.099778270509969,0.0249046293045226,0.0,0.5850203500421027,1.2840922627669666,0.0,0.0,-0.007009345794392607,0
2026-02-19 10:00:00+00:00,1.284,1.284,1.284,1.284,0.0,0.0,0.0,-3.167420814479638,-6.956521739130428,0.0,0.0,0.5850203500421027,1.1977465138375014,0.0,0.0,-0.016355140186915973,0
2026-02-19 11:00:00+00:00,1.284,1.284,1.284,1.284,0.0,0.0,0.0,-2.1341463414634165,-4.3219076005961305,0.0,0.0,0.5541929535913274,1.0744458131891277,0.0,0.0,0.0007788161993769194,0
2026-02-19 12:00:00+00:00,1.284,1.284,1.284,1.284,0.0,0.0,0.0,-1.909854851031312,-4.3219076005961305,0.0,0.0,0.5725597317658587,1.0744458131891277,0.0,0.0,0.002336448598130758,0
2026-02-19 13:00:00+00:00,1.299,1.299,1.283,1.283,19.24,-0.0007791196342701,-0.077881619937703,-2.135774218154085,-4.396423248882275,0.2077492036618021,1.231716704209611,0.5412595758368002,1.0739830324767203,1.2470771619274548,0.0,-0.013250194855806585,0
2026-02-19 14:00:00+00:00,1.303,1.303,1.289,1.289,107.9,0.0046656383235509,0.4676539360872978,-0.4633204633204602,-3.734129947722187,1.1617140396085095,1.074443590886844,0.4279019855480724,1.0821778182913069,1.0861132652551495,0.0,-0.01784328937160584,0
2026-02-19 15:00:00+00:00,1.275,1.275,1.275,1.275,102.68,-0.0109205453466609,-1.0861132660977546,-0.7009345794392607,-6.1119293078056085,1.0982650200655324,0.0,0.5165022049705383,1.044426334232295,0.0,0.0,-0.007058823529411673,0
2026-02-19 16:00:00+00:00,1.27,1.27,1.262,1.263,551.37,-0.0094563352420354,-0.9411764705882342,-1.6355140186915973,-5.81655480984341,4.901919963801982,0.5511811019282131,0.6094814013897086,1.0332988385505733,0.6334125093955567,0.0,0.01187648456057011,0
2026-02-19 17:00:00+00:00,1.285,1.285,1.285,1.285,105.7,0.017268874978829,1.7418844022169422,0.0778816199376919,-3.1650339110776193,1.2430845824632206,0.0,1.0287553883350715,1.0935236801765411,0.0,0.0,-0.005447470817120492,0
2026-02-19 18:00:00+00:00,1.283,1.287,1.283,1.287,146.23,0.0015552102668064,0.1556420233463029,0.2336448598130758,-4.666666666666675,1.7625770291029217,0.0,1.0303211212832852,1.0226555562603112,0.310800310558819,0.0,0.0038850038850040125,0
2026-02-19 19:00:00+00:00,1.291,1.291,1.266,1.266,10.84,-0.016451604892005,-1.6317016317016209,-1.3250194855806583,-5.943536404160477,0.1476059981937656,1.9364833447432284,1.2426447857856495,1.064438692577322,1.9747235371447611,0.0,0.020537124802527673,0
2026-02-19 20:00:00+00:00,1.266,1.266,1.266,1.266,0.0,0.0,0.0,-1.7843289371605842,-5.943536404160477,0.0,0.0,1.204941664788702,1.064438692577322,0.0,0.0,0.020537124802527673,0
2026-02-19 21:00:00+00:00,1.266,1.266,1.266,1.266,0.0,0.0,0.0,-0.7058823529411673,-5.943536404160477,0.0,0.0,1.142231851882518,1.064438692577322,0.0,0.0,0.020537124802527673,0
2026-02-19 22:00:00+00:00,1.265,1.282,1.265,1.278,41.97,0.0094340322333587,0.9478672985782088,1.187648456057011,-4.555638536221052,0.6193576949236235,0.3120124802558408,1.128766317534308,1.0902011523786674,1.3302034418386612,0.3129890451385065,0.006259780907668322,0
2026-02-19 23:00:00+00:00,1.278,1.278,1.278,1.278,0.0,0.0,0.0,-0.5447470817120492,-4.555638536221052,0.0,0.0,0.845105965182329,1.0902011523786674,0.0,0.0,0.016431924882629012,0
2026-02-20 00:00:00+00:00,1.292,1.292,1.292,1.292,5.53,0.0108950494050669,1.095461658841934,0.3885003885004012,-3.51008215085884,0.081330506292236,0.0,0.9755537554862947,1.120894094113522,0.0,0.0,-0.009287925696594423,0
2026-02-20 01:00:00+00:00,1.292,1.292,1.292,1.292,0.0,0.0,0.0,2.0537124802527673,-0.3086419753086433,0.0,0.0,0.52692404071543,0.9034060787129172,0.0,0.0,-0.009287925696594423,0
2026-02-20 02:00:00+00:00,1.292,1.292,1.292,1.292,0.0,0.0,0.0,2.0537124802527673,-2.564102564102566,0.0,0.0,0.52692404071543,0.7592105483585887,0.0,0.0,-0.006191950464396245,0
2026-02-20 03:00:00+00:00,1.292,1.292,1.292,1.292,38.62,0.0,0.0,2.0537124802527673,-2.564102564102566,0.5949432901258224,0.0,0.52692404071543,0.7592105483585887,0.0,0.0,0.01238390092879249,0
2026-02-20 04:00:00+00:00,1.29,1.29,1.286,1.286,30.88,-0.0046547795449825,-0.4643962848297267,0.6259780907668322,-3.01659125188537,0.4664623208494444,0.310077519139475,0.5174532110831361,0.76226488768328,0.3110419904268727,0.0,0.02021772939346822,0
2026-02-20 05:00:00+00:00,1.299,1.299,1.285,1.299,680.1,0.0100581118730347,1.0108864696734,1.6431924882629012,-0.9908536585365946,7.316837009065988,0.0,0.6281111590824903,0.7689277422509229,1.0777521161834096,0.0,-0.0015396458814472824,0
2026-02-20 06:00:00+00:00,1.28,1.28,1.28,1.28,30.88,-0.0147346597569366,-1.4626635873749017,-0.9287925696594423,-2.2154316271963292,0.3458716795122644,0.0,0.8067595758564642,0.822235320944565,0.0,0.0,0.013281249999999911,0
2026-02-20 07:00:00+00:00,1.28,1.28,1.28,1.28,0.0,0.0,0.0,-0.9287925696594423,-2.3646071700991533,0.0,0.0,0.8067595758564642,0.8208386032637152,0.0,0.0,0.0031250000000000444,0
2026-02-20 08:00:00+00:00,1.284,1.284,1.284,1.284,1.12,0.0031201273362436,0.3125000000000044,-0.6191950464396245,-0.8494208494208455,0.0143295803478207,0.0,0.8285507170694272,0.7883560417131471,0.0,0.0,0.01635514018691575,0
2026-02-20 09:00:00+00:00,1.295,1.308,1.295,1.308,209.83,0.0185190477672375,1.869158878504673,1.238390092879249,1.869158878504673,2.417756098469904,0.0,1.1553232658308064,0.8567862600444444,0.9938837912890888,0.0,0.01987767584097866,0
2026-02-20 10:00:00+00:00,1.312,1.312,1.312,1.312,5.53,0.0030534374868902,0.3058103975535076,2.021772939346822,2.180685358255463,0.0635504352565455,0.0,1.107714593355938,0.8578570297419735,0.0,0.0,0.015243902439024293,0
2026-02-20 11:00:00+00:00,1.308,1.308,1.297,1.297,153.22,-0.0114987851875906,-1.1432926829268442,-0.1539645881447282,1.0124610591900174,1.640441819364676,0.8409785926292305,1.1924347950070229,0.894426517282383,0.848111024789438,0.0,0.04009252120277562,0
2026-02-20 12:00:00+00:00,1.297,1.297,1.297,1.297,0.0,0.0,0.0,1.3281249999999911,1.0124610591900174,0.0,0.0,0.9645963084668162,0.894426517282383,0.0,0.0,0.041634541249036205,0
2026-02-20 13:00:00+00:00,1.292,1.298,1.283,1.284,346.09,-0.0100737000665372,-1.0023130300693794,0.3125000000000044,0.0779423226812348,3.233868926849002,1.0785824336836816,1.0900392347750216,0.9196106573621456,1.168224298155598,0.4672897192622358,0.0420560747663552,0
2026-02-20 14:00:00+00:00,1.31,1.31,1.292,1.305,139.78,0.0162228355068871,1.635514018691575,1.635514018691575,1.2412723041117069,1.2900933328599544,0.3816793890216275,1.269091878272605,0.9736013657597904,1.3793103437706449,0.0,0.025287356321839205,0
2026-02-20 15:00:00+00:00,1.312,1.334,1.312,1.334,260.66,0.0219789067187753,2.2222222222222365,1.987767584097866,4.627450980392167,2.2679645440011504,0.0,1.3599335497634553,1.0352615159598648,1.6491754110575911,0.0,0.0029985007496251548,0
2026-02-20 16:00:00+00:00,1.36,1.36,1.332,1.332,161.04,-0.0015003753752345,-0.1499250374812577,1.5243902439024293,5.463182897862251,1.6321483771086525,2.058823527897925,1.374087461649503,1.0097918498312537,2.102102100523949,0.0,0.0007507507507507061,0
2026-02-20 17:00:00+00:00,1.343,1.349,1.32,1.349,622.8,0.0126820051074213,1.276276276276267,4.009252120277562,4.980544747081717,5.180789707144129,0.0,1.227415844700459,0.9840770483585588,2.1497405469608974,0.0,-0.011860637509266136,0
2026-02-20 18:00:00+00:00,1.351,1.351,1.351,1.351,4.43,0.0014814817524428,0.148257968865817,4.1634541249036205,4.972804972804967,0.0387559599314224,0.0,1.213005878685444,0.984093508811118,0.0,0.0,-0.013323464100666205,0
2026-02-20 19:00:00+00:00,1.334,1.338,1.334,1.338,149.92,-0.009669097272025,-0.962250185048108,4.20560747663552,5.687203791469209,1.2482930890820298,0.0,1.2018110925315597,0.937364765836861,0.2989536619589287,0.0,-0.0037369207772796065,0
2026-02-20 20:00:00+00:00,1.338,1.338,1.338,1.338,12.55,0.0,0.0,2.5287356321839205,5.687203791469209,0.1040432477236232,0.0,1.1295147813361666,0.937364765836861,0.0,0.0,-0.0067264573991032695,0
2026-02-20 21:00:00+00:00,1.354,1.354,1.333,1.338,147.29,0.0,0.0,0.2998500749625155,5.687203791469209,1.161959608700206,1.1816838986841338,0.7173236227335067,0.937364765836861,1.5695067252843844,0.0,-0.0067264573991032695,0
2026-02-20 22:00:00+00:00,1.333,1.333,1.333,1.333,22.33,-0.0037439205094651,-0.3736920777279606,0.0750750750750706,4.303599374021894,0.1773043075483838,0.0,0.7354489203993598,0.9323707052643369,0.0,0.0,-0.0030007501875468634,0
2026-02-20 23:00:00+00:00,1.333,1.333,1.333,1.333,0.0,0.0,0.0,-1.1860637509266136,4.303599374021894,0.0,0.0,0.414671546370107,0.9323707052643369,0.0,0.0,0.02025506376594155,0
2026-02-21 00:00:00+00:00,1.333,1.333,1.333,1.333,0.0,0.0,0.0,-1.3323464100666205,3.173374613003088,0.0,0.0,0.3937601854834498,0.9122434471061752,0.0,0.0,0.02025506376594155,0
2026-02-21 01:00:00+00:00,1.333,1.333,1.333,1.333,0.0,0.0,0.0,-0.3736920777279606,3.173374613003088,0.0,0.0,0.1528449147621718,0.9122434471061752,0.0,0.0,0.02400600150037513,0
2026-02-21 02:00:00+00:00,1.337,1.337,1.329,1.329,153.89,-0.0030052614654633,-0.3000750187546863,-0.672645739910327,2.8637770897832704,1.1647450614236852,0.5983545246085611,0.1758216579484769,0.9161620755974546,0.6019563577110942,0.0,0.030850263355906904,0
2026-02-21 03:00:00+00:00,1.329,1.329,1.329,1.329,0.0,0.0,0.0,-0.672645739910327,2.8637770897832704,0.0,0.0,0.1758216579484769,0.9161620755974546,0.0,0.0,0.02332580887885638,0
2026-02-21 04:00:00+00:00,1.329,1.329,1.329,1.329,0.0,0.0,0.0,-0.3000750187546863,3.343701399688958,0.0,0.0,0.1226892855672279,0.9081729306279376,0.0,0.0,0.040632054176072296,0
2026-02-21 05:00:00+00:00,1.36,1.36,1.36,1.36,138.23,0.0230579200168524,2.332580887885638,2.025506376594155,4.695919938414184,1.296113830718551,0.0,0.9733253167873488,0.9966944700904248,0.0,0.0,0.020588235294117574,0
2026-02-21 06:00:00+00:00,1.36,1.36,1.36,1.36,0.0,0.0,0.0,2.025506376594155,6.25,0.0,0.0,0.9733253167873488,0.9330444532307668,0.0,0.0,0.012499999999999956,0
2026-02-21 07:00:00+00:00,1.365,1.365,1.365,1.365,22.05,0.0036697288889624,0.3676470588235281,2.400600150037513,6.640625,0.20746757828844,0.0,0.9595563952016128,0.93173088512472,0.0,0.0,0.00073260073260073,0
2026-02-21 08:00:00+00:00,1.382,1.382,1.354,1.37,33.7,0.0036563112031104,0.366300366300365,3.0850263355906904,6.697819314641751,0.3130830630085419,0.8683068011083009,0.8995988275365633,0.9319055410130944,2.04379561894612,0.0,0.0094890510948904,0
2026-02-21 09:00:00+00:00,1.366,1.387,1.36,1.36,1501.42,-0.0073260400920728,-0.7299270072992692,2.332580887885638,3.975535168195732,9.29928540638846,1.9466474391156048,1.0232915336463078,0.8895390120425744,1.985294116187277,1.544117645923436,0.01764705882352935,0
2026-02-21 10:00:00+00:00,1.365,1.383,1.365,1.383,172.22,0.0167703529346604,1.6911764705882293,4.06320541760723,5.411585365853644,1.02267902474143,0.0,1.1216388995599895,0.9416593543273682,1.3015184372367918,0.0,-0.01590744757772955,0
2026-02-21 11:00:00+00:00,1.4,1.4,1.37,1.388,195.39,0.0036088094019916,0.3615328994938549,2.0588235294117574,7.016191210485734,1.1482862732835046,0.8571428565306131,0.7817368505563022,0.8954965483203526,2.161383283745387,0.0,-0.016570605187319787,0
2026-02-21 12:00:00+00:00,1.388,1.39,1.37,1.377,67.0,-0.0079566423380949,-0.7925072046109483,1.2499999999999956,6.168080185042402,0.3873961342276297,0.9352517978883008,0.908144208218114,0.9207828203080206,1.4524328239270492,0.1452432823927065,-0.0072621641249092095,0
2026-02-21 13:00:00+00:00,1.366,1.366,1.366,1.366,12.22,-0.0080204585979193,-0.798838053740003,0.073260073260073,6.386292834890961,0.0768368213109407,0.0,0.9887914301445528,0.9094828585052012,0.0,0.0,0.0007320644216690653,0
2026-02-21 14:00:00+00:00,1.383,1.383,1.383,1.383,3.86,0.0123682915340227,1.2445095168374776,0.94890510948904,5.977011494252871,0.0251670741644651,0.0,1.1078662503449972,0.8874796188703835,0.0,0.0,-0.022415039768618916,0
2026-02-21 15:00:00+00:00,1.384,1.384,1.384,1.384,8.67,0.0007228045128565,0.0723065798987621,1.764705882352935,3.7481259370314657,0.0606822377299989,0.0,1.0241088599597818,0.7837979781570189,0.0,0.0,-0.0158959537572253,0
2026-02-21 16:00:00+00:00,1.366,1.375,1.361,1.361,30.34,-0.0167581335261487,-1.6618497109826549,-1.590744757772955,2.177177177177181,0.2207676052265257,1.018181817441323,1.0316358308412277,0.866941030770115,1.0286553996850447,0.661278471226092,0.0014695077149156077,0
2026-02-21 17:00:00+00:00,1.358,1.365,1.358,1.365,92.69,0.002934704967594,0.2939015429830993,-1.657060518731979,1.1860637509266023,0.8036124557404503,0.0,1.023763970279881,0.83143796985608,0.5128205124448124,0.0,-0.003663003663003539,0
2026-02-21 18:00:00+00:00,1.366,1.367,1.355,1.367,264.99,0.0014641291048894,0.146520146520146,-0.726216412490921,1.1843079200592133,2.09979001305802,0.0,1.000561787745619,0.8314290600255051,0.8778346738274809,0.0,-0.004389173372348232,0
2026-02-21 19:00:00+00:00,1.367,1.367,1.367,1.367,0.0,0.0,0.0,0.0732064421669065,2.167414050822125,0.0,0.0,0.9433970892700292,0.8029990896613903,0.0,0.0,0.002926115581565414,0
2026-02-21 20:00:00+00:00,1.355,1.355,1.352,1.352,31.19,-0.0110335801210401,-1.0972933430870468,-2.2415039768618916,1.0463378176382765,0.2583486339832544,0.2214022138587357,0.8101828921040937,0.8391093749074043,0.2218934909601299,0.0,-0.0007396449704142327,0
2026-02-21 21:00:00+00:00,1.366,1.366,1.362,1.362,10.19,0.0073692301065483,0.7396449704142105,-1.58959537572253,1.7937219730941756,0.0885964975828957,0.2928257684532756,0.9217849628126704,0.8508540638315248,0.2936857560251942,0.0,-0.008076358296622677,0
2026-02-21 22:00:00+00:00,1.355,1.363,1.355,1.363,17.6,0.0007339449870748,0.073421439060195,0.1469507714915607,2.2505626406601698,0.1532850688571921,0.0,0.611524168833789,0.8454850118768114,0.5869405718364344,0.0,-0.008070432868671928,0
2026-02-21 23:00:00+00:00,1.36,1.36,1.36,1.36,24.28,-0.0022034529664347,-0.2201027146001344,-0.3663003663003539,2.025506376594155,0.2096167889101415,0.0,0.6022267212371922,0.8477291605589574,0.0,0.0,-0.0051470588235295045,0
2026-02-22 00:00:00+00:00,1.361,1.361,1.361,1.361,10.02,0.0007350239213683,0.0735294117647056,-0.4389173372348232,2.1005251312828266,0.0861950931012855,0.0,0.5979207742983838,0.8475469365576962,0.0,0.0,-0.005878030859661987,0
2026-02-22 01:00:00+00:00,1.36,1.371,1.36,1.371,7.13,0.0073206769108483,0.7347538574577595,0.2926115581565414,2.8507126781695424,0.0611780857174381,0.0,0.6843230706900661,0.8574101552146021,0.8023340621427103,0.0,-0.013129102844638973,0
2026-02-22 02:00:00+00:00,1.351,1.351,1.351,1.351,22.01,-0.0146953416021155,-1.4587892049598872,-0.0739644970414232,1.6553799849510886,0.1981990094534157,0.0,0.8120268731807387,0.9135358447975224,0.0,0.0,-0.005921539600296066,0
2026-02-22 03:00:00+00:00,1.348,1.352,1.347,1.351,162.12,0.0,0.0,-0.8076358296622677,1.6553799849510886,1.3761724884225963,0.0739644969867209,0.727351084480238,0.9135358447975224,0.3700962247445709,0.0740192449489207,-0.005921539600296066,0
2026-02-22 04:00:00+00:00,1.35,1.352,1.336,1.352,274.21,0.0007399186427107,0.0740192450037202,-0.8070432868671928,1.7306245297216138,2.1218688840504782,0.0,0.7273853800304444,0.9134197854135628,1.1834319517874032,0.0,-0.015532544378698332,0
2026-02-22 05:00:00+00:00,1.353,1.353,1.353,1.353,64.23,0.0007393715678784,0.073964497041401,-0.5147058823529505,-0.5147058823529505,0.5091675392110998,0.0,0.7303993186355038,0.7799131465772161,0.0,0.0,-0.016260162601625994,0
2026-02-22 06:00:00+00:00,1.353,1.353,1.353,1.353,0.0,0.0,0.0,-0.5878030859661987,-0.5147058823529505,0.0,0.0,0.7278007306553216,0.7799131465772161,0.0,0.0,-0.023651145602365142,0
2026-02-22 07:00:00+00:00,1.353,1.353,1.353,1.353,0.0,0.0,0.0,-1.3129102844638971,-0.879120879120876,0.0,0.0,0.6130848973057077,0.7755509304803803,0.0,0.0,-0.024390243902438935,0
2026-02-22 08:00:00+00:00,1.333,1.363,1.329,1.343,38.35,-0.0074184316475505,-0.7390983000739149,-0.5921539600296066,-1.9708029197080368,0.3057675249881773,1.467351429591086,0.3170122327436527,0.783472518254191,2.531645567735188,1.489203275138346,-0.02010424422933721,0
2026-02-22 09:00:00+00:00,1.343,1.343,1.343,1.343,0.0,0.0,0.0,-0.5921539600296066,-1.2500000000000069,0.0,0.0,0.3170122327436527,0.771236145217164,0.0,0.0,-0.007446016381236098,0
2026-02-22 10:00:00+00:00,1.337,1.337,1.331,1.331,134.28,-0.0089753781281259,-0.8935219657483229,-1.5532544378698332,-3.759942154736085,2.191178770268238,0.4487658934564208,0.4365630272190089,0.6955631675315395,0.4507888802022627,0.0,0.003005259203606281,0
2026-02-22 11:00:00+00:00,1.331,1.331,1.331,1.331,0.0,0.0,0.0,-1.6260162601625994,-4.106628242074928,0.0,0.0,0.4261401353828161,0.6876763129035143,0.0,0.0,-0.012772351615326749,0
2026-02-22 12:00:00+00:00,1.328,1.36,1.32,1.321,143.69,-0.0075415138727863,-0.7513148009015813,-2.3651145602365142,-4.066811909949164,2.5505780025729368,2.8676470567149757,0.4404127286675652,0.6860969549808427,3.028009081735045,2.4224072653880357,-0.005299015897047621,0
2026-02-22 13:00:00+00:00,1.32,1.32,1.32,1.32,127.16,-0.0007572889419086,-0.0757002271006723,-2.4390243902438935,-3.367496339677889,2.080313017600478,0.0,0.4275923430811736,0.6730378596321472,0.0,0.0,-0.008333333333333415,0
2026-02-22 14:00:00+00:00,1.345,1.345,1.316,1.316,19.17,-0.003034903695154,-0.303030303030305,-2.010424422933721,-4.844540853217638,0.3103783258625341,2.1561338273932025,0.3961636476960699,0.6058534801289223,2.203647414738863,0.0,-0.005319148936170248,0
2026-02-22 15:00:00+00:00,1.312,1.333,1.312,1.333,32.16,0.012835208293446,1.2917933130699,-0.7446016381236098,-3.684971098265888,0.5125746276008919,0.0,0.7780086610708072,0.6764565519483422,1.5753938472802678,0.0,-0.022505626406601698,0
2026-02-22 16:00:00+00:00,1.318,1.335,1.318,1.335,29.45,0.0014992506556412,0.1500375093773431,0.3005259203606281,-1.9103600293901568,0.469659516777456,0.0,0.681392882858067,0.59604233957755,1.2734082387465036,0.0,-0.02397003745318349,0
2026-02-22 17:00:00+00:00,1.319,1.319,1.314,1.314,34.22,-0.0158553717897939,-1.5730337078651568,-1.277235161532675,-3.736263736263734,0.5677901068038121,0.3790750565738546,0.9565578822943508,0.6643007066715799,0.3805175035155798,0.0,-0.008371385083713934,0
2026-02-22 18:00:00+00:00,1.333,1.333,1.314,1.314,29.47,0.0,0.0,-0.5299015897047621,-3.8771031455742455,0.5840800046129695,1.4253563380154797,0.9202851924643732,0.6620457441583627,1.4459665133592268,0.0,-0.016742770167427756,0
2026-02-22 19:00:00+00:00,1.313,1.313,1.309,1.309,107.62,-0.003812433134656,-0.3805175038051889,-0.8333333333333415,-4.2428675932699385,1.9588790716719056,0.3046458489682822,0.9278546856172184,0.6624942119144825,0.3055767759315688,0.0,-0.04583651642475162,0
2026-02-22 20:00:00+00:00,1.309,1.309,1.309,1.309,0.0,0.0,0.0,-0.5319148936170248,-3.1804733727810786,0.0,0.0,0.925393994196978,0.6333203807654766,0.0,0.0,-0.05423987776928951,0
2026-02-22 21:00:00+00:00,1.304,1.304,1.303,1.303,112.44,-0.0045941887850548,-0.4583651642475206,-2.2505626406601698,-4.331864904552141,1.9419549369631743,0.0766871165056166,0.6370631139281969,0.6083235707017578,0.0767459707776402,0.0,-0.0406753645433614,0
2026-02-22 22:00:00+00:00,1.303,1.303,1.303,1.303,0.0,0.0,0.0,-2.397003745318349,-4.402054292002944,0.0,0.0,0.6146977172532834,0.6071539902140226,0.0,0.0,-0.0406753645433614,0
2026-02-22 23:00:00+00:00,1.303,1.303,1.303,1.303,0.0,0.0,0.0,-0.8371385083713934,-4.191176470588243,0.0,0.0,0.218461293209816,0.6083018528278842,0.0,0.0,-0.0406753645433614,0
2026-02-23 00:00:00+00:00,1.3,1.302,1.292,1.292,215.91,-0.0084778927822979,-0.8442056792018371,-1.6742770167427756,-5.069801616458481,3.3353329642512057,0.7680491545560305,0.3464142325021508,0.620658217787754,0.7739938074504699,0.1547987614900939,-0.01547987616099078,0
2026-02-23 01:00:00+00:00,1.283,1.283,1.244,1.249,1037.66,-0.0338481742169694,-3.328173374612997,-4.583651642475162,-8.89861415025528,9.637149546182972,2.650038969095824,1.320425487458852,0.8670262898550489,3.122497995898714,0.0,0.03122497998398721,0
2026-02-23 02:00:00+00:00,1.25,1.252,1.238,1.238,298.94,-0.0088460568810364,-0.8807045636509359,-5.423987776928952,-8.364174685418213,2.507640471409335,1.1182108617266695,1.2638190155798568,0.8432060154791621,1.1308562187957552,0.1615508883993936,0.028271405492730217,0
2026-02-23 03:00:00+00:00,1.26,1.26,1.25,1.25,136.2,0.0096463770518053,0.9693053311793154,-4.067536454336141,-7.475943745373792,1.1529508034722311,0.7936507930209127,1.4842378076358405,0.8833441816031283,0.7999999993600007,0.0,0.04719999999999991,0
2026-02-23 04:00:00+00:00,1.25,1.25,1.25,1.25,0.0,0.0,0.0,-4.067536454336141,-7.544378698224863,0.0,0.0,1.4842378076358405,0.8820237628353075,0.0,0.0,0.04719999999999991,0
2026-02-23 05:00:00+00:00,1.25,1.25,1.25,1.25,0.0,0.0,0.0,-4.067536454336141,-7.612712490761275,0.0,0.0,1.4842378076358405,0.8806911935386572,0.0,0.0,0.04719999999999991,0
2026-02-23 06:00:00+00:00,1.262,1.272,1.262,1.272,127.15,0.0174469136037207,1.760000000000006,-1.547987616099078,-5.986696230598665,1.1630149359427449,0.0,1.7781080474694646,0.9759616082446432,0.7861635213945262,0.0,0.03144654088050314,0
2026-02-23 07:00:00+00:00,1.288,1.288,1.288,1.288,30.99,0.0125001627642314,1.2578616352201255,3.122497998398721,-4.804138950480407,0.2801503657418006,0.0,0.9740504199932786,1.0225294488097518,0.0,0.0,0.016304347826086918,0
2026-02-23 08:00:00+00:00,1.273,1.273,1.273,1.273,2.01,-0.0117143081068925,-1.1645962732919402,2.8271405492730217,-5.212211466865235,0.0184226204113613,0.0,1.0596087430564214,1.036004169577095,0.0,0.0,0.018067556952081842,0
2026-02-23 09:00:00+00:00,1.292,1.309,1.292,1.309,8.46,0.0278871673524934,2.827965435978008,4.719999999999991,-2.5316455696202556,0.0772902724794803,0.0,1.429027574236488,1.2047532534606449,1.298701297709159,0.0,-0.019862490450725745,0
2026-02-23 10:00:00+00:00,1.309,1.309,1.309,1.309,0.0,0.0,0.0,4.719999999999991,-1.652892561983477,0.0,0.0,1.429027574236488,1.1930150262923256,0.0,0.0,-0.022154316271963292,0
2026-02-23 11:00:00+00:00,1.309,1.309,1.309,1.309,0.0,0.0,0.0,4.719999999999991,-1.652892561983477,0.0,0.0,1.429027574236488,1.1930150262923256,0.0,0.0,-0.031321619556913594,0
2026-02-23 12:00:00+00:00,1.303,1.312,1.303,1.312,11.28,0.0022892035941344,0.2291825821237658,3.1446540880503138,-0.681302043906129,0.1146977701880901,0.0,1.3539845424068704,1.1853358507425098,0.6859756092332593,0.0,-0.03125000000000011,0
2026-02-23 13:00:00+00:00,1.309,1.309,1.309,1.309,5.45,-0.0022892035941345,-0.2286585365853799,1.6304347826086918,-0.8333333333333415,0.058429897523697,0.0,1.328010889159908,1.1860135902016102,0.0,0.0,-0.029029793735676157,0
2026-02-23 14:00:00+00:00,1.296,1.296,1.296,1.296,127.25,-0.0099808889976798,-0.9931245225362816,1.806755695208184,-1.5197568389057723,1.3014241517598495,0.0,1.2917848274647772,1.2012309549886828,0.0,0.0,-0.03009259259259267,0
2026-02-23 15:00:00+00:00,1.293,1.293,1.283,1.283,178.36,-0.0100815122965836,-1.0030864197530964,-1.9862490450725745,-3.750937734433613,1.7171602095419682,0.7733952043515899,0.5378710203737688,1.1803765674797806,0.7794232262046591,0.0,-0.01013250194855797,0
2026-02-23 16:00:00+00:00,1.28,1.28,1.28,1.28,42.44,-0.0023410077019734,-0.2338269680436377,-2.2154316271963292,-4.119850187265916,0.4064728535188639,0.0,0.5168445340323482,1.178604127844771,0.0,0.0,-0.0078125,0
2026-02-23 17:00:00+00:00,1.27,1.281,1.263,1.268,366.22,-0.0094192219164916,-0.9375000000000022,-3.1321619556913594,-3.5007610350076157,3.0971615835670225,1.0148321615809195,0.5237519013791941,1.1521464530082066,1.419558358501927,0.8675078857511688,0.001577287066246047,0
2026-02-23 18:00:00+00:00,1.273,1.273,1.271,1.271,118.53,0.0023631361922828,0.236593059936907,-3.125000000000011,-3.2724505327245135,0.9719191912210062,0.1571091907642506,0.5258998363249258,1.154477974327835,0.1573564121499951,0.0,0.0031471282454760274,0
2026-02-23 19:00:00+00:00,1.271,1.271,1.271,1.271,0.0,0.0,0.0,-2.9029793735676157,-2.9029793735676157,0.0,0.0,0.5592814468743573,1.1536171716475483,0.0,0.0,0.006294256490952055,0
2026-02-23 20:00:00+00:00,1.257,1.257,1.257,1.257,131.15,-0.0110760625992066,-1.1014948859165985,-3.009259259259267,-3.972498090145149,1.066823931337156,0.0,0.580524874137495,1.170524073387481,0.0,0.0,0.0007955449482897059,0
2026-02-23 21:00:00+00:00,1.268,1.27,1.268,1.27,216.08,0.0102889708623896,1.0342084327764622,-1.013250194855797,-2.5326170376055224,1.6980301760134804,0.0,0.7887233787655792,1.1936594794011255,0.1574803148366298,0.0,-0.009448818897637823,0
2026-02-23 22:00:00+00:00,1.27,1.27,1.27,1.27,0.0,0.0,0.0,-0.78125,-2.5326170376055224,0.0,0.0,0.7906904149790213,1.1936594794011255,0.0,0.0,-0.011811023622047334,0
2026-02-23 23:00:00+00:00,1.27,1.27,1.27,1.27,0.0,0.0,0.0,0.1577287066246047,-2.5326170376055224,0.0,0.0,0.6836848846522618,1.1936594794011255,0.0,0.0,-0.018897637795275646,0
2026-02-24 00:00:00+00:00,1.275,1.275,1.275,1.275,7.81,0.0039292781398895,0.3937007874015741,0.3147128245476027,-1.3157894736842255,0.0658613201773798,0.0,0.6961835317079117,1.187025160009798,0.0,0.0,-0.02274509803921565,0
2026-02-24 01:00:00+00:00,1.284,1.284,1.278,1.279,179.4,0.0031323439863162,0.3137254901960817,0.6294256490952055,2.401921537229778,2.16609985307187,0.3894080993852051,0.7031803008095578,0.9529622222780006,0.4691164968967037,0.0,-0.025801407349491767,0
2026-02-24 02:00:00+00:00,1.279,1.279,1.258,1.258,1037.75,-0.0165553643184568,-1.6419077404221991,0.0795544948289705,1.6155088852988664,9.134687679864438,1.6419077391384544,0.9000982352686381,0.9994160514675696,1.6693163738717602,0.0,0.0,0
2026-02-24 03:00:00+00:00,1.258,1.258,1.258,1.258,0.0,0.0,0.0,-0.9448818897637824,0.6399999999999961,0.0,0.0,0.7540676845799754,0.9809639365927946,0.0,0.0,0.0,0
2026-02-24 04:00:00+00:00,1.255,1.255,1.255,1.255,118.82,-0.0023875856945016,-0.2384737678855386,-1.1811023622047334,0.4000000000000003,1.0526105974105306,0.0,0.7503383236770262,0.9824547620241806,0.0,0.0,0.0023904382470121277,0
2026-02-24 05:00:00+00:00,1.245,1.246,1.244,1.246,501.48,-0.0071971522184857,-0.7171314741035828,-1.8897637795275648,-0.319999999999998,3.748647461685102,0.0,0.7696307230306895,0.9939020379636142,0.160513643530888,0.0,0.009630818619582593,0
2026-02-24 06:00:00+00:00,1.246,1.246,1.246,1.246,0.0,0.0,0.0,-2.274509803921565,-2.0440251572327095,0.0,0.0,0.7115687956794868,0.9208448435381076,0.0,0.0,-0.0016051364365970988,0
2026-02-24 07:00:00+00:00,1.246,1.246,1.246,1.246,0.0,0.0,0.0,-2.5801407349491767,-3.2608695652173947,0.0,0.0,0.6598416412692012,0.8762617083828969,0.0,0.0,-0.015248796147672494,0
2026-02-24 08:00:00+00:00,1.258,1.258,1.258,1.258,93.87,0.0095847379129873,0.9630818619582592,0.0,-1.178318931657496,0.7164851241060333,0.0,0.5465652136118788,0.8749166916330899,0.0,0.0,-0.021462639109697812,0
2026-02-24 09:00:00+00:00,1.258,1.258,1.258,1.258,0.0,0.0,0.0,0.0,-3.8961038961038863,0.0,0.0,0.5465652136118788,0.6334715434013184,0.0,0.0,-0.010333863275039712,0
2026-02-24 10:00:00+00:00,1.258,1.258,1.258,1.258,0.0,0.0,0.0,0.2390438247012127,-3.8961038961038863,0.0,0.0,0.5342585641340325,0.6334715434013184,0.0,0.0,-0.0015898251192368873,0
2026-02-24 11:00:00+00:00,1.258,1.258,1.258,1.258,0.0,0.0,0.0,0.9630818619582592,-3.8961038961038863,0.0,0.0,0.3912952867521225,0.6334715434013184,0.0,0.0,-0.0007949125596184992,0
2026-02-24 12:00:00+00:00,1.244,1.244,1.244,1.244,2.48,-0.0111911639612611,-1.112877583465821,-0.1605136436597098,-5.182926829268297,0.0190336702811697,0.0,0.6582997051400266,0.6563222354647541,0.0,0.0,0.008842443729903504,0
2026-02-24 13:00:00+00:00,1.235,1.235,1.227,1.227,717.59,-0.0137598285882132,-1.3665594855305383,-1.5248796147672494,-6.264323911382719,4.4858370037461555,0.6477732788277144,0.8568414137827398,0.6973498458693383,0.6519967394849258,0.0,0.016299918500407573,0
2026-02-24 14:00:00+00:00,1.232,1.232,1.231,1.231,104.05,0.003254681473542,0.3259983700081514,-2.146263910969781,-5.015432098765427,0.6543973710857345,0.0811688311029384,0.7024428793315327,0.6895210988095387,0.08123476841491,0.0,0.01380991064175463,0
2026-02-24 15:00:00+00:00,1.245,1.245,1.245,1.245,125.59,0.0113086827143545,1.137286758732747,-1.0333863275039712,-2.9618082618861896,0.8009438624970847,0.0,0.9328134711541104,0.7200291166915676,0.0,0.0,-0.0016064257028112205,0
2026-02-24 16:00:00+00:00,1.259,1.259,1.227,1.256,57.63,0.0087965381293359,0.8835341365461824,-0.1589825119236887,-1.8750000000000044,0.3660548637645636,0.2382843524715685,1.029574130262286,0.7480558490339099,2.5477706986084474,0.0,0.0,0
2026-02-24 17:00:00+00:00,1.261,1.261,1.257,1.257,9.52,0.0007958615621033,0.0796178343948961,-0.0794912559618499,-0.8675078864353369,0.0667728501493088,0.3172085643796921,1.0304963565132992,0.725536621883357,0.3182179790626749,0.0,0.011137629276054106,0
2026-02-24 18:00:00+00:00,1.25,1.259,1.232,1.255,229.36,-0.0015923570243631,-0.1591089896579189,0.8842443729903504,-1.2588512981904,1.5582492116137798,0.3177124699621032,0.889317776202946,0.7235645692398668,2.1513944205964917,0.3187250993476297,-0.014342629482071545,0
2026-02-24 19:00:00+00:00,1.244,1.253,1.244,1.247,65.6,-0.0063949058858476,-0.6374501992031711,1.6299918500407573,-1.8882769472855832,0.43755454145971,0.4788507577981863,0.6578025334381771,0.733246158108757,0.7217321565984423,0.4811547710656162,0.028067361668003166,0
2026-02-24 20:00:00+00:00,1.248,1.248,1.244,1.248,30.96,0.0008016032493365,0.0801924619085792,1.380991064175463,-0.7159904534606132,0.2124191321287088,0.0,0.6612407073475762,0.700170455992999,0.3205128202559996,0.0,0.029647435897435903,0
2026-02-24 21:00:00+00:00,1.243,1.243,1.243,1.243,9.65,-0.0040144574186617,-0.4006410256410131,-0.160642570281122,-2.1259842519684935,0.0703617737481046,0.0,0.524920078623491,0.6661741564927888,0.0,0.0,0.022526146419951543,0
2026-02-24 22:00:00+00:00,1.237,1.256,1.237,1.256,27.2,0.0104042555174328,1.045856798069189,0.0,-1.1023622047244053,0.1966999722773806,0.0,0.5814994184271356,0.7049767463764425,1.5127388522987673,0.0,0.015127388535031816,0
2026-02-24 23:00:00+00:00,1.269,1.271,1.269,1.271,802.15,0.0118719241613099,1.1942675159235527,1.1137629276054106,0.0787401574803059,4.67168659346792,0.0,0.7601755683583691,0.7486563586081778,0.1573564121499951,0.0,-0.004720692368214041,0
2026-02-25 00:00:00+00:00,1.237,1.237,1.237,1.237,80.19,-0.027114898796966,-2.67505900865459,-1.4342629482071545,-2.9803921568627323,0.4589618175678252,0.0,1.4193510138605734,0.9256671967019257,0.0,0.0,0.022635408245755606,0
2026-02-25 01:00:00+00:00,1.259,1.292,1.259,1.282,506.44,0.0357322650881273,3.637833468067897,2.806736166800317,0.2345582486317443,2.688865635901687,0.7739938074504699,2.0737688432598573,1.193401677854822,2.574102962110695,0.7800312006396019,-0.009360374414976613,0
2026-02-25 02:00:00+00:00,1.284,1.306,1.275,1.285,330.78,0.0023373598487047,0.2340093603744097,2.9647435897435903,2.1462639109697923,2.081817609653964,1.6079632453231618,2.0690654562737403,1.1398893392826377,2.412451359990321,1.6342412438644138,-0.011673151750972721,0
2026-02-25 03:00:00+00:00,1.28,1.28,1.268,1.271,299.61,-0.010954726139866,-1.0894941634241206,2.2526146419951543,1.03338632750396,1.7482840866716869,0.7031249994506928,2.146610444527389,1.1652376710748484,0.9441384728999704,0.0,0.029110936270653198,0
2026-02-25 04:00:00+00:00,1.275,1.275,1.275,1.275,3008.85,0.0031421864030724,0.3147128245476027,1.5127388535031816,1.5936254980079667,10.311637869449171,0.0,2.1216630805274814,1.164894550983235,0.0,0.0,0.04549019607843152,0
2026-02-25 05:00:00+00:00,1.3,1.329,1.25,1.265,8309.0,-0.0078740564309058,-0.7843137254901933,-0.4720692368214041,1.5248796147672383,13.464483353702429,4.815650861688754,2.1002971767673304,1.1669594368648113,6.245059283600741,2.2924901167648235,0.09644268774703568,0
2026-02-25 06:00:00+00:00,1.265,1.265,1.265,1.265,0.0,0.0,0.0,2.2635408245755606,1.5248796147672383,0.0,0.0,1.667715891938501,1.1669594368648113,0.0,0.0,0.14150197628458505,0
2026-02-25 07:00:00+00:00,1.268,1.27,1.268,1.27,233.56,0.0039447782910165,0.3952569169960673,-0.9360374414976612,1.9261637239165408,0.3726010497146425,0.0,0.62954588908062,1.168809300689888,0.1574803148366298,0.0,0.15275590551181106,0
2026-02-25 08:00:00+00:00,1.27,1.27,1.27,1.27,0.0,0.0,0.0,-1.167315175097272,0.9538950715421324,0.0,0.0,0.6073928209299463,1.1537478504524723,0.0,0.0,0.18188976377952737,0
2026-02-25 09:00:00+00:00,1.292,1.308,1.282,1.308,313.36,0.0294823525645071,2.992125984251981,2.91109362706532,3.974562798092207,0.492718282812486,0.0,1.2801626117362783,1.2973678504777728,1.987767582578161,0.0,0.15214067278287446,0
2026-02-25 10:00:00+00:00,1.312,1.333,1.312,1.333,1348.62,0.0189327881615645,1.9113149847094668,4.549019607843152,5.961844197138322,1.9483812790458837,0.0,1.3967029932987391,1.3437936026033948,1.5753938472802678,0.0,0.15003750937734428,0
2026-02-25 11:00:00+00:00,1.334,1.387,1.334,1.387,1428.56,0.039711100136123,4.05101275318831,9.64426877470357,10.254372019077906,1.900444271992816,0.0,1.6777049216771582,1.5425734767866346,3.8211968249306394,0.0,0.14131218457101657,0
2026-02-25 12:00:00+00:00,1.398,1.444,1.377,1.444,482.6,0.0402738991379399,4.109589041095885,14.150197628458503,16.077170418006425,0.6253701904924008,0.0,1.7452696347285457,1.6734034308263854,4.639889193462677,0.0,0.1024930747922439,0
2026-02-25 13:00:00+00:00,1.449,1.498,1.445,1.464,565.6,0.0137553750684854,1.3850415512465464,15.275590551181107,19.31540342298288,0.7389889857183599,2.2696929223833844,1.579744666271521,1.6241562187289738,3.6202185767621415,2.3224043699983596,0.10997267759562845,0
2026-02-25 14:00:00+00:00,1.461,1.501,1.461,1.501,308.12,0.0249591371122051,2.5273224043715903,18.188976377952734,21.933387489845636,0.3981532282157893,0.0,1.0809585676706228,1.660336697256714,2.664890071509055,0.0,0.11525649566955365,0
2026-02-25 15:00:00+00:00,1.514,1.553,1.468,1.507,678.02,0.0039893669930335,0.3997335109926725,15.214067278287446,21.0441767068273,0.850831722035305,2.9620090129027656,1.4440983822640177,1.6612204006593827,5.640345052660685,2.5879230241619573,0.13934970139349723,0
2026-02-25 16:00:00+00:00,1.524,1.533,1.507,1.533,586.95,0.0171056802453186,1.725282017252816,15.003750937734427,22.054140127388532,0.7167140683898916,0.0,1.457779270041622,1.671670233027199,1.6960208729967263,0.0,0.09849967384213953,0
2026-02-25 17:00:00+00:00,1.52,1.583,1.52,1.583,707.71,0.0320951810091981,3.2615786040443684,14.131218457101657,25.93476531424026,0.8345271850818226,0.0,1.312181657022012,1.7315663285222536,3.979785215426538,0.0,0.03537586860391673,0
2026-02-25 18:00:00+00:00,1.572,1.592,1.527,1.592,2395.37,0.0056693065233162,0.5685407454200986,10.24930747922439,26.85258964143429,2.5529168831487654,0.0,1.0919225751292851,1.717430780472939,4.082914570299686,0.0,0.018844221105527748,0
2026-02-25 19:00:00+00:00,1.593,1.625,1.563,1.625,724.67,0.0205167283595093,2.0728643216080256,10.997267759562844,30.31275060144345,0.7503711498453917,0.0,1.095758249003114,1.6940367214268417,3.8153846130366897,0.0,0.022769230769230653,0
2026-02-25 20:00:00+00:00,1.64,1.674,1.607,1.674,2608.48,0.0297081562855828,3.01538461538462,11.525649566955366,34.13461538461537,2.4306864284058145,0.0,1.1756161153843894,1.7206890172605498,4.002389483869537,0.0,0.009557945041815952,0
2026-02-25 21:00:00+00:00,1.678,1.742,1.666,1.717,2018.34,0.025362609848055,2.5686977299880676,13.934970139349725,38.133547868061136,1.7446998254570505,1.4351320313231108,0.9644532548132152,1.704472445209015,4.426324982861782,1.4560279548887378,-0.053581828771112505,0
2026-02-25 22:00:00+00:00,1.738,1.738,1.637,1.684,3596.88,-0.0194066660952035,-1.921956901572519,9.849967384213954,34.076433121019114,2.755010713647597,3.1070195609280695,1.956874706919925,1.831594536237753,5.99762469952635,0.0,-0.03503562945368166,0
2026-02-25 23:00:00+00:00,1.676,1.702,1.639,1.639,494.01,-0.0270856160584422,-2.6722090261282583,3.5375868603916727,28.95357985837923,0.3821423000011226,3.701527612396279,2.4032204912555795,1.9997110136167044,3.8438071971666794,1.586333128989426,-0.0256253813300793,0
2026-02-26 00:00:00+00:00,1.668,1.677,1.615,1.622,921.74,-0.0104263440684713,-1.037217815741298,1.8844221105527748,31.12368633791431,0.6941843465092348,3.2796660684080665,2.4930474659933273,1.8888222985044985,3.822441427976303,0.5548705298675347,-0.015413070283600616,0
2026-02-26 01:00:00+00:00,1.62,1.679,1.62,1.662,642.09,0.0243617407400351,2.4660912453760675,2.2769230769230653,29.64118564742588,0.4815235609746999,1.012507444304649,2.551003622070901,1.8384378523209368,3.549939829392331,1.022864018638477,-0.030084235860409092,0
2026-02-26 02:00:00+00:00,1.671,1.69,1.671,1.69,108.96,0.0167068325017256,1.6847172081829065,0.9557945041815952,31.517509727626457,0.0822828662317548,0.0,2.3322740503208794,1.8330131043344875,1.1242603543643377,0.0,-0.06153846153846143,0
2026-02-26 03:00:00+00:00,1.629,1.629,1.625,1.625,240.31,-0.0392207131532812,-3.846153846153843,-5.3581828771112505,27.85208497246263,0.1818131379680736,0.2455494166693989,2.4997480116136854,2.0597761434310944,0.246153846002367,0.0,-0.003076923076922977,0
2026-02-26 04:00:00+00:00,1.625,1.625,1.625,1.625,0.0,0.0,0.0,-3.503562945368166,27.450980392156875,0.0,0.0,2.466263670826091,2.0654730370763192,0.0,0.0,-0.003076923076922977,0
2026-02-26 05:00:00+00:00,1.6,1.6,1.597,1.597,167.2,-0.0173809465488254,-1.7230769230769272,-2.56253813300793,26.24505928853755,0.195069308229988,0.1874999998828196,2.327817698638748,2.1100905909597514,0.1878522228003501,0.0,0.01440200375704448,0
2026-02-26 06:00:00+00:00,1.597,1.597,1.597,1.597,0.0,0.0,0.0,-1.5413070283600616,26.24505928853755,0.0,0.0,2.3120387157137903,2.1100905909597514,0.0,0.0,0.018785222291797243,0
2026-02-26 07:00:00+00:00,1.57,1.612,1.57,1.612,324.54,0.0093487748515612,0.9392611145898622,-3.008423586040909,26.92913385826772,0.3769679118266585,0.0,2.0255217933336853,2.106550710107143,2.6054590554556727,0.0,-0.019230769230769273,0
2026-02-26 08:00:00+00:00,1.585,1.586,1.585,1.586,186.34,-0.0162605208717802,-1.6129032258064502,-6.153846153846143,24.88188976377954,0.2145078271928277,0.0,1.743467993601883,2.165227991624566,0.0630517023562165,0.0,-0.009457755359394748,0
2026-02-26 09:00:00+00:00,1.617,1.629,1.617,1.62,410.14,0.0212110260316364,2.1437578814627933,-0.3076923076922977,23.853211009174323,0.4699566727534272,0.5524861875061409,1.4847398966732903,2.1380499296194397,0.7407407402834939,0.5555555552126136,-0.011111111111111072,0
2026-02-26 10:00:00+00:00,1.62,1.62,1.62,1.62,0.0,0.0,0.0,-0.3076923076922977,21.530382595648923,0.0,0.0,1.4847398966732903,2.134400000594294,0.0,0.0,-0.024691358024691357,0
2026-02-26 11:00:00+00:00,1.62,1.62,1.62,1.62,0.0,0.0,0.0,1.440200375704448,16.798846431146373,0.0,0.0,1.2390589338316846,2.030274450743116,0.0,0.0,-0.06358024691358033,0
2026-02-26 12:00:00+00:00,1.622,1.627,1.622,1.627,88.13,0.0043116789926079,0.4320987654320873,1.8785222291797243,12.673130193905813,0.1190034658143057,0.0,1.2349691214400895,1.89836428918973,0.3073140747957438,0.0,-0.02704363859864789,0
2026-02-26 13:00:00+00:00,1.63,1.63,1.575,1.581,34.87,-0.0286802700095658,-2.827289489858642,-1.9230769230769271,7.991803278688514,0.048534843677348,3.006134967480895,1.7277829444122668,2.0074837668180203,3.4788108769899955,0.0,0.0012650221378873727,0
2026-02-26 14:00:00+00:00,1.62,1.62,1.571,1.571,411.49,-0.0063451989538508,-0.6325110689437086,-0.9457755359394748,4.663557628247839,0.5693314516567474,3.024691356157607,1.6225086860917974,1.9611465844832112,3.119032461413738,0.0,0.007638446849140612,0
2026-02-26 15:00:00+00:00,1.596,1.602,1.596,1.602,222.17,0.0195404893726835,1.9732654360280264,-1.1111111111111072,6.303915063039156,0.3156872043802673,0.0,1.576346174249465,1.9937718628882704,0.3745318349722026,0.0,-0.014981273408239737,0
2026-02-26 16:00:00+00:00,1.609,1.609,1.531,1.58,615.56,-0.013828001607292,-1.3732833957553092,-2.4691358024691357,3.0658838878017125,0.8731863585305897,1.8023617142309696,1.6433361482271232,1.9955510802766423,4.936708857634999,0.0,0.004430379746835467,0
2026-02-26 17:00:00+00:00,1.512,1.517,1.512,1.517,33.19,-0.0406901466724803,-3.987341772151909,-6.3580246913580325,-4.169298799747323,0.0490357339846411,0.0,2.18673942677729,2.0586119180491083,0.3295978903562238,0.0,0.08305866842452225,0
2026-02-26 18:00:00+00:00,1.547,1.583,1.518,1.583,5.74,0.0425870805324798,4.350692155570202,-2.704363859864789,-0.5653266331658413,0.0099430885213309,0.0,3.091904908044617,2.246047667989369,4.106127603217857,0.0,0.0,0
2026-02-26 19:00:00+00:00,1.583,1.583,1.583,1.583,0.0,0.0,0.0,0.1265022137887372,-2.584615384615385,0.0,0.0,2.857406863277681,2.2022430437695997,0.0,0.0,0.04106127605811749,0
2026-02-26 20:00:00+00:00,1.583,1.583,1.583,1.583,0.0,0.0,0.0,0.7638446849140612,-5.436081242532853,0.0,0.0,2.8399793197501606,2.1028484254140003,0.0,0.0,0.038534428300694756,0
2026-02-26 21:00:00+00:00,1.563,1.578,1.563,1.578,201.72,-0.0031635584751925,-0.3158559696778251,-1.4981273408239737,-8.095515433896328,0.5561442284260057,0.0,2.695401480937129,2.0184479674829605,0.9505703416029416,0.0,0.048162230671736195,0
2026-02-26 22:00:00+00:00,1.587,1.587,1.587,1.587,135.94,0.0056872191205895,0.5703422053231932,0.4430379746835466,-5.760095011876487,0.6221344205122424,0.0,2.6489405751844495,1.9974471133674845,0.0,0.0,0.027095148078134734,0
2026-02-26 23:00:00+00:00,1.618,1.645,1.618,1.643,154.0,0.034678397510859,3.5286704473850072,8.305866842452225,0.2440512507626557,0.7536504945794493,0.1215805470385529,1.9987756937540149,2.0633333937448,1.643335361142213,0.121728545269794,-0.020693852708460136,0
2026-02-27 00:00:00+00:00,1.612,1.612,1.583,1.583,18.97,-0.0372020581562559,-3.6518563603164966,0.0,-2.404438964241684,0.1137813143524375,1.7990074430527332,2.2930054289225605,2.191162459788647,1.8319646229741309,0.0,0.009475679090334976,0
2026-02-27 01:00:00+00:00,1.611,1.648,1.589,1.648,7.41,0.0402406505884048,4.106127605811749,4.106127605811749,-0.8423586040914532,0.0528235531736703,0.0,2.8207665323510582,2.2927351009025236,3.5800970852062486,0.0,-0.02669902912621347,0
2026-02-27 02:00:00+00:00,1.648,1.66,1.635,1.644,3947.96,-0.0024301348532917,-0.2427184466019416,3.853442830069475,-2.721893491124261,13.149493177560544,0.963855421106112,2.834035972610404,2.2639227555174433,1.5206812642818186,0.7299270068552761,-0.021897810218977964,0
2026-02-27 03:00:00+00:00,1.664,1.665,1.654,1.654,101.91,0.0060642999675114,0.6082725060827299,4.8162230671736195,1.7846153846153845,0.3460793968813596,0.6606606602638747,2.797195734316322,2.116755297984883,0.665054413140845,0.0604594921037192,-0.03688029020556227,0
2026-02-27 04:00:00+00:00,1.642,1.679,1.629,1.63,1116.32,-0.0146165817828286,-1.45102781136639,2.7095148078134734,0.3076923076922977,3.27382570017125,2.918403810054563,2.9472350418367568,2.139868980504775,3.0674846606947974,2.269938648914157,-0.022699386503067465,0
2026-02-27 05:00:00+00:00,1.609,1.609,1.609,1.609,32.63,-0.0129671468084247,-1.2883435582822012,-2.0693852708460136,0.7514088916718897,0.097293711167391,0.0,2.5903272462629268,2.126018746751607,0.0,0.0,-0.025481665630826544,0
2026-02-27 06:00:00+00:00,1.6,1.6,1.598,1.598,149.7,-0.0068600206661631,-0.6836544437538783,0.9475679090334976,0.0626174076393315,0.4382142112241145,0.1249999999218751,2.0376546925992085,2.131061860287908,0.1251564454786256,0.0,-0.008760951188986232,0
2026-02-27 07:00:00+00:00,1.589,1.604,1.589,1.604,119.8,0.0037476621002397,0.3754693366708306,-2.669902912621347,-0.496277915632759,0.3596702022383527,0.0,0.8526658972670114,2.12346180395976,0.9351620941800812,0.0,-0.012468827930174564,0
2026-02-27 08:00:00+00:00,1.608,1.608,1.608,1.608,18.68,0.0024906613124518,0.2493765586034868,-2.1897810218977964,1.387137452711218,0.0572835543605528,0.0,0.8990777861868446,2.096148619818889,0.0,0.0,-0.032960199004975266,0
2026-02-27 09:00:00+00:00,1.593,1.593,1.593,1.593,37.75,-0.0093721398288632,-0.932835820895528,-3.688029020556227,-1.6666666666666718,0.1215464573094341,0.0,0.776647975867343,2.0578478282917225,0.0,0.0,-0.020715630885122405,0
2026-02-27 10:00:00+00:00,1.593,1.593,1.593,1.593,0.0,0.0,0.0,-2.2699386503067465,-1.6666666666666718,0.0,0.0,0.6861841633004281,2.0578478282917225,0.0,0.0,-0.021971123666038817,0
2026-02-27 11:00:00+00:00,1.578,1.61,1.568,1.568,289.76,-0.0158181089996953,-1.5693659761456311,-2.5481665630826544,-3.2098765432098775,0.8980513191340638,2.6086956505536074,0.76722234813493,2.0807115199017345,2.678571426863158,2.040816325229073,0.015306122448979664,0
2026-02-27 12:00:00+00:00,1.552,1.584,1.546,1.584,229.78,0.0101523714640179,1.0204081632652962,-0.8760951188986232,-2.6429010448678514,0.6993627422984672,0.0,0.9470620152243588,2.0910229602875927,2.398989897475387,0.0,0.02146464646464641,0
2026-02-27 13:00:00+00:00,1.584,1.584,1.584,1.584,0.0,0.0,0.0,-1.2468827930174564,0.189753320683117,0.0,0.0,0.9176980392683164,2.006906732396615,0.0,0.0,0.03156565656565635,0
2026-02-27 14:00:00+00:00,1.58,1.594,1.555,1.555,89.06,-0.0184777477610367,-1.8308080808080884,-3.2960199004975266,-1.0184595798854224,0.2839301014197816,2.4466750298327096,1.091174777966882,2.038818995472671,2.508038583596126,0.900321542829376,0.044372990353697794,0
2026-02-27 15:00:00+00:00,1.557,1.56,1.557,1.56,37.66,0.0032102756302481,0.3215434083601254,-2.0715630885122405,-2.621722846441954,0.123079604658931,0.0,1.124262459975967,1.9960867729225815,0.1923076921844254,0.0,0.04487179487179471,0
2026-02-27 16:00:00+00:00,1.576,1.586,1.558,1.558,161.55,-0.0012828738128891,-0.1282051282051277,-2.1971123666038817,-1.3924050632911356,0.5627669811999506,1.7654476659738678,1.1174998478495002,1.9776668351378888,1.7971758653419938,0.6418485233364264,0.019897304236200286,0
2026-02-27 17:00:00+00:00,1.599,1.599,1.551,1.592,107.26,0.0215881399736348,2.1822849807445532,1.5306122448979664,4.943968358602513,0.3696708598987778,0.4377736082315296,1.329691976665817,1.8317496690514992,3.015075374990533,0.0,0.006909547738693345,0
2026-02-27 18:00:00+00:00,1.591,1.618,1.591,1.618,202.54,0.0161997312141086,1.6331658291457218,2.146464646464641,2.210991787744798,0.6788671023942391,0.0,1.418933258715401,1.6475381662966269,1.668726822207223,0.0,0.0049443757725586845,0
2026-02-27 19:00:00+00:00,1.646,1.646,1.597,1.634,84.24,0.0098401778015111,0.9888751545117368,3.1565656565656353,3.2217308907138253,0.2790697674409361,0.7290400967624306,1.4266859295772971,1.657386659515572,2.9987760079566814,0.0,-0.033047735618114915,0
2026-02-27 20:00:00+00:00,1.615,1.649,1.615,1.624,567.18,-0.0061387546983247,-0.6119951040391536,4.437299035369779,2.5900189513581973,1.7425286296865754,1.5160703447446455,1.05903340081814,1.6642370791219283,2.093596057824142,1.5394088660471563,-0.027093596059113323,0
2026-02-27 21:00:00+00:00,1.607,1.63,1.607,1.63,112.03,0.0036877730791846,0.3694581280788034,4.487179487179471,3.2953105196451116,0.3481837265096087,0.0,1.0555768263583047,1.6625428432085574,1.4110429439196,0.0,-0.02208588957055202,0
2026-02-27 22:00:00+00:00,1.609,1.609,1.589,1.589,179.01,-0.025475127264092,-2.51533742331288,1.9897304236200288,0.1260239445494582,0.5532684283710302,1.2430080787799835,1.709315570293482,1.7467587919724126,1.2586532402399926,0.0,-0.018879798615481502,0
2026-02-27 23:00:00+00:00,1.585,1.603,1.585,1.603,60.54,0.008771986072837,0.8810572687224738,0.6909547738693345,-2.4345709068776644,0.1893911941743926,0.0,1.502379364171514,1.5971161026671958,1.1228945719757375,0.0,-0.0393013100436681,0
2026-02-28 00:00:00+00:00,1.604,1.626,1.604,1.626,26.81,0.0142461374982029,1.4348097317529618,0.4944375772558684,2.7163613392293007,0.0837858320374277,0.0,1.464882889952596,1.4266310122514718,1.3530135293031773,0.0,-0.08487084870848705,0
2026-02-28 01:00:00+00:00,1.59,1.59,1.58,1.58,1945.23,-0.0286981640867432,-2.8290282902828867,-3.3047735618114915,-4.126213592232997,4.854276623607577,0.6289308172145094,1.7975105030626346,1.2923447927802834,0.6329113920044869,0.0,-0.03607594936708869,0
2026-02-28 02:00:00+00:00,1.58,1.58,1.58,1.58,0.0,0.0,0.0,-2.7093596059113323,-3.892944038929435,0.0,0.0,1.8112557040323032,1.2927453698722722,0.0,0.0,-0.0620253164556962,0
2026-02-28 03:00:00+00:00,1.594,1.594,1.594,1.594,6.27,0.0088217333291479,0.8860759493670933,-2.208588957055202,-3.6275695284159526,0.0269977394236162,0.0,1.8693097661372835,1.301102043830117,0.0,0.0,-0.08343789209535757,0
2026-02-28 04:00:00+00:00,1.57,1.57,1.543,1.559,220.58,-0.0222019902923839,-2.1957340025094196,-1.8879798615481505,-4.355828220858893,1.1316485893667128,0.7006369422289013,1.7964893489463407,1.3427944165589976,1.7318794087672444,0.0,-0.06414368184733799,0
2026-02-28 05:00:00+00:00,1.54,1.54,1.54,1.54,789.33,-0.0122621736501016,-1.218729955099418,-3.9301310043668103,-4.2883778744561845,3.4856957804790567,0.0,1.7203033029173058,1.3403329240688997,0.0,0.0,-0.05259740259740253,0
2026-02-28 06:00:00+00:00,1.55,1.565,1.487,1.488,1356.87,-0.0343494800146376,-3.3766233766233777,-8.487084870848705,-6.8836045056320465,4.902924300599727,4.920127792383302,1.6814252455823675,1.4938812510622668,5.241935480348151,1.0080645154515628,-0.019489247311827884,0
2026-02-28 07:00:00+00:00,1.502,1.523,1.502,1.523,196.68,0.0232491375021245,2.352150537634401,-3.607594936708869,-5.049875311720708,0.702552981849932,0.0,2.1054767616249555,1.5824309370259044,1.3788575171511053,0.0,0.007222586999343417,0
2026-02-28 08:00:00+00:00,1.487,1.507,1.482,1.482,471.75,-0.0272895470391296,-2.692055154300721,-6.20253164556962,-7.835820895522394,1.5786655660666546,1.6589250154884314,2.237357578193565,1.6592780132739486,1.686909580508152,1.3495276644065126,0.014170040485829816,0
2026-02-28 09:00:00+00:00,1.474,1.483,1.461,1.461,373.41,-0.0142713941053326,-1.417004048582993,-8.343789209535757,-8.286252354048962,1.193711921610988,1.4834794325802578,2.0233387810810304,1.6699244066989642,1.5058179318919809,0.6160164266830906,0.02600958247775509,0
2026-02-28 10:00:00+00:00,1.464,1.47,1.459,1.459,164.81,-0.0013698632279138,-0.1368925393566034,-6.4143681847337986,-8.411801632140614,0.5155447809325212,0.7482993192188371,2.0438058987137424,1.6688727582313323,0.7539410550007188,0.4112405754549416,0.027416038382453767,0
2026-02-28 11:00:00+00:00,1.459,1.459,1.459,1.459,0.0,0.0,0.0,-5.259740259740253,-6.951530612244894,0.0,0.0,2.0900320374704267,1.6499012496635883,0.0,0.0,0.054146675805346156,0
2026-02-28 12:00:00+00:00,1.459,1.459,1.459,1.459,0.0,0.0,0.0,-1.9489247311827884,-7.891414141414144,0.0,0.0,1.6889225275509536,1.627572080087749,0.0,0.0,0.12063056888279644,0
2026-02-28 13:00:00+00:00,1.484,1.534,1.458,1.534,7378.92,0.0501274334044157,5.140507196710065,0.7222586999343417,-3.1565656565656575,12.186716929072285,0.0,2.6284582023373013,1.960936073215474,4.9543676630023725,0.0,0.041720990873533204,0
2026-02-28 14:00:00+00:00,1.5,1.51,1.5,1.503,30.46,-0.020415592174227,-2.0208604954367715,1.4170040485829816,-3.3440514469453397,0.0505101522613828,0.463576158633401,2.490826493346307,1.968684707028808,0.6653359942346406,0.4657351959642559,0.08715901530272796,0
2026-02-28 15:00:00+00:00,1.494,1.499,1.494,1.499,169.76,-0.0026648916503766,-0.2661343978709096,2.600958247775509,-3.910256410256407,0.2789576062816748,0.0,2.3785073873010334,1.9663318247615889,0.3335557035800238,0.0,0.09406270847231468,0
2026-02-28 16:00:00+00:00,1.499,1.499,1.499,1.499,0.0,0.0,0.0,2.7416038382453767,-3.7869062901155326,0.0,0.0,2.37265029764239,1.9666137123084793,0.0,0.0,0.11741160773849235,0
2026-02-28 17:00:00+00:00,1.521,1.543,1.521,1.538,373.0,0.0256846519629915,2.6017344896597683,5.414667580534616,-3.3919597989949812,0.6085895976853878,0.3240440697835031,2.5031667985288477,1.989269354192423,1.4304291278085648,0.3250975290473938,0.08907672301690517,0
2026-02-28 18:00:00+00:00,1.533,1.648,1.525,1.635,5939.08,0.0611599332657643,6.306892067620273,12.063056888279643,1.050679851668712,6.971446681879096,0.7888349509776427,3.217146602525585,2.3428628513934906,7.52293577521533,0.7951070331528335,0.026911314984709556,0
2026-02-28 19:00:00+00:00,1.582,1.646,1.576,1.598,640.97,-0.0228899570051337,-2.2629969418960227,4.17209908735332,-2.20318237454099,0.7324433203547939,2.9161603870497097,3.184222883688766,2.3806929589297985,4.380475591751882,3.0037546914870004,0.013767209011264159,0
2026-02-28 20:00:00+00:00,1.598,1.634,1.598,1.634,117.31,0.0222781490937281,2.252816020025028,8.715901530272795,0.6157635467980205,0.1369855815404753,0.0,2.9201625196686765,2.42392503178508,2.2031823731926554,0.0,0.003059975520195879,0
2026-02-28 21:00:00+00:00,1.634,1.64,1.613,1.64,74.12,0.0036652453982958,0.3671970624234966,9.406270847231468,0.6134969325153339,0.0867115673428701,0.0,2.859019570203953,2.4239112073051574,1.6463414624107622,0.0,-0.0006097560975608651,0
2026-02-28 22:00:00+00:00,1.639,1.677,1.629,1.675,597.16,0.0211169234409228,2.1341463414634276,11.741160773849234,5.412208936438012,0.6846509779259969,0.1192605843057481,2.766156277829296,2.3952887630594724,2.8656716400801985,0.1194029850033416,-0.04477611940298509,0
2026-02-28 23:00:00+00:00,1.675,1.675,1.675,1.675,0.0,0.0,0.0,8.907672301690518,4.491578290704923,0.0,0.0,2.830766253410708,2.391508055124686,0.0,0.0,-0.04477611940298509,0
2026-03-01 00:00:00+00:00,1.675,1.679,1.675,1.679,160.09,0.0023852128183739,0.2388059701492473,2.6911314984709556,3.2595325953259646,0.1829094821428182,0.0,1.6539532614534094,2.3769469778717474,0.2382370457187393,0.0,-0.037522334723049444,0
2026-03-01 01:00:00+00:00,1.632,1.659,1.614,1.62,9746.81,-0.035772228851111,-3.51399642644431,1.376720901126416,2.5316455696202445,8.120260849817134,2.350813741801795,2.102311175589724,2.4198102862396356,2.7777777760630955,1.666666665637868,0.004938271604938205,0
2026-03-01 02:00:00+00:00,1.659,1.659,1.639,1.639,178.81,0.0116601505173999,1.1728395061728405,0.3059975520195879,3.734177215189871,0.1480511926540344,1.2055455086163087,1.938609488074544,2.4293145473387807,1.220256253068789,0.0,-0.04087858450274551,0
2026-03-01 03:00:00+00:00,1.639,1.639,1.639,1.639,0.0,0.0,0.0,-0.0609756097560865,2.823086574654954,0.0,0.0,1.932440507738539,2.4244672163291554,0.0,0.0,-0.0420988407565589,0
2026-03-01 04:00:00+00:00,1.612,1.63,1.6,1.6,168.83,-0.0240826705159569,-2.379499694935927,-4.477611940298509,2.6298909557408656,0.1400683140342662,1.8404907964168649,1.8174286567565856,2.4326365512546255,1.8749999988281127,1.124999999296862,-0.018750000000000044,0
2026-03-01 05:00:00+00:00,1.6,1.6,1.6,1.6,0.0,0.0,0.0,-4.477611940298509,3.896103896103909,0.0,0.0,1.8174286567565856,2.41621382140673,0.0,0.0,-0.014375000000000027,0
2026-03-01 06:00:00+00:00,1.608,1.616,1.575,1.616,124.46,0.009950330853168,1.0000000000000009,-3.752233472304944,8.602150537634422,0.1110158426813715,0.0,1.9239662084786384,2.295918727179822,2.537128711301291,0.0,-0.02413366336633671,0
2026-03-01 07:00:00+00:00,1.615,1.628,1.615,1.628,4653.77,0.0073983074814447,0.742574257425721,0.4938271604938204,6.894287590282344,3.5611589515435305,0.0,1.31577636902016,2.258953637079493,0.7985257980352976,0.0,-0.04299754299754288,0
2026-03-01 08:00:00+00:00,1.578,1.578,1.572,1.572,33.61,-0.0350035735733337,-3.439803439803435,-4.087858450274551,6.072874493927127,0.026083430502693,0.3802281366411738,1.8268175957509385,2.3085393330001396,0.3816793890701788,0.0,-0.019720101781170563,0
2026-03-01 09:00:00+00:00,1.576,1.576,1.57,1.57,172.18,-0.001273074646798,-0.127226463104324,-4.209884075655889,7.460643394934974,0.1344974555845083,0.3807106596569097,1.817839468921706,2.2826911195028656,0.3821656048521241,0.0,-0.01847133757961794,0
2026-03-01 10:00:00+00:00,1.57,1.57,1.57,1.57,0.0,0.0,0.0,-1.8750000000000044,7.607950651130912,0.0,0.0,1.6253635449338086,2.2817225015748357,0.0,0.0,-0.02547770700636942,0
2026-03-01 11:00:00+00:00,1.577,1.577,1.577,1.577,4.73,0.0044486886206845,0.4458598726114537,-1.4375000000000029,8.087731322823855,0.0037141650310286,0.0,1.652551941311604,2.28093950257128,0.0,0.0,-0.0329740012682308,0
2026-03-01 12:00:00+00:00,1.577,1.577,1.577,1.577,0.0,0.0,0.0,-2.413366336633671,8.087731322823855,0.0,0.0,1.5504377976727373,2.28093950257128,0.0,0.0,-0.01965757767913756,0
2026-03-01 13:00:00+00:00,1.544,1.558,1.542,1.558,4940.1,-0.0121213605323447,-1.2048192771084263,-4.299754299754288,1.5645371577575062,4.215514528756147,0.0,1.4640118193178695,2.0686404350325955,1.0269576373382825,0.0,-0.007702182284980763,0
2026-03-01 14:00:00+00:00,1.569,1.569,1.541,1.541,137.85,-0.0109713911105778,-1.0911424903722766,-1.9720101781170565,2.528276779773786,0.1171835152503339,1.7845761620238536,0.6672255361848652,2.0355502706553534,1.817001945608696,0.0,-0.015574302401038298,0
2026-03-01 15:00:00+00:00,1.541,1.541,1.541,1.541,0.0,0.0,0.0,-1.847133757961794,2.8018679119412804,0.0,0.0,0.6769876220000324,2.034167587510034,0.0,0.0,-0.033095392602206286,0
2026-03-01 16:00:00+00:00,1.556,1.556,1.528,1.53,8600.54,-0.0071638209336345,-0.7138221933809197,-2.547770700636942,2.068045363575721,5.629942869483123,1.6709511557384644,0.6743918037600642,2.041174592964308,1.8300653582810047,0.0,0.00588235294117645,0
2026-03-01 17:00:00+00:00,1.525,1.525,1.525,1.525,3.28,-0.0032733253449692,-0.326797385620925,-3.29740012682308,-0.8452535760728352,0.0021689714743866,0.0,0.5328379068126086,1.972437798240394,0.0,0.0,0.008524590163934587,0
2026-03-01 18:00:00+00:00,1.546,1.546,1.534,1.546,168.16,0.0136765401058554,1.3770491803278828,-1.965757767913756,-5.443425076452602,0.1322238668953754,0.0,0.9494091914593816,1.5132964600310164,0.7761966359791749,0.0,0.007115135834411257,0
2026-03-01 19:00:00+00:00,1.546,1.546,1.546,1.546,16.11,0.0,0.0,-0.7702182284980763,-3.254067584480602,0.01293200329654,0.0,0.847927116781441,1.4488581604292186,0.0,0.0,0.02781371280724443,0
2026-03-01 20:00:00+00:00,1.515,1.543,1.51,1.517,297.21,-0.0189362497988351,-1.8758085381630152,-1.5574302401038298,-7.160342717258262,0.2371528255702809,1.6850291628742533,1.0645178066417826,1.3996902718191804,2.175346076351118,1.7139090298524018,0.04746209624258402,0
2026-03-01 21:00:00+00:00,1.497,1.497,1.49,1.49,180.0,-0.0179585804090274,-1.7798286090969009,-3.3095392602206286,-9.14634146341463,0.143123606449725,0.4676018700951301,1.2176974218089651,1.4236692337664614,0.4697986574028275,0.0,0.06308724832214763,0
2026-03-01 22:00:00+00:00,1.537,1.539,1.537,1.539,190.73,0.0323567348993743,3.288590604026842,0.588235294117645,-8.11940298507463,0.1537253079277016,0.0,1.9596324130555975,1.524771119234452,0.1299545158349874,0.0,0.016894087069525776,0
2026-03-01 23:00:00+00:00,1.538,1.538,1.538,1.538,16.19,-0.0006499837732898,-0.0649772579597085,0.8524590163934587,-8.179104477611943,0.0130417883656241,0.0,1.9511594979291216,1.5241747819858,0.0,0.0,0.00975292587776333,0
2026-03-02 00:00:00+00:00,1.542,1.557,1.542,1.557,168.33,0.012278021768409,1.235370611183351,0.7115135834411257,-7.266229898749266,0.1355600519432363,0.0,1.9343447863988603,1.5540241281335918,0.9633911361827868,0.0,-0.026974951830443183,0
2026-03-02 01:00:00+00:00,1.577,1.591,1.577,1.589,4700.44,0.0203439947027177,2.055234425176633,2.781371280724443,-1.9135802469135932,4.557021053643423,0.1257071023722772,2.082145075589724,1.4611293530340783,0.8810572681679949,0.1258653240239992,-0.049087476400251795,0
2026-03-02 02:00:00+00:00,1.589,1.589,1.589,1.589,0.0,0.0,0.0,4.746209624258402,-3.0506406345332526,0.0,0.0,1.775473802450095,1.437066687385688,0.0,0.0,-0.049087476400251795,0
2026-03-02 03:00:00+00:00,1.584,1.584,1.584,1.584,1.0,-0.0031515941623446,-0.3146633102580121,6.308724832214763,-3.3557046979865723,0.000976502104361,0.0,1.412916722326195,1.4372757262308125,0.0,0.0,-0.052398989898990056,0
2026-03-02 04:00:00+00:00,1.565,1.565,1.565,1.565,50.0,-0.0120674694001176,-1.1994949494949614,1.6894087069525776,-2.187500000000009,0.0490623169106285,0.0,1.160887406765796,1.3744661118241348,0.0,0.0,-0.04089456869009589,0
2026-03-02 05:00:00+00:00,1.545,1.565,1.54,1.553,196.31,-0.0076972798255664,-0.7667731629392938,0.975292587776333,-2.937500000000004,0.1910947069558067,0.7667731624493469,1.2359064723597657,1.3811862439938114,1.6097875070123655,0.7726980033659389,-0.033483580167417926,0
2026-03-02 06:00:00+00:00,1.573,1.573,1.515,1.515,167.96,-0.0247731052052175,-2.446877012234383,-2.6974951830443183,-6.250000000000011,0.1632099115329304,3.687221866695984,1.495165788417094,1.4394804988759642,3.828382835756847,0.0,-0.009240924092409286,0
2026-03-02 07:00:00+00:00,1.511,1.511,1.511,1.511,138.67,-0.0026437556707299,-0.2640264026402605,-4.9087476400251795,-7.186732186732192,0.1648919409017332,0.0,0.9091337530954848,1.423389069196085,0.0,0.0,-0.006618133686300487,0
2026-03-02 08:00:00+00:00,1.511,1.511,1.511,1.511,0.0,0.0,0.0,-4.9087476400251795,-3.8804071246819394,0.0,0.0,0.9091337530954848,1.2512829031232715,0.0,0.0,0.009927200529450841,0
2026-03-02 09:00:00+00:00,1.501,1.501,1.501,1.501,38.99,-0.0066401306392776,-0.6618133686300487,-5.239898989899006,-4.394904458598736,0.0467491981654665,0.0,0.8796167637111915,1.2553710470221702,0.0,0.0,0.057295136575616246,0
2026-03-02 10:00:00+00:00,1.501,1.501,1.501,1.501,0.0,0.0,0.0,-4.089456869009589,-4.394904458598736,0.0,0.0,0.9310915901689067,1.2553710470221702,0.0,0.0,0.05596269153897415,0
2026-03-02 11:00:00+00:00,1.501,1.501,1.501,1.501,0.0,0.0,0.0,-3.348358016741793,-4.81927710843374,0.0,0.0,0.9710555170712756,1.2488990936757258,0.0,0.0,0.025982678214523824,0
2026-03-02 12:00:00+00:00,1.501,1.501,1.501,1.501,0.0,0.0,0.0,-0.9240924092409286,-4.81927710843374,0.0,0.0,0.2709822433924391,1.2488990936757258,0.0,0.0,0.017321785476349216,0
2026-03-02 13:00:00+00:00,1.501,1.501,1.501,1.501,0.0,0.0,0.0,-0.6618133686300487,-3.658536585365868,0.0,0.0,0.2710821981941822,1.230811945472877,0.0,0.0,0.017321785476349216,0
2026-03-02 14:00:00+00:00,1.518,1.548,1.505,1.526,5089.43,0.0165183802109404,1.6655562958028058,0.992720052945084,-0.9733939000648896,6.100194023470279,1.4211886295728768,0.7754803895219009,1.2667393659172037,2.8178243756108716,1.4416775875218375,0.0,0
2026-03-02 15:00:00+00:00,1.544,1.587,1.544,1.587,5182.45,0.0391955086820068,3.997378768020976,5.729513657561625,2.9850746268656803,4.934530941286592,0.0,1.6073613261316495,1.5028771502301588,2.709514806106161,0.0,-0.04347826086956519,0
2026-03-02 16:00:00+00:00,1.608,1.608,1.571,1.585,411.12,-0.0012610342150281,-0.1260239445494693,5.596269153897415,3.5947712418300526,0.5798460071993036,1.4303482578169555,1.6226826117041504,1.4933505963306035,2.334384856571375,0.0,-0.036593059936908534,0
2026-03-02 17:00:00+00:00,1.55,1.569,1.54,1.54,409.5,-0.028801990903706,-2.8391167192428957,2.5982678214523824,0.9836065573770592,0.5640949112065055,1.8483110249532697,2.2497237775110204,1.614612407794331,1.8831168818940744,1.2337662329650807,-0.018831168831168865,0
2026-03-02 18:00:00+00:00,1.585,1.585,1.527,1.527,397.16,-0.0084773901890424,-0.8441558441558472,1.7321785476349216,-1.2289780077619716,0.5399986403491492,3.6593059913821446,2.307813301892918,1.5987056167723244,3.798297312509305,0.0,-0.011787819253438081,0
2026-03-02 19:00:00+00:00,1.527,1.527,1.527,1.527,0.0,0.0,0.0,1.7321785476349216,-1.2289780077619716,0.0,0.0,2.307813301892918,1.5987056167723244,0.0,0.0,-0.015717092337917515,0
2026-03-02 20:00:00+00:00,1.533,1.536,1.516,1.526,520.19,-0.00065509337423,-0.0654878847413109,0.0,0.5932762030323113,0.6990834041204663,0.6510416662428119,2.208949107560491,1.5499282411548352,1.310615988656216,0.1965923982984396,-0.015072083879423381,0
2026-03-02 21:00:00+00:00,1.517,1.518,1.517,1.518,107.18,-0.005256253888827,-0.5242463958060273,-4.347826086956519,1.8791946308724936,0.144628956490009,0.0,1.097034048140458,1.5061283004759063,0.0658761527892852,0.0,-0.016469038208168585,0
2026-03-02 22:00:00+00:00,1.526,1.527,1.526,1.527,326.18,0.0059113472630571,0.5928853754940677,-3.6593059936908534,-0.7797270955165692,0.4368214004714844,0.0,1.2106170553856157,1.3540994912075497,0.065487884698429,0.0,-0.02226588081204961,0
2026-03-02 23:00:00+00:00,1.518,1.541,1.511,1.511,170.78,-0.0105333429458928,-1.047806155861164,-1.8831168831168863,-1.7555266579974085,0.2267531695882458,1.94678779886646,0.6092358728478371,1.3700615968658734,1.98544010457615,1.5221707468417076,-0.015221707478491053,0
2026-03-03 00:00:00+00:00,1.527,1.527,1.491,1.509,8089.78,-0.0013245035048906,-0.1323626737260053,-1.178781925343808,-3.0828516377649384,7.468310744944281,1.178781924571853,0.551855503090719,1.3417180335584125,2.385685883110865,0.0,-0.0072895957587806315,0
2026-03-03 01:00:00+00:00,1.504,1.504,1.503,1.503,5022.88,-0.0039840690148744,-0.3976143141153132,-1.5717092337917515,-5.412208936438012,4.580206827004463,0.0664893616579267,0.5472697571263906,1.2604911604251612,0.0665335994234714,0.0,-0.003326679973386537,0
2026-03-03 02:00:00+00:00,1.503,1.503,1.503,1.503,0.0,0.0,0.0,-1.507208387942338,-5.412208936438012,0.0,0.0,0.5526494963977752,1.2604911604251612,0.0,0.0,-0.008649367930804952,0
2026-03-03 03:00:00+00:00,1.517,1.517,1.493,1.493,59.77,-0.0066755922137839,-0.6653359946772963,-1.6469038208168585,-5.744949494949491,0.0543809601434015,1.5820698737098946,0.5694299365253115,1.2635527449183706,1.6075016734042051,0.0,0.0013395847287340779,0
2026-03-03 04:00:00+00:00,1.493,1.493,1.493,1.493,0.0,0.0,0.0,-2.226588081204961,-4.600638977635773,0.0,0.0,0.4210358697023011,1.2475903199491072,0.0,0.0,-0.008037508372404578,0
2026-03-03 05:00:00+00:00,1.485,1.488,1.485,1.488,5008.74,-0.0033545821461532,-0.3348961821835305,-1.522170747849105,-4.185447520927232,3.8602038869902215,0.0,0.2616524753300732,1.2420480075377156,0.2016129030903066,0.0,0.0013440860215054862,0
2026-03-03 06:00:00+00:00,1.513,1.513,1.498,1.498,8.03,0.0066979486841277,0.6720430107526987,-0.7289595758780631,-1.1221122112211157,0.0062206169294854,0.99140779841942,0.4639627440582394,1.1515943186604138,1.0013351128161916,0.0,-0.005340453938584733,0
2026-03-03 07:00:00+00:00,1.498,1.498,1.498,1.498,0.0,0.0,0.0,-0.3326679973386537,-0.8603573792190566,0.0,0.0,0.4445866575359123,1.1506888777366455,0.0,0.0,-0.005340453938584733,0
2026-03-03 08:00:00+00:00,1.51,1.51,1.49,1.49,6915.62,-0.0053547651376599,-0.5340453938584733,-0.8649367930804952,-1.389808074123089,4.395777296343922,1.3245033103811248,0.4832710988031025,1.1551431772218317,1.3422818782937715,0.0,0.0026845637583892135,0
2026-03-03 09:00:00+00:00,1.495,1.495,1.495,1.495,8.27,0.003350086885282,0.3355704697986628,0.1339584728734077,-0.3997335109926614,0.0052609425378235,0.0,0.4375240535435801,1.150357796238458,0.0,0.0,-0.0006688963210702559,0
2026-03-03 10:00:00+00:00,1.482,1.509,1.462,1.481,5249.2,-0.0094086715569879,-0.9364548494983248,-0.8037508372404578,-1.332445036642227,2.9314030902611776,1.8555334646417805,0.5893747962648562,1.1656939077732964,3.173531395561419,1.8230925038331525,0.009453072248480687,0
2026-03-03 11:00:00+00:00,1.49,1.49,1.49,1.49,137.16,0.0060585846717058,0.6076975016880315,0.1344086021505486,-0.7328447701532292,0.0763529887663375,0.0,0.647592413089023,1.173491032694571,0.0,0.0,0.016107382550335503,0
2026-03-03 12:00:00+00:00,1.49,1.49,1.49,1.49,0.0,0.0,0.0,-0.5340453938584733,-0.7328447701532292,0.0,0.0,0.5662989002815106,1.173491032694571,0.0,0.0,0.043624161073825496,0
2026-03-03 13:00:00+00:00,1.49,1.49,1.49,1.49,0.0,0.0,0.0,-0.5340453938584733,-0.7328447701532292,0.0,0.0,0.5662989002815106,1.173491032694571,0.0,0.0,0.043624161073825496,0
2026-03-03 14:00:00+00:00,1.496,1.526,1.494,1.494,77.07,0.0026809667532577,0.2684563758389213,0.2684563758389213,-2.09698558322412,0.0485466553703683,2.0969855818499457,0.5337457880061827,1.1200073180338508,2.141900935647993,2.0080321271699937,0.030120481927710774,0
2026-03-03 15:00:00+00:00,1.494,1.494,1.494,1.494,1423.03,0.0,0.0,-0.0668896321070255,-5.8601134215500945,0.9944982275165538,0.0,0.5144754826650744,0.727005703527902,0.0,0.0,0.011378848728246238,0
2026-03-03 16:00:00+00:00,1.527,1.545,1.495,1.495,602.95,0.0006691201320241,0.0669344042838027,0.9453072248480688,-5.678233438485791,0.419036709003056,3.2362459525978875,0.2432607762443582,0.7295177967890307,3.3444816031140467,1.2040133771210624,0.028093645484949636,0
2026-03-03 17:00:00+00:00,1.514,1.514,1.514,1.514,108.48,0.0126289481726071,1.2709030100334306,1.6107382550335505,-1.6883116883116944,0.0760541088620883,0.0,0.4991406806355812,0.5454542106278705,0.0,0.0,0.01585204755614278,0
2026-03-03 18:00:00+00:00,1.555,1.555,1.555,1.555,3.9,0.0267203906159403,2.7080581241743618,4.36241610738255,1.83366077275704,0.0027660220200156,0.0,1.0744593235224569,0.7589274864077348,0.0,0.0,-0.014147909967845651,0
2026-03-03 19:00:00+00:00,1.555,1.555,1.555,1.555,0.0,0.0,0.0,4.36241610738255,1.83366077275704,0.0,0.0,1.0744593235224569,0.7589274864077348,0.0,0.0,-0.0006430868167202064,0
2026-03-03 20:00:00+00:00,1.539,1.539,1.539,1.539,2.23,-0.0103426907744552,-1.028938906752408,3.0120481927710774,0.8519003931847902,0.0016061822410612,0.0,1.291598527648253,0.7918151689231003,0.0,0.0,0.00974658869395717,0
2026-03-03 21:00:00+00:00,1.505,1.55,1.505,1.511,138.47,-0.0183611715661396,-1.8193632228719947,1.1378848728246238,-0.4611330698287341,0.0996409868632976,2.516129030634765,1.6103940632498548,0.8731867004221633,2.978160156864232,2.581072135949002,0.028457974851092027,0
2026-03-03 22:00:00+00:00,1.553,1.553,1.537,1.537,4.79,0.0170607812658562,1.7207147584381133,2.8093645484949636,0.6548788474132206,0.0034803511231039,1.0302640044879183,1.7208743620629432,0.9345744371470583,1.0409889388152327,0.0,-0.01626545217957054,0
2026-03-03 23:00:00+00:00,1.519,1.554,1.519,1.538,5574.76,0.0006504065269934,0.0650618087182808,1.585204755614278,1.786896095301138,3.4810403919517507,1.0296010289384814,1.678302471151789,0.9057939920774152,2.2756827033318148,1.0403120929516836,-0.016905071521456483,0
2026-03-04 00:00:00+00:00,1.533,1.533,1.533,1.533,65.07,-0.0032562711937752,-0.3250975292587887,-1.414790996784565,1.5904572564612307,0.0513534505606554,0.0,1.193617794286687,0.9085604957734186,0.0,0.0,,0
2026-03-04 01:00:00+00:00,1.554,1.554,1.554,1.554,5.44,0.0136056520557786,1.3698630136986356,-0.0643086816720206,3.3932135728542923,0.0051415784992496,0.0,1.3647309321705892,0.9398956312908874,0.0,0.0,,0
2026-03-04 02:00:00+00:00,1.554,1.554,1.554,1.554,0.0,0.0,0.0,0.974658869395717,3.3932135728542923,0.0,0.0,1.2717415303191104,0.9398956312908874,0.0,0.0,,0
2026-03-04 03:00:00+00:00,1.554,1.554,1.554,1.554,0.0,0.0,0.0,2.8457974851092027,4.085733422638982,0.0,0.0,0.8437745794501249,0.924743244732008,0.0,0.0,,0
2026-03-04 04:00:00+00:00,1.515,1.515,1.512,1.512,4749.97,-0.0273989741881145,-2.7027027027027084,-1.626545217957054,1.272605492297374,3.7894690654348735,0.1980198018494847,1.343146800526971,1.09895240064906,0.1984126982814659,0.0,,0
2026-03-04 05:00:00+00:00,1.512,1.512,1.512,1.512,0.0,0.0,0.0,-1.6905071521456485,1.6129032258064502,0.0,0.0,1.3401289125157536,1.0959301117600049,0.0,0.0,,0
